0 verbose cli /data/data/com.termux/files/usr/bin/node /data/data/com.termux/files/usr/lib/node_modules/npm/bin/npm-cli.js
1 info using npm@11.9.0
2 info using node@v25.3.0
3 silly config load:file:/data/data/com.termux/files/usr/lib/node_modules/npm/npmrc
4 silly config load:file:/data/data/com.termux/files/home/.npmrc
5 silly config load:file:/data/data/com.termux/files/usr/etc/npmrc
6 verbose title npm exec thirdweb deploy
7 verbose argv "exec" "--" "thirdweb" "deploy"
8 verbose logfile logs-max:10 dir:/data/data/com.termux/files/home/.npm/_logs/2026-02-06T23_05_16_041Z-
9 verbose logfile /data/data/com.termux/files/home/.npm/_logs/2026-02-06T23_05_16_041Z-debug-0.log
10 silly logfile done cleaning log files
11 silly packumentCache heap:2248146944 maxSize:562036736 maxEntrySize:281018368
12 http fetch GET 200 https://registry.npmjs.org/thirdweb 455ms (cache miss)
13 silly packumentCache heap:2248146944 maxSize:562036736 maxEntrySize:281018368
14 silly packumentCache heap:2248146944 maxSize:562036736 maxEntrySize:281018368
15 silly idealTree buildDeps
16 silly fetch manifest thirdweb@5.118.1
17 silly packumentCache full:https://registry.npmjs.org/thirdweb cache-miss
18 http fetch GET 200 https://registry.npmjs.org/thirdweb 748ms (cache miss)
19 silly packumentCache full:https://registry.npmjs.org/thirdweb set size:undefined disposed:false
20 silly fetch manifest @aws-sdk/client-lambda@^3
21 silly packumentCache full:https://registry.npmjs.org/@aws-sdk%2fclient-lambda cache-miss
22 http fetch GET 200 https://registry.npmjs.org/@aws-sdk%2fclient-lambda 167ms (cache miss)
23 silly packumentCache full:https://registry.npmjs.org/@aws-sdk%2fclient-lambda set size:undefined disposed:false
24 silly fetch manifest @aws-sdk/credential-providers@^3
25 silly packumentCache full:https://registry.npmjs.org/@aws-sdk%2fcredential-providers cache-miss
26 http fetch GET 200 https://registry.npmjs.org/@aws-sdk%2fcredential-providers 74ms (cache miss)
27 silly packumentCache full:https://registry.npmjs.org/@aws-sdk%2fcredential-providers set size:undefined disposed:false
28 silly fetch manifest @coinbase/wallet-mobile-sdk@^1
29 silly packumentCache full:https://registry.npmjs.org/@coinbase%2fwallet-mobile-sdk cache-miss
30 http fetch GET 200 https://registry.npmjs.org/@coinbase%2fwallet-mobile-sdk 390ms (cache miss)
31 silly packumentCache full:https://registry.npmjs.org/@coinbase%2fwallet-mobile-sdk set size:undefined disposed:false
32 silly fetch manifest expo@*
33 silly packumentCache full:https://registry.npmjs.org/expo cache-miss
34 http fetch GET 200 https://registry.npmjs.org/expo 191ms (cache miss)
35 silly packumentCache full:https://registry.npmjs.org/expo set size:undefined disposed:false
36 silly fetch manifest @expo/dom-webview@*
37 silly packumentCache full:https://registry.npmjs.org/@expo%2fdom-webview cache-miss
38 http fetch GET 200 https://registry.npmjs.org/@expo%2fdom-webview 60ms (cache miss)
39 silly packumentCache full:https://registry.npmjs.org/@expo%2fdom-webview set size:undefined disposed:false
40 silly fetch manifest react@*
41 silly packumentCache full:https://registry.npmjs.org/react cache-miss
42 http fetch GET 200 https://registry.npmjs.org/react 98ms (cache miss)
43 silly packumentCache full:https://registry.npmjs.org/react set size:undefined disposed:false
44 silly fetch manifest react-native@*
45 silly packumentCache full:https://registry.npmjs.org/react-native cache-miss
46 http fetch GET 200 https://registry.npmjs.org/react-native 157ms (cache miss)
47 silly packumentCache full:https://registry.npmjs.org/react-native set size:undefined disposed:false
48 silly fetch manifest @types/react@^19.1.1
49 silly packumentCache full:https://registry.npmjs.org/@types%2freact cache-miss
50 http fetch GET 200 https://registry.npmjs.org/@types%2freact 73ms (cache miss)
51 silly packumentCache full:https://registry.npmjs.org/@types%2freact set size:undefined disposed:false
52 silly fetch manifest @expo/metro-runtime@*
53 silly packumentCache full:https://registry.npmjs.org/@expo%2fmetro-runtime cache-miss
54 http fetch GET 200 https://registry.npmjs.org/@expo%2fmetro-runtime 151ms (cache miss)
55 silly packumentCache full:https://registry.npmjs.org/@expo%2fmetro-runtime set size:undefined disposed:false
56 silly fetch manifest react-dom@*
57 silly packumentCache full:https://registry.npmjs.org/react-dom cache-miss
58 http fetch GET 200 https://registry.npmjs.org/react-dom 225ms (cache miss)
59 silly packumentCache full:https://registry.npmjs.org/react-dom set size:undefined disposed:false
60 silly fetch manifest react-native-webview@*
61 silly packumentCache full:https://registry.npmjs.org/react-native-webview cache-miss
62 http fetch GET 200 https://registry.npmjs.org/react-native-webview 239ms (cache miss)
63 silly packumentCache full:https://registry.npmjs.org/react-native-webview set size:undefined disposed:false
64 silly fetch manifest @mobile-wallet-protocol/client@^1
65 silly packumentCache full:https://registry.npmjs.org/@mobile-wallet-protocol%2fclient cache-miss
66 http fetch GET 200 https://registry.npmjs.org/@mobile-wallet-protocol%2fclient 490ms (cache miss)
67 silly packumentCache full:https://registry.npmjs.org/@mobile-wallet-protocol%2fclient set size:undefined disposed:false
68 silly fetch manifest @react-native-async-storage/async-storage@*
69 silly packumentCache full:https://registry.npmjs.org/@react-native-async-storage%2fasync-storage cache-miss
70 http fetch GET 200 https://registry.npmjs.org/@react-native-async-storage%2fasync-storage 102ms (cache miss)
71 silly packumentCache full:https://registry.npmjs.org/@react-native-async-storage%2fasync-storage set size:undefined disposed:false
72 silly fetch manifest expo-web-browser@*
73 silly packumentCache full:https://registry.npmjs.org/expo-web-browser cache-miss
74 http fetch GET 200 https://registry.npmjs.org/expo-web-browser 187ms (cache miss)
75 silly packumentCache full:https://registry.npmjs.org/expo-web-browser set size:undefined disposed:false
76 silly fetch manifest ethers@^5 || ^6
77 silly packumentCache full:https://registry.npmjs.org/ethers cache-miss
78 http fetch GET 200 https://registry.npmjs.org/ethers 128ms (cache miss)
79 silly packumentCache full:https://registry.npmjs.org/ethers set size:undefined disposed:false
80 silly fetch manifest expo-linking@*
81 silly packumentCache full:https://registry.npmjs.org/expo-linking cache-miss
82 http fetch GET 200 https://registry.npmjs.org/expo-linking 274ms (cache miss)
83 silly packumentCache full:https://registry.npmjs.org/expo-linking set size:undefined disposed:false
84 silly fetch manifest react-native-aes-gcm-crypto@^0.2
85 silly packumentCache full:https://registry.npmjs.org/react-native-aes-gcm-crypto cache-miss
86 http fetch GET 200 https://registry.npmjs.org/react-native-aes-gcm-crypto 200ms (cache miss)
87 silly packumentCache full:https://registry.npmjs.org/react-native-aes-gcm-crypto set size:undefined disposed:false
88 silly fetch manifest react-native-passkey@^3
89 silly packumentCache full:https://registry.npmjs.org/react-native-passkey cache-miss
90 http fetch GET 200 https://registry.npmjs.org/react-native-passkey 232ms (cache miss)
91 silly packumentCache full:https://registry.npmjs.org/react-native-passkey set size:undefined disposed:false
92 silly fetch manifest react-native-quick-crypto@>=0.7.0-rc.6 || >=0.7
93 silly packumentCache full:https://registry.npmjs.org/react-native-quick-crypto cache-miss
94 http fetch GET 200 https://registry.npmjs.org/react-native-quick-crypto 155ms (cache miss)
95 silly packumentCache full:https://registry.npmjs.org/react-native-quick-crypto set size:undefined disposed:false
96 silly fetch manifest expo-build-properties@*
97 silly packumentCache full:https://registry.npmjs.org/expo-build-properties cache-miss
98 http fetch GET 200 https://registry.npmjs.org/expo-build-properties 138ms (cache miss)
99 silly packumentCache full:https://registry.npmjs.org/expo-build-properties set size:undefined disposed:false
100 silly fetch manifest react-native-nitro-modules@>=0.29.1
101 silly packumentCache full:https://registry.npmjs.org/react-native-nitro-modules cache-miss
102 http fetch GET 200 https://registry.npmjs.org/react-native-nitro-modules 174ms (cache miss)
103 silly packumentCache full:https://registry.npmjs.org/react-native-nitro-modules set size:undefined disposed:false
104 silly fetch manifest react-native-quick-base64@>=2.1.0
105 silly packumentCache full:https://registry.npmjs.org/react-native-quick-base64 cache-miss
106 http fetch GET 200 https://registry.npmjs.org/react-native-quick-base64 162ms (cache miss)
107 silly packumentCache full:https://registry.npmjs.org/react-native-quick-base64 set size:undefined disposed:false
108 silly fetch manifest react-native-svg@^15
109 silly packumentCache full:https://registry.npmjs.org/react-native-svg cache-miss
110 http fetch GET 200 https://registry.npmjs.org/react-native-svg 213ms (cache miss)
111 silly packumentCache full:https://registry.npmjs.org/react-native-svg set size:undefined disposed:false
112 silly fetch manifest typescript@>=5.0.4
113 silly packumentCache full:https://registry.npmjs.org/typescript cache-miss
114 http fetch GET 200 https://registry.npmjs.org/typescript 984ms (cache miss)
115 silly packumentCache full:https://registry.npmjs.org/typescript set size:undefined disposed:false
116 silly placeDep ROOT thirdweb@5.118.1 OK for:  want: 5.118.1
117 silly fetch manifest @base-org/account@2.5.0
118 silly packumentCache full:https://registry.npmjs.org/@base-org%2faccount cache-miss
119 silly fetch manifest @coinbase/wallet-sdk@4.3.0
120 silly packumentCache full:https://registry.npmjs.org/@coinbase%2fwallet-sdk cache-miss
121 silly fetch manifest @emotion/react@11.14.0
122 silly packumentCache full:https://registry.npmjs.org/@emotion%2freact cache-miss
123 silly fetch manifest @emotion/styled@11.14.1
124 silly packumentCache full:https://registry.npmjs.org/@emotion%2fstyled cache-miss
125 silly fetch manifest @noble/curves@1.8.2
126 silly packumentCache full:https://registry.npmjs.org/@noble%2fcurves cache-miss
127 silly fetch manifest @noble/hashes@1.7.2
128 silly packumentCache full:https://registry.npmjs.org/@noble%2fhashes cache-miss
129 silly fetch manifest @passwordless-id/webauthn@^2.1.2
130 silly packumentCache full:https://registry.npmjs.org/@passwordless-id%2fwebauthn cache-miss
131 http fetch GET 200 https://registry.npmjs.org/@emotion%2freact 204ms (cache miss)
132 silly packumentCache full:https://registry.npmjs.org/@emotion%2freact set size:undefined disposed:false
133 silly fetch manifest @radix-ui/react-dialog@1.1.14
134 silly packumentCache full:https://registry.npmjs.org/@radix-ui%2freact-dialog cache-miss
135 http fetch GET 200 https://registry.npmjs.org/@noble%2fhashes 222ms (cache miss)
136 silly packumentCache full:https://registry.npmjs.org/@noble%2fhashes set size:undefined disposed:false
137 silly fetch manifest @radix-ui/react-focus-scope@1.1.7
138 silly packumentCache full:https://registry.npmjs.org/@radix-ui%2freact-focus-scope cache-miss
139 http fetch GET 200 https://registry.npmjs.org/@noble%2fcurves 247ms (cache miss)
140 silly packumentCache full:https://registry.npmjs.org/@noble%2fcurves set size:undefined disposed:false
141 silly fetch manifest @radix-ui/react-icons@1.3.2
142 silly packumentCache full:https://registry.npmjs.org/@radix-ui%2freact-icons cache-miss
143 http fetch GET 200 https://registry.npmjs.org/@emotion%2fstyled 288ms (cache miss)
144 silly packumentCache full:https://registry.npmjs.org/@emotion%2fstyled set size:undefined disposed:false
145 silly fetch manifest @radix-ui/react-tooltip@1.2.7
146 silly packumentCache full:https://registry.npmjs.org/@radix-ui%2freact-tooltip cache-miss
147 http fetch GET 200 https://registry.npmjs.org/@coinbase%2fwallet-sdk 324ms (cache miss)
148 silly packumentCache full:https://registry.npmjs.org/@coinbase%2fwallet-sdk set size:undefined disposed:false
149 silly fetch manifest @tanstack/react-query@5.81.5
150 silly packumentCache full:https://registry.npmjs.org/@tanstack%2freact-query cache-miss
151 http fetch GET 200 https://registry.npmjs.org/@base-org%2faccount 380ms (cache miss)
152 silly packumentCache full:https://registry.npmjs.org/@base-org%2faccount set size:undefined disposed:false
153 silly fetch manifest @walletconnect/sign-client@2.21.8
154 silly packumentCache full:https://registry.npmjs.org/@walletconnect%2fsign-client cache-miss
155 http fetch GET 200 https://registry.npmjs.org/@passwordless-id%2fwebauthn 436ms (cache miss)
156 silly packumentCache full:https://registry.npmjs.org/@passwordless-id%2fwebauthn set size:undefined disposed:false
157 silly fetch manifest @walletconnect/universal-provider@2.21.8
158 silly packumentCache full:https://registry.npmjs.org/@walletconnect%2funiversal-provider cache-miss
159 http fetch GET 200 https://registry.npmjs.org/@radix-ui%2freact-focus-scope 218ms (cache miss)
160 silly packumentCache full:https://registry.npmjs.org/@radix-ui%2freact-focus-scope set size:undefined disposed:false
161 silly fetch manifest abitype@1.0.8
162 silly packumentCache full:https://registry.npmjs.org/abitype cache-miss
163 http fetch GET 200 https://registry.npmjs.org/@radix-ui%2freact-icons 260ms (cache miss)
164 silly packumentCache full:https://registry.npmjs.org/@radix-ui%2freact-icons set size:undefined disposed:false
165 silly fetch manifest cross-spawn@7.0.6
166 silly packumentCache full:https://registry.npmjs.org/cross-spawn cache-miss
167 http fetch GET 200 https://registry.npmjs.org/@radix-ui%2freact-dialog 332ms (cache miss)
168 silly packumentCache full:https://registry.npmjs.org/@radix-ui%2freact-dialog set size:undefined disposed:false
169 silly fetch manifest fuse.js@7.1.0
170 silly packumentCache full:https://registry.npmjs.org/fuse.js cache-miss
171 http fetch GET 200 https://registry.npmjs.org/@radix-ui%2freact-tooltip 291ms (cache miss)
172 silly packumentCache full:https://registry.npmjs.org/@radix-ui%2freact-tooltip set size:undefined disposed:false
173 silly fetch manifest input-otp@^1.4.1
174 silly packumentCache full:https://registry.npmjs.org/input-otp cache-miss
175 http fetch GET 200 https://registry.npmjs.org/@tanstack%2freact-query 296ms (cache miss)
176 silly packumentCache full:https://registry.npmjs.org/@tanstack%2freact-query set size:undefined disposed:false
177 silly fetch manifest mipd@0.0.7
178 silly packumentCache full:https://registry.npmjs.org/mipd cache-miss
179 http fetch GET 200 https://registry.npmjs.org/cross-spawn 132ms (cache revalidated)
180 silly packumentCache full:https://registry.npmjs.org/cross-spawn set size:109066 disposed:false
181 silly fetch manifest open@10.1.1
182 silly packumentCache full:https://registry.npmjs.org/open cache-miss
183 http fetch GET 200 https://registry.npmjs.org/abitype 207ms (cache miss)
184 silly packumentCache full:https://registry.npmjs.org/abitype set size:undefined disposed:false
185 silly fetch manifest ora@8.2.0
186 silly packumentCache full:https://registry.npmjs.org/ora cache-miss
187 http fetch GET 200 https://registry.npmjs.org/input-otp 107ms (cache miss)
188 silly packumentCache full:https://registry.npmjs.org/input-otp set size:undefined disposed:false
189 silly fetch manifest ox@0.7.0
190 silly packumentCache full:https://registry.npmjs.org/ox cache-miss
191 http fetch GET 200 https://registry.npmjs.org/fuse.js 173ms (cache miss)
192 silly packumentCache full:https://registry.npmjs.org/fuse.js set size:undefined disposed:false
193 silly fetch manifest prompts@2.4.2
194 silly packumentCache full:https://registry.npmjs.org/prompts cache-miss
195 http fetch GET 200 https://registry.npmjs.org/open 84ms (cache miss)
196 silly packumentCache full:https://registry.npmjs.org/open set size:undefined disposed:false
197 silly fetch manifest qrcode@1.5.3
198 silly packumentCache full:https://registry.npmjs.org/qrcode cache-miss
199 http fetch GET 200 https://registry.npmjs.org/@walletconnect%2fsign-client 373ms (cache miss)
200 silly packumentCache full:https://registry.npmjs.org/@walletconnect%2fsign-client set size:undefined disposed:false
201 silly fetch manifest toml@3.0.0
202 silly packumentCache full:https://registry.npmjs.org/toml cache-miss
203 http fetch GET 200 https://registry.npmjs.org/ora 118ms (cache miss)
204 silly packumentCache full:https://registry.npmjs.org/ora set size:undefined disposed:false
205 silly fetch manifest uqr@0.1.2
206 silly packumentCache full:https://registry.npmjs.org/uqr cache-miss
207 http fetch GET 200 https://registry.npmjs.org/@walletconnect%2funiversal-provider 390ms (cache miss)
208 silly packumentCache full:https://registry.npmjs.org/@walletconnect%2funiversal-provider set size:undefined disposed:false
209 silly fetch manifest viem@2.39.0
210 silly packumentCache full:https://registry.npmjs.org/viem cache-miss
211 http fetch GET 200 https://registry.npmjs.org/toml 78ms (cache miss)
212 silly packumentCache full:https://registry.npmjs.org/toml set size:undefined disposed:false
213 silly fetch manifest x402@0.7.0
214 silly packumentCache full:https://registry.npmjs.org/x402 cache-miss
215 http fetch GET 200 https://registry.npmjs.org/uqr 67ms (cache miss)
216 silly packumentCache full:https://registry.npmjs.org/uqr set size:undefined disposed:false
217 silly fetch manifest zod@3.25.75
218 silly packumentCache full:https://registry.npmjs.org/zod cache-miss
219 http fetch GET 200 https://registry.npmjs.org/prompts 133ms (cache revalidated)
220 silly packumentCache full:https://registry.npmjs.org/prompts set size:115896 disposed:false
221 silly fetch manifest @thirdweb-dev/engine@3.4.0
222 silly packumentCache full:https://registry.npmjs.org/@thirdweb-dev%2fengine cache-miss
223 http fetch GET 200 https://registry.npmjs.org/mipd 309ms (cache miss)
224 silly packumentCache full:https://registry.npmjs.org/mipd set size:undefined disposed:false
225 silly fetch manifest @thirdweb-dev/insight@1.1.1
226 silly packumentCache full:https://registry.npmjs.org/@thirdweb-dev%2finsight cache-miss
227 http fetch GET 200 https://registry.npmjs.org/x402 154ms (cache miss)
228 silly packumentCache full:https://registry.npmjs.org/x402 set size:undefined disposed:false
229 http fetch GET 200 https://registry.npmjs.org/qrcode 327ms (cache miss)
230 silly packumentCache full:https://registry.npmjs.org/qrcode set size:undefined disposed:false
231 http fetch GET 200 https://registry.npmjs.org/ox 370ms (cache miss)
232 silly packumentCache full:https://registry.npmjs.org/ox set size:undefined disposed:false
233 http fetch GET 200 https://registry.npmjs.org/zod 291ms (cache miss)
234 silly packumentCache full:https://registry.npmjs.org/zod set size:undefined disposed:false
235 http fetch GET 200 https://registry.npmjs.org/@thirdweb-dev%2fengine 345ms (cache miss)
236 silly packumentCache full:https://registry.npmjs.org/@thirdweb-dev%2fengine set size:undefined disposed:false
237 http fetch GET 200 https://registry.npmjs.org/@thirdweb-dev%2finsight 586ms (cache miss)
238 silly packumentCache full:https://registry.npmjs.org/@thirdweb-dev%2finsight set size:undefined disposed:false
239 http fetch GET 200 https://registry.npmjs.org/viem 709ms (cache miss)
240 silly packumentCache full:https://registry.npmjs.org/viem set size:undefined disposed:false
241 silly fetch manifest react@^18 || ^19
242 silly packumentCache full:https://registry.npmjs.org/react cache-miss
243 http cache https://registry.npmjs.org/react 19ms (cache hit)
244 silly packumentCache full:https://registry.npmjs.org/react set size:6466562 disposed:false
245 silly fetch manifest @types/react@*
246 silly packumentCache full:https://registry.npmjs.org/@types%2freact cache-miss
247 http cache https://registry.npmjs.org/@types%2freact 41ms (cache hit)
248 silly packumentCache full:https://registry.npmjs.org/@types%2freact set size:2584421 disposed:false
249 silly fetch manifest @types/react-dom@*
250 silly packumentCache full:https://registry.npmjs.org/@types%2freact-dom cache-miss
251 http fetch GET 200 https://registry.npmjs.org/@types%2freact-dom 57ms (cache miss)
252 silly packumentCache full:https://registry.npmjs.org/@types%2freact-dom set size:undefined disposed:false
253 silly fetch manifest react-dom@^16.8 || ^17.0 || ^18.0 || ^19.0 || ^19.0.0-rc
254 silly packumentCache full:https://registry.npmjs.org/react-dom cache-miss
255 http cache https://registry.npmjs.org/react-dom 30ms (cache hit)
256 silly packumentCache full:https://registry.npmjs.org/react-dom set size:8553406 disposed:false
257 silly fetch manifest react-dom@^16.8 || ^17.0 || ^18.0 || ^19.0.0 || ^19.0.0-rc
258 silly packumentCache full:https://registry.npmjs.org/react-dom cache-miss
259 http cache https://registry.npmjs.org/react-dom 28ms (cache hit)
260 silly packumentCache full:https://registry.npmjs.org/react-dom set size:8553406 disposed:false
261 silly placeDep ROOT @base-org/account@2.5.0 OK for: thirdweb@5.118.1 want: 2.5.0
262 silly placeDep ROOT @coinbase/wallet-sdk@4.3.0 OK for: thirdweb@5.118.1 want: 4.3.0
263 silly placeDep ROOT @emotion/react@11.14.0 OK for: thirdweb@5.118.1 want: 11.14.0
264 silly placeDep ROOT react@19.2.4 OK for: @emotion/react@11.14.0 want: >=16.8.0
265 silly placeDep ROOT @emotion/styled@11.14.1 OK for: thirdweb@5.118.1 want: 11.14.1
266 silly placeDep ROOT @noble/curves@1.8.2 OK for: thirdweb@5.118.1 want: 1.8.2
267 silly placeDep ROOT @noble/hashes@1.7.2 OK for: thirdweb@5.118.1 want: 1.7.2
268 silly placeDep ROOT @passwordless-id/webauthn@2.3.1 OK for: thirdweb@5.118.1 want: ^2.1.2
269 silly placeDep ROOT @radix-ui/react-dialog@1.1.14 OK for: thirdweb@5.118.1 want: 1.1.14
270 silly placeDep ROOT react-dom@19.2.4 OK for: @radix-ui/react-dialog@1.1.14 want: ^16.8 || ^17.0 || ^18.0 || ^19.0 || ^19.0.0-rc
271 silly placeDep ROOT @radix-ui/react-focus-scope@1.1.7 OK for: thirdweb@5.118.1 want: 1.1.7
272 silly placeDep ROOT @radix-ui/react-icons@1.3.2 OK for: thirdweb@5.118.1 want: 1.3.2
273 silly placeDep ROOT @radix-ui/react-tooltip@1.2.7 OK for: thirdweb@5.118.1 want: 1.2.7
274 silly placeDep ROOT @tanstack/react-query@5.81.5 OK for: thirdweb@5.118.1 want: 5.81.5
275 silly placeDep ROOT @thirdweb-dev/engine@3.4.0 OK for: thirdweb@5.118.1 want: 3.4.0
276 silly placeDep ROOT @thirdweb-dev/insight@1.1.1 OK for: thirdweb@5.118.1 want: 1.1.1
277 silly placeDep ROOT @walletconnect/sign-client@2.21.8 OK for: thirdweb@5.118.1 want: 2.21.8
278 silly placeDep ROOT @walletconnect/universal-provider@2.21.8 OK for: thirdweb@5.118.1 want: 2.21.8
279 silly placeDep ROOT abitype@1.0.8 OK for: thirdweb@5.118.1 want: 1.0.8
280 silly placeDep ROOT cross-spawn@7.0.6 OK for: thirdweb@5.118.1 want: 7.0.6
281 silly placeDep ROOT fuse.js@7.1.0 OK for: thirdweb@5.118.1 want: 7.1.0
282 silly placeDep ROOT input-otp@1.4.2 OK for: thirdweb@5.118.1 want: ^1.4.1
283 silly placeDep ROOT mipd@0.0.7 OK for: thirdweb@5.118.1 want: 0.0.7
284 silly placeDep ROOT open@10.1.1 OK for: thirdweb@5.118.1 want: 10.1.1
285 silly placeDep ROOT ora@8.2.0 OK for: thirdweb@5.118.1 want: 8.2.0
286 silly placeDep ROOT ox@0.7.0 OK for: thirdweb@5.118.1 want: 0.7.0
287 silly placeDep ROOT prompts@2.4.2 OK for: thirdweb@5.118.1 want: 2.4.2
288 silly placeDep ROOT qrcode@1.5.3 OK for: thirdweb@5.118.1 want: 1.5.3
289 silly placeDep ROOT toml@3.0.0 OK for: thirdweb@5.118.1 want: 3.0.0
290 silly placeDep ROOT uqr@0.1.2 OK for: thirdweb@5.118.1 want: 0.1.2
291 silly placeDep ROOT viem@2.39.0 OK for: thirdweb@5.118.1 want: 2.39.0
292 silly placeDep ROOT x402@0.7.0 OK for: thirdweb@5.118.1 want: 0.7.0
293 silly placeDep ROOT zod@3.25.75 OK for: thirdweb@5.118.1 want: 3.25.75
294 silly fetch manifest ox@0.6.9
295 silly packumentCache full:https://registry.npmjs.org/ox cache-miss
296 silly fetch manifest clsx@1.2.1
297 silly packumentCache full:https://registry.npmjs.org/clsx cache-miss
298 silly fetch manifest viem@^2.31.7
299 silly packumentCache full:https://registry.npmjs.org/viem cache-miss
300 silly fetch manifest preact@10.24.2
301 silly packumentCache full:https://registry.npmjs.org/preact cache-miss
302 silly fetch manifest zustand@5.0.3
303 silly packumentCache full:https://registry.npmjs.org/zustand cache-miss
304 silly fetch manifest idb-keyval@6.2.1
305 silly packumentCache full:https://registry.npmjs.org/idb-keyval cache-miss
306 silly fetch manifest brotli-wasm@^3.0.0
307 silly packumentCache full:https://registry.npmjs.org/brotli-wasm cache-miss
308 http cache https://registry.npmjs.org/ox 39ms (cache hit)
309 silly packumentCache full:https://registry.npmjs.org/ox set size:3560482 disposed:false
310 silly fetch manifest eventemitter3@5.0.1
311 silly packumentCache full:https://registry.npmjs.org/eventemitter3 cache-miss
312 http cache https://registry.npmjs.org/viem 121ms (cache hit)
313 silly packumentCache full:https://registry.npmjs.org/viem set size:10606527 disposed:false
314 silly fetch manifest @coinbase/cdp-sdk@^1.0.0
315 silly packumentCache full:https://registry.npmjs.org/@coinbase%2fcdp-sdk cache-miss
316 http fetch GET 200 https://registry.npmjs.org/clsx 264ms (cache miss)
317 silly packumentCache full:https://registry.npmjs.org/clsx set size:undefined disposed:false
318 silly fetch manifest clsx@^1.2.1
319 silly packumentCache full:https://registry.npmjs.org/clsx cache-miss
320 http fetch GET 200 https://registry.npmjs.org/brotli-wasm 264ms (cache miss)
321 silly packumentCache full:https://registry.npmjs.org/brotli-wasm set size:undefined disposed:false
322 silly fetch manifest preact@^10.24.2
323 silly packumentCache full:https://registry.npmjs.org/preact cache-miss
324 http fetch GET 200 https://registry.npmjs.org/idb-keyval 268ms (cache miss)
325 silly packumentCache full:https://registry.npmjs.org/idb-keyval set size:undefined disposed:false
326 silly fetch manifest @noble/hashes@^1.4.0
327 silly packumentCache full:https://registry.npmjs.org/@noble%2fhashes cache-miss
328 http cache https://registry.npmjs.org/clsx 13ms (cache hit)
329 silly packumentCache full:https://registry.npmjs.org/clsx set size:42506 disposed:false
330 silly fetch manifest eventemitter3@^5.0.1
331 silly packumentCache full:https://registry.npmjs.org/eventemitter3 cache-miss
332 http cache https://registry.npmjs.org/@noble%2fhashes 12ms (cache hit)
333 silly packumentCache full:https://registry.npmjs.org/@noble%2fhashes set size:214622 disposed:false
334 silly fetch manifest @babel/runtime@^7.18.3
335 silly packumentCache full:https://registry.npmjs.org/@babel%2fruntime cache-miss
336 http fetch GET 200 https://registry.npmjs.org/zustand 293ms (cache miss)
337 silly packumentCache full:https://registry.npmjs.org/zustand set size:undefined disposed:false
338 silly fetch manifest @emotion/babel-plugin@^11.13.5
339 silly packumentCache full:https://registry.npmjs.org/@emotion%2fbabel-plugin cache-miss
340 http fetch GET 200 https://registry.npmjs.org/eventemitter3 213ms (cache miss)
341 silly packumentCache full:https://registry.npmjs.org/eventemitter3 set size:undefined disposed:false
342 silly fetch manifest @emotion/cache@^11.14.0
343 silly packumentCache full:https://registry.npmjs.org/@emotion%2fcache cache-miss
344 http fetch GET 200 https://registry.npmjs.org/eventemitter3 71ms (cache miss)
345 silly packumentCache full:https://registry.npmjs.org/eventemitter3 set size:undefined disposed:false
346 silly fetch manifest @emotion/serialize@^1.3.3
347 silly packumentCache full:https://registry.npmjs.org/@emotion%2fserialize cache-miss
348 http fetch GET 200 https://registry.npmjs.org/@emotion%2fbabel-plugin 81ms (cache miss)
349 silly packumentCache full:https://registry.npmjs.org/@emotion%2fbabel-plugin set size:undefined disposed:false
350 silly fetch manifest @emotion/use-insertion-effect-with-fallbacks@^1.2.0
351 silly packumentCache full:https://registry.npmjs.org/@emotion%2fuse-insertion-effect-with-fallbacks cache-miss
352 http fetch GET 200 https://registry.npmjs.org/@emotion%2fcache 96ms (cache miss)
353 silly packumentCache full:https://registry.npmjs.org/@emotion%2fcache set size:undefined disposed:false
354 silly fetch manifest @emotion/utils@^1.4.2
355 silly packumentCache full:https://registry.npmjs.org/@emotion%2futils cache-miss
356 http fetch GET 200 https://registry.npmjs.org/preact 412ms (cache miss)
357 silly packumentCache full:https://registry.npmjs.org/preact set size:undefined disposed:false
358 silly fetch manifest @emotion/weak-memoize@^0.4.0
359 silly packumentCache full:https://registry.npmjs.org/@emotion%2fweak-memoize cache-miss
360 http fetch GET 200 https://registry.npmjs.org/@emotion%2fuse-insertion-effect-with-fallbacks 86ms (cache miss)
361 silly packumentCache full:https://registry.npmjs.org/@emotion%2fuse-insertion-effect-with-fallbacks set size:undefined disposed:false
362 silly fetch manifest hoist-non-react-statics@^3.3.1
363 silly packumentCache full:https://registry.npmjs.org/hoist-non-react-statics cache-miss
364 http fetch GET 200 https://registry.npmjs.org/@emotion%2futils 74ms (cache miss)
365 silly packumentCache full:https://registry.npmjs.org/@emotion%2futils set size:undefined disposed:false
366 silly fetch manifest @babel/runtime@^7.18.3
367 silly packumentCache full:https://registry.npmjs.org/@babel%2fruntime cache-miss
368 http fetch GET 200 https://registry.npmjs.org/@emotion%2fserialize 133ms (cache miss)
369 silly packumentCache full:https://registry.npmjs.org/@emotion%2fserialize set size:undefined disposed:false
370 silly fetch manifest @emotion/is-prop-valid@^1.3.0
371 silly packumentCache full:https://registry.npmjs.org/@emotion%2fis-prop-valid cache-miss
372 http fetch GET 200 https://registry.npmjs.org/preact 255ms (cache miss)
373 silly packumentCache full:https://registry.npmjs.org/preact set size:undefined disposed:false
374 silly fetch manifest aria-hidden@^1.2.4
375 silly packumentCache full:https://registry.npmjs.org/aria-hidden cache-miss
376 http fetch GET 200 https://registry.npmjs.org/@emotion%2fweak-memoize 118ms (cache miss)
377 silly packumentCache full:https://registry.npmjs.org/@emotion%2fweak-memoize set size:undefined disposed:false
378 silly fetch manifest @radix-ui/react-id@1.1.1
379 silly packumentCache full:https://registry.npmjs.org/@radix-ui%2freact-id cache-miss
380 http fetch GET 200 https://registry.npmjs.org/hoist-non-react-statics 108ms (cache miss)
381 silly packumentCache full:https://registry.npmjs.org/hoist-non-react-statics set size:undefined disposed:false
382 silly fetch manifest @radix-ui/primitive@1.1.2
383 silly packumentCache full:https://registry.npmjs.org/@radix-ui%2fprimitive cache-miss
384 http fetch GET 200 https://registry.npmjs.org/@emotion%2fis-prop-valid 102ms (cache miss)
385 silly packumentCache full:https://registry.npmjs.org/@emotion%2fis-prop-valid set size:undefined disposed:false
386 silly fetch manifest react-remove-scroll@^2.6.3
387 silly packumentCache full:https://registry.npmjs.org/react-remove-scroll cache-miss
388 http fetch GET 200 https://registry.npmjs.org/aria-hidden 51ms (cache miss)
389 silly packumentCache full:https://registry.npmjs.org/aria-hidden set size:undefined disposed:false
390 silly fetch manifest @radix-ui/react-slot@1.2.3
391 silly packumentCache full:https://registry.npmjs.org/@radix-ui%2freact-slot cache-miss
392 http fetch GET 200 https://registry.npmjs.org/@radix-ui%2freact-id 69ms (cache miss)
393 silly packumentCache full:https://registry.npmjs.org/@radix-ui%2freact-id set size:undefined disposed:false
394 silly fetch manifest @radix-ui/react-portal@1.1.9
395 silly packumentCache full:https://registry.npmjs.org/@radix-ui%2freact-portal cache-miss
396 http fetch GET 200 https://registry.npmjs.org/react-remove-scroll 65ms (cache miss)
397 silly packumentCache full:https://registry.npmjs.org/react-remove-scroll set size:undefined disposed:false
398 silly fetch manifest @radix-ui/react-context@1.1.2
399 silly packumentCache full:https://registry.npmjs.org/@radix-ui%2freact-context cache-miss
400 http fetch GET 200 https://registry.npmjs.org/@radix-ui%2fprimitive 93ms (cache miss)
401 silly packumentCache full:https://registry.npmjs.org/@radix-ui%2fprimitive set size:undefined disposed:false
402 silly fetch manifest @radix-ui/react-presence@1.1.4
403 silly packumentCache full:https://registry.npmjs.org/@radix-ui%2freact-presence cache-miss
404 http fetch GET 200 https://registry.npmjs.org/@babel%2fruntime 415ms (cache miss)
405 silly packumentCache full:https://registry.npmjs.org/@babel%2fruntime set size:undefined disposed:false
406 silly fetch manifest @radix-ui/react-primitive@2.1.3
407 silly packumentCache full:https://registry.npmjs.org/@radix-ui%2freact-primitive cache-miss
408 http fetch GET 200 https://registry.npmjs.org/@radix-ui%2freact-slot 151ms (cache miss)
409 silly packumentCache full:https://registry.npmjs.org/@radix-ui%2freact-slot set size:undefined disposed:false
410 silly fetch manifest @radix-ui/react-compose-refs@1.1.2
411 silly packumentCache full:https://registry.npmjs.org/@radix-ui%2freact-compose-refs cache-miss
412 http fetch GET 200 https://registry.npmjs.org/@coinbase%2fcdp-sdk 547ms (cache miss)
413 silly packumentCache full:https://registry.npmjs.org/@coinbase%2fcdp-sdk set size:undefined disposed:false
414 silly fetch manifest @radix-ui/react-focus-guards@1.1.2
415 silly packumentCache full:https://registry.npmjs.org/@radix-ui%2freact-focus-guards cache-miss
416 http fetch GET 200 https://registry.npmjs.org/@radix-ui%2freact-context 133ms (cache miss)
417 silly packumentCache full:https://registry.npmjs.org/@radix-ui%2freact-context set size:undefined disposed:false
418 silly fetch manifest @radix-ui/react-dismissable-layer@1.1.10
419 silly packumentCache full:https://registry.npmjs.org/@radix-ui%2freact-dismissable-layer cache-miss
420 http fetch GET 200 https://registry.npmjs.org/@radix-ui%2freact-portal 215ms (cache miss)
421 silly packumentCache full:https://registry.npmjs.org/@radix-ui%2freact-portal set size:undefined disposed:false
422 silly fetch manifest @radix-ui/react-use-controllable-state@1.2.2
423 silly packumentCache full:https://registry.npmjs.org/@radix-ui%2freact-use-controllable-state cache-miss
424 http fetch GET 200 https://registry.npmjs.org/@radix-ui%2freact-presence 202ms (cache miss)
425 silly packumentCache full:https://registry.npmjs.org/@radix-ui%2freact-presence set size:undefined disposed:false
426 silly fetch manifest scheduler@^0.27.0
427 silly packumentCache full:https://registry.npmjs.org/scheduler cache-miss
428 http fetch GET 200 https://registry.npmjs.org/@radix-ui%2freact-focus-guards 134ms (cache miss)
429 silly packumentCache full:https://registry.npmjs.org/@radix-ui%2freact-focus-guards set size:undefined disposed:false
430 silly fetch manifest @radix-ui/react-primitive@2.1.3
431 silly packumentCache full:https://registry.npmjs.org/@radix-ui%2freact-primitive cache-miss
432 http fetch GET 200 https://registry.npmjs.org/@radix-ui%2freact-compose-refs 180ms (cache miss)
433 silly packumentCache full:https://registry.npmjs.org/@radix-ui%2freact-compose-refs set size:undefined disposed:false
434 silly fetch manifest @radix-ui/react-use-callback-ref@1.1.1
435 silly packumentCache full:https://registry.npmjs.org/@radix-ui%2freact-use-callback-ref cache-miss
436 http fetch GET 200 https://registry.npmjs.org/@radix-ui%2freact-primitive 219ms (cache miss)
437 silly packumentCache full:https://registry.npmjs.org/@radix-ui%2freact-primitive set size:undefined disposed:false
438 silly fetch manifest @radix-ui/react-popper@1.2.7
439 silly packumentCache full:https://registry.npmjs.org/@radix-ui%2freact-popper cache-miss
440 http fetch GET 200 https://registry.npmjs.org/@radix-ui%2freact-use-controllable-state 109ms (cache miss)
441 silly packumentCache full:https://registry.npmjs.org/@radix-ui%2freact-use-controllable-state set size:undefined disposed:false
442 silly fetch manifest @radix-ui/react-visually-hidden@1.2.3
443 silly packumentCache full:https://registry.npmjs.org/@radix-ui%2freact-visually-hidden cache-miss
444 http fetch GET 200 https://registry.npmjs.org/@babel%2fruntime 523ms (cache miss)
445 silly packumentCache full:https://registry.npmjs.org/@babel%2fruntime set size:undefined disposed:false
446 silly fetch manifest @radix-ui/react-dismissable-layer@1.1.10
447 silly packumentCache full:https://registry.npmjs.org/@radix-ui%2freact-dismissable-layer cache-miss
448 http fetch GET 200 https://registry.npmjs.org/@radix-ui%2freact-dismissable-layer 261ms (cache miss)
449 silly packumentCache full:https://registry.npmjs.org/@radix-ui%2freact-dismissable-layer set size:undefined disposed:false
450 silly fetch manifest @tanstack/query-core@5.81.5
451 silly packumentCache full:https://registry.npmjs.org/@tanstack%2fquery-core cache-miss
452 http fetch GET 200 https://registry.npmjs.org/@radix-ui%2freact-use-callback-ref 183ms (cache miss)
453 silly packumentCache full:https://registry.npmjs.org/@radix-ui%2freact-use-callback-ref set size:undefined disposed:false
454 silly fetch manifest @hey-api/client-fetch@0.10.0
455 silly packumentCache full:https://registry.npmjs.org/@hey-api%2fclient-fetch cache-miss
456 http fetch GET 200 https://registry.npmjs.org/@radix-ui%2freact-primitive 197ms (cache miss)
457 silly packumentCache full:https://registry.npmjs.org/@radix-ui%2freact-primitive set size:undefined disposed:false
458 silly fetch manifest events@3.3.0
459 silly packumentCache full:https://registry.npmjs.org/events cache-miss
460 http fetch GET 200 https://registry.npmjs.org/@radix-ui%2freact-visually-hidden 161ms (cache miss)
461 silly packumentCache full:https://registry.npmjs.org/@radix-ui%2freact-visually-hidden set size:undefined disposed:false
462 silly fetch manifest @walletconnect/core@2.21.8
463 silly packumentCache full:https://registry.npmjs.org/@walletconnect%2fcore cache-miss
464 http fetch GET 200 https://registry.npmjs.org/@radix-ui%2freact-popper 229ms (cache miss)
465 silly packumentCache full:https://registry.npmjs.org/@radix-ui%2freact-popper set size:undefined disposed:false
466 silly fetch manifest @walletconnect/time@1.0.2
467 silly packumentCache full:https://registry.npmjs.org/@walletconnect%2ftime cache-miss
468 http fetch GET 200 https://registry.npmjs.org/events 81ms (cache miss)
469 silly packumentCache full:https://registry.npmjs.org/events set size:undefined disposed:false
470 silly fetch manifest @walletconnect/types@2.21.8
471 silly packumentCache full:https://registry.npmjs.org/@walletconnect%2ftypes cache-miss
472 http fetch GET 200 https://registry.npmjs.org/@radix-ui%2freact-dismissable-layer 177ms (cache miss)
473 silly packumentCache full:https://registry.npmjs.org/@radix-ui%2freact-dismissable-layer set size:undefined disposed:false
474 silly fetch manifest @walletconnect/utils@2.21.8
475 silly packumentCache full:https://registry.npmjs.org/@walletconnect%2futils cache-miss
476 http fetch GET 200 https://registry.npmjs.org/@tanstack%2fquery-core 184ms (cache miss)
477 silly packumentCache full:https://registry.npmjs.org/@tanstack%2fquery-core set size:undefined disposed:false
478 silly fetch manifest @walletconnect/events@1.0.1
479 silly packumentCache full:https://registry.npmjs.org/@walletconnect%2fevents cache-miss
480 http fetch GET 200 https://registry.npmjs.org/@walletconnect%2fcore 181ms (cache miss)
481 silly packumentCache full:https://registry.npmjs.org/@walletconnect%2fcore set size:undefined disposed:false
482 silly fetch manifest @walletconnect/logger@2.1.2
483 silly packumentCache full:https://registry.npmjs.org/@walletconnect%2flogger cache-miss
484 http fetch GET 200 https://registry.npmjs.org/@hey-api%2fclient-fetch 261ms (cache miss)
485 silly packumentCache full:https://registry.npmjs.org/@hey-api%2fclient-fetch set size:undefined disposed:false
486 silly fetch manifest @walletconnect/heartbeat@1.2.2
487 silly packumentCache full:https://registry.npmjs.org/@walletconnect%2fheartbeat cache-miss
488 http fetch GET 200 https://registry.npmjs.org/@walletconnect%2ftypes 181ms (cache miss)
489 silly packumentCache full:https://registry.npmjs.org/@walletconnect%2ftypes set size:undefined disposed:false
490 silly fetch manifest @walletconnect/jsonrpc-utils@1.0.8
491 silly packumentCache full:https://registry.npmjs.org/@walletconnect%2fjsonrpc-utils cache-miss
492 http fetch GET 200 https://registry.npmjs.org/@walletconnect%2futils 199ms (cache miss)
493 silly packumentCache full:https://registry.npmjs.org/@walletconnect%2futils set size:undefined disposed:false
494 silly fetch manifest es-toolkit@1.39.3
495 silly packumentCache full:https://registry.npmjs.org/es-toolkit cache-miss
496 http fetch GET 200 https://registry.npmjs.org/@walletconnect%2ftime 264ms (cache miss)
497 silly packumentCache full:https://registry.npmjs.org/@walletconnect%2ftime set size:undefined disposed:false
498 silly fetch manifest @walletconnect/events@1.0.1
499 silly packumentCache full:https://registry.npmjs.org/@walletconnect%2fevents cache-miss
500 http fetch GET 200 https://registry.npmjs.org/scheduler 585ms (cache miss)
501 silly packumentCache full:https://registry.npmjs.org/scheduler set size:undefined disposed:false
502 silly fetch manifest @walletconnect/logger@2.1.2
503 silly packumentCache full:https://registry.npmjs.org/@walletconnect%2flogger cache-miss
504 http fetch GET 200 https://registry.npmjs.org/@walletconnect%2fevents 286ms (cache miss)
505 silly packumentCache full:https://registry.npmjs.org/@walletconnect%2fevents set size:undefined disposed:false
506 silly fetch manifest @walletconnect/jsonrpc-types@1.0.4
507 silly packumentCache full:https://registry.npmjs.org/@walletconnect%2fjsonrpc-types cache-miss
508 http fetch GET 200 https://registry.npmjs.org/@walletconnect%2fevents 89ms (cache miss)
509 silly packumentCache full:https://registry.npmjs.org/@walletconnect%2fevents set size:undefined disposed:false
510 silly fetch manifest @walletconnect/jsonrpc-utils@1.0.8
511 silly packumentCache full:https://registry.npmjs.org/@walletconnect%2fjsonrpc-utils cache-miss
512 http fetch GET 200 https://registry.npmjs.org/@walletconnect%2flogger 73ms (cache miss)
513 silly packumentCache full:https://registry.npmjs.org/@walletconnect%2flogger set size:undefined disposed:false
514 silly fetch manifest @walletconnect/keyvaluestorage@1.1.1
515 silly packumentCache full:https://registry.npmjs.org/@walletconnect%2fkeyvaluestorage cache-miss
516 http fetch GET 200 https://registry.npmjs.org/@walletconnect%2flogger 244ms (cache miss)
517 silly packumentCache full:https://registry.npmjs.org/@walletconnect%2flogger set size:undefined disposed:false
518 silly fetch manifest @walletconnect/jsonrpc-provider@1.0.14
519 silly packumentCache full:https://registry.npmjs.org/@walletconnect%2fjsonrpc-provider cache-miss
520 http fetch GET 200 https://registry.npmjs.org/@walletconnect%2fheartbeat 241ms (cache miss)
521 silly packumentCache full:https://registry.npmjs.org/@walletconnect%2fheartbeat set size:undefined disposed:false
522 silly fetch manifest @walletconnect/jsonrpc-http-connection@1.0.8
523 silly packumentCache full:https://registry.npmjs.org/@walletconnect%2fjsonrpc-http-connection cache-miss
524 http fetch GET 200 https://registry.npmjs.org/@walletconnect%2fjsonrpc-utils 235ms (cache miss)
525 silly packumentCache full:https://registry.npmjs.org/@walletconnect%2fjsonrpc-utils set size:undefined disposed:false
526 silly fetch manifest which@^2.0.1
527 silly packumentCache full:https://registry.npmjs.org/which cache-miss
528 http fetch GET 200 https://registry.npmjs.org/@walletconnect%2fjsonrpc-utils 103ms (cache miss)
529 silly packumentCache full:https://registry.npmjs.org/@walletconnect%2fjsonrpc-utils set size:undefined disposed:false
530 silly fetch manifest path-key@^3.1.0
531 silly packumentCache full:https://registry.npmjs.org/path-key cache-miss
532 http fetch GET 200 https://registry.npmjs.org/path-key 55ms (cache revalidated)
533 silly packumentCache full:https://registry.npmjs.org/path-key set size:16975 disposed:false
534 silly fetch manifest shebang-command@^2.0.0
535 silly packumentCache full:https://registry.npmjs.org/shebang-command cache-miss
536 http fetch GET 200 https://registry.npmjs.org/which 64ms (cache revalidated)
537 silly packumentCache full:https://registry.npmjs.org/which set size:65264 disposed:false
538 silly fetch manifest is-wsl@^3.1.0
539 silly packumentCache full:https://registry.npmjs.org/is-wsl cache-miss
540 http fetch GET 200 https://registry.npmjs.org/is-wsl 31ms (cache miss)
541 silly packumentCache full:https://registry.npmjs.org/is-wsl set size:undefined disposed:false
542 silly fetch manifest default-browser@^5.2.1
543 silly packumentCache full:https://registry.npmjs.org/default-browser cache-miss
544 http fetch GET 200 https://registry.npmjs.org/shebang-command 53ms (cache revalidated)
545 silly packumentCache full:https://registry.npmjs.org/shebang-command set size:8525 disposed:false
546 silly fetch manifest define-lazy-prop@^3.0.0
547 silly packumentCache full:https://registry.npmjs.org/define-lazy-prop cache-miss
548 http fetch GET 200 https://registry.npmjs.org/@walletconnect%2fjsonrpc-types 237ms (cache miss)
549 silly packumentCache full:https://registry.npmjs.org/@walletconnect%2fjsonrpc-types set size:undefined disposed:false
550 silly fetch manifest is-inside-container@^1.0.0
551 silly packumentCache full:https://registry.npmjs.org/is-inside-container cache-miss
552 http fetch GET 200 https://registry.npmjs.org/default-browser 54ms (cache miss)
553 silly packumentCache full:https://registry.npmjs.org/default-browser set size:undefined disposed:false
554 silly fetch manifest chalk@^5.3.0
555 silly packumentCache full:https://registry.npmjs.org/chalk cache-miss
556 http fetch GET 200 https://registry.npmjs.org/@walletconnect%2fkeyvaluestorage 229ms (cache miss)
557 silly packumentCache full:https://registry.npmjs.org/@walletconnect%2fkeyvaluestorage set size:undefined disposed:false
558 silly fetch manifest cli-cursor@^5.0.0
559 silly packumentCache full:https://registry.npmjs.org/cli-cursor cache-miss
560 http fetch GET 200 https://registry.npmjs.org/define-lazy-prop 62ms (cache miss)
561 silly packumentCache full:https://registry.npmjs.org/define-lazy-prop set size:undefined disposed:false
562 silly fetch manifest strip-ansi@^7.1.0
563 silly packumentCache full:https://registry.npmjs.org/strip-ansi cache-miss
564 http fetch GET 200 https://registry.npmjs.org/is-inside-container 121ms (cache miss)
565 silly packumentCache full:https://registry.npmjs.org/is-inside-container set size:undefined disposed:false
566 silly fetch manifest log-symbols@^6.0.0
567 silly packumentCache full:https://registry.npmjs.org/log-symbols cache-miss
568 http fetch GET 200 https://registry.npmjs.org/@walletconnect%2fjsonrpc-http-connection 301ms (cache miss)
569 silly packumentCache full:https://registry.npmjs.org/@walletconnect%2fjsonrpc-http-connection set size:undefined disposed:false
570 silly fetch manifest cli-spinners@^2.9.2
571 silly packumentCache full:https://registry.npmjs.org/cli-spinners cache-miss
572 http fetch GET 200 https://registry.npmjs.org/@walletconnect%2fjsonrpc-provider 335ms (cache miss)
573 silly packumentCache full:https://registry.npmjs.org/@walletconnect%2fjsonrpc-provider set size:undefined disposed:false
574 silly fetch manifest string-width@^7.2.0
575 silly packumentCache full:https://registry.npmjs.org/string-width cache-miss
576 http fetch GET 200 https://registry.npmjs.org/chalk 135ms (cache miss)
577 silly packumentCache full:https://registry.npmjs.org/chalk set size:undefined disposed:false
578 silly fetch manifest is-interactive@^2.0.0
579 silly packumentCache full:https://registry.npmjs.org/is-interactive cache-miss
580 http fetch GET 200 https://registry.npmjs.org/cli-cursor 135ms (cache miss)
581 silly packumentCache full:https://registry.npmjs.org/cli-cursor set size:undefined disposed:false
582 silly fetch manifest stdin-discarder@^0.2.2
583 silly packumentCache full:https://registry.npmjs.org/stdin-discarder cache-miss
584 http fetch GET 200 https://registry.npmjs.org/strip-ansi 146ms (cache revalidated)
585 silly packumentCache full:https://registry.npmjs.org/strip-ansi set size:41855 disposed:false
586 silly fetch manifest is-unicode-supported@^2.0.0
587 silly packumentCache full:https://registry.npmjs.org/is-unicode-supported cache-miss
588 http fetch GET 200 https://registry.npmjs.org/cli-spinners 65ms (cache miss)
589 silly packumentCache full:https://registry.npmjs.org/cli-spinners set size:undefined disposed:false
590 silly fetch manifest @scure/bip32@^1.5.0
591 silly packumentCache full:https://registry.npmjs.org/@scure%2fbip32 cache-miss
592 http fetch GET 200 https://registry.npmjs.org/log-symbols 91ms (cache miss)
593 silly packumentCache full:https://registry.npmjs.org/log-symbols set size:undefined disposed:false
594 silly fetch manifest @scure/bip39@^1.4.0
595 silly packumentCache full:https://registry.npmjs.org/@scure%2fbip39 cache-miss
596 http fetch GET 200 https://registry.npmjs.org/stdin-discarder 56ms (cache miss)
597 silly packumentCache full:https://registry.npmjs.org/stdin-discarder set size:undefined disposed:false
598 silly fetch manifest @adraffy/ens-normalize@^1.10.1
599 silly packumentCache full:https://registry.npmjs.org/@adraffy%2fens-normalize cache-miss
600 http fetch GET 200 https://registry.npmjs.org/is-interactive 74ms (cache miss)
601 silly packumentCache full:https://registry.npmjs.org/is-interactive set size:undefined disposed:false
602 silly fetch manifest kleur@^3.0.3
603 silly packumentCache full:https://registry.npmjs.org/kleur cache-miss
604 http fetch GET 200 https://registry.npmjs.org/string-width 92ms (cache revalidated)
605 silly packumentCache full:https://registry.npmjs.org/string-width set size:66232 disposed:false
606 silly fetch manifest sisteransi@^1.0.5
607 silly packumentCache full:https://registry.npmjs.org/sisteransi cache-miss
608 http fetch GET 200 https://registry.npmjs.org/is-unicode-supported 67ms (cache miss)
609 silly packumentCache full:https://registry.npmjs.org/is-unicode-supported set size:undefined disposed:false
610 silly fetch manifest pngjs@^5.0.0
611 silly packumentCache full:https://registry.npmjs.org/pngjs cache-miss
612 http fetch GET 200 https://registry.npmjs.org/@scure%2fbip32 75ms (cache miss)
613 silly packumentCache full:https://registry.npmjs.org/@scure%2fbip32 set size:undefined disposed:false
614 silly fetch manifest yargs@^15.3.1
615 silly packumentCache full:https://registry.npmjs.org/yargs cache-miss
616 http fetch GET 200 https://registry.npmjs.org/@scure%2fbip39 78ms (cache miss)
617 silly packumentCache full:https://registry.npmjs.org/@scure%2fbip39 set size:undefined disposed:false
618 silly fetch manifest dijkstrajs@^1.0.1
619 silly packumentCache full:https://registry.npmjs.org/dijkstrajs cache-miss
620 http fetch GET 200 https://registry.npmjs.org/kleur 74ms (cache revalidated)
621 silly packumentCache full:https://registry.npmjs.org/kleur set size:61853 disposed:false
622 silly fetch manifest encode-utf8@^1.0.3
623 silly packumentCache full:https://registry.npmjs.org/encode-utf8 cache-miss
624 http fetch GET 200 https://registry.npmjs.org/pngjs 62ms (cache miss)
625 silly packumentCache full:https://registry.npmjs.org/pngjs set size:undefined disposed:false
626 silly fetch manifest ox@0.9.6
627 silly packumentCache full:https://registry.npmjs.org/ox cache-miss
628 http fetch GET 200 https://registry.npmjs.org/@adraffy%2fens-normalize 94ms (cache miss)
629 silly packumentCache full:https://registry.npmjs.org/@adraffy%2fens-normalize set size:undefined disposed:false
630 silly fetch manifest ws@8.18.3
631 silly packumentCache full:https://registry.npmjs.org/ws cache-miss
632 http fetch GET 200 https://registry.npmjs.org/sisteransi 94ms (cache revalidated)
633 silly packumentCache full:https://registry.npmjs.org/sisteransi set size:23215 disposed:false
634 silly fetch manifest isows@1.0.7
635 silly packumentCache full:https://registry.npmjs.org/isows cache-miss
636 http fetch GET 200 https://registry.npmjs.org/dijkstrajs 69ms (cache miss)
637 silly packumentCache full:https://registry.npmjs.org/dijkstrajs set size:undefined disposed:false
638 silly fetch manifest abitype@1.1.0
639 silly packumentCache full:https://registry.npmjs.org/abitype cache-miss
640 http cache https://registry.npmjs.org/ox 61ms (cache hit)
641 silly packumentCache full:https://registry.npmjs.org/ox set size:3560482 disposed:false
642 silly fetch manifest @scure/bip32@1.7.0
643 silly packumentCache full:https://registry.npmjs.org/@scure%2fbip32 cache-miss
644 http cache https://registry.npmjs.org/abitype 97ms (cache hit)
645 silly packumentCache full:https://registry.npmjs.org/abitype set size:584178 disposed:false
646 silly fetch manifest @scure/bip39@1.6.0
647 silly packumentCache full:https://registry.npmjs.org/@scure%2fbip39 cache-miss
648 http cache https://registry.npmjs.org/@scure%2fbip32 37ms (cache hit)
649 silly packumentCache full:https://registry.npmjs.org/@scure%2fbip32 set size:67841 disposed:false
650 silly fetch manifest @noble/curves@1.9.1
651 silly packumentCache full:https://registry.npmjs.org/@noble%2fcurves cache-miss
652 http fetch GET 200 https://registry.npmjs.org/encode-utf8 176ms (cache miss)
653 silly packumentCache full:https://registry.npmjs.org/encode-utf8 set size:undefined disposed:false
654 silly fetch manifest @noble/hashes@1.8.0
655 silly packumentCache full:https://registry.npmjs.org/@noble%2fhashes cache-hit
656 silly fetch manifest zod@^3.24.2
657 silly packumentCache full:https://registry.npmjs.org/zod cache-miss
658 http fetch GET 200 https://registry.npmjs.org/isows 150ms (cache miss)
659 silly packumentCache full:https://registry.npmjs.org/isows set size:undefined disposed:false
660 silly fetch manifest wagmi@^2.15.6
661 silly packumentCache full:https://registry.npmjs.org/wagmi cache-miss
662 http cache https://registry.npmjs.org/@scure%2fbip39 27ms (cache hit)
663 silly packumentCache full:https://registry.npmjs.org/@scure%2fbip39 set size:65580 disposed:false
664 silly fetch manifest @scure/base@^1.2.6
665 silly packumentCache full:https://registry.npmjs.org/@scure%2fbase cache-miss
666 http fetch GET 200 https://registry.npmjs.org/yargs 233ms (cache miss)
667 silly packumentCache full:https://registry.npmjs.org/yargs set size:undefined disposed:false
668 silly fetch manifest @solana/kit@^2.1.1
669 silly packumentCache full:https://registry.npmjs.org/@solana%2fkit cache-miss
670 http fetch GET 200 https://registry.npmjs.org/ws 242ms (cache miss)
671 silly packumentCache full:https://registry.npmjs.org/ws set size:undefined disposed:false
672 silly fetch manifest @solana-program/token@^0.5.1
673 silly packumentCache full:https://registry.npmjs.org/@solana-program%2ftoken cache-miss
674 http cache https://registry.npmjs.org/@noble%2fcurves 101ms (cache hit)
675 silly packumentCache full:https://registry.npmjs.org/@noble%2fcurves set size:306108 disposed:false
676 silly fetch manifest @solana-program/token-2022@^0.4.2
677 silly packumentCache full:https://registry.npmjs.org/@solana-program%2ftoken-2022 cache-miss
678 http cache https://registry.npmjs.org/zod 114ms (cache hit)
679 silly packumentCache full:https://registry.npmjs.org/zod set size:3489329 disposed:false
680 silly fetch manifest @solana-program/compute-budget@^0.8.0
681 silly packumentCache full:https://registry.npmjs.org/@solana-program%2fcompute-budget cache-miss
682 http fetch GET 200 https://registry.npmjs.org/@scure%2fbase 177ms (cache miss)
683 silly packumentCache full:https://registry.npmjs.org/@scure%2fbase set size:undefined disposed:false
684 silly fetch manifest @solana/transaction-confirmation@^2.1.1
685 silly packumentCache full:https://registry.npmjs.org/@solana%2ftransaction-confirmation cache-miss
686 http fetch GET 200 https://registry.npmjs.org/es-toolkit 1077ms (cache miss)
687 silly packumentCache full:https://registry.npmjs.org/es-toolkit set size:undefined disposed:false
688 http fetch GET 200 https://registry.npmjs.org/@solana-program%2fcompute-budget 264ms (cache miss)
689 silly packumentCache full:https://registry.npmjs.org/@solana-program%2fcompute-budget set size:undefined disposed:false
690 http fetch GET 200 https://registry.npmjs.org/@solana-program%2ftoken-2022 330ms (cache miss)
691 silly packumentCache full:https://registry.npmjs.org/@solana-program%2ftoken-2022 set size:undefined disposed:false
692 http fetch GET 200 https://registry.npmjs.org/@solana-program%2ftoken 354ms (cache miss)
693 silly packumentCache full:https://registry.npmjs.org/@solana-program%2ftoken set size:undefined disposed:false
694 http fetch GET 200 https://registry.npmjs.org/wagmi 553ms (cache miss)
695 silly packumentCache full:https://registry.npmjs.org/wagmi set size:undefined disposed:false
696 http fetch GET 200 https://registry.npmjs.org/@solana%2fkit 686ms (cache miss)
697 silly packumentCache full:https://registry.npmjs.org/@solana%2fkit set size:undefined disposed:false
698 http fetch GET 200 https://registry.npmjs.org/@solana%2ftransaction-confirmation 760ms (cache miss)
699 silly packumentCache full:https://registry.npmjs.org/@solana%2ftransaction-confirmation set size:undefined disposed:false
700 silly fetch manifest typescript@>=5.4.0
701 silly packumentCache full:https://registry.npmjs.org/typescript cache-miss
702 http cache https://registry.npmjs.org/typescript 173ms (cache hit)
703 silly packumentCache full:https://registry.npmjs.org/typescript set size:15212314 disposed:false
704 silly fetch manifest @types/react@>=18.0.0
705 silly packumentCache full:https://registry.npmjs.org/@types%2freact cache-miss
706 http cache https://registry.npmjs.org/@types%2freact 63ms (cache hit)
707 silly packumentCache full:https://registry.npmjs.org/@types%2freact set size:2584421 disposed:false
708 silly fetch manifest immer@>=9.0.6
709 silly packumentCache full:https://registry.npmjs.org/immer cache-miss
710 http fetch GET 200 https://registry.npmjs.org/immer 150ms (cache miss)
711 silly packumentCache full:https://registry.npmjs.org/immer set size:undefined disposed:false
712 silly fetch manifest react@>=18.0.0
713 silly packumentCache full:https://registry.npmjs.org/react cache-miss
714 http cache https://registry.npmjs.org/react 124ms (cache hit)
715 silly packumentCache full:https://registry.npmjs.org/react set size:6466562 disposed:false
716 silly fetch manifest use-sync-external-store@>=1.2.0
717 silly packumentCache full:https://registry.npmjs.org/use-sync-external-store cache-miss
718 http fetch GET 200 https://registry.npmjs.org/use-sync-external-store 211ms (cache miss)
719 silly packumentCache full:https://registry.npmjs.org/use-sync-external-store set size:undefined disposed:false
720 silly placeDep ROOT @coinbase/cdp-sdk@1.44.0 OK for: @base-org/account@2.5.0 want: ^1.0.0
721 silly placeDep ROOT brotli-wasm@3.0.1 OK for: @base-org/account@2.5.0 want: ^3.0.0
722 silly placeDep ROOT clsx@1.2.1 OK for: @base-org/account@2.5.0 want: 1.2.1
723 silly placeDep ROOT eventemitter3@5.0.1 OK for: @base-org/account@2.5.0 want: 5.0.1
724 silly placeDep ROOT idb-keyval@6.2.1 OK for: @base-org/account@2.5.0 want: 6.2.1
725 silly placeDep node_modules/@base-org/account ox@0.6.9 OK for: @base-org/account@2.5.0 want: 0.6.9
726 silly placeDep ROOT preact@10.24.2 OK for: @base-org/account@2.5.0 want: 10.24.2
727 silly placeDep ROOT zustand@5.0.3 OK for: @base-org/account@2.5.0 want: 5.0.3
728 silly fetch manifest @solana/kit@^5.1.0
729 silly packumentCache full:https://registry.npmjs.org/@solana%2fkit cache-miss
730 silly fetch manifest @solana-program/token@^0.9.0
731 silly packumentCache full:https://registry.npmjs.org/@solana-program%2ftoken cache-miss
732 silly fetch manifest @solana-program/system@^0.10.0
733 silly packumentCache full:https://registry.npmjs.org/@solana-program%2fsystem cache-miss
734 silly fetch manifest @solana/web3.js@^1.98.1
735 silly packumentCache full:https://registry.npmjs.org/@solana%2fweb3.js cache-miss
736 silly fetch manifest abitype@1.0.6
737 silly packumentCache full:https://registry.npmjs.org/abitype cache-hit
738 silly fetch manifest axios@^1.12.2
739 silly packumentCache full:https://registry.npmjs.org/axios cache-miss
740 silly fetch manifest axios-retry@^4.5.0
741 silly packumentCache full:https://registry.npmjs.org/axios-retry cache-miss
742 silly fetch manifest jose@^6.0.8
743 silly packumentCache full:https://registry.npmjs.org/jose cache-miss
744 http cache https://registry.npmjs.org/@solana-program%2ftoken 27ms (cache hit)
745 silly packumentCache full:https://registry.npmjs.org/@solana-program%2ftoken set size:57363 disposed:false
746 silly fetch manifest md5@^2.3.0
747 silly packumentCache full:https://registry.npmjs.org/md5 cache-miss
748 http cache https://registry.npmjs.org/@solana%2fkit 44ms (cache hit)
749 silly packumentCache full:https://registry.npmjs.org/@solana%2fkit set size:2905597 disposed:false
750 silly fetch manifest uncrypto@^0.1.3
751 silly packumentCache full:https://registry.npmjs.org/uncrypto cache-miss
752 http fetch GET 200 https://registry.npmjs.org/axios 160ms (cache revalidated)
753 silly packumentCache full:https://registry.npmjs.org/axios set size:751549 disposed:false
754 http fetch GET 200 https://registry.npmjs.org/uncrypto 104ms (cache miss)
755 silly packumentCache full:https://registry.npmjs.org/uncrypto set size:undefined disposed:false
756 http fetch GET 200 https://registry.npmjs.org/md5 174ms (cache miss)
757 silly packumentCache full:https://registry.npmjs.org/md5 set size:undefined disposed:false
758 http fetch GET 200 https://registry.npmjs.org/axios-retry 209ms (cache miss)
759 silly packumentCache full:https://registry.npmjs.org/axios-retry set size:undefined disposed:false
760 http fetch GET 200 https://registry.npmjs.org/@solana-program%2fsystem 241ms (cache miss)
761 silly packumentCache full:https://registry.npmjs.org/@solana-program%2fsystem set size:undefined disposed:false
762 http fetch GET 200 https://registry.npmjs.org/jose 264ms (cache miss)
763 silly packumentCache full:https://registry.npmjs.org/jose set size:undefined disposed:false
764 http fetch GET 200 https://registry.npmjs.org/@solana%2fweb3.js 717ms (cache miss)
765 silly packumentCache full:https://registry.npmjs.org/@solana%2fweb3.js set size:undefined disposed:false
766 silly fetch manifest typescript@^5.0.0
767 silly packumentCache full:https://registry.npmjs.org/typescript cache-miss
768 http cache https://registry.npmjs.org/typescript 148ms (cache hit)
769 silly packumentCache full:https://registry.npmjs.org/typescript set size:15212314 disposed:false
770 silly fetch manifest zod@^3.24.4
771 silly packumentCache full:https://registry.npmjs.org/zod cache-miss
772 http cache https://registry.npmjs.org/zod 24ms (cache hit)
773 silly packumentCache full:https://registry.npmjs.org/zod set size:3489329 disposed:false
774 silly placeDep ROOT @solana-program/system@0.10.0 OK for: @coinbase/cdp-sdk@1.44.0 want: ^0.10.0
775 silly placeDep ROOT @solana/kit@5.5.1 OK for: @solana-program/system@0.10.0 want: ^5.0
776 silly placeDep ROOT @solana-program/token@0.9.0 OK for: @coinbase/cdp-sdk@1.44.0 want: ^0.9.0
777 silly placeDep ROOT @solana/web3.js@1.98.4 OK for: @coinbase/cdp-sdk@1.44.0 want: ^1.98.1
778 silly placeDep node_modules/@coinbase/cdp-sdk abitype@1.0.6 OK for: @coinbase/cdp-sdk@1.44.0 want: 1.0.6
779 silly placeDep ROOT axios@1.13.4 OK for: @coinbase/cdp-sdk@1.44.0 want: ^1.12.2
780 silly placeDep ROOT axios-retry@4.5.0 OK for: @coinbase/cdp-sdk@1.44.0 want: ^4.5.0
781 silly placeDep ROOT jose@6.1.3 OK for: @coinbase/cdp-sdk@1.44.0 want: ^6.0.8
782 silly placeDep ROOT md5@2.3.0 OK for: @coinbase/cdp-sdk@1.44.0 want: ^2.3.0
783 silly placeDep ROOT uncrypto@0.1.3 OK for: @coinbase/cdp-sdk@1.44.0 want: ^0.1.3
784 silly fetch manifest @solana/rpc@5.5.1
785 silly packumentCache full:https://registry.npmjs.org/@solana%2frpc cache-miss
786 silly fetch manifest @solana/keys@5.5.1
787 silly packumentCache full:https://registry.npmjs.org/@solana%2fkeys cache-miss
788 silly fetch manifest @solana/codecs@5.5.1
789 silly packumentCache full:https://registry.npmjs.org/@solana%2fcodecs cache-miss
790 silly fetch manifest @solana/errors@5.5.1
791 silly packumentCache full:https://registry.npmjs.org/@solana%2ferrors cache-miss
792 silly fetch manifest @solana/rpc-api@5.5.1
793 silly packumentCache full:https://registry.npmjs.org/@solana%2frpc-api cache-miss
794 silly fetch manifest @solana/signers@5.5.1
795 silly packumentCache full:https://registry.npmjs.org/@solana%2fsigners cache-miss
796 silly fetch manifest @solana/sysvars@5.5.1
797 silly packumentCache full:https://registry.npmjs.org/@solana%2fsysvars cache-miss
798 http fetch GET 200 https://registry.npmjs.org/@solana%2fcodecs 583ms (cache miss)
799 silly packumentCache full:https://registry.npmjs.org/@solana%2fcodecs set size:undefined disposed:false
800 silly fetch manifest @solana/accounts@5.5.1
801 silly packumentCache full:https://registry.npmjs.org/@solana%2faccounts cache-miss
802 http fetch GET 200 https://registry.npmjs.org/@solana%2ferrors 678ms (cache miss)
803 silly packumentCache full:https://registry.npmjs.org/@solana%2ferrors set size:undefined disposed:false
804 silly fetch manifest @solana/programs@5.5.1
805 silly packumentCache full:https://registry.npmjs.org/@solana%2fprograms cache-miss
806 http fetch GET 200 https://registry.npmjs.org/@solana%2fsysvars 819ms (cache miss)
807 silly packumentCache full:https://registry.npmjs.org/@solana%2fsysvars set size:undefined disposed:false
808 silly fetch manifest @solana/addresses@5.5.1
809 silly packumentCache full:https://registry.npmjs.org/@solana%2faddresses cache-miss
810 http fetch GET 200 https://registry.npmjs.org/@solana%2frpc 875ms (cache miss)
811 silly packumentCache full:https://registry.npmjs.org/@solana%2frpc set size:undefined disposed:false
812 silly fetch manifest @solana/rpc-types@5.5.1
813 silly packumentCache full:https://registry.npmjs.org/@solana%2frpc-types cache-miss
814 http fetch GET 200 https://registry.npmjs.org/@solana%2frpc-api 985ms (cache miss)
815 silly packumentCache full:https://registry.npmjs.org/@solana%2frpc-api set size:undefined disposed:false
816 silly fetch manifest @solana/functional@5.5.1
817 silly packumentCache full:https://registry.npmjs.org/@solana%2ffunctional cache-miss
818 http fetch GET 200 https://registry.npmjs.org/@solana%2fsigners 1056ms (cache miss)
819 silly packumentCache full:https://registry.npmjs.org/@solana%2fsigners set size:undefined disposed:false
820 silly fetch manifest @solana/plugin-core@5.5.1
821 silly packumentCache full:https://registry.npmjs.org/@solana%2fplugin-core cache-miss
822 http fetch GET 200 https://registry.npmjs.org/@solana%2fkeys 1244ms (cache miss)
823 silly packumentCache full:https://registry.npmjs.org/@solana%2fkeys set size:undefined disposed:false
824 silly fetch manifest @solana/instructions@5.5.1
825 silly packumentCache full:https://registry.npmjs.org/@solana%2finstructions cache-miss
826 http fetch GET 200 https://registry.npmjs.org/@solana%2fplugin-core 408ms (cache miss)
827 silly packumentCache full:https://registry.npmjs.org/@solana%2fplugin-core set size:undefined disposed:false
828 silly fetch manifest @solana/transactions@5.5.1
829 silly packumentCache full:https://registry.npmjs.org/@solana%2ftransactions cache-miss
830 http fetch GET 200 https://registry.npmjs.org/@solana%2fprograms 968ms (cache miss)
831 silly packumentCache full:https://registry.npmjs.org/@solana%2fprograms set size:undefined disposed:false
832 silly fetch manifest @solana/rpc-spec-types@5.5.1
833 silly packumentCache full:https://registry.npmjs.org/@solana%2frpc-spec-types cache-miss
834 http fetch GET 200 https://registry.npmjs.org/@solana%2faccounts 1184ms (cache miss)
835 silly packumentCache full:https://registry.npmjs.org/@solana%2faccounts set size:undefined disposed:false
836 silly fetch manifest @solana/rpc-parsed-types@5.5.1
837 silly packumentCache full:https://registry.npmjs.org/@solana%2frpc-parsed-types cache-miss
838 http fetch GET 200 https://registry.npmjs.org/@solana%2frpc-types 1112ms (cache miss)
839 silly packumentCache full:https://registry.npmjs.org/@solana%2frpc-types set size:undefined disposed:false
840 silly fetch manifest @solana/instruction-plans@5.5.1
841 silly packumentCache full:https://registry.npmjs.org/@solana%2finstruction-plans cache-miss
842 http fetch GET 200 https://registry.npmjs.org/@solana%2ffunctional 1208ms (cache miss)
843 silly packumentCache full:https://registry.npmjs.org/@solana%2ffunctional set size:undefined disposed:false
844 silly fetch manifest @solana/offchain-messages@5.5.1
845 silly packumentCache full:https://registry.npmjs.org/@solana%2foffchain-messages cache-miss
846 http fetch GET 200 https://registry.npmjs.org/@solana%2faddresses 1556ms (cache miss)
847 silly packumentCache full:https://registry.npmjs.org/@solana%2faddresses set size:undefined disposed:false
848 silly fetch manifest @solana/rpc-subscriptions@5.5.1
849 silly packumentCache full:https://registry.npmjs.org/@solana%2frpc-subscriptions cache-miss
850 http fetch GET 200 https://registry.npmjs.org/@solana%2foffchain-messages 300ms (cache miss)
851 silly packumentCache full:https://registry.npmjs.org/@solana%2foffchain-messages set size:undefined disposed:false
852 silly fetch manifest @solana/transaction-messages@5.5.1
853 silly packumentCache full:https://registry.npmjs.org/@solana%2ftransaction-messages cache-miss
854 http fetch GET 200 https://registry.npmjs.org/@solana%2finstruction-plans 506ms (cache miss)
855 silly packumentCache full:https://registry.npmjs.org/@solana%2finstruction-plans set size:undefined disposed:false
856 silly fetch manifest @solana/transaction-confirmation@5.5.1
857 silly packumentCache full:https://registry.npmjs.org/@solana%2ftransaction-confirmation cache-miss
858 http cache https://registry.npmjs.org/@solana%2ftransaction-confirmation 54ms (cache hit)
859 silly packumentCache full:https://registry.npmjs.org/@solana%2ftransaction-confirmation set size:7620452 disposed:false
860 silly fetch manifest bs58@^4.0.1
861 silly packumentCache full:https://registry.npmjs.org/bs58 cache-miss
862 http fetch GET 200 https://registry.npmjs.org/bs58 78ms (cache miss)
863 silly packumentCache full:https://registry.npmjs.org/bs58 set size:undefined disposed:false
864 silly fetch manifest bn.js@^5.2.1
865 silly packumentCache full:https://registry.npmjs.org/bn.js cache-miss
866 http fetch GET 200 https://registry.npmjs.org/bn.js 81ms (cache miss)
867 silly packumentCache full:https://registry.npmjs.org/bn.js set size:undefined disposed:false
868 silly fetch manifest borsh@^0.7.0
869 silly packumentCache full:https://registry.npmjs.org/borsh cache-miss
870 http fetch GET 200 https://registry.npmjs.org/@solana%2frpc-spec-types 1284ms (cache miss)
871 silly packumentCache full:https://registry.npmjs.org/@solana%2frpc-spec-types set size:undefined disposed:false
872 silly fetch manifest buffer@6.0.3
873 silly packumentCache full:https://registry.npmjs.org/buffer cache-miss
874 http fetch GET 200 https://registry.npmjs.org/borsh 215ms (cache miss)
875 silly packumentCache full:https://registry.npmjs.org/borsh set size:undefined disposed:false
876 silly fetch manifest jayson@^4.1.1
877 silly packumentCache full:https://registry.npmjs.org/jayson cache-miss
878 http fetch GET 200 https://registry.npmjs.org/@solana%2finstructions 1792ms (cache miss)
879 silly packumentCache full:https://registry.npmjs.org/@solana%2finstructions set size:undefined disposed:false
880 silly fetch manifest node-fetch@^2.7.0
881 silly packumentCache full:https://registry.npmjs.org/node-fetch cache-miss
882 http fetch GET 200 https://registry.npmjs.org/buffer 203ms (cache revalidated)
883 silly packumentCache full:https://registry.npmjs.org/buffer set size:280480 disposed:false
884 silly fetch manifest superstruct@^2.0.2
885 silly packumentCache full:https://registry.npmjs.org/superstruct cache-miss
886 http fetch GET 200 https://registry.npmjs.org/@solana%2ftransactions 1876ms (cache miss)
887 silly packumentCache full:https://registry.npmjs.org/@solana%2ftransactions set size:undefined disposed:false
888 silly fetch manifest @babel/runtime@^7.25.0
889 silly packumentCache full:https://registry.npmjs.org/@babel%2fruntime cache-miss
890 http fetch GET 200 https://registry.npmjs.org/@solana%2frpc-parsed-types 1624ms (cache miss)
891 silly packumentCache full:https://registry.npmjs.org/@solana%2frpc-parsed-types set size:undefined disposed:false
892 silly fetch manifest agentkeepalive@^4.5.0
893 silly packumentCache full:https://registry.npmjs.org/agentkeepalive cache-miss
894 http fetch GET 200 https://registry.npmjs.org/jayson 361ms (cache miss)
895 silly packumentCache full:https://registry.npmjs.org/jayson set size:undefined disposed:false
896 silly fetch manifest rpc-websockets@^9.0.2
897 silly packumentCache full:https://registry.npmjs.org/rpc-websockets cache-miss
898 http cache https://registry.npmjs.org/@babel%2fruntime 122ms (cache hit)
899 silly packumentCache full:https://registry.npmjs.org/@babel%2fruntime set size:3305729 disposed:false
900 silly fetch manifest @solana/buffer-layout@^4.0.1
901 silly packumentCache full:https://registry.npmjs.org/@solana%2fbuffer-layout cache-miss
902 http fetch GET 200 https://registry.npmjs.org/superstruct 323ms (cache miss)
903 silly packumentCache full:https://registry.npmjs.org/superstruct set size:undefined disposed:false
904 silly fetch manifest fast-stable-stringify@^1.0.0
905 silly packumentCache full:https://registry.npmjs.org/fast-stable-stringify cache-miss
906 http fetch GET 200 https://registry.npmjs.org/agentkeepalive 120ms (cache miss)
907 silly packumentCache full:https://registry.npmjs.org/agentkeepalive set size:undefined disposed:false
908 silly fetch manifest @solana/codecs-numbers@^2.1.0
909 silly packumentCache full:https://registry.npmjs.org/@solana%2fcodecs-numbers cache-miss
910 http fetch GET 200 https://registry.npmjs.org/node-fetch 370ms (cache miss)
911 silly packumentCache full:https://registry.npmjs.org/node-fetch set size:undefined disposed:false
912 silly fetch manifest follow-redirects@^1.15.6
913 silly packumentCache full:https://registry.npmjs.org/follow-redirects cache-miss
914 http fetch GET 200 https://registry.npmjs.org/rpc-websockets 167ms (cache miss)
915 silly packumentCache full:https://registry.npmjs.org/rpc-websockets set size:undefined disposed:false
916 silly fetch manifest form-data@^4.0.4
917 silly packumentCache full:https://registry.npmjs.org/form-data cache-miss
918 http fetch GET 200 https://registry.npmjs.org/follow-redirects 67ms (cache revalidated)
919 silly packumentCache full:https://registry.npmjs.org/follow-redirects set size:186700 disposed:false
920 silly fetch manifest proxy-from-env@^1.1.0
921 silly packumentCache full:https://registry.npmjs.org/proxy-from-env cache-miss
922 http fetch GET 200 https://registry.npmjs.org/fast-stable-stringify 117ms (cache miss)
923 silly packumentCache full:https://registry.npmjs.org/fast-stable-stringify set size:undefined disposed:false
924 silly fetch manifest is-retry-allowed@^2.2.0
925 silly packumentCache full:https://registry.npmjs.org/is-retry-allowed cache-miss
926 http fetch GET 200 https://registry.npmjs.org/form-data 71ms (cache revalidated)
927 silly packumentCache full:https://registry.npmjs.org/form-data set size:153646 disposed:false
928 silly fetch manifest crypt@0.0.2
929 silly packumentCache full:https://registry.npmjs.org/crypt cache-miss
930 http fetch GET 200 https://registry.npmjs.org/proxy-from-env 106ms (cache revalidated)
931 silly packumentCache full:https://registry.npmjs.org/proxy-from-env set size:15831 disposed:false
932 silly fetch manifest charenc@0.0.2
933 silly packumentCache full:https://registry.npmjs.org/charenc cache-miss
934 http fetch GET 200 https://registry.npmjs.org/is-retry-allowed 114ms (cache miss)
935 silly packumentCache full:https://registry.npmjs.org/is-retry-allowed set size:undefined disposed:false
936 silly fetch manifest is-buffer@~1.1.6
937 silly packumentCache full:https://registry.npmjs.org/is-buffer cache-miss
938 http fetch GET 200 https://registry.npmjs.org/@solana%2fbuffer-layout 280ms (cache miss)
939 silly packumentCache full:https://registry.npmjs.org/@solana%2fbuffer-layout set size:undefined disposed:false
940 http fetch GET 200 https://registry.npmjs.org/crypt 97ms (cache miss)
941 silly packumentCache full:https://registry.npmjs.org/crypt set size:undefined disposed:false
942 http fetch GET 200 https://registry.npmjs.org/charenc 52ms (cache miss)
943 silly packumentCache full:https://registry.npmjs.org/charenc set size:undefined disposed:false
944 http fetch GET 200 https://registry.npmjs.org/is-buffer 42ms (cache miss)
945 silly packumentCache full:https://registry.npmjs.org/is-buffer set size:undefined disposed:false
946 http fetch GET 200 https://registry.npmjs.org/@solana%2frpc-subscriptions 1437ms (cache miss)
947 silly packumentCache full:https://registry.npmjs.org/@solana%2frpc-subscriptions set size:undefined disposed:false
948 http fetch GET 200 https://registry.npmjs.org/@solana%2ftransaction-messages 1436ms (cache miss)
949 silly packumentCache full:https://registry.npmjs.org/@solana%2ftransaction-messages set size:undefined disposed:false
950 http fetch GET 200 https://registry.npmjs.org/@solana%2fcodecs-numbers 582ms (cache miss)
951 silly packumentCache full:https://registry.npmjs.org/@solana%2fcodecs-numbers set size:undefined disposed:false
952 silly fetch manifest react@>=16.8.0
953 silly packumentCache full:https://registry.npmjs.org/react cache-miss
954 http cache https://registry.npmjs.org/react 52ms (cache hit)
955 silly packumentCache full:https://registry.npmjs.org/react set size:6466562 disposed:false
956 silly placeDep ROOT @babel/runtime@7.28.6 OK for: @emotion/react@11.14.0 want: ^7.18.3
957 silly placeDep ROOT @emotion/babel-plugin@11.13.5 OK for: @emotion/react@11.14.0 want: ^11.13.5
958 silly placeDep ROOT @emotion/cache@11.14.0 OK for: @emotion/react@11.14.0 want: ^11.14.0
959 silly placeDep ROOT @emotion/serialize@1.3.3 OK for: @emotion/react@11.14.0 want: ^1.3.3
960 silly placeDep ROOT @emotion/use-insertion-effect-with-fallbacks@1.2.0 OK for: @emotion/react@11.14.0 want: ^1.2.0
961 silly placeDep ROOT @emotion/utils@1.4.2 OK for: @emotion/react@11.14.0 want: ^1.4.2
962 silly placeDep ROOT @emotion/weak-memoize@0.4.0 OK for: @emotion/react@11.14.0 want: ^0.4.0
963 silly placeDep ROOT hoist-non-react-statics@3.3.2 OK for: @emotion/react@11.14.0 want: ^3.3.1
964 silly fetch manifest @babel/helper-module-imports@^7.16.7
965 silly packumentCache full:https://registry.npmjs.org/@babel%2fhelper-module-imports cache-miss
966 silly fetch manifest @emotion/hash@^0.9.2
967 silly packumentCache full:https://registry.npmjs.org/@emotion%2fhash cache-miss
968 silly fetch manifest @emotion/memoize@^0.9.0
969 silly packumentCache full:https://registry.npmjs.org/@emotion%2fmemoize cache-miss
970 silly fetch manifest babel-plugin-macros@^3.1.0
971 silly packumentCache full:https://registry.npmjs.org/babel-plugin-macros cache-miss
972 silly fetch manifest convert-source-map@^1.5.0
973 silly packumentCache full:https://registry.npmjs.org/convert-source-map cache-miss
974 silly fetch manifest escape-string-regexp@^4.0.0
975 silly packumentCache full:https://registry.npmjs.org/escape-string-regexp cache-miss
976 silly fetch manifest find-root@^1.1.0
977 silly packumentCache full:https://registry.npmjs.org/find-root cache-miss
978 http fetch GET 200 https://registry.npmjs.org/escape-string-regexp 162ms (cache miss)
979 silly packumentCache full:https://registry.npmjs.org/escape-string-regexp set size:undefined disposed:false
980 silly fetch manifest source-map@^0.5.7
981 silly packumentCache full:https://registry.npmjs.org/source-map cache-miss
982 http fetch GET 200 https://registry.npmjs.org/find-root 171ms (cache miss)
983 silly packumentCache full:https://registry.npmjs.org/find-root set size:undefined disposed:false
984 silly fetch manifest stylis@4.2.0
985 silly packumentCache full:https://registry.npmjs.org/stylis cache-miss
986 http fetch GET 200 https://registry.npmjs.org/convert-source-map 177ms (cache miss)
987 silly packumentCache full:https://registry.npmjs.org/convert-source-map set size:undefined disposed:false
988 silly fetch manifest @emotion/memoize@^0.9.0
989 silly packumentCache full:https://registry.npmjs.org/@emotion%2fmemoize cache-miss
990 http fetch GET 200 https://registry.npmjs.org/@emotion%2fhash 190ms (cache miss)
991 silly packumentCache full:https://registry.npmjs.org/@emotion%2fhash set size:undefined disposed:false
992 silly fetch manifest @emotion/sheet@^1.4.0
993 silly packumentCache full:https://registry.npmjs.org/@emotion%2fsheet cache-miss
994 http fetch GET 200 https://registry.npmjs.org/@emotion%2fmemoize 196ms (cache miss)
995 silly packumentCache full:https://registry.npmjs.org/@emotion%2fmemoize set size:undefined disposed:false
996 silly fetch manifest stylis@4.2.0
997 silly packumentCache full:https://registry.npmjs.org/stylis cache-miss
998 http fetch GET 200 https://registry.npmjs.org/babel-plugin-macros 210ms (cache miss)
999 silly packumentCache full:https://registry.npmjs.org/babel-plugin-macros set size:undefined disposed:false
1000 silly fetch manifest @emotion/unitless@^0.10.0
1001 silly packumentCache full:https://registry.npmjs.org/@emotion%2funitless cache-miss
1002 http fetch GET 200 https://registry.npmjs.org/@babel%2fhelper-module-imports 241ms (cache miss)
1003 silly packumentCache full:https://registry.npmjs.org/@babel%2fhelper-module-imports set size:undefined disposed:false
1004 silly fetch manifest csstype@^3.0.2
1005 silly packumentCache full:https://registry.npmjs.org/csstype cache-miss
1006 http cache https://registry.npmjs.org/@emotion%2fmemoize 71ms (cache hit)
1007 silly packumentCache full:https://registry.npmjs.org/@emotion%2fmemoize set size:42731 disposed:false
1008 silly fetch manifest react-is@^16.7.0
1009 silly packumentCache full:https://registry.npmjs.org/react-is cache-miss
1010 http fetch GET 200 https://registry.npmjs.org/source-map 115ms (cache miss)
1011 silly packumentCache full:https://registry.npmjs.org/source-map set size:undefined disposed:false
1012 http fetch GET 200 https://registry.npmjs.org/@emotion%2fsheet 103ms (cache miss)
1013 silly packumentCache full:https://registry.npmjs.org/@emotion%2fsheet set size:undefined disposed:false
1014 http fetch GET 200 https://registry.npmjs.org/@emotion%2funitless 82ms (cache miss)
1015 silly packumentCache full:https://registry.npmjs.org/@emotion%2funitless set size:undefined disposed:false
1016 http fetch GET 200 https://registry.npmjs.org/stylis 106ms (cache miss)
1017 silly packumentCache full:https://registry.npmjs.org/stylis set size:undefined disposed:false
1018 http fetch GET 200 https://registry.npmjs.org/stylis 150ms (cache miss)
1019 silly packumentCache full:https://registry.npmjs.org/stylis set size:undefined disposed:false
1020 http fetch GET 200 https://registry.npmjs.org/csstype 100ms (cache miss)
1021 silly packumentCache full:https://registry.npmjs.org/csstype set size:undefined disposed:false
1022 http fetch GET 200 https://registry.npmjs.org/react-is 185ms (cache miss)
1023 silly packumentCache full:https://registry.npmjs.org/react-is set size:undefined disposed:false
1024 silly placeDep ROOT @babel/helper-module-imports@7.28.6 OK for: @emotion/babel-plugin@11.13.5 want: ^7.16.7
1025 silly placeDep ROOT @emotion/hash@0.9.2 OK for: @emotion/babel-plugin@11.13.5 want: ^0.9.2
1026 silly placeDep ROOT @emotion/memoize@0.9.0 OK for: @emotion/babel-plugin@11.13.5 want: ^0.9.0
1027 silly placeDep ROOT babel-plugin-macros@3.1.0 OK for: @emotion/babel-plugin@11.13.5 want: ^3.1.0
1028 silly placeDep ROOT convert-source-map@1.9.0 OK for: @emotion/babel-plugin@11.13.5 want: ^1.5.0
1029 silly placeDep ROOT escape-string-regexp@4.0.0 OK for: @emotion/babel-plugin@11.13.5 want: ^4.0.0
1030 silly placeDep ROOT find-root@1.1.0 OK for: @emotion/babel-plugin@11.13.5 want: ^1.1.0
1031 silly placeDep ROOT source-map@0.5.7 OK for: @emotion/babel-plugin@11.13.5 want: ^0.5.7
1032 silly placeDep ROOT stylis@4.2.0 OK for: @emotion/babel-plugin@11.13.5 want: 4.2.0
1033 silly fetch manifest @babel/types@^7.28.6
1034 silly packumentCache full:https://registry.npmjs.org/@babel%2ftypes cache-miss
1035 silly fetch manifest @babel/traverse@^7.28.6
1036 silly packumentCache full:https://registry.npmjs.org/@babel%2ftraverse cache-miss
1037 silly fetch manifest cosmiconfig@^7.0.0
1038 silly packumentCache full:https://registry.npmjs.org/cosmiconfig cache-miss
1039 silly fetch manifest resolve@^1.19.0
1040 silly packumentCache full:https://registry.npmjs.org/resolve cache-miss
1041 http fetch GET 200 https://registry.npmjs.org/cosmiconfig 91ms (cache miss)
1042 silly packumentCache full:https://registry.npmjs.org/cosmiconfig set size:undefined disposed:false
1043 http fetch GET 200 https://registry.npmjs.org/resolve 100ms (cache miss)
1044 silly packumentCache full:https://registry.npmjs.org/resolve set size:undefined disposed:false
1045 http fetch GET 200 https://registry.npmjs.org/@babel%2ftypes 116ms (cache miss)
1046 silly packumentCache full:https://registry.npmjs.org/@babel%2ftypes set size:undefined disposed:false
1047 http fetch GET 200 https://registry.npmjs.org/@babel%2ftraverse 129ms (cache miss)
1048 silly packumentCache full:https://registry.npmjs.org/@babel%2ftraverse set size:undefined disposed:false
1049 silly placeDep ROOT @babel/traverse@7.29.0 OK for: @babel/helper-module-imports@7.28.6 want: ^7.28.6
1050 silly placeDep ROOT @babel/types@7.29.0 OK for: @babel/helper-module-imports@7.28.6 want: ^7.28.6
1051 silly fetch manifest debug@^4.3.1
1052 silly packumentCache full:https://registry.npmjs.org/debug cache-miss
1053 silly fetch manifest @babel/types@^7.29.0
1054 silly packumentCache full:https://registry.npmjs.org/@babel%2ftypes cache-miss
1055 silly fetch manifest @babel/parser@^7.29.0
1056 silly packumentCache full:https://registry.npmjs.org/@babel%2fparser cache-miss
1057 silly fetch manifest @babel/template@^7.28.6
1058 silly packumentCache full:https://registry.npmjs.org/@babel%2ftemplate cache-miss
1059 silly fetch manifest @babel/generator@^7.29.0
1060 silly packumentCache full:https://registry.npmjs.org/@babel%2fgenerator cache-miss
1061 silly fetch manifest @babel/code-frame@^7.29.0
1062 silly packumentCache full:https://registry.npmjs.org/@babel%2fcode-frame cache-miss
1063 silly fetch manifest @babel/helper-globals@^7.28.0
1064 silly packumentCache full:https://registry.npmjs.org/@babel%2fhelper-globals cache-miss
1065 http cache https://registry.npmjs.org/@babel%2ftypes 19ms (cache hit)
1066 silly packumentCache full:https://registry.npmjs.org/@babel%2ftypes set size:483793 disposed:false
1067 silly fetch manifest @babel/helper-string-parser@^7.27.1
1068 silly packumentCache full:https://registry.npmjs.org/@babel%2fhelper-string-parser cache-miss
1069 http fetch GET 200 https://registry.npmjs.org/debug 55ms (cache revalidated)
1070 silly packumentCache full:https://registry.npmjs.org/debug set size:195840 disposed:false
1071 silly fetch manifest @babel/helper-validator-identifier@^7.28.5
1072 silly packumentCache full:https://registry.npmjs.org/@babel%2fhelper-validator-identifier cache-miss
1073 http fetch GET 200 https://registry.npmjs.org/@babel%2fhelper-globals 91ms (cache miss)
1074 silly packumentCache full:https://registry.npmjs.org/@babel%2fhelper-globals set size:undefined disposed:false
1075 http fetch GET 200 https://registry.npmjs.org/@babel%2fcode-frame 102ms (cache miss)
1076 silly packumentCache full:https://registry.npmjs.org/@babel%2fcode-frame set size:undefined disposed:false
1077 http fetch GET 200 https://registry.npmjs.org/@babel%2ftemplate 109ms (cache miss)
1078 silly packumentCache full:https://registry.npmjs.org/@babel%2ftemplate set size:undefined disposed:false
1079 http fetch GET 200 https://registry.npmjs.org/@babel%2fhelper-string-parser 88ms (cache miss)
1080 silly packumentCache full:https://registry.npmjs.org/@babel%2fhelper-string-parser set size:undefined disposed:false
1081 http fetch GET 200 https://registry.npmjs.org/@babel%2fgenerator 119ms (cache miss)
1082 silly packumentCache full:https://registry.npmjs.org/@babel%2fgenerator set size:undefined disposed:false
1083 http fetch GET 200 https://registry.npmjs.org/@babel%2fparser 135ms (cache miss)
1084 silly packumentCache full:https://registry.npmjs.org/@babel%2fparser set size:undefined disposed:false
1085 http fetch GET 200 https://registry.npmjs.org/@babel%2fhelper-validator-identifier 247ms (cache miss)
1086 silly packumentCache full:https://registry.npmjs.org/@babel%2fhelper-validator-identifier set size:undefined disposed:false
1087 silly placeDep ROOT @babel/code-frame@7.29.0 OK for: @babel/traverse@7.29.0 want: ^7.29.0
1088 silly placeDep ROOT @babel/generator@7.29.1 OK for: @babel/traverse@7.29.0 want: ^7.29.0
1089 silly placeDep ROOT @babel/helper-globals@7.28.0 OK for: @babel/traverse@7.29.0 want: ^7.28.0
1090 silly placeDep ROOT @babel/parser@7.29.0 OK for: @babel/traverse@7.29.0 want: ^7.29.0
1091 silly placeDep ROOT @babel/template@7.28.6 OK for: @babel/traverse@7.29.0 want: ^7.28.6
1092 silly placeDep ROOT debug@4.4.3 OK for: @babel/traverse@7.29.0 want: ^4.3.1
1093 silly fetch manifest js-tokens@^4.0.0
1094 silly packumentCache full:https://registry.npmjs.org/js-tokens cache-miss
1095 silly fetch manifest picocolors@^1.1.1
1096 silly packumentCache full:https://registry.npmjs.org/picocolors cache-miss
1097 silly fetch manifest @jridgewell/gen-mapping@^0.3.12
1098 silly packumentCache full:https://registry.npmjs.org/@jridgewell%2fgen-mapping cache-miss
1099 silly fetch manifest @jridgewell/trace-mapping@^0.3.28
1100 silly packumentCache full:https://registry.npmjs.org/@jridgewell%2ftrace-mapping cache-miss
1101 silly fetch manifest jsesc@^3.0.2
1102 silly packumentCache full:https://registry.npmjs.org/jsesc cache-miss
1103 silly fetch manifest ms@^2.1.3
1104 silly packumentCache full:https://registry.npmjs.org/ms cache-miss
1105 http fetch GET 200 https://registry.npmjs.org/picocolors 78ms (cache miss)
1106 silly packumentCache full:https://registry.npmjs.org/picocolors set size:undefined disposed:false
1107 http fetch GET 200 https://registry.npmjs.org/ms 76ms (cache revalidated)
1108 silly packumentCache full:https://registry.npmjs.org/ms set size:92208 disposed:false
1109 http fetch GET 200 https://registry.npmjs.org/jsesc 85ms (cache miss)
1110 silly packumentCache full:https://registry.npmjs.org/jsesc set size:undefined disposed:false
1111 http fetch GET 200 https://registry.npmjs.org/js-tokens 95ms (cache miss)
1112 silly packumentCache full:https://registry.npmjs.org/js-tokens set size:undefined disposed:false
1113 http fetch GET 200 https://registry.npmjs.org/@jridgewell%2fgen-mapping 100ms (cache miss)
1114 silly packumentCache full:https://registry.npmjs.org/@jridgewell%2fgen-mapping set size:undefined disposed:false
1115 http fetch GET 200 https://registry.npmjs.org/@jridgewell%2ftrace-mapping 108ms (cache miss)
1116 silly packumentCache full:https://registry.npmjs.org/@jridgewell%2ftrace-mapping set size:undefined disposed:false
1117 silly placeDep ROOT @babel/helper-validator-identifier@7.28.5 OK for: @babel/code-frame@7.29.0 want: ^7.28.5
1118 silly placeDep ROOT js-tokens@4.0.0 OK for: @babel/code-frame@7.29.0 want: ^4.0.0
1119 silly placeDep ROOT picocolors@1.1.1 OK for: @babel/code-frame@7.29.0 want: ^1.1.1
1120 silly placeDep ROOT @jridgewell/gen-mapping@0.3.13 OK for: @babel/generator@7.29.1 want: ^0.3.12
1121 silly placeDep ROOT @jridgewell/trace-mapping@0.3.31 OK for: @babel/generator@7.29.1 want: ^0.3.28
1122 silly placeDep ROOT jsesc@3.1.0 OK for: @babel/generator@7.29.1 want: ^3.0.2
1123 silly fetch manifest @jridgewell/sourcemap-codec@^1.5.0
1124 silly packumentCache full:https://registry.npmjs.org/@jridgewell%2fsourcemap-codec cache-miss
1125 silly fetch manifest @jridgewell/trace-mapping@^0.3.24
1126 silly packumentCache full:https://registry.npmjs.org/@jridgewell%2ftrace-mapping cache-miss
1127 silly fetch manifest @jridgewell/resolve-uri@^3.1.0
1128 silly packumentCache full:https://registry.npmjs.org/@jridgewell%2fresolve-uri cache-miss
1129 silly fetch manifest @jridgewell/sourcemap-codec@^1.4.14
1130 silly packumentCache full:https://registry.npmjs.org/@jridgewell%2fsourcemap-codec cache-miss
1131 http cache https://registry.npmjs.org/@jridgewell%2ftrace-mapping 37ms (cache hit)
1132 silly packumentCache full:https://registry.npmjs.org/@jridgewell%2ftrace-mapping set size:170909 disposed:false
1133 http fetch GET 200 https://registry.npmjs.org/@jridgewell%2fsourcemap-codec 76ms (cache miss)
1134 silly packumentCache full:https://registry.npmjs.org/@jridgewell%2fsourcemap-codec set size:undefined disposed:false
1135 http fetch GET 200 https://registry.npmjs.org/@jridgewell%2fresolve-uri 79ms (cache miss)
1136 silly packumentCache full:https://registry.npmjs.org/@jridgewell%2fresolve-uri set size:undefined disposed:false
1137 http fetch GET 200 https://registry.npmjs.org/@jridgewell%2fsourcemap-codec 88ms (cache miss)
1138 silly packumentCache full:https://registry.npmjs.org/@jridgewell%2fsourcemap-codec set size:undefined disposed:false
1139 silly placeDep ROOT @babel/helper-string-parser@7.27.1 OK for: @babel/types@7.29.0 want: ^7.27.1
1140 silly placeDep ROOT @emotion/sheet@1.4.0 OK for: @emotion/cache@11.14.0 want: ^1.4.0
1141 silly placeDep ROOT @emotion/unitless@0.10.0 OK for: @emotion/serialize@1.3.3 want: ^0.10.0
1142 silly placeDep ROOT csstype@3.2.3 OK for: @emotion/serialize@1.3.3 want: ^3.0.2
1143 silly placeDep ROOT @emotion/is-prop-valid@1.4.0 OK for: @emotion/styled@11.14.1 want: ^1.3.0
1144 silly placeDep ROOT @jridgewell/sourcemap-codec@1.5.5 OK for: @jridgewell/gen-mapping@0.3.13 want: ^1.5.0
1145 silly placeDep ROOT @jridgewell/resolve-uri@3.1.2 OK for: @jridgewell/trace-mapping@0.3.31 want: ^3.1.0
1146 silly fetch manifest react@^16.8 || ^17.0 || ^18.0 || ^19.0 || ^19.0.0-rc
1147 silly packumentCache full:https://registry.npmjs.org/react cache-miss
1148 http cache https://registry.npmjs.org/react 60ms (cache hit)
1149 silly packumentCache full:https://registry.npmjs.org/react set size:6466562 disposed:false
1150 silly placeDep ROOT @radix-ui/primitive@1.1.2 OK for: @radix-ui/react-dialog@1.1.14 want: 1.1.2
1151 silly placeDep ROOT @radix-ui/react-compose-refs@1.1.2 OK for: @radix-ui/react-dialog@1.1.14 want: 1.1.2
1152 silly placeDep ROOT @radix-ui/react-context@1.1.2 OK for: @radix-ui/react-dialog@1.1.14 want: 1.1.2
1153 silly placeDep ROOT @radix-ui/react-dismissable-layer@1.1.10 OK for: @radix-ui/react-dialog@1.1.14 want: 1.1.10
1154 silly placeDep ROOT @radix-ui/react-focus-guards@1.1.2 OK for: @radix-ui/react-dialog@1.1.14 want: 1.1.2
1155 silly placeDep ROOT @radix-ui/react-id@1.1.1 OK for: @radix-ui/react-dialog@1.1.14 want: 1.1.1
1156 silly placeDep ROOT @radix-ui/react-portal@1.1.9 OK for: @radix-ui/react-dialog@1.1.14 want: 1.1.9
1157 silly placeDep ROOT @radix-ui/react-presence@1.1.4 OK for: @radix-ui/react-dialog@1.1.14 want: 1.1.4
1158 silly placeDep ROOT @radix-ui/react-primitive@2.1.3 OK for: @radix-ui/react-dialog@1.1.14 want: 2.1.3
1159 silly placeDep ROOT @radix-ui/react-slot@1.2.3 OK for: @radix-ui/react-dialog@1.1.14 want: 1.2.3
1160 silly placeDep ROOT @radix-ui/react-use-controllable-state@1.2.2 OK for: @radix-ui/react-dialog@1.1.14 want: 1.2.2
1161 silly placeDep ROOT aria-hidden@1.2.6 OK for: @radix-ui/react-dialog@1.1.14 want: ^1.2.4
1162 silly placeDep ROOT react-remove-scroll@2.7.2 OK for: @radix-ui/react-dialog@1.1.14 want: ^2.6.3
1163 silly fetch manifest @radix-ui/react-use-escape-keydown@1.1.1
1164 silly packumentCache full:https://registry.npmjs.org/@radix-ui%2freact-use-escape-keydown cache-miss
1165 silly fetch manifest @radix-ui/react-use-layout-effect@1.1.1
1166 silly packumentCache full:https://registry.npmjs.org/@radix-ui%2freact-use-layout-effect cache-miss
1167 silly fetch manifest @radix-ui/react-use-layout-effect@1.1.1
1168 silly packumentCache full:https://registry.npmjs.org/@radix-ui%2freact-use-layout-effect cache-miss
1169 silly fetch manifest @radix-ui/react-use-layout-effect@1.1.1
1170 silly packumentCache full:https://registry.npmjs.org/@radix-ui%2freact-use-layout-effect cache-miss
1171 silly fetch manifest @radix-ui/react-use-effect-event@0.0.2
1172 silly packumentCache full:https://registry.npmjs.org/@radix-ui%2freact-use-effect-event cache-miss
1173 silly fetch manifest @radix-ui/react-use-layout-effect@1.1.1
1174 silly packumentCache full:https://registry.npmjs.org/@radix-ui%2freact-use-layout-effect cache-miss
1175 silly fetch manifest tslib@^2.0.0
1176 silly packumentCache full:https://registry.npmjs.org/tslib cache-miss
1177 http fetch GET 200 https://registry.npmjs.org/@radix-ui%2freact-use-effect-event 65ms (cache miss)
1178 silly packumentCache full:https://registry.npmjs.org/@radix-ui%2freact-use-effect-event set size:undefined disposed:false
1179 silly fetch manifest react-remove-scroll-bar@^2.3.7
1180 silly packumentCache full:https://registry.npmjs.org/react-remove-scroll-bar cache-miss
1181 http fetch GET 200 https://registry.npmjs.org/tslib 67ms (cache miss)
1182 silly packumentCache full:https://registry.npmjs.org/tslib set size:undefined disposed:false
1183 silly fetch manifest react-style-singleton@^2.2.3
1184 silly packumentCache full:https://registry.npmjs.org/react-style-singleton cache-miss
1185 http fetch GET 200 https://registry.npmjs.org/@radix-ui%2freact-use-layout-effect 75ms (cache miss)
1186 silly packumentCache full:https://registry.npmjs.org/@radix-ui%2freact-use-layout-effect set size:undefined disposed:false
1187 silly fetch manifest tslib@^2.1.0
1188 silly packumentCache full:https://registry.npmjs.org/tslib cache-miss
1189 http fetch GET 200 https://registry.npmjs.org/@radix-ui%2freact-use-layout-effect 86ms (cache miss)
1190 silly packumentCache full:https://registry.npmjs.org/@radix-ui%2freact-use-layout-effect set size:undefined disposed:false
1191 silly fetch manifest use-callback-ref@^1.3.3
1192 silly packumentCache full:https://registry.npmjs.org/use-callback-ref cache-miss
1193 http fetch GET 200 https://registry.npmjs.org/@radix-ui%2freact-use-escape-keydown 90ms (cache miss)
1194 silly packumentCache full:https://registry.npmjs.org/@radix-ui%2freact-use-escape-keydown set size:undefined disposed:false
1195 silly fetch manifest use-sidecar@^1.1.3
1196 silly packumentCache full:https://registry.npmjs.org/use-sidecar cache-miss
1197 http fetch GET 200 https://registry.npmjs.org/@radix-ui%2freact-use-layout-effect 99ms (cache miss)
1198 silly packumentCache full:https://registry.npmjs.org/@radix-ui%2freact-use-layout-effect set size:undefined disposed:false
1199 http fetch GET 200 https://registry.npmjs.org/@radix-ui%2freact-use-layout-effect 102ms (cache miss)
1200 silly packumentCache full:https://registry.npmjs.org/@radix-ui%2freact-use-layout-effect set size:undefined disposed:false
1201 http cache https://registry.npmjs.org/tslib 42ms (cache hit)
1202 silly packumentCache full:https://registry.npmjs.org/tslib set size:108760 disposed:false
1203 http fetch GET 200 https://registry.npmjs.org/react-style-singleton 55ms (cache miss)
1204 silly packumentCache full:https://registry.npmjs.org/react-style-singleton set size:undefined disposed:false
1205 http fetch GET 200 https://registry.npmjs.org/react-remove-scroll-bar 62ms (cache miss)
1206 silly packumentCache full:https://registry.npmjs.org/react-remove-scroll-bar set size:undefined disposed:false
1207 http fetch GET 200 https://registry.npmjs.org/use-callback-ref 43ms (cache miss)
1208 silly packumentCache full:https://registry.npmjs.org/use-callback-ref set size:undefined disposed:false
1209 http fetch GET 200 https://registry.npmjs.org/use-sidecar 39ms (cache miss)
1210 silly packumentCache full:https://registry.npmjs.org/use-sidecar set size:undefined disposed:false
1211 silly placeDep ROOT @radix-ui/react-use-callback-ref@1.1.1 OK for: @radix-ui/react-dismissable-layer@1.1.10 want: 1.1.1
1212 silly placeDep ROOT @radix-ui/react-use-escape-keydown@1.1.1 OK for: @radix-ui/react-dismissable-layer@1.1.10 want: 1.1.1
1213 silly placeDep ROOT @radix-ui/react-use-layout-effect@1.1.1 OK for: @radix-ui/react-id@1.1.1 want: 1.1.1
1214 silly placeDep ROOT @radix-ui/react-popper@1.2.7 OK for: @radix-ui/react-tooltip@1.2.7 want: 1.2.7
1215 silly placeDep ROOT @radix-ui/react-visually-hidden@1.2.3 OK for: @radix-ui/react-tooltip@1.2.7 want: 1.2.3
1216 silly fetch manifest @radix-ui/rect@1.1.1
1217 silly packumentCache full:https://registry.npmjs.org/@radix-ui%2frect cache-miss
1218 silly fetch manifest @radix-ui/react-arrow@1.1.7
1219 silly packumentCache full:https://registry.npmjs.org/@radix-ui%2freact-arrow cache-miss
1220 silly fetch manifest @floating-ui/react-dom@^2.0.0
1221 silly packumentCache full:https://registry.npmjs.org/@floating-ui%2freact-dom cache-miss
1222 silly fetch manifest @radix-ui/react-use-rect@1.1.1
1223 silly packumentCache full:https://registry.npmjs.org/@radix-ui%2freact-use-rect cache-miss
1224 silly fetch manifest @radix-ui/react-use-size@1.1.1
1225 silly packumentCache full:https://registry.npmjs.org/@radix-ui%2freact-use-size cache-miss
1226 http fetch GET 200 https://registry.npmjs.org/@radix-ui%2frect 55ms (cache miss)
1227 silly packumentCache full:https://registry.npmjs.org/@radix-ui%2frect set size:undefined disposed:false
1228 http fetch GET 200 https://registry.npmjs.org/@floating-ui%2freact-dom 58ms (cache miss)
1229 silly packumentCache full:https://registry.npmjs.org/@floating-ui%2freact-dom set size:undefined disposed:false
1230 http fetch GET 200 https://registry.npmjs.org/@radix-ui%2freact-use-rect 62ms (cache miss)
1231 silly packumentCache full:https://registry.npmjs.org/@radix-ui%2freact-use-rect set size:undefined disposed:false
1232 http fetch GET 200 https://registry.npmjs.org/@radix-ui%2freact-arrow 71ms (cache miss)
1233 silly packumentCache full:https://registry.npmjs.org/@radix-ui%2freact-arrow set size:undefined disposed:false
1234 http fetch GET 200 https://registry.npmjs.org/@radix-ui%2freact-use-size 78ms (cache miss)
1235 silly packumentCache full:https://registry.npmjs.org/@radix-ui%2freact-use-size set size:undefined disposed:false
1236 silly placeDep ROOT @floating-ui/react-dom@2.1.7 OK for: @radix-ui/react-popper@1.2.7 want: ^2.0.0
1237 silly placeDep ROOT @radix-ui/react-arrow@1.1.7 OK for: @radix-ui/react-popper@1.2.7 want: 1.1.7
1238 silly placeDep ROOT @radix-ui/react-use-rect@1.1.1 OK for: @radix-ui/react-popper@1.2.7 want: 1.1.1
1239 silly placeDep ROOT @radix-ui/react-use-size@1.1.1 OK for: @radix-ui/react-popper@1.2.7 want: 1.1.1
1240 silly placeDep ROOT @radix-ui/rect@1.1.1 OK for: @radix-ui/react-popper@1.2.7 want: 1.1.1
1241 silly fetch manifest @floating-ui/dom@^1.7.5
1242 silly packumentCache full:https://registry.npmjs.org/@floating-ui%2fdom cache-miss
1243 http fetch GET 200 https://registry.npmjs.org/@floating-ui%2fdom 54ms (cache miss)
1244 silly packumentCache full:https://registry.npmjs.org/@floating-ui%2fdom set size:undefined disposed:false
1245 silly placeDep ROOT @floating-ui/dom@1.7.5 OK for: @floating-ui/react-dom@2.1.7 want: ^1.7.5
1246 silly fetch manifest @floating-ui/core@^1.7.4
1247 silly packumentCache full:https://registry.npmjs.org/@floating-ui%2fcore cache-miss
1248 silly fetch manifest @floating-ui/utils@^0.2.10
1249 silly packumentCache full:https://registry.npmjs.org/@floating-ui%2futils cache-miss
1250 http fetch GET 200 https://registry.npmjs.org/@floating-ui%2futils 50ms (cache miss)
1251 silly packumentCache full:https://registry.npmjs.org/@floating-ui%2futils set size:undefined disposed:false
1252 http fetch GET 200 https://registry.npmjs.org/@floating-ui%2fcore 82ms (cache miss)
1253 silly packumentCache full:https://registry.npmjs.org/@floating-ui%2fcore set size:undefined disposed:false
1254 silly placeDep ROOT @floating-ui/core@1.7.4 OK for: @floating-ui/dom@1.7.5 want: ^1.7.4
1255 silly placeDep ROOT @floating-ui/utils@0.2.10 OK for: @floating-ui/dom@1.7.5 want: ^0.2.10
1256 silly placeDep ROOT @radix-ui/react-use-effect-event@0.0.2 OK for: @radix-ui/react-use-controllable-state@1.2.2 want: 0.0.2
1257 silly placeDep ROOT @solana/accounts@5.5.1 OK for: @solana/kit@5.5.1 want: 5.5.1
1258 silly placeDep ROOT @solana/addresses@5.5.1 OK for: @solana/kit@5.5.1 want: 5.5.1
1259 silly placeDep ROOT @solana/codecs@5.5.1 OK for: @solana/kit@5.5.1 want: 5.5.1
1260 silly placeDep ROOT @solana/errors@5.5.1 OK for: @solana/kit@5.5.1 want: 5.5.1
1261 silly placeDep ROOT @solana/functional@5.5.1 OK for: @solana/kit@5.5.1 want: 5.5.1
1262 silly placeDep ROOT @solana/instruction-plans@5.5.1 OK for: @solana/kit@5.5.1 want: 5.5.1
1263 silly placeDep ROOT @solana/instructions@5.5.1 OK for: @solana/kit@5.5.1 want: 5.5.1
1264 silly placeDep ROOT @solana/keys@5.5.1 OK for: @solana/kit@5.5.1 want: 5.5.1
1265 silly placeDep ROOT @solana/offchain-messages@5.5.1 OK for: @solana/kit@5.5.1 want: 5.5.1
1266 silly placeDep ROOT @solana/plugin-core@5.5.1 OK for: @solana/kit@5.5.1 want: 5.5.1
1267 silly placeDep ROOT @solana/programs@5.5.1 OK for: @solana/kit@5.5.1 want: 5.5.1
1268 silly placeDep ROOT @solana/rpc@5.5.1 OK for: @solana/kit@5.5.1 want: 5.5.1
1269 silly placeDep ROOT @solana/rpc-api@5.5.1 OK for: @solana/kit@5.5.1 want: 5.5.1
1270 silly placeDep ROOT @solana/rpc-parsed-types@5.5.1 OK for: @solana/kit@5.5.1 want: 5.5.1
1271 silly placeDep ROOT @solana/rpc-spec-types@5.5.1 OK for: @solana/kit@5.5.1 want: 5.5.1
1272 silly placeDep ROOT @solana/rpc-subscriptions@5.5.1 OK for: @solana/kit@5.5.1 want: 5.5.1
1273 silly placeDep ROOT @solana/rpc-types@5.5.1 OK for: @solana/kit@5.5.1 want: 5.5.1
1274 silly placeDep ROOT @solana/signers@5.5.1 OK for: @solana/kit@5.5.1 want: 5.5.1
1275 silly placeDep ROOT @solana/sysvars@5.5.1 OK for: @solana/kit@5.5.1 want: 5.5.1
1276 silly placeDep ROOT @solana/transaction-confirmation@5.5.1 OK for: @solana/kit@5.5.1 want: 5.5.1
1277 silly placeDep ROOT @solana/transaction-messages@5.5.1 OK for: @solana/kit@5.5.1 want: 5.5.1
1278 silly placeDep ROOT @solana/transactions@5.5.1 OK for: @solana/kit@5.5.1 want: 5.5.1
1279 silly fetch manifest @solana/rpc-spec@5.5.1
1280 silly packumentCache full:https://registry.npmjs.org/@solana%2frpc-spec cache-miss
1281 silly fetch manifest @solana/codecs-core@5.5.1
1282 silly packumentCache full:https://registry.npmjs.org/@solana%2fcodecs-core cache-miss
1283 silly fetch manifest @solana/codecs-strings@5.5.1
1284 silly packumentCache full:https://registry.npmjs.org/@solana%2fcodecs-strings cache-miss
1285 silly fetch manifest @solana/assertions@5.5.1
1286 silly packumentCache full:https://registry.npmjs.org/@solana%2fassertions cache-miss
1287 silly fetch manifest @solana/codecs-core@5.5.1
1288 silly packumentCache full:https://registry.npmjs.org/@solana%2fcodecs-core cache-miss
1289 silly fetch manifest @solana/nominal-types@5.5.1
1290 silly packumentCache full:https://registry.npmjs.org/@solana%2fnominal-types cache-miss
1291 silly fetch manifest @solana/codecs-strings@5.5.1
1292 silly packumentCache full:https://registry.npmjs.org/@solana%2fcodecs-strings cache-miss
1293 http fetch GET 200 https://registry.npmjs.org/@solana%2fnominal-types 316ms (cache miss)
1294 silly packumentCache full:https://registry.npmjs.org/@solana%2fnominal-types set size:undefined disposed:false
1295 silly fetch manifest @solana/options@5.5.1
1296 silly packumentCache full:https://registry.npmjs.org/@solana%2foptions cache-miss
1297 http fetch GET 200 https://registry.npmjs.org/@solana%2fcodecs-core 432ms (cache miss)
1298 silly packumentCache full:https://registry.npmjs.org/@solana%2fcodecs-core set size:undefined disposed:false
1299 silly fetch manifest @solana/codecs-numbers@5.5.1
1300 silly packumentCache full:https://registry.npmjs.org/@solana%2fcodecs-numbers cache-miss
1301 http fetch GET 200 https://registry.npmjs.org/@solana%2fcodecs-core 532ms (cache miss)
1302 silly packumentCache full:https://registry.npmjs.org/@solana%2fcodecs-core set size:undefined disposed:false
1303 silly fetch manifest @solana/codecs-strings@5.5.1
1304 silly packumentCache full:https://registry.npmjs.org/@solana%2fcodecs-strings cache-miss
1305 http cache https://registry.npmjs.org/@solana%2fcodecs-numbers 140ms (cache hit)
1306 silly packumentCache full:https://registry.npmjs.org/@solana%2fcodecs-numbers set size:8941837 disposed:false
1307 silly fetch manifest @solana/codecs-data-structures@5.5.1
1308 silly packumentCache full:https://registry.npmjs.org/@solana%2fcodecs-data-structures cache-miss
1309 http fetch GET 200 https://registry.npmjs.org/@solana%2frpc-spec 826ms (cache miss)
1310 silly packumentCache full:https://registry.npmjs.org/@solana%2frpc-spec set size:undefined disposed:false
1311 silly fetch manifest chalk@5.6.2
1312 silly packumentCache full:https://registry.npmjs.org/chalk cache-miss
1313 http cache https://registry.npmjs.org/chalk 11ms (cache hit)
1314 silly packumentCache full:https://registry.npmjs.org/chalk set size:117861 disposed:false
1315 silly fetch manifest commander@14.0.2
1316 silly packumentCache full:https://registry.npmjs.org/commander cache-miss
1317 http fetch GET 200 https://registry.npmjs.org/@solana%2fcodecs-strings 931ms (cache miss)
1318 silly packumentCache full:https://registry.npmjs.org/@solana%2fcodecs-strings set size:undefined disposed:false
1319 silly fetch manifest @solana/promises@5.5.1
1320 silly packumentCache full:https://registry.npmjs.org/@solana%2fpromises cache-miss
1321 http fetch GET 200 https://registry.npmjs.org/@solana%2fcodecs-strings 1088ms (cache miss)
1322 silly packumentCache full:https://registry.npmjs.org/@solana%2fcodecs-strings set size:undefined disposed:false
1323 silly fetch manifest @solana/assertions@5.5.1
1324 silly packumentCache full:https://registry.npmjs.org/@solana%2fassertions cache-miss
1325 http fetch GET 200 https://registry.npmjs.org/commander 321ms (cache miss)
1326 silly packumentCache full:https://registry.npmjs.org/commander set size:undefined disposed:false
1327 silly fetch manifest @solana/codecs-data-structures@5.5.1
1328 silly packumentCache full:https://registry.npmjs.org/@solana%2fcodecs-data-structures cache-miss
1329 http fetch GET 200 https://registry.npmjs.org/@solana%2fassertions 1240ms (cache miss)
1330 silly packumentCache full:https://registry.npmjs.org/@solana%2fassertions set size:undefined disposed:false
1331 silly fetch manifest @solana/rpc-transformers@5.5.1
1332 silly packumentCache full:https://registry.npmjs.org/@solana%2frpc-transformers cache-miss
1333 http fetch GET 200 https://registry.npmjs.org/@solana%2fpromises 553ms (cache miss)
1334 silly packumentCache full:https://registry.npmjs.org/@solana%2fpromises set size:undefined disposed:false
1335 silly fetch manifest @solana/rpc-transport-http@5.5.1
1336 silly packumentCache full:https://registry.npmjs.org/@solana%2frpc-transport-http cache-miss
1337 http fetch GET 200 https://registry.npmjs.org/@solana%2foptions 1316ms (cache miss)
1338 silly packumentCache full:https://registry.npmjs.org/@solana%2foptions set size:undefined disposed:false
1339 silly fetch manifest @solana/fast-stable-stringify@5.5.1
1340 silly packumentCache full:https://registry.npmjs.org/@solana%2ffast-stable-stringify cache-miss
1341 http fetch GET 200 https://registry.npmjs.org/@solana%2fcodecs-strings 1120ms (cache miss)
1342 silly packumentCache full:https://registry.npmjs.org/@solana%2fcodecs-strings set size:undefined disposed:false
1343 silly fetch manifest @solana/rpc-transformers@5.5.1
1344 silly packumentCache full:https://registry.npmjs.org/@solana%2frpc-transformers cache-miss
1345 http fetch GET 200 https://registry.npmjs.org/@solana%2fcodecs-data-structures 1331ms (cache miss)
1346 silly packumentCache full:https://registry.npmjs.org/@solana%2fcodecs-data-structures set size:undefined disposed:false
1347 silly fetch manifest @solana/subscribable@5.5.1
1348 silly packumentCache full:https://registry.npmjs.org/@solana%2fsubscribable cache-miss
1349 http fetch GET 200 https://registry.npmjs.org/@solana%2fcodecs-data-structures 934ms (cache miss)
1350 silly packumentCache full:https://registry.npmjs.org/@solana%2fcodecs-data-structures set size:undefined disposed:false
1351 silly fetch manifest @solana/rpc-transformers@5.5.1
1352 silly packumentCache full:https://registry.npmjs.org/@solana%2frpc-transformers cache-miss
1353 http fetch GET 200 https://registry.npmjs.org/@solana%2fassertions 1091ms (cache miss)
1354 silly packumentCache full:https://registry.npmjs.org/@solana%2fassertions set size:undefined disposed:false
1355 silly fetch manifest @solana/fast-stable-stringify@5.5.1
1356 silly packumentCache full:https://registry.npmjs.org/@solana%2ffast-stable-stringify cache-miss
1357 http fetch GET 200 https://registry.npmjs.org/@solana%2frpc-transformers 1124ms (cache miss)
1358 silly packumentCache full:https://registry.npmjs.org/@solana%2frpc-transformers set size:undefined disposed:false
1359 silly fetch manifest @solana/rpc-subscriptions-api@5.5.1
1360 silly packumentCache full:https://registry.npmjs.org/@solana%2frpc-subscriptions-api cache-miss
1361 http fetch GET 200 https://registry.npmjs.org/@solana%2frpc-transport-http 931ms (cache miss)
1362 silly packumentCache full:https://registry.npmjs.org/@solana%2frpc-transport-http set size:undefined disposed:false
1363 silly fetch manifest @solana/rpc-subscriptions-spec@5.5.1
1364 silly packumentCache full:https://registry.npmjs.org/@solana%2frpc-subscriptions-spec cache-miss
1365 http fetch GET 200 https://registry.npmjs.org/@solana%2fsubscribable 485ms (cache miss)
1366 silly packumentCache full:https://registry.npmjs.org/@solana%2fsubscribable set size:undefined disposed:false
1367 silly fetch manifest @solana/rpc-subscriptions-channel-websocket@5.5.1
1368 silly packumentCache full:https://registry.npmjs.org/@solana%2frpc-subscriptions-channel-websocket cache-miss
1369 http fetch GET 200 https://registry.npmjs.org/@solana%2ffast-stable-stringify 922ms (cache miss)
1370 silly packumentCache full:https://registry.npmjs.org/@solana%2ffast-stable-stringify set size:undefined disposed:false
1371 http fetch GET 200 https://registry.npmjs.org/@solana%2frpc-transformers 848ms (cache miss)
1372 silly packumentCache full:https://registry.npmjs.org/@solana%2frpc-transformers set size:undefined disposed:false
1373 http fetch GET 200 https://registry.npmjs.org/@solana%2frpc-transformers 582ms (cache miss)
1374 silly packumentCache full:https://registry.npmjs.org/@solana%2frpc-transformers set size:undefined disposed:false
1375 http fetch GET 200 https://registry.npmjs.org/@solana%2ffast-stable-stringify 511ms (cache miss)
1376 silly packumentCache full:https://registry.npmjs.org/@solana%2ffast-stable-stringify set size:undefined disposed:false
1377 http fetch GET 200 https://registry.npmjs.org/@solana%2frpc-subscriptions-api 475ms (cache miss)
1378 silly packumentCache full:https://registry.npmjs.org/@solana%2frpc-subscriptions-api set size:undefined disposed:false
1379 http fetch GET 200 https://registry.npmjs.org/@solana%2frpc-subscriptions-channel-websocket 427ms (cache miss)
1380 silly packumentCache full:https://registry.npmjs.org/@solana%2frpc-subscriptions-channel-websocket set size:undefined disposed:false
1381 http fetch GET 200 https://registry.npmjs.org/@solana%2frpc-subscriptions-spec 492ms (cache miss)
1382 silly packumentCache full:https://registry.npmjs.org/@solana%2frpc-subscriptions-spec set size:undefined disposed:false
1383 silly fetch manifest fastestsmallesttextencoderdecoder@^1.0.22
1384 silly packumentCache full:https://registry.npmjs.org/fastestsmallesttextencoderdecoder cache-miss
1385 http fetch GET 200 https://registry.npmjs.org/fastestsmallesttextencoderdecoder 229ms (cache miss)
1386 silly packumentCache full:https://registry.npmjs.org/fastestsmallesttextencoderdecoder set size:undefined disposed:false
1387 silly placeDep ROOT @solana/codecs-core@5.5.1 OK for: @solana/accounts@5.5.1 want: 5.5.1
1388 silly placeDep ROOT @solana/codecs-strings@5.5.1 OK for: @solana/accounts@5.5.1 want: 5.5.1
1389 silly placeDep ROOT @solana/rpc-spec@5.5.1 OK for: @solana/accounts@5.5.1 want: 5.5.1
1390 silly placeDep ROOT @solana/assertions@5.5.1 OK for: @solana/addresses@5.5.1 want: 5.5.1
1391 silly placeDep ROOT @solana/nominal-types@5.5.1 OK for: @solana/addresses@5.5.1 want: 5.5.1
1392 silly placeDep ROOT @solana/codecs-data-structures@5.5.1 OK for: @solana/codecs@5.5.1 want: 5.5.1
1393 silly placeDep ROOT @solana/codecs-numbers@5.5.1 OK for: @solana/codecs@5.5.1 want: 5.5.1
1394 silly placeDep ROOT @solana/options@5.5.1 OK for: @solana/codecs@5.5.1 want: 5.5.1
1395 silly placeDep ROOT chalk@5.6.2 OK for: @solana/errors@5.5.1 want: 5.6.2
1396 silly placeDep ROOT commander@14.0.2 OK for: @solana/errors@5.5.1 want: 14.0.2
1397 silly placeDep ROOT @solana/promises@5.5.1 OK for: @solana/instruction-plans@5.5.1 want: 5.5.1
1398 silly placeDep ROOT @solana/fast-stable-stringify@5.5.1 OK for: @solana/rpc@5.5.1 want: 5.5.1
1399 silly placeDep ROOT @solana/rpc-transformers@5.5.1 OK for: @solana/rpc@5.5.1 want: 5.5.1
1400 silly placeDep ROOT @solana/rpc-transport-http@5.5.1 OK for: @solana/rpc@5.5.1 want: 5.5.1
1401 silly fetch manifest undici-types@^7.19.2
1402 silly packumentCache full:https://registry.npmjs.org/undici-types cache-miss
1403 http fetch GET 200 https://registry.npmjs.org/undici-types 45ms (cache miss)
1404 silly packumentCache full:https://registry.npmjs.org/undici-types set size:undefined disposed:false
1405 silly placeDep ROOT @solana/rpc-subscriptions-api@5.5.1 OK for: @solana/rpc-subscriptions@5.5.1 want: 5.5.1
1406 silly placeDep ROOT @solana/rpc-subscriptions-channel-websocket@5.5.1 OK for: @solana/rpc-subscriptions@5.5.1 want: 5.5.1
1407 silly placeDep ROOT @solana/rpc-subscriptions-spec@5.5.1 OK for: @solana/rpc-subscriptions@5.5.1 want: 5.5.1
1408 silly placeDep ROOT @solana/subscribable@5.5.1 OK for: @solana/rpc-subscriptions@5.5.1 want: 5.5.1
1409 silly fetch manifest ws@^8.19.0
1410 silly packumentCache full:https://registry.npmjs.org/ws cache-miss
1411 http cache https://registry.npmjs.org/ws 4ms (cache hit)
1412 silly packumentCache full:https://registry.npmjs.org/ws set size:413307 disposed:false
1413 silly fetch manifest bufferutil@^4.0.1
1414 silly packumentCache full:https://registry.npmjs.org/bufferutil cache-miss
1415 http fetch GET 200 https://registry.npmjs.org/bufferutil 34ms (cache miss)
1416 silly packumentCache full:https://registry.npmjs.org/bufferutil set size:undefined disposed:false
1417 silly fetch manifest utf-8-validate@>=5.0.2
1418 silly packumentCache full:https://registry.npmjs.org/utf-8-validate cache-miss
1419 http fetch GET 200 https://registry.npmjs.org/utf-8-validate 38ms (cache miss)
1420 silly packumentCache full:https://registry.npmjs.org/utf-8-validate set size:undefined disposed:false
1421 silly placeDep ROOT ws@8.19.0 OK for: @solana/rpc-subscriptions-channel-websocket@5.5.1 want: ^8.19.0
1422 silly placeDep ROOT undici-types@7.21.0 OK for: @solana/rpc-transport-http@5.5.1 want: ^7.19.2
1423 silly fetch manifest encoding@^0.1.0
1424 silly packumentCache full:https://registry.npmjs.org/encoding cache-miss
1425 http fetch GET 200 https://registry.npmjs.org/encoding 33ms (cache miss)
1426 silly packumentCache full:https://registry.npmjs.org/encoding set size:undefined disposed:false
1427 silly fetch manifest typescript@>=5.3.3
1428 silly packumentCache full:https://registry.npmjs.org/typescript cache-miss
1429 http cache https://registry.npmjs.org/typescript 42ms (cache hit)
1430 silly packumentCache full:https://registry.npmjs.org/typescript set size:15212314 disposed:false
1431 silly placeDep ROOT @solana/buffer-layout@4.0.1 OK for: @solana/web3.js@1.98.4 want: ^4.0.1
1432 silly placeDep node_modules/@solana/web3.js @solana/codecs-numbers@2.3.0 OK for: @solana/web3.js@1.98.4 want: ^2.1.0
1433 silly placeDep ROOT typescript@5.9.3 OK for: @solana/codecs-numbers@2.3.0 want: >=5.3.3
1434 silly placeDep ROOT agentkeepalive@4.6.0 OK for: @solana/web3.js@1.98.4 want: ^4.5.0
1435 silly placeDep ROOT bn.js@5.2.2 OK for: @solana/web3.js@1.98.4 want: ^5.2.1
1436 silly placeDep ROOT borsh@0.7.0 OK for: @solana/web3.js@1.98.4 want: ^0.7.0
1437 silly placeDep ROOT bs58@4.0.1 OK for: @solana/web3.js@1.98.4 want: ^4.0.1
1438 silly placeDep ROOT buffer@6.0.3 OK for: @solana/web3.js@1.98.4 want: 6.0.3
1439 silly placeDep ROOT fast-stable-stringify@1.0.0 OK for: @solana/web3.js@1.98.4 want: ^1.0.0
1440 silly placeDep ROOT jayson@4.3.0 OK for: @solana/web3.js@1.98.4 want: ^4.1.1
1441 silly placeDep ROOT node-fetch@2.7.0 OK for: @solana/web3.js@1.98.4 want: ^2.7.0
1442 silly placeDep ROOT rpc-websockets@9.3.3 OK for: @solana/web3.js@1.98.4 want: ^9.0.2
1443 silly placeDep ROOT superstruct@2.0.2 OK for: @solana/web3.js@1.98.4 want: ^2.0.2
1444 silly fetch manifest buffer@~6.0.3
1445 silly packumentCache full:https://registry.npmjs.org/buffer cache-hit
1446 silly fetch manifest @solana/errors@2.3.0
1447 silly packumentCache full:https://registry.npmjs.org/@solana%2ferrors cache-miss
1448 silly fetch manifest @solana/codecs-core@2.3.0
1449 silly packumentCache full:https://registry.npmjs.org/@solana%2fcodecs-core cache-miss
1450 silly fetch manifest humanize-ms@^1.2.1
1451 silly packumentCache full:https://registry.npmjs.org/humanize-ms cache-miss
1452 silly fetch manifest bs58@^4.0.0
1453 silly packumentCache full:https://registry.npmjs.org/bs58 cache-miss
1454 silly fetch manifest text-encoding-utf-8@^1.0.2
1455 silly packumentCache full:https://registry.npmjs.org/text-encoding-utf-8 cache-miss
1456 silly fetch manifest base-x@^3.0.2
1457 silly packumentCache full:https://registry.npmjs.org/base-x cache-miss
1458 silly fetch manifest base64-js@^1.3.1
1459 silly packumentCache full:https://registry.npmjs.org/base64-js cache-miss
1460 http cache https://registry.npmjs.org/bs58 13ms (cache hit)
1461 silly packumentCache full:https://registry.npmjs.org/bs58 set size:28639 disposed:false
1462 silly fetch manifest ieee754@^1.2.1
1463 silly packumentCache full:https://registry.npmjs.org/ieee754 cache-miss
1464 http cache https://registry.npmjs.org/@solana%2ferrors 32ms (cache hit)
1465 silly packumentCache full:https://registry.npmjs.org/@solana%2ferrors set size:7866547 disposed:false
1466 silly fetch manifest @types/connect@^3.4.33
1467 silly packumentCache full:https://registry.npmjs.org/@types%2fconnect cache-miss
1468 http cache https://registry.npmjs.org/@solana%2fcodecs-core 158ms (cache hit)
1469 silly packumentCache full:https://registry.npmjs.org/@solana%2fcodecs-core set size:8969612 disposed:false
1470 silly fetch manifest @types/node@^12.12.54
1471 silly packumentCache full:https://registry.npmjs.org/@types%2fnode cache-miss
1472 http fetch GET 200 https://registry.npmjs.org/base64-js 333ms (cache revalidated)
1473 silly packumentCache full:https://registry.npmjs.org/base64-js set size:41270 disposed:false
1474 silly fetch manifest @types/ws@^7.4.4
1475 silly packumentCache full:https://registry.npmjs.org/@types%2fws cache-miss
1476 http fetch GET 200 https://registry.npmjs.org/text-encoding-utf-8 345ms (cache miss)
1477 silly packumentCache full:https://registry.npmjs.org/text-encoding-utf-8 set size:undefined disposed:false
1478 silly fetch manifest commander@^2.20.3
1479 silly packumentCache full:https://registry.npmjs.org/commander cache-miss
1480 http fetch GET 200 https://registry.npmjs.org/humanize-ms 347ms (cache miss)
1481 silly packumentCache full:https://registry.npmjs.org/humanize-ms set size:undefined disposed:false
1482 silly fetch manifest delay@^5.0.0
1483 silly packumentCache full:https://registry.npmjs.org/delay cache-miss
1484 http fetch GET 200 https://registry.npmjs.org/base-x 360ms (cache miss)
1485 silly packumentCache full:https://registry.npmjs.org/base-x set size:undefined disposed:false
1486 silly fetch manifest es6-promisify@^5.0.0
1487 silly packumentCache full:https://registry.npmjs.org/es6-promisify cache-miss
1488 http fetch GET 200 https://registry.npmjs.org/ieee754 356ms (cache revalidated)
1489 silly packumentCache full:https://registry.npmjs.org/ieee754 set size:34910 disposed:false
1490 silly fetch manifest eyes@^0.1.8
1491 silly packumentCache full:https://registry.npmjs.org/eyes cache-miss
1492 http cache https://registry.npmjs.org/commander 39ms (cache hit)
1493 silly packumentCache full:https://registry.npmjs.org/commander set size:348500 disposed:false
1494 silly fetch manifest isomorphic-ws@^4.0.1
1495 silly packumentCache full:https://registry.npmjs.org/isomorphic-ws cache-miss
1496 http fetch GET 200 https://registry.npmjs.org/@types%2fconnect 254ms (cache miss)
1497 silly packumentCache full:https://registry.npmjs.org/@types%2fconnect set size:undefined disposed:false
1498 silly fetch manifest json-stringify-safe@^5.0.1
1499 silly packumentCache full:https://registry.npmjs.org/json-stringify-safe cache-miss
1500 http fetch GET 200 https://registry.npmjs.org/delay 59ms (cache miss)
1501 silly packumentCache full:https://registry.npmjs.org/delay set size:undefined disposed:false
1502 silly fetch manifest stream-json@^1.9.1
1503 silly packumentCache full:https://registry.npmjs.org/stream-json cache-miss
1504 http fetch GET 200 https://registry.npmjs.org/es6-promisify 51ms (cache miss)
1505 silly packumentCache full:https://registry.npmjs.org/es6-promisify set size:undefined disposed:false
1506 silly fetch manifest uuid@^8.3.2
1507 silly packumentCache full:https://registry.npmjs.org/uuid cache-miss
1508 http fetch GET 200 https://registry.npmjs.org/@types%2fws 78ms (cache miss)
1509 silly packumentCache full:https://registry.npmjs.org/@types%2fws set size:undefined disposed:false
1510 silly fetch manifest ws@^7.5.10
1511 silly packumentCache full:https://registry.npmjs.org/ws cache-hit
1512 silly fetch manifest whatwg-url@^5.0.0
1513 silly packumentCache full:https://registry.npmjs.org/whatwg-url cache-miss
1514 http fetch GET 200 https://registry.npmjs.org/eyes 58ms (cache miss)
1515 silly packumentCache full:https://registry.npmjs.org/eyes set size:undefined disposed:false
1516 silly fetch manifest @swc/helpers@^0.5.11
1517 silly packumentCache full:https://registry.npmjs.org/@swc%2fhelpers cache-miss
1518 http fetch GET 200 https://registry.npmjs.org/isomorphic-ws 43ms (cache miss)
1519 silly packumentCache full:https://registry.npmjs.org/isomorphic-ws set size:undefined disposed:false
1520 silly fetch manifest @types/uuid@^8.3.4
1521 silly packumentCache full:https://registry.npmjs.org/@types%2fuuid cache-miss
1522 http fetch GET 200 https://registry.npmjs.org/stream-json 38ms (cache miss)
1523 silly packumentCache full:https://registry.npmjs.org/stream-json set size:undefined disposed:false
1524 silly fetch manifest @types/ws@^8.2.2
1525 silly packumentCache full:https://registry.npmjs.org/@types%2fws cache-miss
1526 http fetch GET 200 https://registry.npmjs.org/json-stringify-safe 56ms (cache revalidated)
1527 silly packumentCache full:https://registry.npmjs.org/json-stringify-safe set size:8806 disposed:false
1528 silly fetch manifest uuid@^8.3.2
1529 silly packumentCache full:https://registry.npmjs.org/uuid cache-miss
1530 http cache https://registry.npmjs.org/@types%2fws 10ms (cache hit)
1531 silly packumentCache full:https://registry.npmjs.org/@types%2fws set size:167959 disposed:false
1532 silly fetch manifest utf-8-validate@^5.0.2
1533 silly packumentCache full:https://registry.npmjs.org/utf-8-validate cache-miss
1534 http fetch GET 200 https://registry.npmjs.org/whatwg-url 47ms (cache miss)
1535 silly packumentCache full:https://registry.npmjs.org/whatwg-url set size:undefined disposed:false
1536 http cache https://registry.npmjs.org/utf-8-validate 33ms (cache hit)
1537 silly packumentCache full:https://registry.npmjs.org/utf-8-validate set size:77148 disposed:false
1538 http fetch GET 200 https://registry.npmjs.org/@types%2fuuid 63ms (cache miss)
1539 silly packumentCache full:https://registry.npmjs.org/@types%2fuuid set size:undefined disposed:false
1540 http fetch GET 200 https://registry.npmjs.org/@swc%2fhelpers 80ms (cache miss)
1541 silly packumentCache full:https://registry.npmjs.org/@swc%2fhelpers set size:undefined disposed:false
1542 http fetch GET 200 https://registry.npmjs.org/uuid 133ms (cache revalidated)
1543 silly packumentCache full:https://registry.npmjs.org/uuid set size:224608 disposed:false
1544 http fetch GET 200 https://registry.npmjs.org/uuid 97ms (cache revalidated)
1545 silly packumentCache full:https://registry.npmjs.org/uuid set size:224608 disposed:false
1546 silly packumentCache full:https://registry.npmjs.org/uuid dispose
1547 http fetch GET 200 https://registry.npmjs.org/@types%2fnode 332ms (cache miss)
1548 silly packumentCache full:https://registry.npmjs.org/@types%2fnode set size:undefined disposed:false
1549 silly placeDep ROOT @tanstack/query-core@5.81.5 OK for: @tanstack/react-query@5.81.5 want: 5.81.5
1550 silly fetch manifest @hey-api/openapi-ts@< 2
1551 silly packumentCache full:https://registry.npmjs.org/@hey-api%2fopenapi-ts cache-miss
1552 http fetch GET 200 https://registry.npmjs.org/@hey-api%2fopenapi-ts 215ms (cache miss)
1553 silly packumentCache full:https://registry.npmjs.org/@hey-api%2fopenapi-ts set size:undefined disposed:false
1554 silly placeDep ROOT @hey-api/client-fetch@0.10.0 OK for: @thirdweb-dev/engine@3.4.0 want: 0.10.0
1555 silly placeDep ROOT @hey-api/openapi-ts@0.92.3 OK for: @hey-api/client-fetch@0.10.0 want: < 2
1556 silly fetch manifest @hey-api/json-schema-ref-parser@1.2.4
1557 silly packumentCache full:https://registry.npmjs.org/@hey-api%2fjson-schema-ref-parser cache-miss
1558 silly fetch manifest ansi-colors@4.1.3
1559 silly packumentCache full:https://registry.npmjs.org/ansi-colors cache-miss
1560 silly fetch manifest color-support@1.1.3
1561 silly packumentCache full:https://registry.npmjs.org/color-support cache-miss
1562 silly fetch manifest commander@14.0.3
1563 silly packumentCache full:https://registry.npmjs.org/commander cache-hit
1564 silly fetch manifest @hey-api/codegen-core@0.7.0
1565 silly packumentCache full:https://registry.npmjs.org/@hey-api%2fcodegen-core cache-miss
1566 silly fetch manifest @hey-api/types@0.1.3
1567 silly packumentCache full:https://registry.npmjs.org/@hey-api%2ftypes cache-miss
1568 silly fetch manifest @hey-api/shared@0.1.2
1569 silly packumentCache full:https://registry.npmjs.org/@hey-api%2fshared cache-miss
1570 http fetch GET 200 https://registry.npmjs.org/color-support 66ms (cache miss)
1571 silly packumentCache full:https://registry.npmjs.org/color-support set size:undefined disposed:false
1572 http fetch GET 200 https://registry.npmjs.org/ansi-colors 76ms (cache miss)
1573 silly packumentCache full:https://registry.npmjs.org/ansi-colors set size:undefined disposed:false
1574 http fetch GET 200 https://registry.npmjs.org/@hey-api%2ftypes 270ms (cache miss)
1575 silly packumentCache full:https://registry.npmjs.org/@hey-api%2ftypes set size:undefined disposed:false
1576 http fetch GET 200 https://registry.npmjs.org/@hey-api%2fshared 272ms (cache miss)
1577 silly packumentCache full:https://registry.npmjs.org/@hey-api%2fshared set size:undefined disposed:false
1578 http fetch GET 200 https://registry.npmjs.org/@hey-api%2fcodegen-core 278ms (cache miss)
1579 silly packumentCache full:https://registry.npmjs.org/@hey-api%2fcodegen-core set size:undefined disposed:false
1580 http fetch GET 200 https://registry.npmjs.org/@hey-api%2fjson-schema-ref-parser 288ms (cache miss)
1581 silly packumentCache full:https://registry.npmjs.org/@hey-api%2fjson-schema-ref-parser set size:undefined disposed:false
1582 silly fetch manifest typescript@>=5.5.3
1583 silly packumentCache full:https://registry.npmjs.org/typescript cache-miss
1584 http cache https://registry.npmjs.org/typescript 81ms (cache hit)
1585 silly packumentCache full:https://registry.npmjs.org/typescript set size:15212314 disposed:false
1586 silly placeDep ROOT @hey-api/codegen-core@0.7.0 OK for: @hey-api/openapi-ts@0.92.3 want: 0.7.0
1587 silly placeDep ROOT @hey-api/json-schema-ref-parser@1.2.4 OK for: @hey-api/openapi-ts@0.92.3 want: 1.2.4
1588 silly placeDep ROOT @hey-api/shared@0.1.2 OK for: @hey-api/openapi-ts@0.92.3 want: 0.1.2
1589 silly placeDep ROOT @hey-api/types@0.1.3 OK for: @hey-api/openapi-ts@0.92.3 want: 0.1.3
1590 silly placeDep ROOT ansi-colors@4.1.3 OK for: @hey-api/openapi-ts@0.92.3 want: 4.1.3
1591 silly placeDep ROOT color-support@1.1.3 OK for: @hey-api/openapi-ts@0.92.3 want: 1.1.3
1592 silly placeDep node_modules/@hey-api/openapi-ts commander@14.0.3 OK for: @hey-api/openapi-ts@0.92.3 want: 14.0.3
1593 silly fetch manifest c12@3.3.3
1594 silly packumentCache full:https://registry.npmjs.org/c12 cache-miss
1595 silly fetch manifest @jsdevtools/ono@^7.1.3
1596 silly packumentCache full:https://registry.npmjs.org/@jsdevtools%2fono cache-miss
1597 silly fetch manifest @types/json-schema@^7.0.15
1598 silly packumentCache full:https://registry.npmjs.org/@types%2fjson-schema cache-miss
1599 silly fetch manifest js-yaml@^4.1.1
1600 silly packumentCache full:https://registry.npmjs.org/js-yaml cache-miss
1601 silly fetch manifest lodash@^4.17.23
1602 silly packumentCache full:https://registry.npmjs.org/lodash cache-miss
1603 silly fetch manifest open@11.0.0
1604 silly packumentCache full:https://registry.npmjs.org/open cache-miss
1605 silly fetch manifest semver@7.7.3
1606 silly packumentCache full:https://registry.npmjs.org/semver cache-miss
1607 http cache https://registry.npmjs.org/open 22ms (cache hit)
1608 silly packumentCache full:https://registry.npmjs.org/open set size:136392 disposed:false
1609 http fetch GET 200 https://registry.npmjs.org/@types%2fjson-schema 57ms (cache miss)
1610 silly packumentCache full:https://registry.npmjs.org/@types%2fjson-schema set size:undefined disposed:false
1611 http fetch GET 200 https://registry.npmjs.org/semver 56ms (cache revalidated)
1612 silly packumentCache full:https://registry.npmjs.org/semver set size:229678 disposed:false
1613 http fetch GET 200 https://registry.npmjs.org/js-yaml 66ms (cache miss)
1614 silly packumentCache full:https://registry.npmjs.org/js-yaml set size:undefined disposed:false
1615 http fetch GET 200 https://registry.npmjs.org/@jsdevtools%2fono 73ms (cache miss)
1616 silly packumentCache full:https://registry.npmjs.org/@jsdevtools%2fono set size:undefined disposed:false
1617 http fetch GET 200 https://registry.npmjs.org/lodash 73ms (cache miss)
1618 silly packumentCache full:https://registry.npmjs.org/lodash set size:undefined disposed:false
1619 http fetch GET 200 https://registry.npmjs.org/c12 142ms (cache miss)
1620 silly packumentCache full:https://registry.npmjs.org/c12 set size:undefined disposed:false
1621 silly fetch manifest magicast@*
1622 silly packumentCache full:https://registry.npmjs.org/magicast cache-miss
1623 http fetch GET 200 https://registry.npmjs.org/magicast 39ms (cache miss)
1624 silly packumentCache full:https://registry.npmjs.org/magicast set size:undefined disposed:false
1625 silly placeDep ROOT c12@3.3.3 OK for: @hey-api/codegen-core@0.7.0 want: 3.3.3
1626 silly fetch manifest rc9@^2.1.2
1627 silly packumentCache full:https://registry.npmjs.org/rc9 cache-miss
1628 silly fetch manifest defu@^6.1.4
1629 silly packumentCache full:https://registry.npmjs.org/defu cache-miss
1630 silly fetch manifest jiti@^2.6.1
1631 silly packumentCache full:https://registry.npmjs.org/jiti cache-miss
1632 silly fetch manifest giget@^2.0.0
1633 silly packumentCache full:https://registry.npmjs.org/giget cache-miss
1634 silly fetch manifest ohash@^2.0.11
1635 silly packumentCache full:https://registry.npmjs.org/ohash cache-miss
1636 silly fetch manifest pathe@^2.0.3
1637 silly packumentCache full:https://registry.npmjs.org/pathe cache-miss
1638 silly fetch manifest dotenv@^17.2.3
1639 silly packumentCache full:https://registry.npmjs.org/dotenv cache-miss
1640 http fetch GET 200 https://registry.npmjs.org/pathe 62ms (cache miss)
1641 silly packumentCache full:https://registry.npmjs.org/pathe set size:undefined disposed:false
1642 silly fetch manifest confbox@^0.2.2
1643 silly packumentCache full:https://registry.npmjs.org/confbox cache-miss
1644 http fetch GET 200 https://registry.npmjs.org/defu 71ms (cache miss)
1645 silly packumentCache full:https://registry.npmjs.org/defu set size:undefined disposed:false
1646 silly fetch manifest exsolve@^1.0.8
1647 silly packumentCache full:https://registry.npmjs.org/exsolve cache-miss
1648 http fetch GET 200 https://registry.npmjs.org/rc9 80ms (cache miss)
1649 silly packumentCache full:https://registry.npmjs.org/rc9 set size:undefined disposed:false
1650 silly fetch manifest chokidar@^5.0.0
1651 silly packumentCache full:https://registry.npmjs.org/chokidar cache-miss
1652 http fetch GET 200 https://registry.npmjs.org/giget 81ms (cache miss)
1653 silly packumentCache full:https://registry.npmjs.org/giget set size:undefined disposed:false
1654 silly fetch manifest pkg-types@^2.3.0
1655 silly packumentCache full:https://registry.npmjs.org/pkg-types cache-miss
1656 http fetch GET 200 https://registry.npmjs.org/ohash 90ms (cache miss)
1657 silly packumentCache full:https://registry.npmjs.org/ohash set size:undefined disposed:false
1658 silly fetch manifest perfect-debounce@^2.0.0
1659 silly packumentCache full:https://registry.npmjs.org/perfect-debounce cache-miss
1660 http fetch GET 200 https://registry.npmjs.org/dotenv 101ms (cache miss)
1661 silly packumentCache full:https://registry.npmjs.org/dotenv set size:undefined disposed:false
1662 http fetch GET 200 https://registry.npmjs.org/jiti 125ms (cache miss)
1663 silly packumentCache full:https://registry.npmjs.org/jiti set size:undefined disposed:false
1664 http fetch GET 200 https://registry.npmjs.org/confbox 68ms (cache miss)
1665 silly packumentCache full:https://registry.npmjs.org/confbox set size:undefined disposed:false
1666 http fetch GET 200 https://registry.npmjs.org/perfect-debounce 46ms (cache miss)
1667 silly packumentCache full:https://registry.npmjs.org/perfect-debounce set size:undefined disposed:false
1668 http fetch GET 200 https://registry.npmjs.org/exsolve 68ms (cache miss)
1669 silly packumentCache full:https://registry.npmjs.org/exsolve set size:undefined disposed:false
1670 http fetch GET 200 https://registry.npmjs.org/pkg-types 58ms (cache miss)
1671 silly packumentCache full:https://registry.npmjs.org/pkg-types set size:undefined disposed:false
1672 http fetch GET 200 https://registry.npmjs.org/chokidar 72ms (cache miss)
1673 silly packumentCache full:https://registry.npmjs.org/chokidar set size:undefined disposed:false
1674 silly placeDep ROOT @jsdevtools/ono@7.1.3 OK for: @hey-api/json-schema-ref-parser@1.2.4 want: ^7.1.3
1675 silly placeDep ROOT @types/json-schema@7.0.15 OK for: @hey-api/json-schema-ref-parser@1.2.4 want: ^7.0.15
1676 silly placeDep ROOT js-yaml@4.1.1 OK for: @hey-api/json-schema-ref-parser@1.2.4 want: ^4.1.1
1677 silly placeDep ROOT lodash@4.17.23 OK for: @hey-api/json-schema-ref-parser@1.2.4 want: ^4.17.23
1678 silly fetch manifest argparse@^2.0.1
1679 silly packumentCache full:https://registry.npmjs.org/argparse cache-miss
1680 http fetch GET 200 https://registry.npmjs.org/argparse 43ms (cache miss)
1681 silly packumentCache full:https://registry.npmjs.org/argparse set size:undefined disposed:false
1682 silly placeDep node_modules/@hey-api/shared open@11.0.0 OK for: @hey-api/shared@0.1.2 want: 11.0.0
1683 silly placeDep ROOT semver@7.7.3 OK for: @hey-api/shared@0.1.2 want: 7.7.3
1684 silly fetch manifest default-browser@^5.4.0
1685 silly packumentCache full:https://registry.npmjs.org/default-browser cache-miss
1686 silly fetch manifest is-in-ssh@^1.0.0
1687 silly packumentCache full:https://registry.npmjs.org/is-in-ssh cache-miss
1688 silly fetch manifest powershell-utils@^0.1.0
1689 silly packumentCache full:https://registry.npmjs.org/powershell-utils cache-miss
1690 silly fetch manifest wsl-utils@^0.3.0
1691 silly packumentCache full:https://registry.npmjs.org/wsl-utils cache-miss
1692 http cache https://registry.npmjs.org/default-browser 32ms (cache hit)
1693 silly packumentCache full:https://registry.npmjs.org/default-browser set size:31475 disposed:false
1694 http fetch GET 200 https://registry.npmjs.org/powershell-utils 50ms (cache miss)
1695 silly packumentCache full:https://registry.npmjs.org/powershell-utils set size:undefined disposed:false
1696 http fetch GET 200 https://registry.npmjs.org/wsl-utils 55ms (cache miss)
1697 silly packumentCache full:https://registry.npmjs.org/wsl-utils set size:undefined disposed:false
1698 http fetch GET 200 https://registry.npmjs.org/is-in-ssh 102ms (cache miss)
1699 silly packumentCache full:https://registry.npmjs.org/is-in-ssh set size:undefined disposed:false
1700 silly placeDep ROOT @walletconnect/core@2.21.8 OK for: @walletconnect/sign-client@2.21.8 want: 2.21.8
1701 silly placeDep ROOT @walletconnect/events@1.0.1 OK for: @walletconnect/sign-client@2.21.8 want: 1.0.1
1702 silly placeDep ROOT @walletconnect/heartbeat@1.2.2 OK for: @walletconnect/sign-client@2.21.8 want: 1.2.2
1703 silly placeDep ROOT @walletconnect/jsonrpc-utils@1.0.8 OK for: @walletconnect/sign-client@2.21.8 want: 1.0.8
1704 silly placeDep ROOT @walletconnect/logger@2.1.2 OK for: @walletconnect/sign-client@2.21.8 want: 2.1.2
1705 silly placeDep ROOT @walletconnect/time@1.0.2 OK for: @walletconnect/sign-client@2.21.8 want: 1.0.2
1706 silly placeDep ROOT @walletconnect/types@2.21.8 OK for: @walletconnect/sign-client@2.21.8 want: 2.21.8
1707 silly placeDep ROOT @walletconnect/utils@2.21.8 OK for: @walletconnect/sign-client@2.21.8 want: 2.21.8
1708 silly placeDep ROOT events@3.3.0 OK for: @walletconnect/sign-client@2.21.8 want: 3.3.0
1709 silly fetch manifest uint8arrays@3.1.1
1710 silly packumentCache full:https://registry.npmjs.org/uint8arrays cache-miss
1711 silly fetch manifest @walletconnect/relay-api@1.0.11
1712 silly packumentCache full:https://registry.npmjs.org/@walletconnect%2frelay-api cache-miss
1713 silly fetch manifest @walletconnect/safe-json@1.0.2
1714 silly packumentCache full:https://registry.npmjs.org/@walletconnect%2fsafe-json cache-miss
1715 silly fetch manifest @walletconnect/relay-auth@1.1.0
1716 silly packumentCache full:https://registry.npmjs.org/@walletconnect%2frelay-auth cache-miss
1717 silly fetch manifest @walletconnect/window-getters@1.0.1
1718 silly packumentCache full:https://registry.npmjs.org/@walletconnect%2fwindow-getters cache-miss
1719 silly fetch manifest @walletconnect/jsonrpc-ws-connection@1.0.16
1720 silly packumentCache full:https://registry.npmjs.org/@walletconnect%2fjsonrpc-ws-connection cache-miss
1721 silly fetch manifest tslib@1.14.1
1722 silly packumentCache full:https://registry.npmjs.org/tslib cache-hit
1723 silly fetch manifest keyvaluestorage-interface@^1.0.0
1724 silly packumentCache full:https://registry.npmjs.org/keyvaluestorage-interface cache-miss
1725 http fetch GET 200 https://registry.npmjs.org/uint8arrays 100ms (cache miss)
1726 silly packumentCache full:https://registry.npmjs.org/uint8arrays set size:undefined disposed:false
1727 silly fetch manifest events@^3.3.0
1728 silly packumentCache full:https://registry.npmjs.org/events cache-miss
1729 http cache https://registry.npmjs.org/events 3ms (cache hit)
1730 silly packumentCache full:https://registry.npmjs.org/events set size:35240 disposed:false
1731 silly fetch manifest @walletconnect/time@^1.0.2
1732 silly packumentCache full:https://registry.npmjs.org/@walletconnect%2ftime cache-miss
1733 http cache https://registry.npmjs.org/@walletconnect%2ftime 3ms (cache hit)
1734 silly packumentCache full:https://registry.npmjs.org/@walletconnect%2ftime set size:11111 disposed:false
1735 silly fetch manifest @walletconnect/environment@^1.0.1
1736 silly packumentCache full:https://registry.npmjs.org/@walletconnect%2fenvironment cache-miss
1737 http fetch GET 200 https://registry.npmjs.org/@walletconnect%2fjsonrpc-ws-connection 196ms (cache miss)
1738 silly packumentCache full:https://registry.npmjs.org/@walletconnect%2fjsonrpc-ws-connection set size:undefined disposed:false
1739 silly fetch manifest @walletconnect/jsonrpc-types@^1.0.3
1740 silly packumentCache full:https://registry.npmjs.org/@walletconnect%2fjsonrpc-types cache-miss
1741 http fetch GET 200 https://registry.npmjs.org/@walletconnect%2frelay-api 207ms (cache miss)
1742 silly packumentCache full:https://registry.npmjs.org/@walletconnect%2frelay-api set size:undefined disposed:false
1743 silly fetch manifest pino@7.11.0
1744 silly packumentCache full:https://registry.npmjs.org/pino cache-miss
1745 http cache https://registry.npmjs.org/@walletconnect%2fjsonrpc-types 10ms (cache hit)
1746 silly packumentCache full:https://registry.npmjs.org/@walletconnect%2fjsonrpc-types set size:34603 disposed:false
1747 silly fetch manifest @walletconnect/safe-json@^1.0.2
1748 silly packumentCache full:https://registry.npmjs.org/@walletconnect%2fsafe-json cache-miss
1749 http fetch GET 200 https://registry.npmjs.org/@walletconnect%2fsafe-json 222ms (cache miss)
1750 silly packumentCache full:https://registry.npmjs.org/@walletconnect%2fsafe-json set size:undefined disposed:false
1751 silly fetch manifest bs58@6.0.0
1752 silly packumentCache full:https://registry.npmjs.org/bs58 cache-hit
1753 silly fetch manifest viem@2.31.0
1754 silly packumentCache full:https://registry.npmjs.org/viem cache-miss
1755 http fetch GET 200 https://registry.npmjs.org/@walletconnect%2fwindow-getters 230ms (cache miss)
1756 silly packumentCache full:https://registry.npmjs.org/@walletconnect%2fwindow-getters set size:undefined disposed:false
1757 silly fetch manifest blakejs@1.2.1
1758 silly packumentCache full:https://registry.npmjs.org/blakejs cache-miss
1759 http cache https://registry.npmjs.org/viem 19ms (cache hit)
1760 silly packumentCache full:https://registry.npmjs.org/viem set size:10606527 disposed:false
1761 silly fetch manifest @scure/base@1.2.6
1762 silly packumentCache full:https://registry.npmjs.org/@scure%2fbase cache-miss
1763 http fetch GET 200 https://registry.npmjs.org/keyvaluestorage-interface 448ms (cache miss)
1764 silly packumentCache full:https://registry.npmjs.org/keyvaluestorage-interface set size:undefined disposed:false
1765 silly fetch manifest query-string@7.1.3
1766 silly packumentCache full:https://registry.npmjs.org/query-string cache-miss
1767 http fetch GET 200 https://registry.npmjs.org/@walletconnect%2fsafe-json 239ms (cache miss)
1768 silly packumentCache full:https://registry.npmjs.org/@walletconnect%2fsafe-json set size:undefined disposed:false
1769 silly fetch manifest @noble/curves@1.9.2
1770 silly packumentCache full:https://registry.npmjs.org/@noble%2fcurves cache-hit
1771 silly fetch manifest @noble/ciphers@1.3.0
1772 silly packumentCache full:https://registry.npmjs.org/@noble%2fciphers cache-miss
1773 http fetch GET 200 https://registry.npmjs.org/@walletconnect%2frelay-auth 459ms (cache miss)
1774 silly packumentCache full:https://registry.npmjs.org/@walletconnect%2frelay-auth set size:undefined disposed:false
1775 silly fetch manifest detect-browser@5.3.0
1776 silly packumentCache full:https://registry.npmjs.org/detect-browser cache-miss
1777 http cache https://registry.npmjs.org/@scure%2fbase 26ms (cache hit)
1778 silly packumentCache full:https://registry.npmjs.org/@scure%2fbase set size:59544 disposed:false
1779 silly fetch manifest @msgpack/msgpack@3.1.2
1780 silly packumentCache full:https://registry.npmjs.org/@msgpack%2fmsgpack cache-miss
1781 http fetch GET 200 https://registry.npmjs.org/pino 266ms (cache miss)
1782 silly packumentCache full:https://registry.npmjs.org/pino set size:undefined disposed:false
1783 silly fetch manifest @walletconnect/window-metadata@1.0.1
1784 silly packumentCache full:https://registry.npmjs.org/@walletconnect%2fwindow-metadata cache-miss
1785 http fetch GET 200 https://registry.npmjs.org/@noble%2fciphers 52ms (cache miss)
1786 silly packumentCache full:https://registry.npmjs.org/@noble%2fciphers set size:undefined disposed:false
1787 http fetch GET 200 https://registry.npmjs.org/detect-browser 51ms (cache miss)
1788 silly packumentCache full:https://registry.npmjs.org/detect-browser set size:undefined disposed:false
1789 http fetch GET 200 https://registry.npmjs.org/query-string 65ms (cache miss)
1790 silly packumentCache full:https://registry.npmjs.org/query-string set size:undefined disposed:false
1791 http fetch GET 200 https://registry.npmjs.org/@msgpack%2fmsgpack 184ms (cache miss)
1792 silly packumentCache full:https://registry.npmjs.org/@msgpack%2fmsgpack set size:undefined disposed:false
1793 http fetch GET 200 https://registry.npmjs.org/blakejs 453ms (cache miss)
1794 silly packumentCache full:https://registry.npmjs.org/blakejs set size:undefined disposed:false
1795 http fetch GET 200 https://registry.npmjs.org/@walletconnect%2fwindow-metadata 204ms (cache miss)
1796 silly packumentCache full:https://registry.npmjs.org/@walletconnect%2fwindow-metadata set size:undefined disposed:false
1797 http fetch GET 200 https://registry.npmjs.org/@walletconnect%2fenvironment 595ms (cache miss)
1798 silly packumentCache full:https://registry.npmjs.org/@walletconnect%2fenvironment set size:undefined disposed:false
1799 silly fetch manifest @react-native-async-storage/async-storage@1.x
1800 silly packumentCache full:https://registry.npmjs.org/@react-native-async-storage%2fasync-storage cache-miss
1801 http cache https://registry.npmjs.org/@react-native-async-storage%2fasync-storage 4ms (cache hit)
1802 silly packumentCache full:https://registry.npmjs.org/@react-native-async-storage%2fasync-storage set size:400637 disposed:false
1803 silly fetch manifest react-native@^0.0.0-0 || >=0.60 <1.0
1804 silly packumentCache full:https://registry.npmjs.org/react-native cache-miss
1805 http cache https://registry.npmjs.org/react-native 26ms (cache hit)
1806 silly packumentCache full:https://registry.npmjs.org/react-native set size:14798652 disposed:false
1807 silly fetch manifest react@^19.2.0
1808 silly packumentCache full:https://registry.npmjs.org/react cache-miss
1809 http cache https://registry.npmjs.org/react 18ms (cache hit)
1810 silly packumentCache full:https://registry.npmjs.org/react set size:6466562 disposed:false
1811 silly placeDep ROOT @walletconnect/jsonrpc-provider@1.0.14 OK for: @walletconnect/core@2.21.8 want: 1.0.14
1812 silly placeDep ROOT @walletconnect/jsonrpc-types@1.0.4 OK for: @walletconnect/core@2.21.8 want: 1.0.4
1813 silly placeDep ROOT @walletconnect/jsonrpc-ws-connection@1.0.16 OK for: @walletconnect/core@2.21.8 want: 1.0.16
1814 silly placeDep ROOT @walletconnect/keyvaluestorage@1.1.1 OK for: @walletconnect/core@2.21.8 want: 1.1.1
1815 silly placeDep ROOT @walletconnect/relay-api@1.0.11 OK for: @walletconnect/core@2.21.8 want: 1.0.11
1816 silly placeDep ROOT @walletconnect/relay-auth@1.1.0 OK for: @walletconnect/core@2.21.8 want: 1.1.0
1817 silly placeDep ROOT @walletconnect/safe-json@1.0.2 OK for: @walletconnect/core@2.21.8 want: 1.0.2
1818 silly placeDep ROOT @walletconnect/window-getters@1.0.1 OK for: @walletconnect/core@2.21.8 want: 1.0.1
1819 silly placeDep ROOT es-toolkit@1.39.3 OK for: @walletconnect/core@2.21.8 want: 1.39.3
1820 silly placeDep ROOT uint8arrays@3.1.1 OK for: @walletconnect/core@2.21.8 want: 3.1.1
1821 silly fetch manifest ws@^7.5.1
1822 silly packumentCache full:https://registry.npmjs.org/ws cache-hit
1823 silly fetch manifest unstorage@^1.9.0
1824 silly packumentCache full:https://registry.npmjs.org/unstorage cache-miss
1825 silly fetch manifest @walletconnect/safe-json@^1.0.1
1826 silly packumentCache full:https://registry.npmjs.org/@walletconnect%2fsafe-json cache-miss
1827 silly fetch manifest uint8arrays@^3.0.0
1828 silly packumentCache full:https://registry.npmjs.org/uint8arrays cache-miss
1829 silly fetch manifest @noble/curves@1.8.0
1830 silly packumentCache full:https://registry.npmjs.org/@noble%2fcurves cache-hit
1831 silly fetch manifest @noble/hashes@1.7.0
1832 silly packumentCache full:https://registry.npmjs.org/@noble%2fhashes cache-hit
1833 silly fetch manifest @walletconnect/safe-json@^1.0.1
1834 silly packumentCache full:https://registry.npmjs.org/@walletconnect%2fsafe-json cache-miss
1835 silly fetch manifest multiformats@^9.4.2
1836 silly packumentCache full:https://registry.npmjs.org/multiformats cache-miss
1837 http cache https://registry.npmjs.org/@walletconnect%2fsafe-json 10ms (cache hit)
1838 silly packumentCache full:https://registry.npmjs.org/@walletconnect%2fsafe-json set size:14680 disposed:false
1839 http cache https://registry.npmjs.org/@walletconnect%2fsafe-json 9ms (cache hit)
1840 silly packumentCache full:https://registry.npmjs.org/@walletconnect%2fsafe-json set size:14680 disposed:false
1841 silly packumentCache full:https://registry.npmjs.org/@walletconnect%2fsafe-json dispose
1842 http cache https://registry.npmjs.org/uint8arrays 13ms (cache hit)
1843 silly packumentCache full:https://registry.npmjs.org/uint8arrays set size:170305 disposed:false
1844 http fetch GET 200 https://registry.npmjs.org/unstorage 34ms (cache miss)
1845 silly packumentCache full:https://registry.npmjs.org/unstorage set size:undefined disposed:false
1846 http fetch GET 200 https://registry.npmjs.org/multiformats 122ms (cache miss)
1847 silly packumentCache full:https://registry.npmjs.org/multiformats set size:undefined disposed:false
1848 silly placeDep ROOT keyvaluestorage-interface@1.0.0 OK for: @walletconnect/events@1.0.1 want: ^1.0.0
1849 silly placeDep ROOT tslib@1.14.1 OK for: @walletconnect/events@1.0.1 want: 1.14.1
1850 silly placeDep ROOT @walletconnect/environment@1.0.1 OK for: @walletconnect/jsonrpc-utils@1.0.8 want: ^1.0.1
1851 silly placeDep node_modules/@walletconnect/jsonrpc-ws-connection ws@7.5.10 OK for: @walletconnect/jsonrpc-ws-connection@1.0.16 want: ^7.5.1
1852 silly fetch manifest @azure/app-configuration@^1.8.0
1853 silly packumentCache full:https://registry.npmjs.org/@azure%2fapp-configuration cache-miss
1854 http fetch GET 200 https://registry.npmjs.org/@azure%2fapp-configuration 77ms (cache miss)
1855 silly packumentCache full:https://registry.npmjs.org/@azure%2fapp-configuration set size:undefined disposed:false
1856 silly fetch manifest @azure/cosmos@^4.2.0
1857 silly packumentCache full:https://registry.npmjs.org/@azure%2fcosmos cache-miss
1858 http fetch GET 200 https://registry.npmjs.org/@azure%2fcosmos 117ms (cache miss)
1859 silly packumentCache full:https://registry.npmjs.org/@azure%2fcosmos set size:undefined disposed:false
1860 silly fetch manifest @azure/data-tables@^13.3.0
1861 silly packumentCache full:https://registry.npmjs.org/@azure%2fdata-tables cache-miss
1862 http fetch GET 200 https://registry.npmjs.org/@azure%2fdata-tables 76ms (cache miss)
1863 silly packumentCache full:https://registry.npmjs.org/@azure%2fdata-tables set size:undefined disposed:false
1864 silly fetch manifest @azure/identity@^4.6.0
1865 silly packumentCache full:https://registry.npmjs.org/@azure%2fidentity cache-miss
1866 http fetch GET 200 https://registry.npmjs.org/@azure%2fidentity 95ms (cache miss)
1867 silly packumentCache full:https://registry.npmjs.org/@azure%2fidentity set size:undefined disposed:false
1868 silly fetch manifest @azure/keyvault-secrets@^4.9.0
1869 silly packumentCache full:https://registry.npmjs.org/@azure%2fkeyvault-secrets cache-miss
1870 http fetch GET 200 https://registry.npmjs.org/@azure%2fkeyvault-secrets 77ms (cache miss)
1871 silly packumentCache full:https://registry.npmjs.org/@azure%2fkeyvault-secrets set size:undefined disposed:false
1872 silly fetch manifest @azure/storage-blob@^12.26.0
1873 silly packumentCache full:https://registry.npmjs.org/@azure%2fstorage-blob cache-miss
1874 http fetch GET 200 https://registry.npmjs.org/@azure%2fstorage-blob 108ms (cache miss)
1875 silly packumentCache full:https://registry.npmjs.org/@azure%2fstorage-blob set size:undefined disposed:false
1876 silly fetch manifest @capacitor/preferences@^6 || ^7 || ^8
1877 silly packumentCache full:https://registry.npmjs.org/@capacitor%2fpreferences cache-miss
1878 http fetch GET 200 https://registry.npmjs.org/@capacitor%2fpreferences 166ms (cache miss)
1879 silly packumentCache full:https://registry.npmjs.org/@capacitor%2fpreferences set size:undefined disposed:false
1880 silly fetch manifest @capacitor/core@>=8.0.0
1881 silly packumentCache full:https://registry.npmjs.org/@capacitor%2fcore cache-miss
1882 http fetch GET 200 https://registry.npmjs.org/@capacitor%2fcore 119ms (cache miss)
1883 silly packumentCache full:https://registry.npmjs.org/@capacitor%2fcore set size:undefined disposed:false
1884 silly fetch manifest @deno/kv@>=0.9.0
1885 silly packumentCache full:https://registry.npmjs.org/@deno%2fkv cache-miss
1886 http fetch GET 200 https://registry.npmjs.org/@deno%2fkv 135ms (cache miss)
1887 silly packumentCache full:https://registry.npmjs.org/@deno%2fkv set size:undefined disposed:false
1888 silly fetch manifest @netlify/blobs@^6.5.0 || ^7.0.0 || ^8.1.0 || ^9.0.0 || ^10.0.0
1889 silly packumentCache full:https://registry.npmjs.org/@netlify%2fblobs cache-miss
1890 http fetch GET 200 https://registry.npmjs.org/@netlify%2fblobs 83ms (cache miss)
1891 silly packumentCache full:https://registry.npmjs.org/@netlify%2fblobs set size:undefined disposed:false
1892 silly fetch manifest @planetscale/database@^1.19.0
1893 silly packumentCache full:https://registry.npmjs.org/@planetscale%2fdatabase cache-miss
1894 http fetch GET 200 https://registry.npmjs.org/@planetscale%2fdatabase 66ms (cache miss)
1895 silly packumentCache full:https://registry.npmjs.org/@planetscale%2fdatabase set size:undefined disposed:false
1896 silly fetch manifest @upstash/redis@^1.34.3
1897 silly packumentCache full:https://registry.npmjs.org/@upstash%2fredis cache-miss
1898 http fetch GET 200 https://registry.npmjs.org/@upstash%2fredis 176ms (cache miss)
1899 silly packumentCache full:https://registry.npmjs.org/@upstash%2fredis set size:undefined disposed:false
1900 silly fetch manifest @vercel/blob@>=0.27.1
1901 silly packumentCache full:https://registry.npmjs.org/@vercel%2fblob cache-miss
1902 http fetch GET 200 https://registry.npmjs.org/@vercel%2fblob 82ms (cache miss)
1903 silly packumentCache full:https://registry.npmjs.org/@vercel%2fblob set size:undefined disposed:false
1904 silly fetch manifest @vercel/functions@^2.2.12 || ^3.0.0
1905 silly packumentCache full:https://registry.npmjs.org/@vercel%2ffunctions cache-miss
1906 http fetch GET 200 https://registry.npmjs.org/@vercel%2ffunctions 55ms (cache miss)
1907 silly packumentCache full:https://registry.npmjs.org/@vercel%2ffunctions set size:undefined disposed:false
1908 silly fetch manifest @aws-sdk/credential-provider-web-identity@*
1909 silly packumentCache full:https://registry.npmjs.org/@aws-sdk%2fcredential-provider-web-identity cache-miss
1910 http fetch GET 200 https://registry.npmjs.org/@aws-sdk%2fcredential-provider-web-identity 81ms (cache miss)
1911 silly packumentCache full:https://registry.npmjs.org/@aws-sdk%2fcredential-provider-web-identity set size:undefined disposed:false
1912 silly fetch manifest @vercel/kv@^1 || ^2 || ^3
1913 silly packumentCache full:https://registry.npmjs.org/@vercel%2fkv cache-miss
1914 http fetch GET 200 https://registry.npmjs.org/@vercel%2fkv 57ms (cache miss)
1915 silly packumentCache full:https://registry.npmjs.org/@vercel%2fkv set size:undefined disposed:false
1916 silly fetch manifest aws4fetch@^1.0.20
1917 silly packumentCache full:https://registry.npmjs.org/aws4fetch cache-miss
1918 http fetch GET 200 https://registry.npmjs.org/aws4fetch 36ms (cache miss)
1919 silly packumentCache full:https://registry.npmjs.org/aws4fetch set size:undefined disposed:false
1920 silly fetch manifest db0@>=0.2.1
1921 silly packumentCache full:https://registry.npmjs.org/db0 cache-miss
1922 http fetch GET 200 https://registry.npmjs.org/db0 32ms (cache miss)
1923 silly packumentCache full:https://registry.npmjs.org/db0 set size:undefined disposed:false
1924 silly fetch manifest @electric-sql/pglite@*
1925 silly packumentCache full:https://registry.npmjs.org/@electric-sql%2fpglite cache-miss
1926 http fetch GET 200 https://registry.npmjs.org/@electric-sql%2fpglite 214ms (cache miss)
1927 silly packumentCache full:https://registry.npmjs.org/@electric-sql%2fpglite set size:undefined disposed:false
1928 silly fetch manifest @libsql/client@*
1929 silly packumentCache full:https://registry.npmjs.org/@libsql%2fclient cache-miss
1930 http fetch GET 200 https://registry.npmjs.org/@libsql%2fclient 139ms (cache miss)
1931 silly packumentCache full:https://registry.npmjs.org/@libsql%2fclient set size:undefined disposed:false
1932 silly fetch manifest better-sqlite3@*
1933 silly packumentCache full:https://registry.npmjs.org/better-sqlite3 cache-miss
1934 http fetch GET 200 https://registry.npmjs.org/better-sqlite3 70ms (cache miss)
1935 silly packumentCache full:https://registry.npmjs.org/better-sqlite3 set size:undefined disposed:false
1936 silly fetch manifest drizzle-orm@*
1937 silly packumentCache full:https://registry.npmjs.org/drizzle-orm cache-miss
1938 http fetch GET 200 https://registry.npmjs.org/drizzle-orm 3288ms (cache miss)
1939 silly packumentCache full:https://registry.npmjs.org/drizzle-orm set size:undefined disposed:false
1940 silly fetch manifest @aws-sdk/client-rds-data@>=3
1941 silly packumentCache full:https://registry.npmjs.org/@aws-sdk%2fclient-rds-data cache-miss
1942 http fetch GET 200 https://registry.npmjs.org/@aws-sdk%2fclient-rds-data 134ms (cache miss)
1943 silly packumentCache full:https://registry.npmjs.org/@aws-sdk%2fclient-rds-data set size:undefined disposed:false
1944 silly fetch manifest @cloudflare/workers-types@>=4
1945 silly packumentCache full:https://registry.npmjs.org/@cloudflare%2fworkers-types cache-miss
1946 http fetch GET 200 https://registry.npmjs.org/@cloudflare%2fworkers-types 193ms (cache miss)
1947 silly packumentCache full:https://registry.npmjs.org/@cloudflare%2fworkers-types set size:undefined disposed:false
1948 silly fetch manifest @libsql/client-wasm@>=0.10.0
1949 silly packumentCache full:https://registry.npmjs.org/@libsql%2fclient-wasm cache-miss
1950 http fetch GET 200 https://registry.npmjs.org/@libsql%2fclient-wasm 189ms (cache miss)
1951 silly packumentCache full:https://registry.npmjs.org/@libsql%2fclient-wasm set size:undefined disposed:false
1952 silly fetch manifest @neondatabase/serverless@>=0.10.0
1953 silly packumentCache full:https://registry.npmjs.org/@neondatabase%2fserverless cache-miss
1954 http fetch GET 200 https://registry.npmjs.org/@neondatabase%2fserverless 95ms (cache miss)
1955 silly packumentCache full:https://registry.npmjs.org/@neondatabase%2fserverless set size:undefined disposed:false
1956 silly fetch manifest @op-engineering/op-sqlite@>=2
1957 silly packumentCache full:https://registry.npmjs.org/@op-engineering%2fop-sqlite cache-miss
1958 http fetch GET 200 https://registry.npmjs.org/@op-engineering%2fop-sqlite 149ms (cache miss)
1959 silly packumentCache full:https://registry.npmjs.org/@op-engineering%2fop-sqlite set size:undefined disposed:false
1960 silly fetch manifest @opentelemetry/api@^1.4.1
1961 silly packumentCache full:https://registry.npmjs.org/@opentelemetry%2fapi cache-miss
1962 http fetch GET 200 https://registry.npmjs.org/@opentelemetry%2fapi 124ms (cache miss)
1963 silly packumentCache full:https://registry.npmjs.org/@opentelemetry%2fapi set size:undefined disposed:false
1964 silly fetch manifest @prisma/client@*
1965 silly packumentCache full:https://registry.npmjs.org/@prisma%2fclient cache-miss
1966 http fetch GET 200 https://registry.npmjs.org/@prisma%2fclient 3651ms (cache miss)
1967 silly packumentCache full:https://registry.npmjs.org/@prisma%2fclient set size:undefined disposed:false
1968 silly fetch manifest prisma@*
1969 silly packumentCache full:https://registry.npmjs.org/prisma cache-miss
1970 http fetch GET 200 https://registry.npmjs.org/prisma 1116ms (cache miss)
1971 silly packumentCache full:https://registry.npmjs.org/prisma set size:undefined disposed:false
1972 silly fetch manifest @tidbcloud/serverless@*
1973 silly packumentCache full:https://registry.npmjs.org/@tidbcloud%2fserverless cache-miss
1974 http fetch GET 200 https://registry.npmjs.org/@tidbcloud%2fserverless 88ms (cache miss)
1975 silly packumentCache full:https://registry.npmjs.org/@tidbcloud%2fserverless set size:undefined disposed:false
1976 silly fetch manifest @types/better-sqlite3@*
1977 silly packumentCache full:https://registry.npmjs.org/@types%2fbetter-sqlite3 cache-miss
1978 http fetch GET 200 https://registry.npmjs.org/@types%2fbetter-sqlite3 52ms (cache miss)
1979 silly packumentCache full:https://registry.npmjs.org/@types%2fbetter-sqlite3 set size:undefined disposed:false
1980 silly fetch manifest @types/pg@*
1981 silly packumentCache full:https://registry.npmjs.org/@types%2fpg cache-miss
1982 http fetch GET 200 https://registry.npmjs.org/@types%2fpg 52ms (cache miss)
1983 silly packumentCache full:https://registry.npmjs.org/@types%2fpg set size:undefined disposed:false
1984 silly fetch manifest @types/sql.js@*
1985 silly packumentCache full:https://registry.npmjs.org/@types%2fsql.js cache-miss
1986 http fetch GET 200 https://registry.npmjs.org/@types%2fsql.js 66ms (cache miss)
1987 silly packumentCache full:https://registry.npmjs.org/@types%2fsql.js set size:undefined disposed:false
1988 silly fetch manifest @vercel/postgres@>=0.8.0
1989 silly packumentCache full:https://registry.npmjs.org/@vercel%2fpostgres cache-miss
1990 http fetch GET 200 https://registry.npmjs.org/@vercel%2fpostgres 178ms (cache miss)
1991 silly packumentCache full:https://registry.npmjs.org/@vercel%2fpostgres set size:undefined disposed:false
1992 silly fetch manifest @xata.io/client@*
1993 silly packumentCache full:https://registry.npmjs.org/@xata.io%2fclient cache-miss
1994 http fetch GET 200 https://registry.npmjs.org/@xata.io%2fclient 515ms (cache miss)
1995 silly packumentCache full:https://registry.npmjs.org/@xata.io%2fclient set size:undefined disposed:false
1996 silly fetch manifest bun-types@*
1997 silly packumentCache full:https://registry.npmjs.org/bun-types cache-miss
1998 http fetch GET 200 https://registry.npmjs.org/bun-types 121ms (cache miss)
1999 silly packumentCache full:https://registry.npmjs.org/bun-types set size:undefined disposed:false
2000 silly fetch manifest expo-sqlite@>=14.0.0
2001 silly packumentCache full:https://registry.npmjs.org/expo-sqlite cache-miss
2002 http fetch GET 200 https://registry.npmjs.org/expo-sqlite 85ms (cache miss)
2003 silly packumentCache full:https://registry.npmjs.org/expo-sqlite set size:undefined disposed:false
2004 silly fetch manifest gel@>=2
2005 silly packumentCache full:https://registry.npmjs.org/gel cache-miss
2006 http fetch GET 200 https://registry.npmjs.org/gel 49ms (cache miss)
2007 silly packumentCache full:https://registry.npmjs.org/gel set size:undefined disposed:false
2008 silly fetch manifest knex@*
2009 silly packumentCache full:https://registry.npmjs.org/knex cache-miss
2010 http fetch GET 200 https://registry.npmjs.org/knex 80ms (cache miss)
2011 silly packumentCache full:https://registry.npmjs.org/knex set size:undefined disposed:false
2012 silly fetch manifest kysely@*
2013 silly packumentCache full:https://registry.npmjs.org/kysely cache-miss
2014 http fetch GET 200 https://registry.npmjs.org/kysely 90ms (cache miss)
2015 silly packumentCache full:https://registry.npmjs.org/kysely set size:undefined disposed:false
2016 silly fetch manifest mysql2@>=2
2017 silly packumentCache full:https://registry.npmjs.org/mysql2 cache-miss
2018 http fetch GET 200 https://registry.npmjs.org/mysql2 53ms (cache miss)
2019 silly packumentCache full:https://registry.npmjs.org/mysql2 set size:undefined disposed:false
2020 silly fetch manifest pg@>=8
2021 silly packumentCache full:https://registry.npmjs.org/pg cache-miss
2022 http fetch GET 200 https://registry.npmjs.org/pg 53ms (cache miss)
2023 silly packumentCache full:https://registry.npmjs.org/pg set size:undefined disposed:false
2024 silly fetch manifest pg-native@>=3.0.1
2025 silly packumentCache full:https://registry.npmjs.org/pg-native cache-miss
2026 http fetch GET 200 https://registry.npmjs.org/pg-native 49ms (cache miss)
2027 silly packumentCache full:https://registry.npmjs.org/pg-native set size:undefined disposed:false
2028 silly fetch manifest postgres@>=3
2029 silly packumentCache full:https://registry.npmjs.org/postgres cache-miss
2030 http fetch GET 200 https://registry.npmjs.org/postgres 46ms (cache miss)
2031 silly packumentCache full:https://registry.npmjs.org/postgres set size:undefined disposed:false
2032 silly fetch manifest sql.js@>=1
2033 silly packumentCache full:https://registry.npmjs.org/sql.js cache-miss
2034 http fetch GET 200 https://registry.npmjs.org/sql.js 48ms (cache miss)
2035 silly packumentCache full:https://registry.npmjs.org/sql.js set size:undefined disposed:false
2036 silly fetch manifest sqlite3@>=5
2037 silly packumentCache full:https://registry.npmjs.org/sqlite3 cache-miss
2038 http fetch GET 200 https://registry.npmjs.org/sqlite3 48ms (cache miss)
2039 silly packumentCache full:https://registry.npmjs.org/sqlite3 set size:undefined disposed:false
2040 silly fetch manifest idb-keyval@^6.2.1
2041 silly packumentCache full:https://registry.npmjs.org/idb-keyval cache-miss
2042 http cache https://registry.npmjs.org/idb-keyval 11ms (cache hit)
2043 silly packumentCache full:https://registry.npmjs.org/idb-keyval set size:127308 disposed:false
2044 silly fetch manifest ioredis@^5.4.2
2045 silly packumentCache full:https://registry.npmjs.org/ioredis cache-miss
2046 http fetch GET 200 https://registry.npmjs.org/ioredis 84ms (cache miss)
2047 silly packumentCache full:https://registry.npmjs.org/ioredis set size:undefined disposed:false
2048 silly fetch manifest uploadthing@^7.4.4
2049 silly packumentCache full:https://registry.npmjs.org/uploadthing cache-miss
2050 http fetch GET 200 https://registry.npmjs.org/uploadthing 93ms (cache miss)
2051 silly packumentCache full:https://registry.npmjs.org/uploadthing set size:undefined disposed:false
2052 silly fetch manifest express@*
2053 silly packumentCache full:https://registry.npmjs.org/express cache-miss
2054 http fetch GET 200 https://registry.npmjs.org/express 70ms (cache miss)
2055 silly packumentCache full:https://registry.npmjs.org/express set size:undefined disposed:false
2056 silly fetch manifest h3@*
2057 silly packumentCache full:https://registry.npmjs.org/h3 cache-miss
2058 http fetch GET 200 https://registry.npmjs.org/h3 55ms (cache miss)
2059 silly packumentCache full:https://registry.npmjs.org/h3 set size:undefined disposed:false
2060 silly fetch manifest crossws@^0.4.1
2061 silly packumentCache full:https://registry.npmjs.org/crossws cache-miss
2062 http fetch GET 200 https://registry.npmjs.org/crossws 36ms (cache miss)
2063 silly packumentCache full:https://registry.npmjs.org/crossws set size:undefined disposed:false
2064 silly fetch manifest srvx@>=0.7.1
2065 silly packumentCache full:https://registry.npmjs.org/srvx cache-miss
2066 http fetch GET 200 https://registry.npmjs.org/srvx 56ms (cache miss)
2067 silly packumentCache full:https://registry.npmjs.org/srvx set size:undefined disposed:false
2068 silly fetch manifest tailwindcss@^3.0.0 || ^4.0.0-beta.0
2069 silly packumentCache full:https://registry.npmjs.org/tailwindcss cache-miss
2070 http fetch GET 200 https://registry.npmjs.org/tailwindcss 301ms (cache miss)
2071 silly packumentCache full:https://registry.npmjs.org/tailwindcss set size:undefined disposed:false
2072 silly placeDep ROOT unstorage@1.17.4 OK for: @walletconnect/keyvaluestorage@1.1.1 want: ^1.9.0
2073 silly fetch manifest anymatch@^3.1.3
2074 silly packumentCache full:https://registry.npmjs.org/anymatch cache-miss
2075 silly fetch manifest destr@^2.0.5
2076 silly packumentCache full:https://registry.npmjs.org/destr cache-miss
2077 silly fetch manifest h3@^1.15.5
2078 silly packumentCache full:https://registry.npmjs.org/h3 cache-miss
2079 silly fetch manifest lru-cache@^11.2.0
2080 silly packumentCache full:https://registry.npmjs.org/lru-cache cache-miss
2081 silly fetch manifest node-fetch-native@^1.6.7
2082 silly packumentCache full:https://registry.npmjs.org/node-fetch-native cache-miss
2083 silly fetch manifest ofetch@^1.5.1
2084 silly packumentCache full:https://registry.npmjs.org/ofetch cache-miss
2085 silly fetch manifest ufo@^1.6.3
2086 silly packumentCache full:https://registry.npmjs.org/ufo cache-miss
2087 http cache https://registry.npmjs.org/h3 26ms (cache hit)
2088 silly packumentCache full:https://registry.npmjs.org/h3 set size:406923 disposed:false
2089 http fetch GET 200 https://registry.npmjs.org/ofetch 58ms (cache miss)
2090 silly packumentCache full:https://registry.npmjs.org/ofetch set size:undefined disposed:false
2091 http fetch GET 200 https://registry.npmjs.org/anymatch 65ms (cache miss)
2092 silly packumentCache full:https://registry.npmjs.org/anymatch set size:undefined disposed:false
2093 http fetch GET 200 https://registry.npmjs.org/destr 68ms (cache miss)
2094 silly packumentCache full:https://registry.npmjs.org/destr set size:undefined disposed:false
2095 http fetch GET 200 https://registry.npmjs.org/ufo 70ms (cache miss)
2096 silly packumentCache full:https://registry.npmjs.org/ufo set size:undefined disposed:false
2097 http fetch GET 200 https://registry.npmjs.org/lru-cache 83ms (cache miss)
2098 silly packumentCache full:https://registry.npmjs.org/lru-cache set size:undefined disposed:false
2099 http fetch GET 200 https://registry.npmjs.org/node-fetch-native 123ms (cache miss)
2100 silly packumentCache full:https://registry.npmjs.org/node-fetch-native set size:undefined disposed:false
2101 silly placeDep ROOT pino@7.11.0 OK for: @walletconnect/logger@2.1.2 want: 7.11.0
2102 silly fetch manifest sonic-boom@^2.2.1
2103 silly packumentCache full:https://registry.npmjs.org/sonic-boom cache-miss
2104 silly fetch manifest fast-redact@^3.0.0
2105 silly packumentCache full:https://registry.npmjs.org/fast-redact cache-miss
2106 silly fetch manifest atomic-sleep@^1.0.0
2107 silly packumentCache full:https://registry.npmjs.org/atomic-sleep cache-miss
2108 silly fetch manifest real-require@^0.1.0
2109 silly packumentCache full:https://registry.npmjs.org/real-require cache-miss
2110 silly fetch manifest thread-stream@^0.15.1
2111 silly packumentCache full:https://registry.npmjs.org/thread-stream cache-miss
2112 silly fetch manifest process-warning@^1.0.0
2113 silly packumentCache full:https://registry.npmjs.org/process-warning cache-miss
2114 silly fetch manifest on-exit-leak-free@^0.2.0
2115 silly packumentCache full:https://registry.npmjs.org/on-exit-leak-free cache-miss
2116 http fetch GET 200 https://registry.npmjs.org/atomic-sleep 68ms (cache miss)
2117 silly packumentCache full:https://registry.npmjs.org/atomic-sleep set size:undefined disposed:false
2118 silly fetch manifest pino-std-serializers@^4.0.0
2119 silly packumentCache full:https://registry.npmjs.org/pino-std-serializers cache-miss
2120 http fetch GET 200 https://registry.npmjs.org/on-exit-leak-free 69ms (cache miss)
2121 silly packumentCache full:https://registry.npmjs.org/on-exit-leak-free set size:undefined disposed:false
2122 silly fetch manifest safe-stable-stringify@^2.1.0
2123 silly packumentCache full:https://registry.npmjs.org/safe-stable-stringify cache-miss
2124 http fetch GET 200 https://registry.npmjs.org/process-warning 76ms (cache miss)
2125 silly packumentCache full:https://registry.npmjs.org/process-warning set size:undefined disposed:false
2126 silly fetch manifest quick-format-unescaped@^4.0.3
2127 silly packumentCache full:https://registry.npmjs.org/quick-format-unescaped cache-miss
2128 http fetch GET 200 https://registry.npmjs.org/real-require 84ms (cache miss)
2129 silly packumentCache full:https://registry.npmjs.org/real-require set size:undefined disposed:false
2130 silly fetch manifest pino-abstract-transport@v0.5.0
2131 silly packumentCache full:https://registry.npmjs.org/pino-abstract-transport cache-miss
2132 http fetch GET 200 https://registry.npmjs.org/fast-redact 90ms (cache miss)
2133 silly packumentCache full:https://registry.npmjs.org/fast-redact set size:undefined disposed:false
2134 http fetch GET 200 https://registry.npmjs.org/thread-stream 92ms (cache miss)
2135 silly packumentCache full:https://registry.npmjs.org/thread-stream set size:undefined disposed:false
2136 http fetch GET 200 https://registry.npmjs.org/sonic-boom 98ms (cache miss)
2137 silly packumentCache full:https://registry.npmjs.org/sonic-boom set size:undefined disposed:false
2138 http fetch GET 200 https://registry.npmjs.org/safe-stable-stringify 44ms (cache miss)
2139 silly packumentCache full:https://registry.npmjs.org/safe-stable-stringify set size:undefined disposed:false
2140 http fetch GET 200 https://registry.npmjs.org/pino-abstract-transport 34ms (cache miss)
2141 silly packumentCache full:https://registry.npmjs.org/pino-abstract-transport set size:undefined disposed:false
2142 http fetch GET 200 https://registry.npmjs.org/quick-format-unescaped 41ms (cache miss)
2143 silly packumentCache full:https://registry.npmjs.org/quick-format-unescaped set size:undefined disposed:false
2144 http fetch GET 200 https://registry.npmjs.org/pino-std-serializers 55ms (cache miss)
2145 silly packumentCache full:https://registry.npmjs.org/pino-std-serializers set size:undefined disposed:false
2146 silly placeDep node_modules/@walletconnect/relay-auth @noble/curves@1.8.0 OK for: @walletconnect/relay-auth@1.1.0 want: 1.8.0
2147 silly placeDep node_modules/@walletconnect/relay-auth @noble/hashes@1.7.0 OK for: @walletconnect/relay-auth@1.1.0 want: 1.7.0
2148 silly placeDep ROOT @walletconnect/jsonrpc-http-connection@1.0.8 OK for: @walletconnect/universal-provider@2.21.8 want: 1.0.8
2149 silly fetch manifest cross-fetch@^3.1.4
2150 silly packumentCache full:https://registry.npmjs.org/cross-fetch cache-miss
2151 http fetch GET 200 https://registry.npmjs.org/cross-fetch 39ms (cache miss)
2152 silly packumentCache full:https://registry.npmjs.org/cross-fetch set size:undefined disposed:false
2153 silly placeDep ROOT cross-fetch@3.2.0 OK for: @walletconnect/jsonrpc-http-connection@1.0.8 want: ^3.1.4
2154 silly placeDep ROOT @msgpack/msgpack@3.1.2 OK for: @walletconnect/utils@2.21.8 want: 3.1.2
2155 silly placeDep ROOT @noble/ciphers@1.3.0 OK for: @walletconnect/utils@2.21.8 want: 1.3.0
2156 silly placeDep node_modules/@walletconnect/utils @noble/curves@1.9.2 OK for: @walletconnect/utils@2.21.8 want: 1.9.2
2157 silly placeDep node_modules/@walletconnect/utils @noble/hashes@1.8.0 OK for: @walletconnect/utils@2.21.8 want: 1.8.0
2158 silly placeDep ROOT @scure/base@1.2.6 OK for: @walletconnect/utils@2.21.8 want: 1.2.6
2159 silly placeDep ROOT @walletconnect/window-metadata@1.0.1 OK for: @walletconnect/utils@2.21.8 want: 1.0.1
2160 silly placeDep ROOT blakejs@1.2.1 OK for: @walletconnect/utils@2.21.8 want: 1.2.1
2161 silly placeDep node_modules/@walletconnect/utils bs58@6.0.0 OK for: @walletconnect/utils@2.21.8 want: 6.0.0
2162 silly placeDep ROOT detect-browser@5.3.0 OK for: @walletconnect/utils@2.21.8 want: 5.3.0
2163 silly placeDep ROOT query-string@7.1.3 OK for: @walletconnect/utils@2.21.8 want: 7.1.3
2164 silly placeDep node_modules/@walletconnect/utils viem@2.31.0 OK for: @walletconnect/utils@2.21.8 want: 2.31.0
2165 silly fetch manifest base-x@^5.0.0
2166 silly packumentCache full:https://registry.npmjs.org/base-x cache-miss
2167 silly fetch manifest filter-obj@^1.1.0
2168 silly packumentCache full:https://registry.npmjs.org/filter-obj cache-miss
2169 silly fetch manifest split-on-first@^1.0.0
2170 silly packumentCache full:https://registry.npmjs.org/split-on-first cache-miss
2171 silly fetch manifest strict-uri-encode@^2.0.0
2172 silly packumentCache full:https://registry.npmjs.org/strict-uri-encode cache-miss
2173 silly fetch manifest decode-uri-component@^0.2.2
2174 silly packumentCache full:https://registry.npmjs.org/decode-uri-component cache-miss
2175 silly fetch manifest ox@0.7.1
2176 silly packumentCache full:https://registry.npmjs.org/ox cache-miss
2177 silly fetch manifest ws@8.18.2
2178 silly packumentCache full:https://registry.npmjs.org/ws cache-hit
2179 http cache https://registry.npmjs.org/base-x 17ms (cache hit)
2180 silly packumentCache full:https://registry.npmjs.org/base-x set size:59894 disposed:false
2181 http cache https://registry.npmjs.org/ox 28ms (cache hit)
2182 silly packumentCache full:https://registry.npmjs.org/ox set size:3560482 disposed:false
2183 http fetch GET 200 https://registry.npmjs.org/decode-uri-component 108ms (cache miss)
2184 silly packumentCache full:https://registry.npmjs.org/decode-uri-component set size:undefined disposed:false
2185 http fetch GET 200 https://registry.npmjs.org/strict-uri-encode 110ms (cache miss)
2186 silly packumentCache full:https://registry.npmjs.org/strict-uri-encode set size:undefined disposed:false
2187 http fetch GET 200 https://registry.npmjs.org/filter-obj 112ms (cache miss)
2188 silly packumentCache full:https://registry.npmjs.org/filter-obj set size:undefined disposed:false
2189 http fetch GET 200 https://registry.npmjs.org/split-on-first 116ms (cache miss)
2190 silly packumentCache full:https://registry.npmjs.org/split-on-first set size:undefined disposed:false
2191 silly placeDep ROOT humanize-ms@1.2.1 OK for: agentkeepalive@4.6.0 want: ^1.2.1
2192 silly fetch manifest ms@^2.0.0
2193 silly packumentCache full:https://registry.npmjs.org/ms cache-hit
2194 silly placeDep node_modules/aria-hidden tslib@2.8.1 OK for: aria-hidden@1.2.6 want: ^2.0.0
2195 silly placeDep ROOT follow-redirects@1.15.11 OK for: axios@1.13.4 want: ^1.15.6
2196 silly placeDep ROOT form-data@4.0.5 OK for: axios@1.13.4 want: ^4.0.4
2197 silly placeDep ROOT proxy-from-env@1.1.0 OK for: axios@1.13.4 want: ^1.1.0
2198 silly fetch manifest asynckit@^0.4.0
2199 silly packumentCache full:https://registry.npmjs.org/asynckit cache-miss
2200 silly fetch manifest combined-stream@^1.0.8
2201 silly packumentCache full:https://registry.npmjs.org/combined-stream cache-miss
2202 silly fetch manifest es-set-tostringtag@^2.1.0
2203 silly packumentCache full:https://registry.npmjs.org/es-set-tostringtag cache-miss
2204 silly fetch manifest hasown@^2.0.2
2205 silly packumentCache full:https://registry.npmjs.org/hasown cache-miss
2206 silly fetch manifest mime-types@^2.1.12
2207 silly packumentCache full:https://registry.npmjs.org/mime-types cache-miss
2208 http fetch GET 200 https://registry.npmjs.org/asynckit 49ms (cache revalidated)
2209 silly packumentCache full:https://registry.npmjs.org/asynckit set size:18932 disposed:false
2210 http fetch GET 200 https://registry.npmjs.org/es-set-tostringtag 51ms (cache revalidated)
2211 silly packumentCache full:https://registry.npmjs.org/es-set-tostringtag set size:22094 disposed:false
2212 http fetch GET 200 https://registry.npmjs.org/hasown 59ms (cache revalidated)
2213 silly packumentCache full:https://registry.npmjs.org/hasown set size:12476 disposed:false
2214 http fetch GET 200 https://registry.npmjs.org/combined-stream 62ms (cache revalidated)
2215 silly packumentCache full:https://registry.npmjs.org/combined-stream set size:40337 disposed:false
2216 http fetch GET 200 https://registry.npmjs.org/mime-types 62ms (cache revalidated)
2217 silly packumentCache full:https://registry.npmjs.org/mime-types set size:139110 disposed:false
2218 silly placeDep ROOT is-retry-allowed@2.2.0 OK for: axios-retry@4.5.0 want: ^2.2.0
2219 silly placeDep ROOT cosmiconfig@7.1.0 OK for: babel-plugin-macros@3.1.0 want: ^7.0.0
2220 silly placeDep ROOT resolve@1.22.11 OK for: babel-plugin-macros@3.1.0 want: ^1.19.0
2221 silly fetch manifest @types/parse-json@^4.0.0
2222 silly packumentCache full:https://registry.npmjs.org/@types%2fparse-json cache-miss
2223 silly fetch manifest import-fresh@^3.2.1
2224 silly packumentCache full:https://registry.npmjs.org/import-fresh cache-miss
2225 silly fetch manifest parse-json@^5.0.0
2226 silly packumentCache full:https://registry.npmjs.org/parse-json cache-miss
2227 silly fetch manifest path-type@^4.0.0
2228 silly packumentCache full:https://registry.npmjs.org/path-type cache-miss
2229 silly fetch manifest yaml@^1.10.0
2230 silly packumentCache full:https://registry.npmjs.org/yaml cache-miss
2231 silly fetch manifest is-core-module@^2.16.1
2232 silly packumentCache full:https://registry.npmjs.org/is-core-module cache-miss
2233 silly fetch manifest path-parse@^1.0.7
2234 silly packumentCache full:https://registry.npmjs.org/path-parse cache-miss
2235 http fetch GET 200 https://registry.npmjs.org/import-fresh 52ms (cache miss)
2236 silly packumentCache full:https://registry.npmjs.org/import-fresh set size:undefined disposed:false
2237 silly fetch manifest supports-preserve-symlinks-flag@^1.0.0
2238 silly packumentCache full:https://registry.npmjs.org/supports-preserve-symlinks-flag cache-miss
2239 http fetch GET 200 https://registry.npmjs.org/parse-json 57ms (cache miss)
2240 silly packumentCache full:https://registry.npmjs.org/parse-json set size:undefined disposed:false
2241 http fetch GET 200 https://registry.npmjs.org/@types%2fparse-json 61ms (cache miss)
2242 silly packumentCache full:https://registry.npmjs.org/@types%2fparse-json set size:undefined disposed:false
2243 http fetch GET 200 https://registry.npmjs.org/is-core-module 61ms (cache miss)
2244 silly packumentCache full:https://registry.npmjs.org/is-core-module set size:undefined disposed:false
2245 http fetch GET 200 https://registry.npmjs.org/path-type 66ms (cache miss)
2246 silly packumentCache full:https://registry.npmjs.org/path-type set size:undefined disposed:false
2247 http fetch GET 200 https://registry.npmjs.org/path-parse 78ms (cache miss)
2248 silly packumentCache full:https://registry.npmjs.org/path-parse set size:undefined disposed:false
2249 http fetch GET 200 https://registry.npmjs.org/yaml 89ms (cache miss)
2250 silly packumentCache full:https://registry.npmjs.org/yaml set size:undefined disposed:false
2251 http fetch GET 200 https://registry.npmjs.org/supports-preserve-symlinks-flag 53ms (cache miss)
2252 silly packumentCache full:https://registry.npmjs.org/supports-preserve-symlinks-flag set size:undefined disposed:false
2253 silly placeDep ROOT text-encoding-utf-8@1.0.2 OK for: borsh@0.7.0 want: ^1.0.2
2254 silly placeDep ROOT base-x@3.0.11 OK for: bs58@4.0.1 want: ^3.0.2
2255 silly fetch manifest safe-buffer@^5.0.1
2256 silly packumentCache full:https://registry.npmjs.org/safe-buffer cache-miss
2257 http fetch GET 200 https://registry.npmjs.org/safe-buffer 57ms (cache revalidated)
2258 silly packumentCache full:https://registry.npmjs.org/safe-buffer set size:41183 disposed:false
2259 silly placeDep ROOT safe-buffer@5.2.1 OK for: base-x@3.0.11 want: ^5.0.1
2260 silly placeDep ROOT base64-js@1.5.1 OK for: buffer@6.0.3 want: ^1.3.1
2261 silly placeDep ROOT ieee754@1.2.1 OK for: buffer@6.0.3 want: ^1.2.1
2262 silly placeDep ROOT chokidar@5.0.0 OK for: c12@3.3.3 want: ^5.0.0
2263 silly placeDep ROOT confbox@0.2.4 OK for: c12@3.3.3 want: ^0.2.2
2264 silly placeDep ROOT defu@6.1.4 OK for: c12@3.3.3 want: ^6.1.4
2265 silly placeDep ROOT dotenv@17.2.4 OK for: c12@3.3.3 want: ^17.2.3
2266 silly placeDep ROOT exsolve@1.0.8 OK for: c12@3.3.3 want: ^1.0.8
2267 silly placeDep ROOT giget@2.0.0 OK for: c12@3.3.3 want: ^2.0.0
2268 silly placeDep ROOT jiti@2.6.1 OK for: c12@3.3.3 want: ^2.6.1
2269 silly placeDep ROOT ohash@2.0.11 OK for: c12@3.3.3 want: ^2.0.11
2270 silly placeDep ROOT pathe@2.0.3 OK for: c12@3.3.3 want: ^2.0.3
2271 silly placeDep ROOT perfect-debounce@2.1.0 OK for: c12@3.3.3 want: ^2.0.0
2272 silly placeDep ROOT pkg-types@2.3.0 OK for: c12@3.3.3 want: ^2.3.0
2273 silly placeDep ROOT rc9@2.1.2 OK for: c12@3.3.3 want: ^2.1.2
2274 silly fetch manifest readdirp@^5.0.0
2275 silly packumentCache full:https://registry.npmjs.org/readdirp cache-miss
2276 silly fetch manifest nypm@^0.6.0
2277 silly packumentCache full:https://registry.npmjs.org/nypm cache-miss
2278 silly fetch manifest citty@^0.1.6
2279 silly packumentCache full:https://registry.npmjs.org/citty cache-miss
2280 silly fetch manifest consola@^3.4.0
2281 silly packumentCache full:https://registry.npmjs.org/consola cache-miss
2282 silly fetch manifest node-fetch-native@^1.6.6
2283 silly packumentCache full:https://registry.npmjs.org/node-fetch-native cache-miss
2284 silly fetch manifest destr@^2.0.3
2285 silly packumentCache full:https://registry.npmjs.org/destr cache-miss
2286 http cache https://registry.npmjs.org/node-fetch-native 21ms (cache hit)
2287 silly packumentCache full:https://registry.npmjs.org/node-fetch-native set size:114626 disposed:false
2288 http cache https://registry.npmjs.org/destr 39ms (cache hit)
2289 silly packumentCache full:https://registry.npmjs.org/destr set size:65344 disposed:false
2290 http fetch GET 200 https://registry.npmjs.org/citty 50ms (cache miss)
2291 silly packumentCache full:https://registry.npmjs.org/citty set size:undefined disposed:false
2292 http fetch GET 200 https://registry.npmjs.org/nypm 54ms (cache miss)
2293 silly packumentCache full:https://registry.npmjs.org/nypm set size:undefined disposed:false
2294 http fetch GET 200 https://registry.npmjs.org/readdirp 60ms (cache miss)
2295 silly packumentCache full:https://registry.npmjs.org/readdirp set size:undefined disposed:false
2296 http fetch GET 200 https://registry.npmjs.org/consola 74ms (cache miss)
2297 silly packumentCache full:https://registry.npmjs.org/consola set size:undefined disposed:false
2298 silly placeDep ROOT readdirp@5.0.0 OK for: chokidar@5.0.0 want: ^5.0.0
2299 silly placeDep ROOT @types/parse-json@4.0.2 OK for: cosmiconfig@7.1.0 want: ^4.0.0
2300 silly placeDep ROOT import-fresh@3.3.1 OK for: cosmiconfig@7.1.0 want: ^3.2.1
2301 silly placeDep ROOT parse-json@5.2.0 OK for: cosmiconfig@7.1.0 want: ^5.0.0
2302 silly placeDep ROOT path-type@4.0.0 OK for: cosmiconfig@7.1.0 want: ^4.0.0
2303 silly placeDep ROOT yaml@1.10.2 OK for: cosmiconfig@7.1.0 want: ^1.10.0
2304 silly fetch manifest parent-module@^1.0.0
2305 silly packumentCache full:https://registry.npmjs.org/parent-module cache-miss
2306 silly fetch manifest resolve-from@^4.0.0
2307 silly packumentCache full:https://registry.npmjs.org/resolve-from cache-miss
2308 silly fetch manifest error-ex@^1.3.1
2309 silly packumentCache full:https://registry.npmjs.org/error-ex cache-miss
2310 silly fetch manifest lines-and-columns@^1.1.6
2311 silly packumentCache full:https://registry.npmjs.org/lines-and-columns cache-miss
2312 silly fetch manifest json-parse-even-better-errors@^2.3.0
2313 silly packumentCache full:https://registry.npmjs.org/json-parse-even-better-errors cache-miss
2314 http fetch GET 200 https://registry.npmjs.org/parent-module 37ms (cache miss)
2315 silly packumentCache full:https://registry.npmjs.org/parent-module set size:undefined disposed:false
2316 http fetch GET 200 https://registry.npmjs.org/error-ex 59ms (cache miss)
2317 silly packumentCache full:https://registry.npmjs.org/error-ex set size:undefined disposed:false
2318 http fetch GET 200 https://registry.npmjs.org/resolve-from 63ms (cache miss)
2319 silly packumentCache full:https://registry.npmjs.org/resolve-from set size:undefined disposed:false
2320 http fetch GET 200 https://registry.npmjs.org/lines-and-columns 66ms (cache miss)
2321 silly packumentCache full:https://registry.npmjs.org/lines-and-columns set size:undefined disposed:false
2322 http fetch GET 200 https://registry.npmjs.org/json-parse-even-better-errors 76ms (cache miss)
2323 silly packumentCache full:https://registry.npmjs.org/json-parse-even-better-errors set size:undefined disposed:false
2324 silly placeDep ROOT path-key@3.1.1 OK for: cross-spawn@7.0.6 want: ^3.1.0
2325 silly placeDep ROOT shebang-command@2.0.0 OK for: cross-spawn@7.0.6 want: ^2.0.0
2326 silly placeDep ROOT which@2.0.2 OK for: cross-spawn@7.0.6 want: ^2.0.1
2327 silly fetch manifest shebang-regex@^3.0.0
2328 silly packumentCache full:https://registry.npmjs.org/shebang-regex cache-miss
2329 silly fetch manifest isexe@^2.0.0
2330 silly packumentCache full:https://registry.npmjs.org/isexe cache-miss
2331 http fetch GET 200 https://registry.npmjs.org/shebang-regex 98ms (cache revalidated)
2332 silly packumentCache full:https://registry.npmjs.org/shebang-regex set size:9763 disposed:false
2333 http fetch GET 200 https://registry.npmjs.org/isexe 128ms (cache revalidated)
2334 silly packumentCache full:https://registry.npmjs.org/isexe set size:21493 disposed:false
2335 silly placeDep ROOT ms@2.1.3 OK for: debug@4.4.3 want: ^2.1.3
2336 silly placeDep ROOT asynckit@0.4.0 OK for: form-data@4.0.5 want: ^0.4.0
2337 silly placeDep ROOT combined-stream@1.0.8 OK for: form-data@4.0.5 want: ^1.0.8
2338 silly placeDep ROOT es-set-tostringtag@2.1.0 OK for: form-data@4.0.5 want: ^2.1.0
2339 silly placeDep ROOT hasown@2.0.2 OK for: form-data@4.0.5 want: ^2.0.2
2340 silly placeDep ROOT mime-types@2.1.35 OK for: form-data@4.0.5 want: ^2.1.12
2341 silly fetch manifest delayed-stream@~1.0.0
2342 silly packumentCache full:https://registry.npmjs.org/delayed-stream cache-miss
2343 silly fetch manifest es-errors@^1.3.0
2344 silly packumentCache full:https://registry.npmjs.org/es-errors cache-miss
2345 silly fetch manifest get-intrinsic@^1.2.6
2346 silly packumentCache full:https://registry.npmjs.org/get-intrinsic cache-miss
2347 silly fetch manifest has-tostringtag@^1.0.2
2348 silly packumentCache full:https://registry.npmjs.org/has-tostringtag cache-miss
2349 silly fetch manifest function-bind@^1.1.2
2350 silly packumentCache full:https://registry.npmjs.org/function-bind cache-miss
2351 silly fetch manifest mime-db@1.52.0
2352 silly packumentCache full:https://registry.npmjs.org/mime-db cache-miss
2353 http fetch GET 200 https://registry.npmjs.org/has-tostringtag 124ms (cache revalidated)
2354 silly packumentCache full:https://registry.npmjs.org/has-tostringtag set size:13945 disposed:false
2355 http fetch GET 200 https://registry.npmjs.org/delayed-stream 134ms (cache revalidated)
2356 silly packumentCache full:https://registry.npmjs.org/delayed-stream set size:15820 disposed:false
2357 http fetch GET 200 https://registry.npmjs.org/es-errors 136ms (cache revalidated)
2358 silly packumentCache full:https://registry.npmjs.org/es-errors set size:16918 disposed:false
2359 http fetch GET 200 https://registry.npmjs.org/mime-db 136ms (cache revalidated)
2360 silly packumentCache full:https://registry.npmjs.org/mime-db set size:164953 disposed:false
2361 http fetch GET 200 https://registry.npmjs.org/get-intrinsic 148ms (cache revalidated)
2362 silly packumentCache full:https://registry.npmjs.org/get-intrinsic set size:60985 disposed:false
2363 http fetch GET 200 https://registry.npmjs.org/function-bind 151ms (cache revalidated)
2364 silly packumentCache full:https://registry.npmjs.org/function-bind set size:15733 disposed:false
2365 silly placeDep ROOT delayed-stream@1.0.0 OK for: combined-stream@1.0.8 want: ~1.0.0
2366 silly placeDep ROOT es-errors@1.3.0 OK for: es-set-tostringtag@2.1.0 want: ^1.3.0
2367 silly placeDep ROOT get-intrinsic@1.3.0 OK for: es-set-tostringtag@2.1.0 want: ^1.2.6
2368 silly placeDep ROOT has-tostringtag@1.0.2 OK for: es-set-tostringtag@2.1.0 want: ^1.0.2
2369 silly fetch manifest gopd@^1.2.0
2370 silly packumentCache full:https://registry.npmjs.org/gopd cache-miss
2371 silly fetch manifest get-proto@^1.0.1
2372 silly packumentCache full:https://registry.npmjs.org/get-proto cache-miss
2373 silly fetch manifest has-symbols@^1.1.0
2374 silly packumentCache full:https://registry.npmjs.org/has-symbols cache-miss
2375 silly fetch manifest es-object-atoms@^1.1.1
2376 silly packumentCache full:https://registry.npmjs.org/es-object-atoms cache-miss
2377 silly fetch manifest math-intrinsics@^1.1.0
2378 silly packumentCache full:https://registry.npmjs.org/math-intrinsics cache-miss
2379 silly fetch manifest es-define-property@^1.0.1
2380 silly packumentCache full:https://registry.npmjs.org/es-define-property cache-miss
2381 silly fetch manifest call-bind-apply-helpers@^1.0.2
2382 silly packumentCache full:https://registry.npmjs.org/call-bind-apply-helpers cache-miss
2383 http fetch GET 200 https://registry.npmjs.org/get-proto 64ms (cache revalidated)
2384 silly packumentCache full:https://registry.npmjs.org/get-proto set size:8300 disposed:false
2385 silly fetch manifest has-symbols@^1.0.3
2386 silly packumentCache full:https://registry.npmjs.org/has-symbols cache-miss
2387 http fetch GET 200 https://registry.npmjs.org/has-symbols 69ms (cache revalidated)
2388 silly packumentCache full:https://registry.npmjs.org/has-symbols set size:21550 disposed:false
2389 http fetch GET 200 https://registry.npmjs.org/call-bind-apply-helpers 68ms (cache revalidated)
2390 silly packumentCache full:https://registry.npmjs.org/call-bind-apply-helpers set size:12744 disposed:false
2391 http fetch GET 200 https://registry.npmjs.org/es-define-property 71ms (cache revalidated)
2392 silly packumentCache full:https://registry.npmjs.org/es-define-property set size:8542 disposed:false
2393 http fetch GET 200 https://registry.npmjs.org/gopd 76ms (cache revalidated)
2394 silly packumentCache full:https://registry.npmjs.org/gopd set size:11458 disposed:false
2395 http fetch GET 200 https://registry.npmjs.org/math-intrinsics 74ms (cache revalidated)
2396 silly packumentCache full:https://registry.npmjs.org/math-intrinsics set size:9265 disposed:false
2397 http fetch GET 200 https://registry.npmjs.org/es-object-atoms 80ms (cache revalidated)
2398 silly packumentCache full:https://registry.npmjs.org/es-object-atoms set size:15304 disposed:false
2399 http cache https://registry.npmjs.org/has-symbols 26ms (cache hit)
2400 silly packumentCache full:https://registry.npmjs.org/has-symbols set size:21550 disposed:false
2401 silly packumentCache full:https://registry.npmjs.org/has-symbols dispose
2402 silly placeDep ROOT call-bind-apply-helpers@1.0.2 OK for: get-intrinsic@1.3.0 want: ^1.0.2
2403 silly placeDep ROOT es-define-property@1.0.1 OK for: get-intrinsic@1.3.0 want: ^1.0.1
2404 silly placeDep ROOT es-object-atoms@1.1.1 OK for: get-intrinsic@1.3.0 want: ^1.1.1
2405 silly placeDep ROOT function-bind@1.1.2 OK for: get-intrinsic@1.3.0 want: ^1.1.2
2406 silly placeDep ROOT get-proto@1.0.1 OK for: get-intrinsic@1.3.0 want: ^1.0.1
2407 silly placeDep ROOT gopd@1.2.0 OK for: get-intrinsic@1.3.0 want: ^1.2.0
2408 silly placeDep ROOT has-symbols@1.1.0 OK for: get-intrinsic@1.3.0 want: ^1.1.0
2409 silly placeDep ROOT math-intrinsics@1.1.0 OK for: get-intrinsic@1.3.0 want: ^1.1.0
2410 silly fetch manifest dunder-proto@^1.0.1
2411 silly packumentCache full:https://registry.npmjs.org/dunder-proto cache-miss
2412 http fetch GET 200 https://registry.npmjs.org/dunder-proto 41ms (cache revalidated)
2413 silly packumentCache full:https://registry.npmjs.org/dunder-proto set size:8256 disposed:false
2414 silly placeDep ROOT dunder-proto@1.0.1 OK for: get-proto@1.0.1 want: ^1.0.1
2415 silly placeDep ROOT citty@0.1.6 OK for: giget@2.0.0 want: ^0.1.6
2416 silly placeDep ROOT consola@3.4.2 OK for: giget@2.0.0 want: ^3.4.0
2417 silly placeDep ROOT node-fetch-native@1.6.7 OK for: giget@2.0.0 want: ^1.6.6
2418 silly placeDep ROOT nypm@0.6.5 OK for: giget@2.0.0 want: ^0.6.0
2419 silly fetch manifest consola@^3.2.3
2420 silly packumentCache full:https://registry.npmjs.org/consola cache-miss
2421 silly fetch manifest citty@^0.2.0
2422 silly packumentCache full:https://registry.npmjs.org/citty cache-miss
2423 silly fetch manifest tinyexec@^1.0.2
2424 silly packumentCache full:https://registry.npmjs.org/tinyexec cache-miss
2425 http cache https://registry.npmjs.org/citty 11ms (cache hit)
2426 silly packumentCache full:https://registry.npmjs.org/citty set size:29428 disposed:false
2427 http cache https://registry.npmjs.org/consola 14ms (cache hit)
2428 silly packumentCache full:https://registry.npmjs.org/consola set size:324648 disposed:false
2429 http fetch GET 200 https://registry.npmjs.org/tinyexec 38ms (cache miss)
2430 silly packumentCache full:https://registry.npmjs.org/tinyexec set size:undefined disposed:false
2431 silly placeDep ROOT react-is@16.13.1 OK for: hoist-non-react-statics@3.3.2 want: ^16.7.0
2432 silly placeDep ROOT parent-module@1.0.1 OK for: import-fresh@3.3.1 want: ^1.0.0
2433 silly placeDep ROOT resolve-from@4.0.0 OK for: import-fresh@3.3.1 want: ^4.0.0
2434 silly fetch manifest callsites@^3.0.0
2435 silly packumentCache full:https://registry.npmjs.org/callsites cache-miss
2436 http fetch GET 200 https://registry.npmjs.org/callsites 45ms (cache miss)
2437 silly packumentCache full:https://registry.npmjs.org/callsites set size:undefined disposed:false
2438 silly placeDep ROOT @types/connect@3.4.38 OK for: jayson@4.3.0 want: ^3.4.33
2439 silly placeDep ROOT @types/node@12.20.55 OK for: jayson@4.3.0 want: ^12.12.54
2440 silly placeDep ROOT @types/ws@7.4.7 OK for: jayson@4.3.0 want: ^7.4.4
2441 silly placeDep node_modules/jayson commander@2.20.3 OK for: jayson@4.3.0 want: ^2.20.3
2442 silly placeDep ROOT delay@5.0.0 OK for: jayson@4.3.0 want: ^5.0.0
2443 silly placeDep ROOT es6-promisify@5.0.0 OK for: jayson@4.3.0 want: ^5.0.0
2444 silly placeDep ROOT eyes@0.1.8 OK for: jayson@4.3.0 want: ^0.1.8
2445 silly placeDep ROOT isomorphic-ws@4.0.1 OK for: jayson@4.3.0 want: ^4.0.1
2446 silly placeDep ROOT json-stringify-safe@5.0.1 OK for: jayson@4.3.0 want: ^5.0.1
2447 silly placeDep ROOT stream-json@1.9.1 OK for: jayson@4.3.0 want: ^1.9.1
2448 silly placeDep ROOT uuid@8.3.2 OK for: jayson@4.3.0 want: ^8.3.2
2449 silly placeDep node_modules/jayson ws@7.5.10 OK for: jayson@4.3.0 want: ^7.5.10
2450 silly fetch manifest @types/node@*
2451 silly packumentCache full:https://registry.npmjs.org/@types%2fnode cache-miss
2452 silly fetch manifest es6-promise@^4.0.3
2453 silly packumentCache full:https://registry.npmjs.org/es6-promise cache-miss
2454 silly fetch manifest stream-chain@^2.2.5
2455 silly packumentCache full:https://registry.npmjs.org/stream-chain cache-miss
2456 http cache https://registry.npmjs.org/@types%2fnode 27ms (cache hit)
2457 silly packumentCache full:https://registry.npmjs.org/@types%2fnode set size:10833619 disposed:false
2458 http fetch GET 200 https://registry.npmjs.org/stream-chain 222ms (cache miss)
2459 silly packumentCache full:https://registry.npmjs.org/stream-chain set size:undefined disposed:false
2460 http fetch GET 200 https://registry.npmjs.org/es6-promise 224ms (cache miss)
2461 silly packumentCache full:https://registry.npmjs.org/es6-promise set size:undefined disposed:false
2462 silly placeDep ROOT es6-promise@4.2.8 OK for: es6-promisify@5.0.0 want: ^4.0.3
2463 silly placeDep ROOT argparse@2.0.1 OK for: js-yaml@4.1.1 want: ^2.0.1
2464 silly placeDep ROOT charenc@0.0.2 OK for: md5@2.3.0 want: 0.0.2
2465 silly placeDep ROOT crypt@0.0.2 OK for: md5@2.3.0 want: 0.0.2
2466 silly placeDep ROOT is-buffer@1.1.6 OK for: md5@2.3.0 want: ~1.1.6
2467 silly placeDep ROOT mime-db@1.52.0 OK for: mime-types@2.1.35 want: 1.52.0
2468 silly placeDep ROOT whatwg-url@5.0.0 OK for: node-fetch@2.7.0 want: ^5.0.0
2469 silly fetch manifest tr46@~0.0.3
2470 silly packumentCache full:https://registry.npmjs.org/tr46 cache-miss
2471 silly fetch manifest webidl-conversions@^3.0.0
2472 silly packumentCache full:https://registry.npmjs.org/webidl-conversions cache-miss
2473 http fetch GET 200 https://registry.npmjs.org/webidl-conversions 38ms (cache miss)
2474 silly packumentCache full:https://registry.npmjs.org/webidl-conversions set size:undefined disposed:false
2475 http fetch GET 200 https://registry.npmjs.org/tr46 45ms (cache miss)
2476 silly packumentCache full:https://registry.npmjs.org/tr46 set size:undefined disposed:false
2477 silly placeDep node_modules/nypm citty@0.2.0 OK for: nypm@0.6.5 want: ^0.2.0
2478 silly placeDep ROOT tinyexec@1.0.2 OK for: nypm@0.6.5 want: ^1.0.2
2479 silly placeDep ROOT default-browser@5.5.0 OK for: open@10.1.1 want: ^5.2.1
2480 silly placeDep ROOT define-lazy-prop@3.0.0 OK for: open@10.1.1 want: ^3.0.0
2481 silly placeDep ROOT is-inside-container@1.0.0 OK for: open@10.1.1 want: ^1.0.0
2482 silly placeDep ROOT is-wsl@3.1.0 OK for: open@10.1.1 want: ^3.1.0
2483 silly fetch manifest bundle-name@^4.1.0
2484 silly packumentCache full:https://registry.npmjs.org/bundle-name cache-miss
2485 silly fetch manifest default-browser-id@^5.0.0
2486 silly packumentCache full:https://registry.npmjs.org/default-browser-id cache-miss
2487 silly fetch manifest is-docker@^3.0.0
2488 silly packumentCache full:https://registry.npmjs.org/is-docker cache-miss
2489 http fetch GET 200 https://registry.npmjs.org/default-browser-id 39ms (cache miss)
2490 silly packumentCache full:https://registry.npmjs.org/default-browser-id set size:undefined disposed:false
2491 http fetch GET 200 https://registry.npmjs.org/bundle-name 44ms (cache miss)
2492 silly packumentCache full:https://registry.npmjs.org/bundle-name set size:undefined disposed:false
2493 http fetch GET 200 https://registry.npmjs.org/is-docker 44ms (cache miss)
2494 silly packumentCache full:https://registry.npmjs.org/is-docker set size:undefined disposed:false
2495 silly placeDep ROOT bundle-name@4.1.0 OK for: default-browser@5.5.0 want: ^4.1.0
2496 silly placeDep ROOT default-browser-id@5.0.1 OK for: default-browser@5.5.0 want: ^5.0.0
2497 silly fetch manifest run-applescript@^7.0.0
2498 silly packumentCache full:https://registry.npmjs.org/run-applescript cache-miss
2499 http fetch GET 200 https://registry.npmjs.org/run-applescript 33ms (cache miss)
2500 silly packumentCache full:https://registry.npmjs.org/run-applescript set size:undefined disposed:false
2501 silly placeDep ROOT run-applescript@7.1.0 OK for: bundle-name@4.1.0 want: ^7.0.0
2502 silly placeDep ROOT is-docker@3.0.0 OK for: is-inside-container@1.0.0 want: ^3.0.0
2503 silly placeDep ROOT cli-cursor@5.0.0 OK for: ora@8.2.0 want: ^5.0.0
2504 silly placeDep ROOT cli-spinners@2.9.2 OK for: ora@8.2.0 want: ^2.9.2
2505 silly placeDep ROOT is-interactive@2.0.0 OK for: ora@8.2.0 want: ^2.0.0
2506 silly placeDep ROOT is-unicode-supported@2.1.0 OK for: ora@8.2.0 want: ^2.0.0
2507 silly placeDep ROOT log-symbols@6.0.0 OK for: ora@8.2.0 want: ^6.0.0
2508 silly placeDep ROOT stdin-discarder@0.2.2 OK for: ora@8.2.0 want: ^0.2.2
2509 silly placeDep ROOT string-width@7.2.0 OK for: ora@8.2.0 want: ^7.2.0
2510 silly placeDep ROOT strip-ansi@7.1.2 OK for: ora@8.2.0 want: ^7.1.0
2511 silly fetch manifest restore-cursor@^5.0.0
2512 silly packumentCache full:https://registry.npmjs.org/restore-cursor cache-miss
2513 silly fetch manifest is-unicode-supported@^1.3.0
2514 silly packumentCache full:https://registry.npmjs.org/is-unicode-supported cache-miss
2515 silly fetch manifest emoji-regex@^10.3.0
2516 silly packumentCache full:https://registry.npmjs.org/emoji-regex cache-miss
2517 silly fetch manifest get-east-asian-width@^1.0.0
2518 silly packumentCache full:https://registry.npmjs.org/get-east-asian-width cache-miss
2519 silly fetch manifest ansi-regex@^6.0.1
2520 silly packumentCache full:https://registry.npmjs.org/ansi-regex cache-miss
2521 http cache https://registry.npmjs.org/is-unicode-supported 12ms (cache hit)
2522 silly packumentCache full:https://registry.npmjs.org/is-unicode-supported set size:19461 disposed:false
2523 http fetch GET 200 https://registry.npmjs.org/emoji-regex 40ms (cache revalidated)
2524 silly packumentCache full:https://registry.npmjs.org/emoji-regex set size:89088 disposed:false
2525 http fetch GET 200 https://registry.npmjs.org/get-east-asian-width 44ms (cache miss)
2526 silly packumentCache full:https://registry.npmjs.org/get-east-asian-width set size:undefined disposed:false
2527 http fetch GET 200 https://registry.npmjs.org/restore-cursor 46ms (cache miss)
2528 silly packumentCache full:https://registry.npmjs.org/restore-cursor set size:undefined disposed:false
2529 http fetch GET 200 https://registry.npmjs.org/ansi-regex 46ms (cache revalidated)
2530 silly packumentCache full:https://registry.npmjs.org/ansi-regex set size:43572 disposed:false
2531 silly placeDep ROOT restore-cursor@5.1.0 OK for: cli-cursor@5.0.0 want: ^5.0.0
2532 silly fetch manifest onetime@^7.0.0
2533 silly packumentCache full:https://registry.npmjs.org/onetime cache-miss
2534 silly fetch manifest signal-exit@^4.1.0
2535 silly packumentCache full:https://registry.npmjs.org/signal-exit cache-miss
2536 http fetch GET 200 https://registry.npmjs.org/onetime 36ms (cache miss)
2537 silly packumentCache full:https://registry.npmjs.org/onetime set size:undefined disposed:false
2538 http fetch GET 200 https://registry.npmjs.org/signal-exit 40ms (cache miss)
2539 silly packumentCache full:https://registry.npmjs.org/signal-exit set size:undefined disposed:false
2540 silly placeDep node_modules/log-symbols is-unicode-supported@1.3.0 OK for: log-symbols@6.0.0 want: ^1.3.0
2541 silly placeDep ROOT @adraffy/ens-normalize@1.11.1 OK for: ox@0.7.0 want: ^1.10.1
2542 silly placeDep ROOT @scure/bip32@1.7.0 OK for: ox@0.7.0 want: ^1.5.0
2543 silly placeDep ROOT @scure/bip39@1.6.0 OK for: ox@0.7.0 want: ^1.4.0
2544 silly fetch manifest @noble/curves@~1.9.0
2545 silly packumentCache full:https://registry.npmjs.org/@noble%2fcurves cache-hit
2546 silly fetch manifest @noble/hashes@~1.8.0
2547 silly packumentCache full:https://registry.npmjs.org/@noble%2fhashes cache-hit
2548 silly fetch manifest @noble/hashes@~1.8.0
2549 silly packumentCache full:https://registry.npmjs.org/@noble%2fhashes cache-hit
2550 silly placeDep node_modules/@scure/bip32 @noble/curves@1.9.7 OK for: @scure/bip32@1.7.0 want: ~1.9.0
2551 silly placeDep node_modules/@scure/bip32 @noble/hashes@1.8.0 OK for: @scure/bip32@1.7.0 want: ~1.8.0
2552 silly placeDep node_modules/@scure/bip39 @noble/hashes@1.8.0 OK for: @scure/bip39@1.6.0 want: ~1.8.0
2553 silly placeDep ROOT callsites@3.1.0 OK for: parent-module@1.0.1 want: ^3.0.0
2554 silly placeDep ROOT error-ex@1.3.4 OK for: parse-json@5.2.0 want: ^1.3.1
2555 silly placeDep ROOT json-parse-even-better-errors@2.3.1 OK for: parse-json@5.2.0 want: ^2.3.0
2556 silly placeDep ROOT lines-and-columns@1.2.4 OK for: parse-json@5.2.0 want: ^1.1.6
2557 silly fetch manifest is-arrayish@^0.2.1
2558 silly packumentCache full:https://registry.npmjs.org/is-arrayish cache-miss
2559 http fetch GET 200 https://registry.npmjs.org/is-arrayish 36ms (cache miss)
2560 silly packumentCache full:https://registry.npmjs.org/is-arrayish set size:undefined disposed:false
2561 silly placeDep ROOT is-arrayish@0.2.1 OK for: error-ex@1.3.4 want: ^0.2.1
2562 silly placeDep ROOT atomic-sleep@1.0.0 OK for: pino@7.11.0 want: ^1.0.0
2563 silly placeDep ROOT fast-redact@3.5.0 OK for: pino@7.11.0 want: ^3.0.0
2564 silly placeDep ROOT on-exit-leak-free@0.2.0 OK for: pino@7.11.0 want: ^0.2.0
2565 silly placeDep ROOT pino-abstract-transport@0.5.0 OK for: pino@7.11.0 want: v0.5.0
2566 silly placeDep ROOT pino-std-serializers@4.0.0 OK for: pino@7.11.0 want: ^4.0.0
2567 silly placeDep ROOT process-warning@1.0.0 OK for: pino@7.11.0 want: ^1.0.0
2568 silly placeDep ROOT quick-format-unescaped@4.0.4 OK for: pino@7.11.0 want: ^4.0.3
2569 silly placeDep ROOT real-require@0.1.0 OK for: pino@7.11.0 want: ^0.1.0
2570 silly placeDep ROOT safe-stable-stringify@2.5.0 OK for: pino@7.11.0 want: ^2.1.0
2571 silly placeDep ROOT sonic-boom@2.8.0 OK for: pino@7.11.0 want: ^2.2.1
2572 silly placeDep ROOT thread-stream@0.15.2 OK for: pino@7.11.0 want: ^0.15.1
2573 silly fetch manifest split2@^4.0.0
2574 silly packumentCache full:https://registry.npmjs.org/split2 cache-miss
2575 silly fetch manifest duplexify@^4.1.2
2576 silly packumentCache full:https://registry.npmjs.org/duplexify cache-miss
2577 http fetch GET 200 https://registry.npmjs.org/split2 38ms (cache miss)
2578 silly packumentCache full:https://registry.npmjs.org/split2 set size:undefined disposed:false
2579 http fetch GET 200 https://registry.npmjs.org/duplexify 132ms (cache miss)
2580 silly packumentCache full:https://registry.npmjs.org/duplexify set size:undefined disposed:false
2581 silly placeDep ROOT duplexify@4.1.3 OK for: pino-abstract-transport@0.5.0 want: ^4.1.2
2582 silly placeDep ROOT split2@4.2.0 OK for: pino-abstract-transport@0.5.0 want: ^4.0.0
2583 silly fetch manifest end-of-stream@^1.4.1
2584 silly packumentCache full:https://registry.npmjs.org/end-of-stream cache-miss
2585 silly fetch manifest inherits@^2.0.3
2586 silly packumentCache full:https://registry.npmjs.org/inherits cache-miss
2587 silly fetch manifest readable-stream@^3.1.1
2588 silly packumentCache full:https://registry.npmjs.org/readable-stream cache-miss
2589 silly fetch manifest stream-shift@^1.0.2
2590 silly packumentCache full:https://registry.npmjs.org/stream-shift cache-miss
2591 http fetch GET 200 https://registry.npmjs.org/stream-shift 44ms (cache miss)
2592 silly packumentCache full:https://registry.npmjs.org/stream-shift set size:undefined disposed:false
2593 http fetch GET 200 https://registry.npmjs.org/readable-stream 53ms (cache revalidated)
2594 silly packumentCache full:https://registry.npmjs.org/readable-stream set size:261096 disposed:false
2595 http fetch GET 200 https://registry.npmjs.org/end-of-stream 66ms (cache revalidated)
2596 silly packumentCache full:https://registry.npmjs.org/end-of-stream set size:27842 disposed:false
2597 http fetch GET 200 https://registry.npmjs.org/inherits 69ms (cache revalidated)
2598 silly packumentCache full:https://registry.npmjs.org/inherits set size:12925 disposed:false
2599 silly placeDep ROOT end-of-stream@1.4.5 OK for: duplexify@4.1.3 want: ^1.4.1
2600 silly placeDep ROOT inherits@2.0.4 OK for: duplexify@4.1.3 want: ^2.0.3
2601 silly placeDep ROOT readable-stream@3.6.2 OK for: duplexify@4.1.3 want: ^3.1.1
2602 silly placeDep ROOT stream-shift@1.0.3 OK for: duplexify@4.1.3 want: ^1.0.2
2603 silly fetch manifest once@^1.4.0
2604 silly packumentCache full:https://registry.npmjs.org/once cache-miss
2605 silly fetch manifest string_decoder@^1.1.1
2606 silly packumentCache full:https://registry.npmjs.org/string_decoder cache-miss
2607 silly fetch manifest util-deprecate@^1.0.1
2608 silly packumentCache full:https://registry.npmjs.org/util-deprecate cache-miss
2609 http fetch GET 200 https://registry.npmjs.org/util-deprecate 66ms (cache revalidated)
2610 silly packumentCache full:https://registry.npmjs.org/util-deprecate set size:6674 disposed:false
2611 http fetch GET 200 https://registry.npmjs.org/string_decoder 70ms (cache revalidated)
2612 silly packumentCache full:https://registry.npmjs.org/string_decoder set size:28441 disposed:false
2613 http fetch GET 200 https://registry.npmjs.org/once 74ms (cache revalidated)
2614 silly packumentCache full:https://registry.npmjs.org/once set size:11768 disposed:false
2615 silly placeDep ROOT once@1.4.0 OK for: end-of-stream@1.4.5 want: ^1.4.0
2616 silly fetch manifest wrappy@1
2617 silly packumentCache full:https://registry.npmjs.org/wrappy cache-miss
2618 http fetch GET 200 https://registry.npmjs.org/wrappy 36ms (cache revalidated)
2619 silly packumentCache full:https://registry.npmjs.org/wrappy set size:7682 disposed:false
2620 silly placeDep ROOT wrappy@1.0.2 OK for: once@1.4.0 want: 1
2621 silly placeDep ROOT kleur@3.0.3 OK for: prompts@2.4.2 want: ^3.0.3
2622 silly placeDep ROOT sisteransi@1.0.5 OK for: prompts@2.4.2 want: ^1.0.5
2623 silly placeDep ROOT dijkstrajs@1.0.3 OK for: qrcode@1.5.3 want: ^1.0.1
2624 silly placeDep ROOT encode-utf8@1.0.3 OK for: qrcode@1.5.3 want: ^1.0.3
2625 silly placeDep ROOT pngjs@5.0.0 OK for: qrcode@1.5.3 want: ^5.0.0
2626 silly placeDep ROOT yargs@15.4.1 OK for: qrcode@1.5.3 want: ^15.3.1
2627 silly fetch manifest y18n@^4.0.0
2628 silly packumentCache full:https://registry.npmjs.org/y18n cache-miss
2629 silly fetch manifest cliui@^6.0.0
2630 silly packumentCache full:https://registry.npmjs.org/cliui cache-miss
2631 silly fetch manifest find-up@^4.1.0
2632 silly packumentCache full:https://registry.npmjs.org/find-up cache-miss
2633 silly fetch manifest decamelize@^1.2.0
2634 silly packumentCache full:https://registry.npmjs.org/decamelize cache-miss
2635 silly fetch manifest set-blocking@^2.0.0
2636 silly packumentCache full:https://registry.npmjs.org/set-blocking cache-miss
2637 silly fetch manifest string-width@^4.2.0
2638 silly packumentCache full:https://registry.npmjs.org/string-width cache-hit
2639 silly fetch manifest which-module@^2.0.0
2640 silly packumentCache full:https://registry.npmjs.org/which-module cache-miss
2641 silly fetch manifest yargs-parser@^18.1.2
2642 silly packumentCache full:https://registry.npmjs.org/yargs-parser cache-miss
2643 http fetch GET 200 https://registry.npmjs.org/cliui 34ms (cache miss)
2644 silly packumentCache full:https://registry.npmjs.org/cliui set size:undefined disposed:false
2645 silly fetch manifest get-caller-file@^2.0.1
2646 silly packumentCache full:https://registry.npmjs.org/get-caller-file cache-miss
2647 http fetch GET 200 https://registry.npmjs.org/find-up 52ms (cache miss)
2648 silly packumentCache full:https://registry.npmjs.org/find-up set size:undefined disposed:false
2649 silly fetch manifest require-directory@^2.1.1
2650 silly packumentCache full:https://registry.npmjs.org/require-directory cache-miss
2651 http fetch GET 200 https://registry.npmjs.org/which-module 55ms (cache miss)
2652 silly packumentCache full:https://registry.npmjs.org/which-module set size:undefined disposed:false
2653 silly fetch manifest require-main-filename@^2.0.0
2654 silly packumentCache full:https://registry.npmjs.org/require-main-filename cache-miss
2655 http fetch GET 200 https://registry.npmjs.org/decamelize 60ms (cache miss)
2656 silly packumentCache full:https://registry.npmjs.org/decamelize set size:undefined disposed:false
2657 http fetch GET 200 https://registry.npmjs.org/set-blocking 60ms (cache miss)
2658 silly packumentCache full:https://registry.npmjs.org/set-blocking set size:undefined disposed:false
2659 http fetch GET 200 https://registry.npmjs.org/y18n 63ms (cache miss)
2660 silly packumentCache full:https://registry.npmjs.org/y18n set size:undefined disposed:false
2661 http fetch GET 200 https://registry.npmjs.org/yargs-parser 62ms (cache miss)
2662 silly packumentCache full:https://registry.npmjs.org/yargs-parser set size:undefined disposed:false
2663 http fetch GET 200 https://registry.npmjs.org/get-caller-file 36ms (cache miss)
2664 silly packumentCache full:https://registry.npmjs.org/get-caller-file set size:undefined disposed:false
2665 http fetch GET 200 https://registry.npmjs.org/require-directory 28ms (cache miss)
2666 silly packumentCache full:https://registry.npmjs.org/require-directory set size:undefined disposed:false
2667 http fetch GET 200 https://registry.npmjs.org/require-main-filename 25ms (cache miss)
2668 silly packumentCache full:https://registry.npmjs.org/require-main-filename set size:undefined disposed:false
2669 silly placeDep ROOT decode-uri-component@0.2.2 OK for: query-string@7.1.3 want: ^0.2.2
2670 silly placeDep ROOT filter-obj@1.1.0 OK for: query-string@7.1.3 want: ^1.1.0
2671 silly placeDep ROOT split-on-first@1.1.0 OK for: query-string@7.1.3 want: ^1.0.0
2672 silly placeDep ROOT strict-uri-encode@2.0.0 OK for: query-string@7.1.3 want: ^2.0.0
2673 silly placeDep ROOT destr@2.0.5 OK for: rc9@2.1.2 want: ^2.0.3
2674 silly placeDep ROOT scheduler@0.27.0 OK for: react-dom@19.2.4 want: ^0.27.0
2675 silly fetch manifest react@^16.8.0 || ^17.0.0 || ^18.0.0 || ^19.0.0 || ^19.0.0-rc
2676 silly packumentCache full:https://registry.npmjs.org/react cache-miss
2677 http cache https://registry.npmjs.org/react 11ms (cache hit)
2678 silly packumentCache full:https://registry.npmjs.org/react set size:6466562 disposed:false
2679 silly placeDep ROOT react-remove-scroll-bar@2.3.8 OK for: react-remove-scroll@2.7.2 want: ^2.3.7
2680 silly placeDep ROOT react-style-singleton@2.2.3 OK for: react-remove-scroll@2.7.2 want: ^2.2.3
2681 silly placeDep node_modules/react-remove-scroll tslib@2.8.1 OK for: react-remove-scroll@2.7.2 want: ^2.1.0
2682 silly placeDep ROOT use-callback-ref@1.3.3 OK for: react-remove-scroll@2.7.2 want: ^1.3.3
2683 silly placeDep ROOT use-sidecar@1.1.3 OK for: react-remove-scroll@2.7.2 want: ^1.1.3
2684 silly fetch manifest react-style-singleton@^2.2.2
2685 silly packumentCache full:https://registry.npmjs.org/react-style-singleton cache-miss
2686 silly fetch manifest get-nonce@^1.0.0
2687 silly packumentCache full:https://registry.npmjs.org/get-nonce cache-miss
2688 silly fetch manifest detect-node-es@^1.1.0
2689 silly packumentCache full:https://registry.npmjs.org/detect-node-es cache-miss
2690 http cache https://registry.npmjs.org/react-style-singleton 17ms (cache hit)
2691 silly packumentCache full:https://registry.npmjs.org/react-style-singleton set size:33682 disposed:false
2692 http fetch GET 200 https://registry.npmjs.org/detect-node-es 35ms (cache miss)
2693 silly packumentCache full:https://registry.npmjs.org/detect-node-es set size:undefined disposed:false
2694 http fetch GET 200 https://registry.npmjs.org/get-nonce 37ms (cache miss)
2695 silly packumentCache full:https://registry.npmjs.org/get-nonce set size:undefined disposed:false
2696 silly placeDep node_modules/react-remove-scroll-bar tslib@2.8.1 OK for: react-remove-scroll-bar@2.3.8 want: ^2.0.0
2697 silly placeDep ROOT get-nonce@1.0.1 OK for: react-style-singleton@2.2.3 want: ^1.0.0
2698 silly placeDep node_modules/react-style-singleton tslib@2.8.1 OK for: react-style-singleton@2.2.3 want: ^2.0.0
2699 silly placeDep ROOT string_decoder@1.3.0 OK for: readable-stream@3.6.2 want: ^1.1.1
2700 silly placeDep ROOT util-deprecate@1.0.2 OK for: readable-stream@3.6.2 want: ^1.0.1
2701 silly placeDep ROOT is-core-module@2.16.1 OK for: resolve@1.22.11 want: ^2.16.1
2702 silly placeDep ROOT path-parse@1.0.7 OK for: resolve@1.22.11 want: ^1.0.7
2703 silly placeDep ROOT supports-preserve-symlinks-flag@1.0.0 OK for: resolve@1.22.11 want: ^1.0.0
2704 silly placeDep ROOT onetime@7.0.0 OK for: restore-cursor@5.1.0 want: ^7.0.0
2705 silly placeDep ROOT signal-exit@4.1.0 OK for: restore-cursor@5.1.0 want: ^4.1.0
2706 silly fetch manifest mimic-function@^5.0.0
2707 silly packumentCache full:https://registry.npmjs.org/mimic-function cache-miss
2708 http fetch GET 200 https://registry.npmjs.org/mimic-function 42ms (cache miss)
2709 silly packumentCache full:https://registry.npmjs.org/mimic-function set size:undefined disposed:false
2710 silly placeDep ROOT mimic-function@5.0.1 OK for: onetime@7.0.0 want: ^5.0.0
2711 silly placeDep ROOT @swc/helpers@0.5.18 OK for: rpc-websockets@9.3.3 want: ^0.5.11
2712 silly placeDep ROOT @types/uuid@8.3.4 OK for: rpc-websockets@9.3.3 want: ^8.3.4
2713 silly placeDep node_modules/rpc-websockets @types/ws@8.18.1 OK for: rpc-websockets@9.3.3 want: ^8.2.2
2714 silly placeDep ROOT bufferutil@4.1.0 OK for: rpc-websockets@9.3.3 want: ^4.0.1
2715 silly placeDep ROOT utf-8-validate@5.0.10 OK for: rpc-websockets@9.3.3 want: ^5.0.2
2716 silly fetch manifest tslib@^2.8.0
2717 silly packumentCache full:https://registry.npmjs.org/tslib cache-hit
2718 silly fetch manifest node-gyp-build@^4.3.0
2719 silly packumentCache full:https://registry.npmjs.org/node-gyp-build cache-miss
2720 silly fetch manifest node-gyp-build@^4.3.0
2721 silly packumentCache full:https://registry.npmjs.org/node-gyp-build cache-miss
2722 http fetch GET 200 https://registry.npmjs.org/node-gyp-build 30ms (cache miss)
2723 silly packumentCache full:https://registry.npmjs.org/node-gyp-build set size:undefined disposed:false
2724 http fetch GET 200 https://registry.npmjs.org/node-gyp-build 33ms (cache miss)
2725 silly packumentCache full:https://registry.npmjs.org/node-gyp-build set size:undefined disposed:false
2726 silly placeDep node_modules/@swc/helpers tslib@2.8.1 OK for: @swc/helpers@0.5.18 want: ^2.8.0
2727 silly placeDep ROOT node-gyp-build@4.8.4 OK for: bufferutil@4.1.0 want: ^4.3.0
2728 silly placeDep ROOT shebang-regex@3.0.0 OK for: shebang-command@2.0.0 want: ^3.0.0
2729 silly placeDep ROOT stream-chain@2.2.5 OK for: stream-json@1.9.1 want: ^2.2.5
2730 silly placeDep ROOT emoji-regex@10.6.0 OK for: string-width@7.2.0 want: ^10.3.0
2731 silly placeDep ROOT get-east-asian-width@1.4.0 OK for: string-width@7.2.0 want: ^1.0.0
2732 silly placeDep ROOT ansi-regex@6.2.2 OK for: strip-ansi@7.1.2 want: ^6.0.1
2733 silly placeDep ROOT multiformats@9.9.0 OK for: uint8arrays@3.1.1 want: ^9.4.2
2734 silly placeDep ROOT anymatch@3.1.3 OK for: unstorage@1.17.4 want: ^3.1.3
2735 silly placeDep ROOT h3@1.15.5 OK for: unstorage@1.17.4 want: ^1.15.5
2736 silly placeDep ROOT lru-cache@11.2.5 OK for: unstorage@1.17.4 want: ^11.2.0
2737 silly placeDep ROOT ofetch@1.5.1 OK for: unstorage@1.17.4 want: ^1.5.1
2738 silly placeDep ROOT ufo@1.6.3 OK for: unstorage@1.17.4 want: ^1.6.3
2739 silly fetch manifest picomatch@^2.0.4
2740 silly packumentCache full:https://registry.npmjs.org/picomatch cache-miss
2741 silly fetch manifest normalize-path@^3.0.0
2742 silly packumentCache full:https://registry.npmjs.org/normalize-path cache-miss
2743 silly fetch manifest radix3@^1.1.2
2744 silly packumentCache full:https://registry.npmjs.org/radix3 cache-miss
2745 silly fetch manifest crossws@^0.3.5
2746 silly packumentCache full:https://registry.npmjs.org/crossws cache-miss
2747 silly fetch manifest cookie-es@^1.2.2
2748 silly packumentCache full:https://registry.npmjs.org/cookie-es cache-miss
2749 silly fetch manifest iron-webcrypto@^1.2.1
2750 silly packumentCache full:https://registry.npmjs.org/iron-webcrypto cache-miss
2751 silly fetch manifest node-mock-http@^1.0.4
2752 silly packumentCache full:https://registry.npmjs.org/node-mock-http cache-miss
2753 http cache https://registry.npmjs.org/crossws 9ms (cache hit)
2754 silly packumentCache full:https://registry.npmjs.org/crossws set size:86517 disposed:false
2755 silly fetch manifest ufo@^1.6.1
2756 silly packumentCache full:https://registry.npmjs.org/ufo cache-miss
2757 http cache https://registry.npmjs.org/ufo 4ms (cache hit)
2758 silly packumentCache full:https://registry.npmjs.org/ufo set size:167084 disposed:false
2759 http fetch GET 200 https://registry.npmjs.org/cookie-es 35ms (cache miss)
2760 silly packumentCache full:https://registry.npmjs.org/cookie-es set size:undefined disposed:false
2761 http fetch GET 200 https://registry.npmjs.org/radix3 39ms (cache miss)
2762 silly packumentCache full:https://registry.npmjs.org/radix3 set size:undefined disposed:false
2763 http fetch GET 200 https://registry.npmjs.org/normalize-path 41ms (cache miss)
2764 silly packumentCache full:https://registry.npmjs.org/normalize-path set size:undefined disposed:false
2765 http fetch GET 200 https://registry.npmjs.org/node-mock-http 40ms (cache miss)
2766 silly packumentCache full:https://registry.npmjs.org/node-mock-http set size:undefined disposed:false
2767 http fetch GET 200 https://registry.npmjs.org/picomatch 45ms (cache miss)
2768 silly packumentCache full:https://registry.npmjs.org/picomatch set size:undefined disposed:false
2769 http fetch GET 200 https://registry.npmjs.org/iron-webcrypto 47ms (cache miss)
2770 silly packumentCache full:https://registry.npmjs.org/iron-webcrypto set size:undefined disposed:false
2771 silly placeDep ROOT normalize-path@3.0.0 OK for: anymatch@3.1.3 want: ^3.0.0
2772 silly placeDep ROOT picomatch@2.3.1 OK for: anymatch@3.1.3 want: ^2.0.4
2773 silly placeDep ROOT cookie-es@1.2.2 OK for: h3@1.15.5 want: ^1.2.2
2774 silly placeDep ROOT crossws@0.3.5 OK for: h3@1.15.5 want: ^0.3.5
2775 silly placeDep ROOT iron-webcrypto@1.2.1 OK for: h3@1.15.5 want: ^1.2.1
2776 silly placeDep ROOT node-mock-http@1.0.4 OK for: h3@1.15.5 want: ^1.0.4
2777 silly placeDep ROOT radix3@1.1.2 OK for: h3@1.15.5 want: ^1.1.2
2778 silly placeDep node_modules/use-callback-ref tslib@2.8.1 OK for: use-callback-ref@1.3.3 want: ^2.0.0
2779 silly placeDep ROOT detect-node-es@1.1.0 OK for: use-sidecar@1.1.3 want: ^1.1.0
2780 silly placeDep node_modules/use-sidecar tslib@2.8.1 OK for: use-sidecar@1.1.3 want: ^2.0.0
2781 silly fetch manifest zod@^3.22.0 || ^4.0.0
2782 silly packumentCache full:https://registry.npmjs.org/zod cache-miss
2783 http cache https://registry.npmjs.org/zod 10ms (cache hit)
2784 silly packumentCache full:https://registry.npmjs.org/zod set size:3489329 disposed:false
2785 silly placeDep node_modules/viem @noble/curves@1.9.1 OK for: viem@2.39.0 want: 1.9.1
2786 silly placeDep node_modules/viem @noble/hashes@1.8.0 OK for: viem@2.39.0 want: 1.8.0
2787 silly placeDep node_modules/viem abitype@1.1.0 OK for: viem@2.39.0 want: 1.1.0
2788 silly placeDep ROOT isows@1.0.7 OK for: viem@2.39.0 want: 1.0.7
2789 silly placeDep node_modules/viem ox@0.9.6 OK for: viem@2.39.0 want: 0.9.6
2790 silly placeDep node_modules/viem ws@8.18.3 OK for: viem@2.39.0 want: 8.18.3
2791 silly placeDep ROOT tr46@0.0.3 OK for: whatwg-url@5.0.0 want: ~0.0.3
2792 silly placeDep ROOT webidl-conversions@3.0.1 OK for: whatwg-url@5.0.0 want: ^3.0.0
2793 silly placeDep ROOT isexe@2.0.0 OK for: which@2.0.2 want: ^2.0.0
2794 silly fetch manifest @tanstack/react-query@>=5.0.0
2795 silly packumentCache full:https://registry.npmjs.org/@tanstack%2freact-query cache-miss
2796 http cache https://registry.npmjs.org/@tanstack%2freact-query 5ms (cache hit)
2797 silly packumentCache full:https://registry.npmjs.org/@tanstack%2freact-query set size:1465524 disposed:false
2798 silly fetch manifest viem@^2.21.26
2799 silly packumentCache full:https://registry.npmjs.org/viem cache-miss
2800 http cache https://registry.npmjs.org/viem 19ms (cache hit)
2801 silly packumentCache full:https://registry.npmjs.org/viem set size:10606527 disposed:false
2802 silly fetch manifest @solana/sysvars@^2.1.0
2803 silly packumentCache full:https://registry.npmjs.org/@solana%2fsysvars cache-miss
2804 http cache https://registry.npmjs.org/@solana%2fsysvars 24ms (cache hit)
2805 silly packumentCache full:https://registry.npmjs.org/@solana%2fsysvars set size:6989514 disposed:false
2806 silly placeDep node_modules/x402 @solana-program/compute-budget@0.8.0 OK for: x402@0.7.0 want: ^0.8.0
2807 silly placeDep node_modules/x402 @solana/kit@2.3.0 OK for: @solana-program/compute-budget@0.8.0 want: ^2.1.0
2808 silly placeDep node_modules/x402 @solana-program/token@0.5.1 OK for: x402@0.7.0 want: ^0.5.1
2809 silly placeDep node_modules/x402 @solana-program/token-2022@0.4.2 OK for: x402@0.7.0 want: ^0.4.2
2810 silly placeDep node_modules/x402 @solana/sysvars@2.3.0 OK for: @solana-program/token-2022@0.4.2 want: ^2.1.0
2811 silly placeDep node_modules/x402 @solana/transaction-confirmation@2.3.0 OK for: x402@0.7.0 want: ^2.1.1
2812 silly placeDep ROOT wagmi@2.19.5 OK for: x402@0.7.0 want: ^2.15.6
2813 silly fetch manifest @solana/rpc@2.3.0
2814 silly packumentCache full:https://registry.npmjs.org/@solana%2frpc cache-miss
2815 silly fetch manifest @solana/keys@2.3.0
2816 silly packumentCache full:https://registry.npmjs.org/@solana%2fkeys cache-miss
2817 silly fetch manifest @solana/codecs@2.3.0
2818 silly packumentCache full:https://registry.npmjs.org/@solana%2fcodecs cache-miss
2819 silly fetch manifest @solana/signers@2.3.0
2820 silly packumentCache full:https://registry.npmjs.org/@solana%2fsigners cache-miss
2821 silly fetch manifest @solana/sysvars@2.3.0
2822 silly packumentCache full:https://registry.npmjs.org/@solana%2fsysvars cache-miss
2823 silly fetch manifest @solana/accounts@2.3.0
2824 silly packumentCache full:https://registry.npmjs.org/@solana%2faccounts cache-miss
2825 silly fetch manifest @solana/programs@2.3.0
2826 silly packumentCache full:https://registry.npmjs.org/@solana%2fprograms cache-miss
2827 http cache https://registry.npmjs.org/@solana%2faccounts 21ms (cache hit)
2828 silly packumentCache full:https://registry.npmjs.org/@solana%2faccounts set size:7909718 disposed:false
2829 silly fetch manifest @solana/addresses@2.3.0
2830 silly packumentCache full:https://registry.npmjs.org/@solana%2faddresses cache-miss
2831 http cache https://registry.npmjs.org/@solana%2frpc 117ms (cache hit)
2832 silly packumentCache full:https://registry.npmjs.org/@solana%2frpc set size:7380040 disposed:false
2833 silly fetch manifest @solana/rpc-types@2.3.0
2834 silly packumentCache full:https://registry.npmjs.org/@solana%2frpc-types cache-miss
2835 http cache https://registry.npmjs.org/@solana%2fsigners 300ms (cache hit)
2836 silly packumentCache full:https://registry.npmjs.org/@solana%2fsigners set size:8183544 disposed:false
2837 silly fetch manifest @solana/functional@2.3.0
2838 silly packumentCache full:https://registry.npmjs.org/@solana%2ffunctional cache-miss
2839 http cache https://registry.npmjs.org/@solana%2fcodecs 553ms (cache hit)
2840 silly packumentCache full:https://registry.npmjs.org/@solana%2fcodecs set size:7202046 disposed:false
2841 silly fetch manifest @solana/instructions@2.3.0
2842 silly packumentCache full:https://registry.npmjs.org/@solana%2finstructions cache-miss
2843 http cache https://registry.npmjs.org/@solana%2fprograms 644ms (cache hit)
2844 silly packumentCache full:https://registry.npmjs.org/@solana%2fprograms set size:7536886 disposed:false
2845 silly fetch manifest @solana/transactions@2.3.0
2846 silly packumentCache full:https://registry.npmjs.org/@solana%2ftransactions cache-miss
2847 http cache https://registry.npmjs.org/@solana%2fkeys 716ms (cache hit)
2848 silly packumentCache full:https://registry.npmjs.org/@solana%2fkeys set size:10445333 disposed:false
2849 silly fetch manifest @solana/rpc-spec-types@2.3.0
2850 silly packumentCache full:https://registry.npmjs.org/@solana%2frpc-spec-types cache-miss
2851 http cache https://registry.npmjs.org/@solana%2fsysvars 840ms (cache hit)
2852 silly packumentCache full:https://registry.npmjs.org/@solana%2fsysvars set size:6989514 disposed:false
2853 silly fetch manifest @solana/rpc-parsed-types@2.3.0
2854 silly packumentCache full:https://registry.npmjs.org/@solana%2frpc-parsed-types cache-miss
2855 http cache https://registry.npmjs.org/@solana%2faddresses 811ms (cache hit)
2856 silly packumentCache full:https://registry.npmjs.org/@solana%2faddresses set size:9550290 disposed:false
2857 silly fetch manifest @solana/rpc-subscriptions@2.3.0
2858 silly packumentCache full:https://registry.npmjs.org/@solana%2frpc-subscriptions cache-miss
2859 http cache https://registry.npmjs.org/@solana%2ffunctional 493ms (cache hit)
2860 silly packumentCache full:https://registry.npmjs.org/@solana%2ffunctional set size:8903232 disposed:false
2861 silly fetch manifest @solana/transaction-messages@2.3.0
2862 silly packumentCache full:https://registry.npmjs.org/@solana%2ftransaction-messages cache-miss
2863 http cache https://registry.npmjs.org/@solana%2ftransactions 414ms (cache hit)
2864 silly packumentCache full:https://registry.npmjs.org/@solana%2ftransactions set size:9888319 disposed:false
2865 silly fetch manifest @solana/transaction-confirmation@2.3.0
2866 silly packumentCache full:https://registry.npmjs.org/@solana%2ftransaction-confirmation cache-miss
2867 http cache https://registry.npmjs.org/@solana%2frpc-parsed-types 307ms (cache hit)
2868 silly packumentCache full:https://registry.npmjs.org/@solana%2frpc-parsed-types set size:7486428 disposed:false
2869 silly fetch manifest @solana/rpc-types@2.3.0
2870 silly packumentCache full:https://registry.npmjs.org/@solana%2frpc-types cache-miss
2871 http cache https://registry.npmjs.org/@solana%2frpc-types 1049ms (cache hit)
2872 silly packumentCache full:https://registry.npmjs.org/@solana%2frpc-types set size:9114215 disposed:false
2873 silly fetch manifest @solana/promises@2.3.0
2874 silly packumentCache full:https://registry.npmjs.org/@solana%2fpromises cache-miss
2875 http cache https://registry.npmjs.org/@solana%2finstructions 752ms (cache hit)
2876 silly packumentCache full:https://registry.npmjs.org/@solana%2finstructions set size:9344046 disposed:false
2877 silly fetch manifest @solana/codecs-strings@2.3.0
2878 silly packumentCache full:https://registry.npmjs.org/@solana%2fcodecs-strings cache-miss
2879 http cache https://registry.npmjs.org/@solana%2frpc-spec-types 656ms (cache hit)
2880 silly packumentCache full:https://registry.npmjs.org/@solana%2frpc-spec-types set size:7505427 disposed:false
2881 silly fetch manifest @solana/rpc-subscriptions@2.3.0
2882 silly packumentCache full:https://registry.npmjs.org/@solana%2frpc-subscriptions cache-miss
2883 http cache https://registry.npmjs.org/@solana%2fpromises 223ms (cache hit)
2884 silly packumentCache full:https://registry.npmjs.org/@solana%2fpromises set size:4334104 disposed:false
2885 silly fetch manifest @solana/transaction-messages@2.3.0
2886 silly packumentCache full:https://registry.npmjs.org/@solana%2ftransaction-messages cache-miss
2887 http cache https://registry.npmjs.org/@solana%2frpc-subscriptions 665ms (cache hit)
2888 silly packumentCache full:https://registry.npmjs.org/@solana%2frpc-subscriptions set size:7651366 disposed:false
2889 silly fetch manifest @wagmi/core@2.22.1
2890 silly packumentCache full:https://registry.npmjs.org/@wagmi%2fcore cache-miss
2891 http cache https://registry.npmjs.org/@solana%2ftransaction-messages 641ms (cache hit)
2892 silly packumentCache full:https://registry.npmjs.org/@solana%2ftransaction-messages set size:6903058 disposed:false
2893 silly fetch manifest @wagmi/connectors@6.2.0
2894 silly packumentCache full:https://registry.npmjs.org/@wagmi%2fconnectors cache-miss
2895 http cache https://registry.npmjs.org/@solana%2ftransaction-confirmation 618ms (cache hit)
2896 silly packumentCache full:https://registry.npmjs.org/@solana%2ftransaction-confirmation set size:7620452 disposed:false
2897 silly fetch manifest use-sync-external-store@1.4.0
2898 silly packumentCache full:https://registry.npmjs.org/use-sync-external-store cache-miss
2899 http cache https://registry.npmjs.org/@solana%2frpc-types 570ms (cache hit)
2900 silly packumentCache full:https://registry.npmjs.org/@solana%2frpc-types set size:9114215 disposed:false
2901 http cache https://registry.npmjs.org/@solana%2fcodecs-strings 512ms (cache hit)
2902 silly packumentCache full:https://registry.npmjs.org/@solana%2fcodecs-strings set size:9100283 disposed:false
2903 http cache https://registry.npmjs.org/@solana%2ftransaction-messages 402ms (cache hit)
2904 silly packumentCache full:https://registry.npmjs.org/@solana%2ftransaction-messages set size:6903058 disposed:false
2905 http cache https://registry.npmjs.org/@solana%2frpc-subscriptions 593ms (cache hit)
2906 silly packumentCache full:https://registry.npmjs.org/@solana%2frpc-subscriptions set size:7651366 disposed:false
2907 http cache https://registry.npmjs.org/use-sync-external-store 360ms (cache hit)
2908 silly packumentCache full:https://registry.npmjs.org/use-sync-external-store set size:4479974 disposed:false
2909 http fetch GET 200 https://registry.npmjs.org/@wagmi%2fconnectors 481ms (cache miss)
2910 silly packumentCache full:https://registry.npmjs.org/@wagmi%2fconnectors set size:undefined disposed:false
2911 http fetch GET 200 https://registry.npmjs.org/@wagmi%2fcore 560ms (cache miss)
2912 silly packumentCache full:https://registry.npmjs.org/@wagmi%2fcore set size:undefined disposed:false
2913 silly fetch manifest @tanstack/query-core@>=5.0.0
2914 silly packumentCache full:https://registry.npmjs.org/@tanstack%2fquery-core cache-miss
2915 http cache https://registry.npmjs.org/@tanstack%2fquery-core 4ms (cache hit)
2916 silly packumentCache full:https://registry.npmjs.org/@tanstack%2fquery-core set size:981657 disposed:false
2917 silly fetch manifest viem@2.x
2918 silly packumentCache full:https://registry.npmjs.org/viem cache-miss
2919 http cache https://registry.npmjs.org/viem 18ms (cache hit)
2920 silly packumentCache full:https://registry.npmjs.org/viem set size:10606527 disposed:false
2921 silly fetch manifest react@>=18
2922 silly packumentCache full:https://registry.npmjs.org/react cache-miss
2923 http cache https://registry.npmjs.org/react 15ms (cache hit)
2924 silly packumentCache full:https://registry.npmjs.org/react set size:6466562 disposed:false
2925 silly placeDep ROOT @wagmi/connectors@6.2.0 OK for: wagmi@2.19.5 want: 6.2.0
2926 silly placeDep ROOT @wagmi/core@2.22.1 OK for: @wagmi/connectors@6.2.0 want: 2.22.1
2927 silly placeDep ROOT use-sync-external-store@1.4.0 OK for: wagmi@2.19.5 want: 1.4.0
2928 silly fetch manifest porto@0.2.35
2929 silly packumentCache full:https://registry.npmjs.org/porto cache-miss
2930 silly fetch manifest cbw-sdk@npm:@coinbase/wallet-sdk@3.9.3
2931 silly packumentCache full:https://registry.npmjs.org/@coinbase%2fwallet-sdk cache-miss
2932 silly fetch manifest @metamask/sdk@0.33.1
2933 silly packumentCache full:https://registry.npmjs.org/@metamask%2fsdk cache-miss
2934 silly fetch manifest @base-org/account@2.4.0
2935 silly packumentCache full:https://registry.npmjs.org/@base-org%2faccount cache-miss
2936 silly fetch manifest @gemini-wallet/core@0.3.2
2937 silly packumentCache full:https://registry.npmjs.org/@gemini-wallet%2fcore cache-miss
2938 silly fetch manifest @coinbase/wallet-sdk@4.3.6
2939 silly packumentCache full:https://registry.npmjs.org/@coinbase%2fwallet-sdk cache-miss
2940 silly fetch manifest @safe-global/safe-apps-sdk@9.1.0
2941 silly packumentCache full:https://registry.npmjs.org/@safe-global%2fsafe-apps-sdk cache-miss
2942 http cache https://registry.npmjs.org/@base-org%2faccount 8ms (cache hit)
2943 silly packumentCache full:https://registry.npmjs.org/@base-org%2faccount set size:154620 disposed:false
2944 silly fetch manifest @safe-global/safe-apps-provider@0.18.6
2945 silly packumentCache full:https://registry.npmjs.org/@safe-global%2fsafe-apps-provider cache-miss
2946 http cache https://registry.npmjs.org/@coinbase%2fwallet-sdk 14ms (cache hit)
2947 silly packumentCache full:https://registry.npmjs.org/@coinbase%2fwallet-sdk set size:453453 disposed:false
2948 silly fetch manifest @walletconnect/ethereum-provider@2.21.1
2949 silly packumentCache full:https://registry.npmjs.org/@walletconnect%2fethereum-provider cache-miss
2950 http cache https://registry.npmjs.org/@coinbase%2fwallet-sdk 21ms (cache hit)
2951 silly packumentCache full:https://registry.npmjs.org/@coinbase%2fwallet-sdk set size:453453 disposed:false
2952 silly packumentCache full:https://registry.npmjs.org/@coinbase%2fwallet-sdk dispose
2953 silly fetch manifest zustand@5.0.0
2954 silly packumentCache full:https://registry.npmjs.org/zustand cache-miss
2955 http cache https://registry.npmjs.org/zustand 3ms (cache hit)
2956 silly packumentCache full:https://registry.npmjs.org/zustand set size:496701 disposed:false
2957 http fetch GET 200 https://registry.npmjs.org/@metamask%2fsdk 84ms (cache miss)
2958 silly packumentCache full:https://registry.npmjs.org/@metamask%2fsdk set size:undefined disposed:false
2959 http fetch GET 200 https://registry.npmjs.org/porto 133ms (cache miss)
2960 silly packumentCache full:https://registry.npmjs.org/porto set size:undefined disposed:false
2961 http fetch GET 200 https://registry.npmjs.org/@safe-global%2fsafe-apps-provider 200ms (cache miss)
2962 silly packumentCache full:https://registry.npmjs.org/@safe-global%2fsafe-apps-provider set size:undefined disposed:false
2963 http fetch GET 200 https://registry.npmjs.org/@safe-global%2fsafe-apps-sdk 218ms (cache miss)
2964 silly packumentCache full:https://registry.npmjs.org/@safe-global%2fsafe-apps-sdk set size:undefined disposed:false
2965 http fetch GET 200 https://registry.npmjs.org/@gemini-wallet%2fcore 226ms (cache miss)
2966 silly packumentCache full:https://registry.npmjs.org/@gemini-wallet%2fcore set size:undefined disposed:false
2967 http fetch GET 200 https://registry.npmjs.org/@walletconnect%2fethereum-provider 305ms (cache miss)
2968 silly packumentCache full:https://registry.npmjs.org/@walletconnect%2fethereum-provider set size:undefined disposed:false
2969 silly fetch manifest @tanstack/react-query@>=5.59.0
2970 silly packumentCache full:https://registry.npmjs.org/@tanstack%2freact-query cache-miss
2971 http cache https://registry.npmjs.org/@tanstack%2freact-query 22ms (cache hit)
2972 silly packumentCache full:https://registry.npmjs.org/@tanstack%2freact-query set size:1465524 disposed:false
2973 silly fetch manifest expo-auth-session@>=7.0.8
2974 silly packumentCache full:https://registry.npmjs.org/expo-auth-session cache-miss
2975 http fetch GET 200 https://registry.npmjs.org/expo-auth-session 156ms (cache miss)
2976 silly packumentCache full:https://registry.npmjs.org/expo-auth-session set size:undefined disposed:false
2977 silly fetch manifest expo-crypto@>=15.0.7
2978 silly packumentCache full:https://registry.npmjs.org/expo-crypto cache-miss
2979 http fetch GET 200 https://registry.npmjs.org/expo-crypto 202ms (cache miss)
2980 silly packumentCache full:https://registry.npmjs.org/expo-crypto set size:undefined disposed:false
2981 silly fetch manifest expo-web-browser@>=15.0.8
2982 silly packumentCache full:https://registry.npmjs.org/expo-web-browser cache-miss
2983 http cache https://registry.npmjs.org/expo-web-browser 16ms (cache hit)
2984 silly packumentCache full:https://registry.npmjs.org/expo-web-browser set size:701811 disposed:false
2985 silly fetch manifest wagmi@>=2.0.0
2986 silly packumentCache full:https://registry.npmjs.org/wagmi cache-miss
2987 http cache https://registry.npmjs.org/wagmi 18ms (cache hit)
2988 silly packumentCache full:https://registry.npmjs.org/wagmi set size:3320348 disposed:false
2989 silly placeDep node_modules/@wagmi/connectors @base-org/account@2.4.0 OK for: @wagmi/connectors@6.2.0 want: 2.4.0
2990 silly placeDep node_modules/@wagmi/connectors @coinbase/wallet-sdk@4.3.6 OK for: @wagmi/connectors@6.2.0 want: 4.3.6
2991 silly placeDep ROOT @gemini-wallet/core@0.3.2 OK for: @wagmi/connectors@6.2.0 want: 0.3.2
2992 silly placeDep ROOT @metamask/sdk@0.33.1 OK for: @wagmi/connectors@6.2.0 want: 0.33.1
2993 silly placeDep ROOT @safe-global/safe-apps-provider@0.18.6 OK for: @wagmi/connectors@6.2.0 want: 0.18.6
2994 silly placeDep ROOT @safe-global/safe-apps-sdk@9.1.0 OK for: @wagmi/connectors@6.2.0 want: 9.1.0
2995 silly placeDep ROOT @walletconnect/ethereum-provider@2.21.1 OK for: @wagmi/connectors@6.2.0 want: 2.21.1
2996 silly placeDep ROOT cbw-sdk@3.9.3 OK for: @wagmi/connectors@6.2.0 want: npm:@coinbase/wallet-sdk@3.9.3
2997 silly placeDep ROOT porto@0.2.35 OK for: @wagmi/connectors@6.2.0 want: 0.2.35
2998 silly fetch manifest @noble/hashes@1.4.0
2999 silly packumentCache full:https://registry.npmjs.org/@noble%2fhashes cache-hit
3000 silly fetch manifest @noble/hashes@1.4.0
3001 silly packumentCache full:https://registry.npmjs.org/@noble%2fhashes cache-hit
3002 silly fetch manifest @metamask/rpc-errors@7.0.2
3003 silly packumentCache full:https://registry.npmjs.org/@metamask%2frpc-errors cache-miss
3004 silly fetch manifest pump@^3.0.0
3005 silly packumentCache full:https://registry.npmjs.org/pump cache-miss
3006 silly fetch manifest util@^0.12.4
3007 silly packumentCache full:https://registry.npmjs.org/util cache-miss
3008 silly fetch manifest debug@4.3.4
3009 silly packumentCache full:https://registry.npmjs.org/debug cache-hit
3010 silly fetch manifest tslib@^2.6.0
3011 silly packumentCache full:https://registry.npmjs.org/tslib cache-hit
3012 silly fetch manifest bowser@^2.9.0
3013 silly packumentCache full:https://registry.npmjs.org/bowser cache-miss
3014 silly fetch manifest eciesjs@^0.4.11
3015 silly packumentCache full:https://registry.npmjs.org/eciesjs cache-miss
3016 silly fetch manifest cross-fetch@^4.0.0
3017 silly packumentCache full:https://registry.npmjs.org/cross-fetch cache-miss
3018 silly fetch manifest @paulmillr/qr@^0.2.1
3019 silly packumentCache full:https://registry.npmjs.org/@paulmillr%2fqr cache-miss
3020 http cache https://registry.npmjs.org/cross-fetch 17ms (cache hit)
3021 silly packumentCache full:https://registry.npmjs.org/cross-fetch set size:156922 disposed:false
3022 silly fetch manifest eventemitter2@^6.4.9
3023 silly packumentCache full:https://registry.npmjs.org/eventemitter2 cache-miss
3024 http fetch GET 200 https://registry.npmjs.org/util 46ms (cache miss)
3025 silly packumentCache full:https://registry.npmjs.org/util set size:undefined disposed:false
3026 silly fetch manifest obj-multiplex@^1.0.0
3027 silly packumentCache full:https://registry.npmjs.org/obj-multiplex cache-miss
3028 http fetch GET 200 https://registry.npmjs.org/pump 72ms (cache revalidated)
3029 silly packumentCache full:https://registry.npmjs.org/pump set size:39621 disposed:false
3030 silly fetch manifest eth-rpc-errors@^4.0.3
3031 silly packumentCache full:https://registry.npmjs.org/eth-rpc-errors cache-miss
3032 http fetch GET 200 https://registry.npmjs.org/bowser 77ms (cache miss)
3033 silly packumentCache full:https://registry.npmjs.org/bowser set size:undefined disposed:false
3034 silly fetch manifest socket.io-client@^4.5.1
3035 silly packumentCache full:https://registry.npmjs.org/socket.io-client cache-miss
3036 http fetch GET 200 https://registry.npmjs.org/eventemitter2 62ms (cache miss)
3037 silly packumentCache full:https://registry.npmjs.org/eventemitter2 set size:undefined disposed:false
3038 silly fetch manifest @metamask/providers@16.1.0
3039 silly packumentCache full:https://registry.npmjs.org/@metamask%2fproviders cache-miss
3040 http fetch GET 200 https://registry.npmjs.org/@metamask%2frpc-errors 103ms (cache miss)
3041 silly packumentCache full:https://registry.npmjs.org/@metamask%2frpc-errors set size:undefined disposed:false
3042 silly fetch manifest @metamask/onboarding@^1.0.1
3043 silly packumentCache full:https://registry.npmjs.org/@metamask%2fonboarding cache-miss
3044 http fetch GET 200 https://registry.npmjs.org/socket.io-client 55ms (cache miss)
3045 silly packumentCache full:https://registry.npmjs.org/socket.io-client set size:undefined disposed:false
3046 silly fetch manifest @metamask/sdk-analytics@0.0.5
3047 silly packumentCache full:https://registry.npmjs.org/@metamask%2fsdk-analytics cache-miss
3048 http fetch GET 200 https://registry.npmjs.org/eciesjs 146ms (cache miss)
3049 silly packumentCache full:https://registry.npmjs.org/eciesjs set size:undefined disposed:false
3050 silly fetch manifest @metamask/sdk-install-modal-web@0.32.1
3051 silly packumentCache full:https://registry.npmjs.org/@metamask%2fsdk-install-modal-web cache-miss
3052 http fetch GET 200 https://registry.npmjs.org/@metamask%2fproviders 63ms (cache miss)
3053 silly packumentCache full:https://registry.npmjs.org/@metamask%2fproviders set size:undefined disposed:false
3054 silly fetch manifest @metamask/sdk-communication-layer@0.33.1
3055 silly packumentCache full:https://registry.npmjs.org/@metamask%2fsdk-communication-layer cache-miss
3056 http fetch GET 200 https://registry.npmjs.org/obj-multiplex 123ms (cache miss)
3057 silly packumentCache full:https://registry.npmjs.org/obj-multiplex set size:undefined disposed:false
3058 silly fetch manifest @safe-global/safe-apps-sdk@^9.1.0
3059 silly packumentCache full:https://registry.npmjs.org/@safe-global%2fsafe-apps-sdk cache-miss
3060 http cache https://registry.npmjs.org/@safe-global%2fsafe-apps-sdk 11ms (cache hit)
3061 silly packumentCache full:https://registry.npmjs.org/@safe-global%2fsafe-apps-sdk set size:86533 disposed:false
3062 silly fetch manifest @safe-global/safe-gateway-typescript-sdk@^3.5.3
3063 silly packumentCache full:https://registry.npmjs.org/@safe-global%2fsafe-gateway-typescript-sdk cache-miss
3064 http fetch GET 200 https://registry.npmjs.org/eth-rpc-errors 113ms (cache miss)
3065 silly packumentCache full:https://registry.npmjs.org/eth-rpc-errors set size:undefined disposed:false
3066 silly fetch manifest @reown/appkit@1.7.8
3067 silly packumentCache full:https://registry.npmjs.org/@reown%2fappkit cache-miss
3068 http fetch GET 200 https://registry.npmjs.org/@paulmillr%2fqr 223ms (cache miss)
3069 silly packumentCache full:https://registry.npmjs.org/@paulmillr%2fqr set size:undefined disposed:false
3070 silly fetch manifest @walletconnect/types@2.21.1
3071 silly packumentCache full:https://registry.npmjs.org/@walletconnect%2ftypes cache-miss
3072 http cache https://registry.npmjs.org/@walletconnect%2ftypes 28ms (cache hit)
3073 silly packumentCache full:https://registry.npmjs.org/@walletconnect%2ftypes set size:2188649 disposed:false
3074 silly fetch manifest @walletconnect/utils@2.21.1
3075 silly packumentCache full:https://registry.npmjs.org/@walletconnect%2futils cache-miss
3076 http cache https://registry.npmjs.org/@walletconnect%2futils 15ms (cache hit)
3077 silly packumentCache full:https://registry.npmjs.org/@walletconnect%2futils set size:2689713 disposed:false
3078 silly fetch manifest @walletconnect/sign-client@2.21.1
3079 silly packumentCache full:https://registry.npmjs.org/@walletconnect%2fsign-client cache-miss
3080 http fetch GET 200 https://registry.npmjs.org/@metamask%2fonboarding 239ms (cache miss)
3081 silly packumentCache full:https://registry.npmjs.org/@metamask%2fonboarding set size:undefined disposed:false
3082 silly fetch manifest @walletconnect/universal-provider@2.21.1
3083 silly packumentCache full:https://registry.npmjs.org/@walletconnect%2funiversal-provider cache-miss
3084 http cache https://registry.npmjs.org/@walletconnect%2fsign-client 25ms (cache hit)
3085 silly packumentCache full:https://registry.npmjs.org/@walletconnect%2fsign-client set size:1968636 disposed:false
3086 silly fetch manifest keccak@^3.0.3
3087 silly packumentCache full:https://registry.npmjs.org/keccak cache-miss
3088 http fetch GET 200 https://registry.npmjs.org/@metamask%2fsdk-analytics 282ms (cache miss)
3089 silly packumentCache full:https://registry.npmjs.org/@metamask%2fsdk-analytics set size:undefined disposed:false
3090 silly fetch manifest sha.js@^2.4.11
3091 silly packumentCache full:https://registry.npmjs.org/sha.js cache-miss
3092 http cache https://registry.npmjs.org/@walletconnect%2funiversal-provider 113ms (cache hit)
3093 silly packumentCache full:https://registry.npmjs.org/@walletconnect%2funiversal-provider set size:1744920 disposed:false
3094 silly fetch manifest eth-block-tracker@^7.1.0
3095 silly packumentCache full:https://registry.npmjs.org/eth-block-tracker cache-miss
3096 http fetch GET 200 https://registry.npmjs.org/@metamask%2fsdk-communication-layer 335ms (cache miss)
3097 silly packumentCache full:https://registry.npmjs.org/@metamask%2fsdk-communication-layer set size:undefined disposed:false
3098 silly fetch manifest eth-json-rpc-filters@^6.0.0
3099 silly packumentCache full:https://registry.npmjs.org/eth-json-rpc-filters cache-miss
3100 http fetch GET 200 https://registry.npmjs.org/@safe-global%2fsafe-gateway-typescript-sdk 319ms (cache miss)
3101 silly packumentCache full:https://registry.npmjs.org/@safe-global%2fsafe-gateway-typescript-sdk set size:undefined disposed:false
3102 silly fetch manifest ox@^0.9.6
3103 silly packumentCache full:https://registry.npmjs.org/ox cache-miss
3104 http fetch GET 200 https://registry.npmjs.org/sha.js 84ms (cache miss)
3105 silly packumentCache full:https://registry.npmjs.org/sha.js set size:undefined disposed:false
3106 silly fetch manifest zod@^4.1.5
3107 silly packumentCache full:https://registry.npmjs.org/zod cache-miss
3108 http fetch GET 200 https://registry.npmjs.org/keccak 133ms (cache miss)
3109 silly packumentCache full:https://registry.npmjs.org/keccak set size:undefined disposed:false
3110 silly fetch manifest hono@^4.10.3
3111 silly packumentCache full:https://registry.npmjs.org/hono cache-miss
3112 http cache https://registry.npmjs.org/ox 24ms (cache hit)
3113 silly packumentCache full:https://registry.npmjs.org/ox set size:3560482 disposed:false
3114 http cache https://registry.npmjs.org/zod 75ms (cache hit)
3115 silly packumentCache full:https://registry.npmjs.org/zod set size:3489329 disposed:false
3116 http fetch GET 200 https://registry.npmjs.org/@metamask%2fsdk-install-modal-web 489ms (cache miss)
3117 silly packumentCache full:https://registry.npmjs.org/@metamask%2fsdk-install-modal-web set size:undefined disposed:false
3118 http fetch GET 200 https://registry.npmjs.org/eth-json-rpc-filters 155ms (cache miss)
3119 silly packumentCache full:https://registry.npmjs.org/eth-json-rpc-filters set size:undefined disposed:false
3120 http fetch GET 200 https://registry.npmjs.org/eth-block-tracker 175ms (cache miss)
3121 silly packumentCache full:https://registry.npmjs.org/eth-block-tracker set size:undefined disposed:false
3122 http fetch GET 200 https://registry.npmjs.org/@reown%2fappkit 581ms (cache miss)
3123 silly packumentCache full:https://registry.npmjs.org/@reown%2fappkit set size:undefined disposed:false
3124 http fetch GET 200 https://registry.npmjs.org/hono 376ms (cache miss)
3125 silly packumentCache full:https://registry.npmjs.org/hono set size:undefined disposed:false
3126 silly placeDep ROOT @metamask/rpc-errors@7.0.2 OK for: @gemini-wallet/core@0.3.2 want: 7.0.2
3127 silly fetch manifest @metamask/utils@^11.0.1
3128 silly packumentCache full:https://registry.npmjs.org/@metamask%2futils cache-miss
3129 silly fetch manifest fast-safe-stringify@^2.0.6
3130 silly packumentCache full:https://registry.npmjs.org/fast-safe-stringify cache-miss
3131 http fetch GET 200 https://registry.npmjs.org/fast-safe-stringify 68ms (cache miss)
3132 silly packumentCache full:https://registry.npmjs.org/fast-safe-stringify set size:undefined disposed:false
3133 http fetch GET 200 https://registry.npmjs.org/@metamask%2futils 103ms (cache miss)
3134 silly packumentCache full:https://registry.npmjs.org/@metamask%2futils set size:undefined disposed:false
3135 silly placeDep ROOT @metamask/utils@11.9.0 OK for: @metamask/rpc-errors@7.0.2 want: ^11.0.1
3136 silly placeDep ROOT fast-safe-stringify@2.1.1 OK for: @metamask/rpc-errors@7.0.2 want: ^2.0.6
3137 silly fetch manifest @ethereumjs/tx@^4.2.0
3138 silly packumentCache full:https://registry.npmjs.org/@ethereumjs%2ftx cache-miss
3139 silly fetch manifest @metamask/superstruct@^3.1.0
3140 silly packumentCache full:https://registry.npmjs.org/@metamask%2fsuperstruct cache-miss
3141 silly fetch manifest @types/debug@^4.1.7
3142 silly packumentCache full:https://registry.npmjs.org/@types%2fdebug cache-miss
3143 silly fetch manifest @types/lodash@^4.17.20
3144 silly packumentCache full:https://registry.npmjs.org/@types%2flodash cache-miss
3145 silly fetch manifest pony-cause@^2.1.10
3146 silly packumentCache full:https://registry.npmjs.org/pony-cause cache-miss
3147 silly fetch manifest uuid@^9.0.1
3148 silly packumentCache full:https://registry.npmjs.org/uuid cache-hit
3149 http fetch GET 200 https://registry.npmjs.org/pony-cause 48ms (cache miss)
3150 silly packumentCache full:https://registry.npmjs.org/pony-cause set size:undefined disposed:false
3151 http fetch GET 200 https://registry.npmjs.org/@metamask%2fsuperstruct 73ms (cache miss)
3152 silly packumentCache full:https://registry.npmjs.org/@metamask%2fsuperstruct set size:undefined disposed:false
3153 http fetch GET 200 https://registry.npmjs.org/@types%2fdebug 76ms (cache miss)
3154 silly packumentCache full:https://registry.npmjs.org/@types%2fdebug set size:undefined disposed:false
3155 http fetch GET 200 https://registry.npmjs.org/@ethereumjs%2ftx 110ms (cache miss)
3156 silly packumentCache full:https://registry.npmjs.org/@ethereumjs%2ftx set size:undefined disposed:false
3157 http fetch GET 200 https://registry.npmjs.org/@types%2flodash 115ms (cache miss)
3158 silly packumentCache full:https://registry.npmjs.org/@types%2flodash set size:undefined disposed:false
3159 silly fetch manifest readable-stream@^3.6.2
3160 silly packumentCache full:https://registry.npmjs.org/readable-stream cache-hit
3161 silly placeDep ROOT @metamask/onboarding@1.0.1 OK for: @metamask/sdk@0.33.1 want: ^1.0.1
3162 silly placeDep ROOT @metamask/providers@16.1.0 OK for: @metamask/sdk@0.33.1 want: 16.1.0
3163 silly placeDep ROOT @metamask/sdk-analytics@0.0.5 OK for: @metamask/sdk@0.33.1 want: 0.0.5
3164 silly placeDep node_modules/@metamask/sdk @metamask/sdk-communication-layer@0.33.1 OK for: @metamask/sdk@0.33.1 want: 0.33.1
3165 silly placeDep ROOT eciesjs@0.4.17 OK for: @metamask/sdk-communication-layer@0.33.1 want: *
3166 silly placeDep node_modules/@metamask/sdk cross-fetch@4.1.0 OK for: @metamask/sdk-communication-layer@0.33.1 want: ^4.0.0
3167 silly placeDep ROOT eventemitter2@6.4.9 OK for: @metamask/sdk-communication-layer@0.33.1 want: ^6.4.9
3168 silly placeDep ROOT socket.io-client@4.8.3 OK for: @metamask/sdk-communication-layer@0.33.1 want: ^4.5.1
3169 silly placeDep ROOT @metamask/sdk-install-modal-web@0.32.1 OK for: @metamask/sdk@0.33.1 want: 0.32.1
3170 silly placeDep ROOT @paulmillr/qr@0.2.1 OK for: @metamask/sdk@0.33.1 want: ^0.2.1
3171 silly placeDep ROOT bowser@2.13.1 OK for: @metamask/sdk@0.33.1 want: ^2.9.0
3172 silly placeDep node_modules/@metamask/sdk debug@4.3.4 OK for: @metamask/sdk@0.33.1 want: 4.3.4
3173 silly placeDep ROOT eth-rpc-errors@4.0.3 OK for: @metamask/sdk@0.33.1 want: ^4.0.3
3174 silly placeDep ROOT obj-multiplex@1.0.0 OK for: @metamask/sdk@0.33.1 want: ^1.0.0
3175 silly placeDep ROOT pump@3.0.3 OK for: @metamask/sdk@0.33.1 want: ^3.0.0
3176 silly placeDep node_modules/@metamask/sdk tslib@2.8.1 OK for: @metamask/sdk@0.33.1 want: ^2.6.0
3177 silly placeDep ROOT util@0.12.5 OK for: @metamask/sdk@0.33.1 want: ^0.12.4
3178 silly fetch manifest is-stream@^2.0.0
3179 silly packumentCache full:https://registry.npmjs.org/is-stream cache-miss
3180 silly fetch manifest @metamask/utils@^8.3.0
3181 silly packumentCache full:https://registry.npmjs.org/@metamask%2futils cache-miss
3182 silly fetch manifest fast-deep-equal@^3.1.3
3183 silly packumentCache full:https://registry.npmjs.org/fast-deep-equal cache-miss
3184 silly fetch manifest @metamask/rpc-errors@^6.2.1
3185 silly packumentCache full:https://registry.npmjs.org/@metamask%2frpc-errors cache-miss
3186 silly fetch manifest extension-port-stream@^3.0.0
3187 silly packumentCache full:https://registry.npmjs.org/extension-port-stream cache-miss
3188 silly fetch manifest webextension-polyfill@^0.10.0
3189 silly packumentCache full:https://registry.npmjs.org/webextension-polyfill cache-miss
3190 silly fetch manifest @metamask/json-rpc-engine@^8.0.1
3191 silly packumentCache full:https://registry.npmjs.org/@metamask%2fjson-rpc-engine cache-miss
3192 http cache https://registry.npmjs.org/@metamask%2futils 14ms (cache hit)
3193 silly packumentCache full:https://registry.npmjs.org/@metamask%2futils set size:238130 disposed:false
3194 silly fetch manifest @metamask/object-multiplex@^2.0.0
3195 silly packumentCache full:https://registry.npmjs.org/@metamask%2fobject-multiplex cache-miss
3196 http cache https://registry.npmjs.org/@metamask%2frpc-errors 24ms (cache hit)
3197 silly packumentCache full:https://registry.npmjs.org/@metamask%2frpc-errors set size:61464 disposed:false
3198 silly fetch manifest @metamask/safe-event-emitter@^3.1.1
3199 silly packumentCache full:https://registry.npmjs.org/@metamask%2fsafe-event-emitter cache-miss
3200 http fetch GET 200 https://registry.npmjs.org/fast-deep-equal 42ms (cache revalidated)
3201 silly packumentCache full:https://registry.npmjs.org/fast-deep-equal set size:48634 disposed:false
3202 silly fetch manifest @metamask/json-rpc-middleware-stream@^7.0.1
3203 silly packumentCache full:https://registry.npmjs.org/@metamask%2fjson-rpc-middleware-stream cache-miss
3204 http fetch GET 200 https://registry.npmjs.org/webextension-polyfill 46ms (cache miss)
3205 silly packumentCache full:https://registry.npmjs.org/webextension-polyfill set size:undefined disposed:false
3206 silly fetch manifest openapi-fetch@^0.13.5
3207 silly packumentCache full:https://registry.npmjs.org/openapi-fetch cache-miss
3208 http fetch GET 200 https://registry.npmjs.org/is-stream 52ms (cache miss)
3209 silly packumentCache full:https://registry.npmjs.org/is-stream set size:undefined disposed:false
3210 silly fetch manifest date-fns@^2.29.3
3211 silly packumentCache full:https://registry.npmjs.org/date-fns cache-miss
3212 http fetch GET 200 https://registry.npmjs.org/@metamask%2fsafe-event-emitter 64ms (cache miss)
3213 silly packumentCache full:https://registry.npmjs.org/@metamask%2fsafe-event-emitter set size:undefined disposed:false
3214 silly fetch manifest @socket.io/component-emitter@~3.1.0
3215 silly packumentCache full:https://registry.npmjs.org/@socket.io%2fcomponent-emitter cache-miss
3216 http fetch GET 200 https://registry.npmjs.org/@metamask%2fjson-rpc-middleware-stream 61ms (cache miss)
3217 silly packumentCache full:https://registry.npmjs.org/@metamask%2fjson-rpc-middleware-stream set size:undefined disposed:false
3218 silly fetch manifest engine.io-client@~6.6.1
3219 silly packumentCache full:https://registry.npmjs.org/engine.io-client cache-miss
3220 http fetch GET 200 https://registry.npmjs.org/openapi-fetch 65ms (cache miss)
3221 silly packumentCache full:https://registry.npmjs.org/openapi-fetch set size:undefined disposed:false
3222 silly fetch manifest socket.io-parser@~4.2.4
3223 silly packumentCache full:https://registry.npmjs.org/socket.io-parser cache-miss
3224 http fetch GET 200 https://registry.npmjs.org/@metamask%2fjson-rpc-engine 126ms (cache miss)
3225 silly packumentCache full:https://registry.npmjs.org/@metamask%2fjson-rpc-engine set size:undefined disposed:false
3226 silly fetch manifest @ecies/ciphers@^0.2.5
3227 silly packumentCache full:https://registry.npmjs.org/@ecies%2fciphers cache-miss
3228 http fetch GET 200 https://registry.npmjs.org/extension-port-stream 138ms (cache miss)
3229 silly packumentCache full:https://registry.npmjs.org/extension-port-stream set size:undefined disposed:false
3230 silly fetch manifest @noble/curves@^1.9.7
3231 silly packumentCache full:https://registry.npmjs.org/@noble%2fcurves cache-hit
3232 silly fetch manifest @noble/hashes@^1.8.0
3233 silly packumentCache full:https://registry.npmjs.org/@noble%2fhashes cache-hit
3234 silly fetch manifest ms@2.1.2
3235 silly packumentCache full:https://registry.npmjs.org/ms cache-hit
3236 silly fetch manifest readable-stream@^2.3.3
3237 silly packumentCache full:https://registry.npmjs.org/readable-stream cache-hit
3238 silly fetch manifest is-arguments@^1.0.4
3239 silly packumentCache full:https://registry.npmjs.org/is-arguments cache-miss
3240 http fetch GET 200 https://registry.npmjs.org/@socket.io%2fcomponent-emitter 56ms (cache miss)
3241 silly packumentCache full:https://registry.npmjs.org/@socket.io%2fcomponent-emitter set size:undefined disposed:false
3242 silly fetch manifest is-generator-function@^1.0.7
3243 silly packumentCache full:https://registry.npmjs.org/is-generator-function cache-miss
3244 http fetch GET 200 https://registry.npmjs.org/socket.io-parser 46ms (cache miss)
3245 silly packumentCache full:https://registry.npmjs.org/socket.io-parser set size:undefined disposed:false
3246 silly fetch manifest is-typed-array@^1.1.3
3247 silly packumentCache full:https://registry.npmjs.org/is-typed-array cache-miss
3248 http fetch GET 200 https://registry.npmjs.org/is-arguments 41ms (cache miss)
3249 silly packumentCache full:https://registry.npmjs.org/is-arguments set size:undefined disposed:false
3250 silly fetch manifest which-typed-array@^1.1.2
3251 silly packumentCache full:https://registry.npmjs.org/which-typed-array cache-miss
3252 http fetch GET 200 https://registry.npmjs.org/engine.io-client 80ms (cache miss)
3253 silly packumentCache full:https://registry.npmjs.org/engine.io-client set size:undefined disposed:false
3254 http fetch GET 200 https://registry.npmjs.org/is-generator-function 43ms (cache miss)
3255 silly packumentCache full:https://registry.npmjs.org/is-generator-function set size:undefined disposed:false
3256 http fetch GET 200 https://registry.npmjs.org/@metamask%2fobject-multiplex 185ms (cache miss)
3257 silly packumentCache full:https://registry.npmjs.org/@metamask%2fobject-multiplex set size:undefined disposed:false
3258 http fetch GET 200 https://registry.npmjs.org/is-typed-array 43ms (cache miss)
3259 silly packumentCache full:https://registry.npmjs.org/is-typed-array set size:undefined disposed:false
3260 http fetch GET 200 https://registry.npmjs.org/which-typed-array 38ms (cache miss)
3261 silly packumentCache full:https://registry.npmjs.org/which-typed-array set size:undefined disposed:false
3262 http fetch GET 200 https://registry.npmjs.org/date-fns 211ms (cache miss)
3263 silly packumentCache full:https://registry.npmjs.org/date-fns set size:undefined disposed:false
3264 http fetch GET 200 https://registry.npmjs.org/@ecies%2fciphers 209ms (cache miss)
3265 silly packumentCache full:https://registry.npmjs.org/@ecies%2fciphers set size:undefined disposed:false
3266 silly placeDep ROOT @metamask/json-rpc-engine@8.0.2 OK for: @metamask/providers@16.1.0 want: ^8.0.1
3267 silly placeDep ROOT @metamask/json-rpc-middleware-stream@7.0.2 OK for: @metamask/providers@16.1.0 want: ^7.0.1
3268 silly placeDep ROOT @metamask/object-multiplex@2.1.0 OK for: @metamask/providers@16.1.0 want: ^2.0.0
3269 silly placeDep node_modules/@metamask/providers @metamask/rpc-errors@6.4.0 OK for: @metamask/providers@16.1.0 want: ^6.2.1
3270 silly placeDep ROOT @metamask/safe-event-emitter@3.1.2 OK for: @metamask/providers@16.1.0 want: ^3.1.1
3271 silly placeDep node_modules/@metamask/providers @metamask/utils@8.5.0 OK for: @metamask/providers@16.1.0 want: ^8.3.0
3272 silly placeDep ROOT extension-port-stream@3.0.0 OK for: @metamask/providers@16.1.0 want: ^3.0.0
3273 silly placeDep ROOT fast-deep-equal@3.1.3 OK for: @metamask/providers@16.1.0 want: ^3.1.3
3274 silly placeDep ROOT is-stream@2.0.1 OK for: @metamask/providers@16.1.0 want: ^2.0.0
3275 silly placeDep ROOT webextension-polyfill@0.10.0 OK for: @metamask/providers@16.1.0 want: ^0.10.0
3276 silly fetch manifest @metamask/safe-event-emitter@^3.0.0
3277 silly packumentCache full:https://registry.npmjs.org/@metamask%2fsafe-event-emitter cache-miss
3278 silly fetch manifest @metamask/safe-event-emitter@^3.0.0
3279 silly packumentCache full:https://registry.npmjs.org/@metamask%2fsafe-event-emitter cache-miss
3280 silly fetch manifest @metamask/utils@^9.0.0
3281 silly packumentCache full:https://registry.npmjs.org/@metamask%2futils cache-hit
3282 silly fetch manifest @metamask/superstruct@^3.0.0
3283 silly packumentCache full:https://registry.npmjs.org/@metamask%2fsuperstruct cache-miss
3284 silly fetch manifest webextension-polyfill@>=0.10.0 <1.0
3285 silly packumentCache full:https://registry.npmjs.org/webextension-polyfill cache-miss
3286 http cache https://registry.npmjs.org/@metamask%2fsafe-event-emitter 13ms (cache hit)
3287 silly packumentCache full:https://registry.npmjs.org/@metamask%2fsafe-event-emitter set size:18030 disposed:false
3288 http cache https://registry.npmjs.org/@metamask%2fsafe-event-emitter 14ms (cache hit)
3289 silly packumentCache full:https://registry.npmjs.org/@metamask%2fsafe-event-emitter set size:18030 disposed:false
3290 silly packumentCache full:https://registry.npmjs.org/@metamask%2fsafe-event-emitter dispose
3291 http cache https://registry.npmjs.org/webextension-polyfill 12ms (cache hit)
3292 silly packumentCache full:https://registry.npmjs.org/webextension-polyfill set size:67102 disposed:false
3293 http cache https://registry.npmjs.org/@metamask%2fsuperstruct 16ms (cache hit)
3294 silly packumentCache full:https://registry.npmjs.org/@metamask%2fsuperstruct set size:21387 disposed:false
3295 silly placeDep node_modules/@metamask/json-rpc-engine @metamask/rpc-errors@6.4.0 OK for: @metamask/json-rpc-engine@8.0.2 want: ^6.2.1
3296 silly placeDep node_modules/@metamask/json-rpc-engine @metamask/utils@8.5.0 OK for: @metamask/json-rpc-engine@8.0.2 want: ^8.3.0
3297 silly placeDep node_modules/@metamask/json-rpc-middleware-stream @metamask/utils@8.5.0 OK for: @metamask/json-rpc-middleware-stream@7.0.2 want: ^8.3.0
3298 silly placeDep ROOT openapi-fetch@0.13.8 OK for: @metamask/sdk-analytics@0.0.5 want: ^0.13.5
3299 silly fetch manifest openapi-typescript-helpers@^0.0.15
3300 silly packumentCache full:https://registry.npmjs.org/openapi-typescript-helpers cache-miss
3301 http fetch GET 200 https://registry.npmjs.org/openapi-typescript-helpers 43ms (cache miss)
3302 silly packumentCache full:https://registry.npmjs.org/openapi-typescript-helpers set size:undefined disposed:false
3303 silly placeDep ROOT @ethereumjs/tx@4.2.0 OK for: @metamask/utils@11.9.0 want: ^4.2.0
3304 silly placeDep ROOT @metamask/superstruct@3.2.1 OK for: @metamask/utils@11.9.0 want: ^3.1.0
3305 silly placeDep ROOT @types/debug@4.1.12 OK for: @metamask/utils@11.9.0 want: ^4.1.7
3306 silly placeDep ROOT @types/lodash@4.17.23 OK for: @metamask/utils@11.9.0 want: ^4.17.20
3307 silly placeDep ROOT pony-cause@2.1.11 OK for: @metamask/utils@11.9.0 want: ^2.1.10
3308 silly placeDep node_modules/@metamask/utils uuid@9.0.1 OK for: @metamask/utils@11.9.0 want: ^9.0.1
3309 silly fetch manifest @ethereumjs/rlp@^4.0.1
3310 silly packumentCache full:https://registry.npmjs.org/@ethereumjs%2frlp cache-miss
3311 silly fetch manifest @ethereumjs/util@^8.1.0
3312 silly packumentCache full:https://registry.npmjs.org/@ethereumjs%2futil cache-miss
3313 silly fetch manifest @ethereumjs/common@^3.2.0
3314 silly packumentCache full:https://registry.npmjs.org/@ethereumjs%2fcommon cache-miss
3315 silly fetch manifest ethereum-cryptography@^2.0.0
3316 silly packumentCache full:https://registry.npmjs.org/ethereum-cryptography cache-miss
3317 silly fetch manifest @types/ms@*
3318 silly packumentCache full:https://registry.npmjs.org/@types%2fms cache-miss
3319 http fetch GET 200 https://registry.npmjs.org/@types%2fms 54ms (cache miss)
3320 silly packumentCache full:https://registry.npmjs.org/@types%2fms set size:undefined disposed:false
3321 http fetch GET 200 https://registry.npmjs.org/@ethereumjs%2frlp 60ms (cache miss)
3322 silly packumentCache full:https://registry.npmjs.org/@ethereumjs%2frlp set size:undefined disposed:false
3323 http fetch GET 200 https://registry.npmjs.org/@ethereumjs%2futil 67ms (cache miss)
3324 silly packumentCache full:https://registry.npmjs.org/@ethereumjs%2futil set size:undefined disposed:false
3325 http fetch GET 200 https://registry.npmjs.org/ethereum-cryptography 72ms (cache miss)
3326 silly packumentCache full:https://registry.npmjs.org/ethereum-cryptography set size:undefined disposed:false
3327 http fetch GET 200 https://registry.npmjs.org/@ethereumjs%2fcommon 80ms (cache miss)
3328 silly packumentCache full:https://registry.npmjs.org/@ethereumjs%2fcommon set size:undefined disposed:false
3329 silly placeDep ROOT @ethereumjs/common@3.2.0 OK for: @ethereumjs/tx@4.2.0 want: ^3.2.0
3330 silly placeDep ROOT @ethereumjs/rlp@4.0.1 OK for: @ethereumjs/tx@4.2.0 want: ^4.0.1
3331 silly placeDep ROOT @ethereumjs/util@8.1.0 OK for: @ethereumjs/tx@4.2.0 want: ^8.1.0
3332 silly placeDep ROOT ethereum-cryptography@2.2.1 OK for: @ethereumjs/tx@4.2.0 want: ^2.0.0
3333 silly fetch manifest crc-32@^1.2.0
3334 silly packumentCache full:https://registry.npmjs.org/crc-32 cache-miss
3335 silly fetch manifest micro-ftch@^0.3.1
3336 silly packumentCache full:https://registry.npmjs.org/micro-ftch cache-miss
3337 silly fetch manifest @scure/bip32@1.4.0
3338 silly packumentCache full:https://registry.npmjs.org/@scure%2fbip32 cache-hit
3339 silly fetch manifest @scure/bip39@1.3.0
3340 silly packumentCache full:https://registry.npmjs.org/@scure%2fbip39 cache-hit
3341 silly fetch manifest @noble/curves@1.4.2
3342 silly packumentCache full:https://registry.npmjs.org/@noble%2fcurves cache-hit
3343 http fetch GET 200 https://registry.npmjs.org/crc-32 42ms (cache miss)
3344 silly packumentCache full:https://registry.npmjs.org/crc-32 set size:undefined disposed:false
3345 http fetch GET 200 https://registry.npmjs.org/micro-ftch 45ms (cache miss)
3346 silly packumentCache full:https://registry.npmjs.org/micro-ftch set size:undefined disposed:false
3347 silly placeDep ROOT crc-32@1.2.2 OK for: @ethereumjs/common@3.2.0 want: ^1.2.0
3348 silly placeDep ROOT micro-ftch@0.3.1 OK for: @ethereumjs/util@8.1.0 want: ^0.3.1
3349 silly placeDep ROOT @safe-global/safe-gateway-typescript-sdk@3.23.1 OK for: @safe-global/safe-apps-sdk@9.1.0 want: ^3.5.3
3350 silly placeDep ROOT @types/ms@2.1.0 OK for: @types/debug@4.1.12 want: *
3351 silly placeDep node_modules/@wagmi/core zustand@5.0.0 OK for: @wagmi/core@2.22.1 want: 5.0.0
3352 silly placeDep ROOT @reown/appkit@1.7.8 OK for: @walletconnect/ethereum-provider@2.21.1 want: 1.7.8
3353 silly placeDep node_modules/@walletconnect/ethereum-provider @walletconnect/sign-client@2.21.1 OK for: @walletconnect/ethereum-provider@2.21.1 want: 2.21.1
3354 silly placeDep node_modules/@walletconnect/ethereum-provider @walletconnect/types@2.21.1 OK for: @walletconnect/ethereum-provider@2.21.1 want: 2.21.1
3355 silly placeDep node_modules/@walletconnect/ethereum-provider @walletconnect/universal-provider@2.21.1 OK for: @walletconnect/ethereum-provider@2.21.1 want: 2.21.1
3356 silly placeDep node_modules/@walletconnect/ethereum-provider @walletconnect/utils@2.21.1 OK for: @walletconnect/ethereum-provider@2.21.1 want: 2.21.1
3357 silly fetch manifest valtio@1.13.2
3358 silly packumentCache full:https://registry.npmjs.org/valtio cache-miss
3359 silly fetch manifest @reown/appkit-ui@1.7.8
3360 silly packumentCache full:https://registry.npmjs.org/@reown%2fappkit-ui cache-miss
3361 silly fetch manifest @reown/appkit-pay@1.7.8
3362 silly packumentCache full:https://registry.npmjs.org/@reown%2fappkit-pay cache-miss
3363 silly fetch manifest @reown/appkit-utils@1.7.8
3364 silly packumentCache full:https://registry.npmjs.org/@reown%2fappkit-utils cache-miss
3365 silly fetch manifest @reown/appkit-common@1.7.8
3366 silly packumentCache full:https://registry.npmjs.org/@reown%2fappkit-common cache-miss
3367 silly fetch manifest @reown/appkit-wallet@1.7.8
3368 silly packumentCache full:https://registry.npmjs.org/@reown%2fappkit-wallet cache-miss
3369 silly fetch manifest @walletconnect/types@2.21.0
3370 silly packumentCache full:https://registry.npmjs.org/@walletconnect%2ftypes cache-miss
3371 http cache https://registry.npmjs.org/@walletconnect%2ftypes 22ms (cache hit)
3372 silly packumentCache full:https://registry.npmjs.org/@walletconnect%2ftypes set size:2188649 disposed:false
3373 silly fetch manifest @reown/appkit-polyfills@1.7.8
3374 silly packumentCache full:https://registry.npmjs.org/@reown%2fappkit-polyfills cache-miss
3375 http fetch GET 200 https://registry.npmjs.org/valtio 160ms (cache miss)
3376 silly packumentCache full:https://registry.npmjs.org/valtio set size:undefined disposed:false
3377 silly fetch manifest @reown/appkit-controllers@1.7.8
3378 silly packumentCache full:https://registry.npmjs.org/@reown%2fappkit-controllers cache-miss
3379 http fetch GET 200 https://registry.npmjs.org/@reown%2fappkit-pay 385ms (cache miss)
3380 silly packumentCache full:https://registry.npmjs.org/@reown%2fappkit-pay set size:undefined disposed:false
3381 silly fetch manifest @reown/appkit-scaffold-ui@1.7.8
3382 silly packumentCache full:https://registry.npmjs.org/@reown%2fappkit-scaffold-ui cache-miss
3383 http fetch GET 200 https://registry.npmjs.org/@reown%2fappkit-wallet 416ms (cache miss)
3384 silly packumentCache full:https://registry.npmjs.org/@reown%2fappkit-wallet set size:undefined disposed:false
3385 silly fetch manifest @walletconnect/universal-provider@2.21.0
3386 silly packumentCache full:https://registry.npmjs.org/@walletconnect%2funiversal-provider cache-miss
3387 http fetch GET 200 https://registry.npmjs.org/@reown%2fappkit-common 459ms (cache miss)
3388 silly packumentCache full:https://registry.npmjs.org/@reown%2fappkit-common set size:undefined disposed:false
3389 silly fetch manifest @walletconnect/core@2.21.1
3390 silly packumentCache full:https://registry.npmjs.org/@walletconnect%2fcore cache-miss
3391 http fetch GET 200 https://registry.npmjs.org/@reown%2fappkit-polyfills 461ms (cache miss)
3392 silly packumentCache full:https://registry.npmjs.org/@reown%2fappkit-polyfills set size:undefined disposed:false
3393 silly fetch manifest es-toolkit@1.33.0
3394 silly packumentCache full:https://registry.npmjs.org/es-toolkit cache-miss
3395 http cache https://registry.npmjs.org/@walletconnect%2funiversal-provider 126ms (cache hit)
3396 silly packumentCache full:https://registry.npmjs.org/@walletconnect%2funiversal-provider set size:1744920 disposed:false
3397 silly fetch manifest viem@2.23.2
3398 silly packumentCache full:https://registry.npmjs.org/viem cache-miss
3399 http cache https://registry.npmjs.org/@walletconnect%2fcore 99ms (cache hit)
3400 silly packumentCache full:https://registry.npmjs.org/@walletconnect%2fcore set size:2454438 disposed:false
3401 silly fetch manifest uint8arrays@3.1.0
3402 silly packumentCache full:https://registry.npmjs.org/uint8arrays cache-hit
3403 silly fetch manifest @noble/curves@1.8.1
3404 silly packumentCache full:https://registry.npmjs.org/@noble%2fcurves cache-hit
3405 silly fetch manifest @noble/hashes@1.7.1
3406 silly packumentCache full:https://registry.npmjs.org/@noble%2fhashes cache-hit
3407 silly fetch manifest @noble/ciphers@1.2.1
3408 silly packumentCache full:https://registry.npmjs.org/@noble%2fciphers cache-miss
3409 http cache https://registry.npmjs.org/@noble%2fciphers 54ms (cache hit)
3410 silly packumentCache full:https://registry.npmjs.org/@noble%2fciphers set size:122703 disposed:false
3411 http cache https://registry.npmjs.org/es-toolkit 135ms (cache hit)
3412 silly packumentCache full:https://registry.npmjs.org/es-toolkit set size:10035387 disposed:false
3413 http cache https://registry.npmjs.org/viem 240ms (cache hit)
3414 silly packumentCache full:https://registry.npmjs.org/viem set size:10606527 disposed:false
3415 http fetch GET 200 https://registry.npmjs.org/@reown%2fappkit-utils 1002ms (cache miss)
3416 silly packumentCache full:https://registry.npmjs.org/@reown%2fappkit-utils set size:undefined disposed:false
3417 http fetch GET 200 https://registry.npmjs.org/@reown%2fappkit-controllers 947ms (cache miss)
3418 silly packumentCache full:https://registry.npmjs.org/@reown%2fappkit-controllers set size:undefined disposed:false
3419 http fetch GET 200 https://registry.npmjs.org/@reown%2fappkit-scaffold-ui 790ms (cache miss)
3420 silly packumentCache full:https://registry.npmjs.org/@reown%2fappkit-scaffold-ui set size:undefined disposed:false
3421 http fetch GET 200 https://registry.npmjs.org/@reown%2fappkit-ui 1434ms (cache miss)
3422 silly packumentCache full:https://registry.npmjs.org/@reown%2fappkit-ui set size:undefined disposed:false
3423 silly fetch manifest @types/react@>=16.8
3424 silly packumentCache full:https://registry.npmjs.org/@types%2freact cache-miss
3425 http cache https://registry.npmjs.org/@types%2freact 54ms (cache hit)
3426 silly packumentCache full:https://registry.npmjs.org/@types%2freact set size:2584421 disposed:false
3427 silly fetch manifest react@>=16.8
3428 silly packumentCache full:https://registry.npmjs.org/react cache-miss
3429 http cache https://registry.npmjs.org/react 57ms (cache hit)
3430 silly packumentCache full:https://registry.npmjs.org/react set size:6466562 disposed:false
3431 silly placeDep ROOT @reown/appkit-common@1.7.8 OK for: @reown/appkit@1.7.8 want: 1.7.8
3432 silly placeDep ROOT @reown/appkit-controllers@1.7.8 OK for: @reown/appkit@1.7.8 want: 1.7.8
3433 silly placeDep ROOT @reown/appkit-pay@1.7.8 OK for: @reown/appkit@1.7.8 want: 1.7.8
3434 silly placeDep ROOT @reown/appkit-polyfills@1.7.8 OK for: @reown/appkit@1.7.8 want: 1.7.8
3435 silly placeDep ROOT @reown/appkit-scaffold-ui@1.7.8 OK for: @reown/appkit@1.7.8 want: 1.7.8
3436 silly placeDep ROOT @reown/appkit-ui@1.7.8 OK for: @reown/appkit@1.7.8 want: 1.7.8
3437 silly placeDep ROOT @reown/appkit-utils@1.7.8 OK for: @reown/appkit@1.7.8 want: 1.7.8
3438 silly placeDep ROOT @reown/appkit-wallet@1.7.8 OK for: @reown/appkit@1.7.8 want: 1.7.8
3439 silly placeDep node_modules/@reown/appkit @walletconnect/types@2.21.0 OK for: @reown/appkit@1.7.8 want: 2.21.0
3440 silly placeDep node_modules/@reown/appkit @walletconnect/universal-provider@2.21.0 OK for: @reown/appkit@1.7.8 want: 2.21.0
3441 silly placeDep node_modules/@reown/appkit bs58@6.0.0 OK for: @reown/appkit@1.7.8 want: 6.0.0
3442 silly placeDep ROOT valtio@1.13.2 OK for: @reown/appkit@1.7.8 want: 1.13.2
3443 silly fetch manifest dayjs@1.11.13
3444 silly packumentCache full:https://registry.npmjs.org/dayjs cache-miss
3445 silly fetch manifest big.js@6.2.2
3446 silly packumentCache full:https://registry.npmjs.org/big.js cache-miss
3447 silly fetch manifest lit@3.3.0
3448 silly packumentCache full:https://registry.npmjs.org/lit cache-miss
3449 silly fetch manifest lit@3.3.0
3450 silly packumentCache full:https://registry.npmjs.org/lit cache-miss
3451 silly fetch manifest lit@3.3.0
3452 silly packumentCache full:https://registry.npmjs.org/lit cache-miss
3453 silly fetch manifest zod@3.22.4
3454 silly packumentCache full:https://registry.npmjs.org/zod cache-miss
3455 silly fetch manifest @walletconnect/utils@2.21.0
3456 silly packumentCache full:https://registry.npmjs.org/@walletconnect%2futils cache-miss
3457 http cache https://registry.npmjs.org/@walletconnect%2futils 33ms (cache hit)
3458 silly packumentCache full:https://registry.npmjs.org/@walletconnect%2futils set size:2689713 disposed:false
3459 silly fetch manifest @walletconnect/sign-client@2.21.0
3460 silly packumentCache full:https://registry.npmjs.org/@walletconnect%2fsign-client cache-miss
3461 http cache https://registry.npmjs.org/zod 80ms (cache hit)
3462 silly packumentCache full:https://registry.npmjs.org/zod set size:3489329 disposed:false
3463 silly fetch manifest derive-valtio@0.1.0
3464 silly packumentCache full:https://registry.npmjs.org/derive-valtio cache-miss
3465 http fetch GET 200 https://registry.npmjs.org/big.js 198ms (cache miss)
3466 silly packumentCache full:https://registry.npmjs.org/big.js set size:undefined disposed:false
3467 silly fetch manifest proxy-compare@2.6.0
3468 silly packumentCache full:https://registry.npmjs.org/proxy-compare cache-miss
3469 http cache https://registry.npmjs.org/@walletconnect%2fsign-client 132ms (cache hit)
3470 silly packumentCache full:https://registry.npmjs.org/@walletconnect%2fsign-client set size:1968636 disposed:false
3471 silly fetch manifest use-sync-external-store@1.2.0
3472 silly packumentCache full:https://registry.npmjs.org/use-sync-external-store cache-miss
3473 http fetch GET 200 https://registry.npmjs.org/lit 254ms (cache miss)
3474 silly packumentCache full:https://registry.npmjs.org/lit set size:undefined disposed:false
3475 http fetch GET 200 https://registry.npmjs.org/derive-valtio 168ms (cache miss)
3476 silly packumentCache full:https://registry.npmjs.org/derive-valtio set size:undefined disposed:false
3477 http fetch GET 200 https://registry.npmjs.org/lit 294ms (cache miss)
3478 silly packumentCache full:https://registry.npmjs.org/lit set size:undefined disposed:false
3479 http fetch GET 200 https://registry.npmjs.org/dayjs 311ms (cache miss)
3480 silly packumentCache full:https://registry.npmjs.org/dayjs set size:undefined disposed:false
3481 http cache https://registry.npmjs.org/use-sync-external-store 90ms (cache hit)
3482 silly packumentCache full:https://registry.npmjs.org/use-sync-external-store set size:4479974 disposed:false
3483 http fetch GET 200 https://registry.npmjs.org/proxy-compare 185ms (cache miss)
3484 silly packumentCache full:https://registry.npmjs.org/proxy-compare set size:undefined disposed:false
3485 http fetch GET 200 https://registry.npmjs.org/lit 391ms (cache miss)
3486 silly packumentCache full:https://registry.npmjs.org/lit set size:undefined disposed:false
3487 silly placeDep ROOT big.js@6.2.2 OK for: @reown/appkit-common@1.7.8 want: 6.2.2
3488 silly placeDep ROOT dayjs@1.11.13 OK for: @reown/appkit-common@1.7.8 want: 1.11.13
3489 silly placeDep node_modules/@reown/appkit-controllers @walletconnect/universal-provider@2.21.0 OK for: @reown/appkit-controllers@1.7.8 want: 2.21.0
3490 silly placeDep ROOT lit@3.3.0 OK for: @reown/appkit-pay@1.7.8 want: 3.3.0
3491 silly fetch manifest lit-html@^3.3.0
3492 silly packumentCache full:https://registry.npmjs.org/lit-html cache-miss
3493 silly fetch manifest lit-element@^4.2.0
3494 silly packumentCache full:https://registry.npmjs.org/lit-element cache-miss
3495 silly fetch manifest @lit/reactive-element@^2.1.0
3496 silly packumentCache full:https://registry.npmjs.org/@lit%2freactive-element cache-miss
3497 http fetch GET 200 https://registry.npmjs.org/@lit%2freactive-element 62ms (cache miss)
3498 silly packumentCache full:https://registry.npmjs.org/@lit%2freactive-element set size:undefined disposed:false
3499 http fetch GET 200 https://registry.npmjs.org/lit-element 75ms (cache miss)
3500 silly packumentCache full:https://registry.npmjs.org/lit-element set size:undefined disposed:false
3501 http fetch GET 200 https://registry.npmjs.org/lit-html 101ms (cache miss)
3502 silly packumentCache full:https://registry.npmjs.org/lit-html set size:undefined disposed:false
3503 silly placeDep node_modules/@reown/appkit-utils @walletconnect/universal-provider@2.21.0 OK for: @reown/appkit-utils@1.7.8 want: 2.21.0
3504 silly placeDep node_modules/@reown/appkit-wallet zod@3.22.4 OK for: @reown/appkit-wallet@1.7.8 want: 3.22.4
3505 silly placeDep ROOT eth-block-tracker@7.1.0 OK for: @coinbase/wallet-sdk@3.9.3 want: ^7.1.0
3506 silly placeDep ROOT eth-json-rpc-filters@6.0.1 OK for: @coinbase/wallet-sdk@3.9.3 want: ^6.0.0
3507 silly placeDep ROOT keccak@3.0.4 OK for: @coinbase/wallet-sdk@3.9.3 want: ^3.0.3
3508 silly placeDep ROOT sha.js@2.4.12 OK for: @coinbase/wallet-sdk@3.9.3 want: ^2.4.11
3509 silly fetch manifest pify@^3.0.0
3510 silly packumentCache full:https://registry.npmjs.org/pify cache-miss
3511 silly fetch manifest @metamask/utils@^5.0.1
3512 silly packumentCache full:https://registry.npmjs.org/@metamask%2futils cache-hit
3513 silly fetch manifest json-rpc-random-id@^1.0.1
3514 silly packumentCache full:https://registry.npmjs.org/json-rpc-random-id cache-miss
3515 silly fetch manifest @metamask/eth-json-rpc-provider@^1.0.0
3516 silly packumentCache full:https://registry.npmjs.org/@metamask%2feth-json-rpc-provider cache-miss
3517 silly fetch manifest pify@^5.0.0
3518 silly packumentCache full:https://registry.npmjs.org/pify cache-miss
3519 silly fetch manifest eth-query@^2.1.2
3520 silly packumentCache full:https://registry.npmjs.org/eth-query cache-miss
3521 silly fetch manifest async-mutex@^0.2.6
3522 silly packumentCache full:https://registry.npmjs.org/async-mutex cache-miss
3523 silly fetch manifest json-rpc-engine@^6.1.0
3524 silly packumentCache full:https://registry.npmjs.org/json-rpc-engine cache-miss
3525 http fetch GET 200 https://registry.npmjs.org/pify 47ms (cache miss)
3526 silly packumentCache full:https://registry.npmjs.org/pify set size:undefined disposed:false
3527 silly fetch manifest node-addon-api@^2.0.0
3528 silly packumentCache full:https://registry.npmjs.org/node-addon-api cache-miss
3529 http fetch GET 200 https://registry.npmjs.org/pify 52ms (cache miss)
3530 silly packumentCache full:https://registry.npmjs.org/pify set size:undefined disposed:false
3531 silly fetch manifest to-buffer@^1.2.0
3532 silly packumentCache full:https://registry.npmjs.org/to-buffer cache-miss
3533 http fetch GET 200 https://registry.npmjs.org/async-mutex 60ms (cache miss)
3534 silly packumentCache full:https://registry.npmjs.org/async-mutex set size:undefined disposed:false
3535 http fetch GET 200 https://registry.npmjs.org/to-buffer 43ms (cache miss)
3536 silly packumentCache full:https://registry.npmjs.org/to-buffer set size:undefined disposed:false
3537 http fetch GET 200 https://registry.npmjs.org/node-addon-api 64ms (cache revalidated)
3538 silly packumentCache full:https://registry.npmjs.org/node-addon-api set size:328136 disposed:false
3539 http fetch GET 200 https://registry.npmjs.org/json-rpc-random-id 144ms (cache miss)
3540 silly packumentCache full:https://registry.npmjs.org/json-rpc-random-id set size:undefined disposed:false
3541 http fetch GET 200 https://registry.npmjs.org/json-rpc-engine 150ms (cache miss)
3542 silly packumentCache full:https://registry.npmjs.org/json-rpc-engine set size:undefined disposed:false
3543 http fetch GET 200 https://registry.npmjs.org/eth-query 173ms (cache miss)
3544 silly packumentCache full:https://registry.npmjs.org/eth-query set size:undefined disposed:false
3545 http fetch GET 200 https://registry.npmjs.org/@metamask%2feth-json-rpc-provider 302ms (cache miss)
3546 silly packumentCache full:https://registry.npmjs.org/@metamask%2feth-json-rpc-provider set size:undefined disposed:false
3547 silly fetch manifest @noble/ciphers@^1.3.0
3548 silly packumentCache full:https://registry.npmjs.org/@noble%2fciphers cache-hit
3549 silly placeDep ROOT @ecies/ciphers@0.2.5 OK for: eciesjs@0.4.17 want: ^0.2.5
3550 silly placeDep node_modules/eciesjs @noble/curves@1.9.7 OK for: eciesjs@0.4.17 want: ^1.9.7
3551 silly placeDep node_modules/eciesjs @noble/hashes@1.8.0 OK for: eciesjs@0.4.17 want: ^1.8.0
3552 silly placeDep ROOT @metamask/eth-json-rpc-provider@1.0.1 OK for: eth-block-tracker@7.1.0 want: ^1.0.0
3553 silly placeDep node_modules/eth-block-tracker @metamask/utils@5.0.2 OK for: eth-block-tracker@7.1.0 want: ^5.0.1
3554 silly placeDep ROOT json-rpc-random-id@1.0.1 OK for: eth-block-tracker@7.1.0 want: ^1.0.1
3555 silly placeDep ROOT pify@3.0.0 OK for: eth-block-tracker@7.1.0 want: ^3.0.0
3556 silly fetch manifest @metamask/json-rpc-engine@^7.0.0
3557 silly packumentCache full:https://registry.npmjs.org/@metamask%2fjson-rpc-engine cache-miss
3558 silly fetch manifest superstruct@^1.0.3
3559 silly packumentCache full:https://registry.npmjs.org/superstruct cache-miss
3560 http cache https://registry.npmjs.org/@metamask%2fjson-rpc-engine 21ms (cache hit)
3561 silly packumentCache full:https://registry.npmjs.org/@metamask%2fjson-rpc-engine set size:92501 disposed:false
3562 http cache https://registry.npmjs.org/superstruct 28ms (cache hit)
3563 silly packumentCache full:https://registry.npmjs.org/superstruct set size:403823 disposed:false
3564 silly placeDep node_modules/@metamask/eth-json-rpc-provider @metamask/json-rpc-engine@7.3.3 OK for: @metamask/eth-json-rpc-provider@1.0.1 want: ^7.0.0
3565 silly placeDep node_modules/@metamask/eth-json-rpc-provider @metamask/utils@5.0.2 OK for: @metamask/eth-json-rpc-provider@1.0.1 want: ^5.0.1
3566 silly placeDep ROOT async-mutex@0.2.6 OK for: eth-json-rpc-filters@6.0.1 want: ^0.2.6
3567 silly placeDep ROOT eth-query@2.1.2 OK for: eth-json-rpc-filters@6.0.1 want: ^2.1.2
3568 silly placeDep ROOT json-rpc-engine@6.1.0 OK for: eth-json-rpc-filters@6.0.1 want: ^6.1.0
3569 silly placeDep node_modules/eth-json-rpc-filters pify@5.0.0 OK for: eth-json-rpc-filters@6.0.1 want: ^5.0.0
3570 silly fetch manifest xtend@^4.0.1
3571 silly packumentCache full:https://registry.npmjs.org/xtend cache-miss
3572 silly fetch manifest @metamask/safe-event-emitter@^2.0.0
3573 silly packumentCache full:https://registry.npmjs.org/@metamask%2fsafe-event-emitter cache-hit
3574 http fetch GET 200 https://registry.npmjs.org/xtend 52ms (cache miss)
3575 silly packumentCache full:https://registry.npmjs.org/xtend set size:undefined disposed:false
3576 silly placeDep node_modules/async-mutex tslib@2.8.1 OK for: async-mutex@0.2.6 want: ^2.0.0
3577 silly placeDep ROOT xtend@4.0.2 OK for: eth-query@2.1.2 want: ^4.0.1
3578 silly placeDep node_modules/ethereum-cryptography @noble/curves@1.4.2 OK for: ethereum-cryptography@2.2.1 want: 1.4.2
3579 silly placeDep node_modules/ethereum-cryptography @noble/hashes@1.4.0 OK for: ethereum-cryptography@2.2.1 want: 1.4.0
3580 silly placeDep node_modules/ethereum-cryptography @scure/bip32@1.4.0 OK for: ethereum-cryptography@2.2.1 want: 1.4.0
3581 silly placeDep node_modules/ethereum-cryptography @scure/bip39@1.3.0 OK for: ethereum-cryptography@2.2.1 want: 1.3.0
3582 silly fetch manifest @scure/base@~1.1.6
3583 silly packumentCache full:https://registry.npmjs.org/@scure%2fbase cache-hit
3584 silly fetch manifest @scure/base@~1.1.6
3585 silly packumentCache full:https://registry.npmjs.org/@scure%2fbase cache-hit
3586 silly placeDep node_modules/json-rpc-engine @metamask/safe-event-emitter@2.0.0 OK for: json-rpc-engine@6.1.0 want: ^2.0.0
3587 silly placeDep ROOT node-addon-api@2.0.2 OK for: keccak@3.0.4 want: ^2.0.0
3588 silly placeDep ROOT @lit/reactive-element@2.1.2 OK for: lit@3.3.0 want: ^2.1.0
3589 silly placeDep ROOT lit-element@4.2.2 OK for: lit@3.3.0 want: ^4.2.0
3590 silly placeDep ROOT lit-html@3.3.2 OK for: lit@3.3.0 want: ^3.3.0
3591 silly fetch manifest @lit-labs/ssr-dom-shim@^1.5.0
3592 silly packumentCache full:https://registry.npmjs.org/@lit-labs%2fssr-dom-shim cache-miss
3593 silly fetch manifest @lit-labs/ssr-dom-shim@^1.5.0
3594 silly packumentCache full:https://registry.npmjs.org/@lit-labs%2fssr-dom-shim cache-miss
3595 silly fetch manifest @types/trusted-types@^2.0.2
3596 silly packumentCache full:https://registry.npmjs.org/@types%2ftrusted-types cache-miss
3597 http fetch GET 200 https://registry.npmjs.org/@lit-labs%2fssr-dom-shim 60ms (cache miss)
3598 silly packumentCache full:https://registry.npmjs.org/@lit-labs%2fssr-dom-shim set size:undefined disposed:false
3599 http fetch GET 200 https://registry.npmjs.org/@types%2ftrusted-types 66ms (cache miss)
3600 silly packumentCache full:https://registry.npmjs.org/@types%2ftrusted-types set size:undefined disposed:false
3601 http fetch GET 200 https://registry.npmjs.org/@lit-labs%2fssr-dom-shim 71ms (cache miss)
3602 silly packumentCache full:https://registry.npmjs.org/@lit-labs%2fssr-dom-shim set size:undefined disposed:false
3603 silly placeDep ROOT @lit-labs/ssr-dom-shim@1.5.1 OK for: @lit/reactive-element@2.1.2 want: ^1.5.0
3604 silly placeDep ROOT @types/trusted-types@2.0.7 OK for: lit-html@3.3.2 want: ^2.0.2
3605 silly placeDep node_modules/obj-multiplex readable-stream@2.3.8 OK for: obj-multiplex@1.0.0 want: ^2.3.3
3606 silly fetch manifest isarray@~1.0.0
3607 silly packumentCache full:https://registry.npmjs.org/isarray cache-miss
3608 silly fetch manifest safe-buffer@~5.1.1
3609 silly packumentCache full:https://registry.npmjs.org/safe-buffer cache-hit
3610 silly fetch manifest core-util-is@~1.0.0
3611 silly packumentCache full:https://registry.npmjs.org/core-util-is cache-miss
3612 silly fetch manifest string_decoder@~1.1.1
3613 silly packumentCache full:https://registry.npmjs.org/string_decoder cache-hit
3614 silly fetch manifest process-nextick-args@~2.0.0
3615 silly packumentCache full:https://registry.npmjs.org/process-nextick-args cache-miss
3616 http fetch GET 200 https://registry.npmjs.org/process-nextick-args 45ms (cache miss)
3617 silly packumentCache full:https://registry.npmjs.org/process-nextick-args set size:undefined disposed:false
3618 http fetch GET 200 https://registry.npmjs.org/isarray 54ms (cache miss)
3619 silly packumentCache full:https://registry.npmjs.org/isarray set size:undefined disposed:false
3620 http fetch GET 200 https://registry.npmjs.org/core-util-is 65ms (cache revalidated)
3621 silly packumentCache full:https://registry.npmjs.org/core-util-is set size:7163 disposed:false
3622 silly placeDep ROOT openapi-typescript-helpers@0.0.15 OK for: openapi-fetch@0.13.8 want: ^0.0.15
3623 silly placeDep ROOT hono@4.11.8 OK for: porto@0.2.35 want: ^4.10.3
3624 silly placeDep node_modules/porto ox@0.9.17 OK for: porto@0.2.35 want: ^0.9.6
3625 silly placeDep node_modules/porto zod@4.3.6 OK for: porto@0.2.35 want: ^4.1.5
3626 silly fetch manifest abitype@^1.0.9
3627 silly packumentCache full:https://registry.npmjs.org/abitype cache-hit
3628 silly placeDep ROOT to-buffer@1.2.2 OK for: sha.js@2.4.12 want: ^1.2.0
3629 silly fetch manifest isarray@^2.0.5
3630 silly packumentCache full:https://registry.npmjs.org/isarray cache-miss
3631 silly fetch manifest typed-array-buffer@^1.0.3
3632 silly packumentCache full:https://registry.npmjs.org/typed-array-buffer cache-miss
3633 http cache https://registry.npmjs.org/isarray 15ms (cache hit)
3634 silly packumentCache full:https://registry.npmjs.org/isarray set size:17392 disposed:false
3635 http fetch GET 200 https://registry.npmjs.org/typed-array-buffer 50ms (cache miss)
3636 silly packumentCache full:https://registry.npmjs.org/typed-array-buffer set size:undefined disposed:false
3637 silly placeDep ROOT @socket.io/component-emitter@3.1.2 OK for: socket.io-client@4.8.3 want: ~3.1.0
3638 silly placeDep ROOT engine.io-client@6.6.4 OK for: socket.io-client@4.8.3 want: ~6.6.1
3639 silly placeDep ROOT socket.io-parser@4.2.5 OK for: socket.io-client@4.8.3 want: ~4.2.4
3640 silly fetch manifest engine.io-parser@~5.2.1
3641 silly packumentCache full:https://registry.npmjs.org/engine.io-parser cache-miss
3642 silly fetch manifest ws@~8.18.3
3643 silly packumentCache full:https://registry.npmjs.org/ws cache-hit
3644 silly fetch manifest xmlhttprequest-ssl@~2.1.1
3645 silly packumentCache full:https://registry.npmjs.org/xmlhttprequest-ssl cache-miss
3646 http fetch GET 200 https://registry.npmjs.org/engine.io-parser 59ms (cache miss)
3647 silly packumentCache full:https://registry.npmjs.org/engine.io-parser set size:undefined disposed:false
3648 http fetch GET 200 https://registry.npmjs.org/xmlhttprequest-ssl 66ms (cache miss)
3649 silly packumentCache full:https://registry.npmjs.org/xmlhttprequest-ssl set size:undefined disposed:false
3650 silly placeDep ROOT engine.io-parser@5.2.3 OK for: engine.io-client@6.6.4 want: ~5.2.1
3651 silly placeDep node_modules/engine.io-client ws@8.18.3 OK for: engine.io-client@6.6.4 want: ~8.18.3
3652 silly placeDep ROOT xmlhttprequest-ssl@2.1.2 OK for: engine.io-client@6.6.4 want: ~2.1.1
3653 silly placeDep ROOT isarray@2.0.5 OK for: to-buffer@1.2.2 want: ^2.0.5
3654 silly placeDep ROOT typed-array-buffer@1.0.3 OK for: to-buffer@1.2.2 want: ^1.0.3
3655 silly fetch manifest call-bound@^1.0.3
3656 silly packumentCache full:https://registry.npmjs.org/call-bound cache-miss
3657 silly fetch manifest is-typed-array@^1.1.14
3658 silly packumentCache full:https://registry.npmjs.org/is-typed-array cache-miss
3659 http cache https://registry.npmjs.org/is-typed-array 18ms (cache hit)
3660 silly packumentCache full:https://registry.npmjs.org/is-typed-array set size:79965 disposed:false
3661 http fetch GET 200 https://registry.npmjs.org/call-bound 54ms (cache miss)
3662 silly packumentCache full:https://registry.npmjs.org/call-bound set size:undefined disposed:false
3663 silly placeDep ROOT call-bound@1.0.4 OK for: typed-array-buffer@1.0.3 want: ^1.0.3
3664 silly placeDep ROOT is-typed-array@1.1.15 OK for: typed-array-buffer@1.0.3 want: ^1.1.14
3665 silly fetch manifest which-typed-array@^1.1.16
3666 silly packumentCache full:https://registry.npmjs.org/which-typed-array cache-miss
3667 http cache https://registry.npmjs.org/which-typed-array 17ms (cache hit)
3668 silly packumentCache full:https://registry.npmjs.org/which-typed-array set size:93605 disposed:false
3669 silly placeDep ROOT which-typed-array@1.1.20 OK for: is-typed-array@1.1.15 want: ^1.1.16
3670 silly fetch manifest available-typed-arrays@^1.0.7
3671 silly packumentCache full:https://registry.npmjs.org/available-typed-arrays cache-miss
3672 silly fetch manifest call-bind@^1.0.8
3673 silly packumentCache full:https://registry.npmjs.org/call-bind cache-miss
3674 silly fetch manifest for-each@^0.3.5
3675 silly packumentCache full:https://registry.npmjs.org/for-each cache-miss
3676 http fetch GET 200 https://registry.npmjs.org/call-bind 54ms (cache miss)
3677 silly packumentCache full:https://registry.npmjs.org/call-bind set size:undefined disposed:false
3678 http fetch GET 200 https://registry.npmjs.org/for-each 58ms (cache miss)
3679 silly packumentCache full:https://registry.npmjs.org/for-each set size:undefined disposed:false
3680 http fetch GET 200 https://registry.npmjs.org/available-typed-arrays 68ms (cache miss)
3681 silly packumentCache full:https://registry.npmjs.org/available-typed-arrays set size:undefined disposed:false
3682 silly placeDep ROOT is-arguments@1.2.0 OK for: util@0.12.5 want: ^1.0.4
3683 silly placeDep ROOT is-generator-function@1.1.2 OK for: util@0.12.5 want: ^1.0.7
3684 silly fetch manifest generator-function@^2.0.0
3685 silly packumentCache full:https://registry.npmjs.org/generator-function cache-miss
3686 silly fetch manifest safe-regex-test@^1.1.0
3687 silly packumentCache full:https://registry.npmjs.org/safe-regex-test cache-miss
3688 http fetch GET 200 https://registry.npmjs.org/safe-regex-test 90ms (cache miss)
3689 silly packumentCache full:https://registry.npmjs.org/safe-regex-test set size:undefined disposed:false
3690 http fetch GET 200 https://registry.npmjs.org/generator-function 99ms (cache miss)
3691 silly packumentCache full:https://registry.npmjs.org/generator-function set size:undefined disposed:false
3692 silly placeDep ROOT generator-function@2.0.1 OK for: is-generator-function@1.1.2 want: ^2.0.0
3693 silly placeDep ROOT safe-regex-test@1.1.0 OK for: is-generator-function@1.1.2 want: ^1.1.0
3694 silly fetch manifest is-regex@^1.2.1
3695 silly packumentCache full:https://registry.npmjs.org/is-regex cache-miss
3696 http fetch GET 200 https://registry.npmjs.org/is-regex 60ms (cache miss)
3697 silly packumentCache full:https://registry.npmjs.org/is-regex set size:undefined disposed:false
3698 silly placeDep ROOT is-regex@1.2.1 OK for: safe-regex-test@1.1.0 want: ^1.2.1
3699 silly fetch manifest valtio@*
3700 silly packumentCache full:https://registry.npmjs.org/valtio cache-miss
3701 http cache https://registry.npmjs.org/valtio 19ms (cache hit)
3702 silly packumentCache full:https://registry.npmjs.org/valtio set size:348681 disposed:false
3703 silly fetch manifest react@^16.8.0 || ^17.0.0 || ^18.0.0
3704 silly packumentCache full:https://registry.npmjs.org/react cache-miss
3705 http cache https://registry.npmjs.org/react 97ms (cache hit)
3706 silly packumentCache full:https://registry.npmjs.org/react set size:6466562 disposed:false
3707 silly placeDep ROOT derive-valtio@0.1.0 OK for: valtio@1.13.2 want: 0.1.0
3708 silly placeDep ROOT proxy-compare@2.6.0 OK for: valtio@1.13.2 want: 2.6.0
3709 silly placeDep node_modules/valtio use-sync-external-store@1.2.0 CONFLICT for: valtio@1.13.2 want: 1.2.0
3710 warn ERESOLVE overriding peer dependency {
3710 warn ERESOLVE   code: 'ERESOLVE',
3710 warn ERESOLVE   edge: {
3710 warn ERESOLVE     type: 'peer',
3710 warn ERESOLVE     name: 'react',
3710 warn ERESOLVE     spec: '^16.8.0 || ^17.0.0 || ^18.0.0',
3710 warn ERESOLVE     error: 'INVALID',
3710 warn ERESOLVE     from: {
3710 warn ERESOLVE       name: 'use-sync-external-store',
3710 warn ERESOLVE       version: '1.2.0',
3710 warn ERESOLVE       location: 'node_modules/valtio/node_modules/use-sync-external-store',
3710 warn ERESOLVE       isWorkspace: false,
3710 warn ERESOLVE       dependents: [Array]
3710 warn ERESOLVE     }
3710 warn ERESOLVE   },
3710 warn ERESOLVE   dep: {
3710 warn ERESOLVE     name: 'react',
3710 warn ERESOLVE     version: '18.3.1',
3710 warn ERESOLVE     whileInstalling: {
3710 warn ERESOLVE       name: 'valtio',
3710 warn ERESOLVE       version: '1.13.2',
3710 warn ERESOLVE       path: '/data/data/com.termux/files/home/.npm/_npx/8d2f9c029655e602/node_modules/valtio'
3710 warn ERESOLVE     },
3710 warn ERESOLVE     location: 'node_modules/react',
3710 warn ERESOLVE     isWorkspace: false,
3710 warn ERESOLVE     dependents: [ [Object] ]
3710 warn ERESOLVE   },
3710 warn ERESOLVE   force: false,
3710 warn ERESOLVE   isMine: false,
3710 warn ERESOLVE   strictPeerDeps: false,
3710 warn ERESOLVE   current: {
3710 warn ERESOLVE     name: 'react',
3710 warn ERESOLVE     version: '19.2.4',
3710 warn ERESOLVE     location: 'node_modules/react',
3710 warn ERESOLVE     isWorkspace: false,
3710 warn ERESOLVE     dependents: [ [Object] ]
3710 warn ERESOLVE   },
3710 warn ERESOLVE   peerConflict: {
3710 warn ERESOLVE     name: 'react',
3710 warn ERESOLVE     version: '19.2.4',
3710 warn ERESOLVE     location: 'node_modules/react',
3710 warn ERESOLVE     isWorkspace: false,
3710 warn ERESOLVE     dependents: [ [Object] ]
3710 warn ERESOLVE   }
3710 warn ERESOLVE }
3711 silly placeDep ROOT available-typed-arrays@1.0.7 OK for: which-typed-array@1.1.20 want: ^1.0.7
3712 silly placeDep ROOT call-bind@1.0.8 OK for: which-typed-array@1.1.20 want: ^1.0.8
3713 silly placeDep ROOT for-each@0.3.5 OK for: which-typed-array@1.1.20 want: ^0.3.5
3714 silly fetch manifest possible-typed-array-names@^1.0.0
3715 silly packumentCache full:https://registry.npmjs.org/possible-typed-array-names cache-miss
3716 silly fetch manifest set-function-length@^1.2.2
3717 silly packumentCache full:https://registry.npmjs.org/set-function-length cache-miss
3718 silly fetch manifest is-callable@^1.2.7
3719 silly packumentCache full:https://registry.npmjs.org/is-callable cache-miss
3720 http fetch GET 200 https://registry.npmjs.org/possible-typed-array-names 48ms (cache miss)
3721 silly packumentCache full:https://registry.npmjs.org/possible-typed-array-names set size:undefined disposed:false
3722 http fetch GET 200 https://registry.npmjs.org/set-function-length 52ms (cache miss)
3723 silly packumentCache full:https://registry.npmjs.org/set-function-length set size:undefined disposed:false
3724 http fetch GET 200 https://registry.npmjs.org/is-callable 65ms (cache miss)
3725 silly packumentCache full:https://registry.npmjs.org/is-callable set size:undefined disposed:false
3726 silly placeDep ROOT possible-typed-array-names@1.1.0 OK for: available-typed-arrays@1.0.7 want: ^1.0.0
3727 silly placeDep ROOT set-function-length@1.2.2 OK for: call-bind@1.0.8 want: ^1.2.2
3728 silly fetch manifest define-data-property@^1.1.4
3729 silly packumentCache full:https://registry.npmjs.org/define-data-property cache-miss
3730 silly fetch manifest has-property-descriptors@^1.0.2
3731 silly packumentCache full:https://registry.npmjs.org/has-property-descriptors cache-miss
3732 http fetch GET 200 https://registry.npmjs.org/define-data-property 47ms (cache miss)
3733 silly packumentCache full:https://registry.npmjs.org/define-data-property set size:undefined disposed:false
3734 http fetch GET 200 https://registry.npmjs.org/has-property-descriptors 50ms (cache miss)
3735 silly packumentCache full:https://registry.npmjs.org/has-property-descriptors set size:undefined disposed:false
3736 silly placeDep ROOT is-callable@1.2.7 OK for: for-each@0.3.5 want: ^1.2.7
3737 silly placeDep ROOT define-data-property@1.1.4 OK for: set-function-length@1.2.2 want: ^1.1.4
3738 silly placeDep ROOT has-property-descriptors@1.0.2 OK for: set-function-length@1.2.2 want: ^1.0.2
3739 silly placeDep ROOT cliui@6.0.0 OK for: yargs@15.4.1 want: ^6.0.0
3740 silly placeDep ROOT decamelize@1.2.0 OK for: yargs@15.4.1 want: ^1.2.0
3741 silly placeDep ROOT find-up@4.1.0 OK for: yargs@15.4.1 want: ^4.1.0
3742 silly placeDep ROOT get-caller-file@2.0.5 OK for: yargs@15.4.1 want: ^2.0.1
3743 silly placeDep ROOT require-directory@2.1.1 OK for: yargs@15.4.1 want: ^2.1.1
3744 silly placeDep ROOT require-main-filename@2.0.0 OK for: yargs@15.4.1 want: ^2.0.0
3745 silly placeDep ROOT set-blocking@2.0.0 OK for: yargs@15.4.1 want: ^2.0.0
3746 silly placeDep node_modules/yargs string-width@4.2.3 OK for: yargs@15.4.1 want: ^4.2.0
3747 silly placeDep ROOT which-module@2.0.1 OK for: yargs@15.4.1 want: ^2.0.0
3748 silly placeDep ROOT y18n@4.0.3 OK for: yargs@15.4.1 want: ^4.0.0
3749 silly placeDep ROOT yargs-parser@18.1.3 OK for: yargs@15.4.1 want: ^18.1.2
3750 silly fetch manifest wrap-ansi@^6.2.0
3751 silly packumentCache full:https://registry.npmjs.org/wrap-ansi cache-miss
3752 silly fetch manifest strip-ansi@^6.0.0
3753 silly packumentCache full:https://registry.npmjs.org/strip-ansi cache-hit
3754 silly fetch manifest locate-path@^5.0.0
3755 silly packumentCache full:https://registry.npmjs.org/locate-path cache-miss
3756 silly fetch manifest path-exists@^4.0.0
3757 silly packumentCache full:https://registry.npmjs.org/path-exists cache-miss
3758 silly fetch manifest strip-ansi@^6.0.1
3759 silly packumentCache full:https://registry.npmjs.org/strip-ansi cache-hit
3760 silly fetch manifest emoji-regex@^8.0.0
3761 silly packumentCache full:https://registry.npmjs.org/emoji-regex cache-hit
3762 silly fetch manifest is-fullwidth-code-point@^3.0.0
3763 silly packumentCache full:https://registry.npmjs.org/is-fullwidth-code-point cache-miss
3764 silly fetch manifest camelcase@^5.0.0
3765 silly packumentCache full:https://registry.npmjs.org/camelcase cache-miss
3766 http fetch GET 200 https://registry.npmjs.org/path-exists 54ms (cache miss)
3767 silly packumentCache full:https://registry.npmjs.org/path-exists set size:undefined disposed:false
3768 http fetch GET 200 https://registry.npmjs.org/locate-path 62ms (cache miss)
3769 silly packumentCache full:https://registry.npmjs.org/locate-path set size:undefined disposed:false
3770 http fetch GET 200 https://registry.npmjs.org/wrap-ansi 67ms (cache miss)
3771 silly packumentCache full:https://registry.npmjs.org/wrap-ansi set size:undefined disposed:false
3772 http fetch GET 200 https://registry.npmjs.org/camelcase 64ms (cache miss)
3773 silly packumentCache full:https://registry.npmjs.org/camelcase set size:undefined disposed:false
3774 http fetch GET 200 https://registry.npmjs.org/is-fullwidth-code-point 72ms (cache revalidated)
3775 silly packumentCache full:https://registry.npmjs.org/is-fullwidth-code-point set size:14578 disposed:false
3776 silly placeDep node_modules/cliui string-width@4.2.3 OK for: cliui@6.0.0 want: ^4.2.0
3777 silly placeDep node_modules/cliui strip-ansi@6.0.1 OK for: cliui@6.0.0 want: ^6.0.0
3778 silly placeDep ROOT wrap-ansi@6.2.0 OK for: cliui@6.0.0 want: ^6.2.0
3779 silly fetch manifest ansi-regex@^5.0.1
3780 silly packumentCache full:https://registry.npmjs.org/ansi-regex cache-hit
3781 silly fetch manifest ansi-styles@^4.0.0
3782 silly packumentCache full:https://registry.npmjs.org/ansi-styles cache-miss
3783 silly fetch manifest string-width@^4.1.0
3784 silly packumentCache full:https://registry.npmjs.org/string-width cache-hit
3785 http fetch GET 200 https://registry.npmjs.org/ansi-styles 46ms (cache miss)
3786 silly packumentCache full:https://registry.npmjs.org/ansi-styles set size:undefined disposed:false
3787 silly placeDep ROOT locate-path@5.0.0 OK for: find-up@4.1.0 want: ^5.0.0
3788 silly placeDep ROOT path-exists@4.0.0 OK for: find-up@4.1.0 want: ^4.0.0
3789 silly fetch manifest p-locate@^4.1.0
3790 silly packumentCache full:https://registry.npmjs.org/p-locate cache-miss
3791 http fetch GET 200 https://registry.npmjs.org/p-locate 53ms (cache miss)
3792 silly packumentCache full:https://registry.npmjs.org/p-locate set size:undefined disposed:false
3793 silly placeDep ROOT p-locate@4.1.0 OK for: locate-path@5.0.0 want: ^4.1.0
3794 silly fetch manifest p-limit@^2.2.0
3795 silly packumentCache full:https://registry.npmjs.org/p-limit cache-miss
3796 http fetch GET 200 https://registry.npmjs.org/p-limit 69ms (cache miss)
3797 silly packumentCache full:https://registry.npmjs.org/p-limit set size:undefined disposed:false
3798 silly placeDep ROOT p-limit@2.3.0 OK for: p-locate@4.1.0 want: ^2.2.0
3799 silly fetch manifest p-try@^2.0.0
3800 silly packumentCache full:https://registry.npmjs.org/p-try cache-miss
3801 http fetch GET 200 https://registry.npmjs.org/p-try 55ms (cache miss)
3802 silly packumentCache full:https://registry.npmjs.org/p-try set size:undefined disposed:false
3803 silly placeDep ROOT p-try@2.2.0 OK for: p-limit@2.3.0 want: ^2.0.0
3804 silly placeDep ROOT ansi-styles@4.3.0 OK for: wrap-ansi@6.2.0 want: ^4.0.0
3805 silly placeDep node_modules/wrap-ansi string-width@4.2.3 OK for: wrap-ansi@6.2.0 want: ^4.1.0
3806 silly placeDep node_modules/wrap-ansi strip-ansi@6.0.1 OK for: wrap-ansi@6.2.0 want: ^6.0.0
3807 silly fetch manifest color-convert@^2.0.1
3808 silly packumentCache full:https://registry.npmjs.org/color-convert cache-miss
3809 http fetch GET 200 https://registry.npmjs.org/color-convert 64ms (cache miss)
3810 silly packumentCache full:https://registry.npmjs.org/color-convert set size:undefined disposed:false
3811 silly placeDep ROOT color-convert@2.0.1 OK for: ansi-styles@4.3.0 want: ^2.0.1
3812 silly fetch manifest color-name@~1.1.4
3813 silly packumentCache full:https://registry.npmjs.org/color-name cache-miss
3814 http fetch GET 200 https://registry.npmjs.org/color-name 54ms (cache miss)
3815 silly packumentCache full:https://registry.npmjs.org/color-name set size:undefined disposed:false
3816 silly placeDep ROOT color-name@1.1.4 OK for: color-convert@2.0.1 want: ~1.1.4
3817 silly placeDep ROOT camelcase@5.3.1 OK for: yargs-parser@18.1.3 want: ^5.0.0
3818 silly placeDep ROOT is-in-ssh@1.0.0 OK for: open@11.0.0 want: ^1.0.0
3819 silly placeDep ROOT powershell-utils@0.1.0 OK for: open@11.0.0 want: ^0.1.0
3820 silly placeDep ROOT wsl-utils@0.3.1 OK for: open@11.0.0 want: ^0.3.0
3821 silly placeDep node_modules/@metamask/eth-json-rpc-provider @metamask/rpc-errors@6.4.0 OK for: @metamask/json-rpc-engine@7.3.3 want: ^6.2.1
3822 silly placeDep node_modules/@metamask/eth-json-rpc-provider/node_modules/@metamask/json-rpc-engine @metamask/utils@8.5.0 OK for: @metamask/json-rpc-engine@7.3.3 want: ^8.3.0
3823 silly placeDep node_modules/@metamask/eth-json-rpc-provider/node_modules/@metamask/rpc-errors @metamask/utils@9.3.0 OK for: @metamask/rpc-errors@6.4.0 want: ^9.0.0
3824 silly placeDep node_modules/@metamask/eth-json-rpc-provider superstruct@1.0.4 OK for: @metamask/utils@5.0.2 want: ^1.0.3
3825 silly placeDep node_modules/@metamask/json-rpc-engine/node_modules/@metamask/rpc-errors @metamask/utils@9.3.0 OK for: @metamask/rpc-errors@6.4.0 want: ^9.0.0
3826 silly placeDep node_modules/@metamask/json-rpc-engine uuid@9.0.1 OK for: @metamask/utils@8.5.0 want: ^9.0.1
3827 silly placeDep node_modules/@metamask/json-rpc-middleware-stream uuid@9.0.1 OK for: @metamask/utils@8.5.0 want: ^9.0.1
3828 silly placeDep node_modules/@metamask/providers/node_modules/@metamask/rpc-errors @metamask/utils@9.3.0 OK for: @metamask/rpc-errors@6.4.0 want: ^9.0.0
3829 silly placeDep node_modules/@metamask/providers uuid@9.0.1 OK for: @metamask/utils@8.5.0 want: ^9.0.1
3830 silly placeDep ROOT date-fns@2.30.0 OK for: @metamask/sdk-communication-layer@0.33.1 want: ^2.29.3
3831 silly placeDep node_modules/@metamask/sdk ms@2.1.2 OK for: debug@4.3.4 want: 2.1.2
3832 silly placeDep node_modules/@reown/appkit-controllers @walletconnect/sign-client@2.21.0 OK for: @walletconnect/universal-provider@2.21.0 want: 2.21.0
3833 silly placeDep node_modules/@reown/appkit-controllers @walletconnect/types@2.21.0 OK for: @walletconnect/universal-provider@2.21.0 want: 2.21.0
3834 silly placeDep node_modules/@reown/appkit-controllers @walletconnect/utils@2.21.0 OK for: @walletconnect/universal-provider@2.21.0 want: 2.21.0
3835 silly placeDep node_modules/@reown/appkit-controllers es-toolkit@1.33.0 OK for: @walletconnect/universal-provider@2.21.0 want: 1.33.0
3836 silly fetch manifest @walletconnect/core@2.21.0
3837 silly packumentCache full:https://registry.npmjs.org/@walletconnect%2fcore cache-miss
3838 http cache https://registry.npmjs.org/@walletconnect%2fcore 32ms (cache hit)
3839 silly packumentCache full:https://registry.npmjs.org/@walletconnect%2fcore set size:2454438 disposed:false
3840 silly placeDep node_modules/@reown/appkit-controllers @walletconnect/core@2.21.0 OK for: @walletconnect/sign-client@2.21.0 want: 2.21.0
3841 silly placeDep node_modules/@reown/appkit-controllers uint8arrays@3.1.0 OK for: @walletconnect/core@2.21.0 want: 3.1.0
3842 silly placeDep node_modules/@reown/appkit-controllers @noble/ciphers@1.2.1 OK for: @walletconnect/utils@2.21.0 want: 1.2.1
3843 silly placeDep node_modules/@reown/appkit-controllers @noble/curves@1.8.1 OK for: @walletconnect/utils@2.21.0 want: 1.8.1
3844 silly placeDep node_modules/@reown/appkit-controllers @noble/hashes@1.7.1 OK for: @walletconnect/utils@2.21.0 want: 1.7.1
3845 silly placeDep node_modules/@reown/appkit-controllers bs58@6.0.0 OK for: @walletconnect/utils@2.21.0 want: 6.0.0
3846 silly placeDep node_modules/@reown/appkit-controllers/node_modules/@walletconnect/utils viem@2.23.2 OK for: @walletconnect/utils@2.21.0 want: 2.23.2
3847 silly fetch manifest ox@0.6.7
3848 silly packumentCache full:https://registry.npmjs.org/ox cache-miss
3849 silly fetch manifest ws@8.18.0
3850 silly packumentCache full:https://registry.npmjs.org/ws cache-hit
3851 silly fetch manifest isows@1.0.6
3852 silly packumentCache full:https://registry.npmjs.org/isows cache-miss
3853 silly fetch manifest @scure/bip32@1.6.2
3854 silly packumentCache full:https://registry.npmjs.org/@scure%2fbip32 cache-hit
3855 silly fetch manifest @scure/bip39@1.5.4
3856 silly packumentCache full:https://registry.npmjs.org/@scure%2fbip39 cache-hit
3857 http cache https://registry.npmjs.org/isows 63ms (cache hit)
3858 silly packumentCache full:https://registry.npmjs.org/isows set size:83098 disposed:false
3859 http cache https://registry.npmjs.org/ox 101ms (cache hit)
3860 silly packumentCache full:https://registry.npmjs.org/ox set size:3560482 disposed:false
3861 silly placeDep node_modules/@reown/appkit-controllers base-x@5.0.1 OK for: bs58@6.0.0 want: ^5.0.0
3862 silly placeDep node_modules/@reown/appkit-utils @walletconnect/sign-client@2.21.0 OK for: @walletconnect/universal-provider@2.21.0 want: 2.21.0
3863 silly placeDep node_modules/@reown/appkit-utils @walletconnect/types@2.21.0 OK for: @walletconnect/universal-provider@2.21.0 want: 2.21.0
3864 silly placeDep node_modules/@reown/appkit-utils @walletconnect/utils@2.21.0 OK for: @walletconnect/universal-provider@2.21.0 want: 2.21.0
3865 silly placeDep node_modules/@reown/appkit-utils es-toolkit@1.33.0 OK for: @walletconnect/universal-provider@2.21.0 want: 1.33.0
3866 silly placeDep node_modules/@reown/appkit-utils @walletconnect/core@2.21.0 OK for: @walletconnect/sign-client@2.21.0 want: 2.21.0
3867 silly placeDep node_modules/@reown/appkit-utils uint8arrays@3.1.0 OK for: @walletconnect/core@2.21.0 want: 3.1.0
3868 silly placeDep node_modules/@reown/appkit-utils @noble/ciphers@1.2.1 OK for: @walletconnect/utils@2.21.0 want: 1.2.1
3869 silly placeDep node_modules/@reown/appkit-utils @noble/curves@1.8.1 OK for: @walletconnect/utils@2.21.0 want: 1.8.1
3870 silly placeDep node_modules/@reown/appkit-utils @noble/hashes@1.7.1 OK for: @walletconnect/utils@2.21.0 want: 1.7.1
3871 silly placeDep node_modules/@reown/appkit-utils bs58@6.0.0 OK for: @walletconnect/utils@2.21.0 want: 6.0.0
3872 silly placeDep node_modules/@reown/appkit-utils/node_modules/@walletconnect/utils viem@2.23.2 OK for: @walletconnect/utils@2.21.0 want: 2.23.2
3873 silly placeDep node_modules/@reown/appkit-utils base-x@5.0.1 OK for: bs58@6.0.0 want: ^5.0.0
3874 silly placeDep node_modules/@reown/appkit @walletconnect/sign-client@2.21.0 OK for: @walletconnect/universal-provider@2.21.0 want: 2.21.0
3875 silly placeDep node_modules/@reown/appkit @walletconnect/utils@2.21.0 OK for: @walletconnect/universal-provider@2.21.0 want: 2.21.0
3876 silly placeDep node_modules/@reown/appkit es-toolkit@1.33.0 OK for: @walletconnect/universal-provider@2.21.0 want: 1.33.0
3877 silly placeDep node_modules/@reown/appkit @walletconnect/core@2.21.0 OK for: @walletconnect/sign-client@2.21.0 want: 2.21.0
3878 silly placeDep node_modules/@reown/appkit uint8arrays@3.1.0 OK for: @walletconnect/core@2.21.0 want: 3.1.0
3879 silly placeDep node_modules/@reown/appkit @noble/ciphers@1.2.1 OK for: @walletconnect/utils@2.21.0 want: 1.2.1
3880 silly placeDep node_modules/@reown/appkit @noble/curves@1.8.1 OK for: @walletconnect/utils@2.21.0 want: 1.8.1
3881 silly placeDep node_modules/@reown/appkit @noble/hashes@1.7.1 OK for: @walletconnect/utils@2.21.0 want: 1.7.1
3882 silly placeDep node_modules/@reown/appkit/node_modules/@walletconnect/utils viem@2.23.2 OK for: @walletconnect/utils@2.21.0 want: 2.23.2
3883 silly placeDep node_modules/@reown/appkit base-x@5.0.1 OK for: bs58@6.0.0 want: ^5.0.0
3884 silly placeDep node_modules/@solana/web3.js @solana/codecs-core@2.3.0 OK for: @solana/codecs-numbers@2.3.0 want: 2.3.0
3885 silly placeDep node_modules/@solana/web3.js @solana/errors@2.3.0 OK for: @solana/codecs-numbers@2.3.0 want: 2.3.0
3886 silly placeDep node_modules/@wagmi/connectors @noble/hashes@1.4.0 OK for: @base-org/account@2.4.0 want: 1.4.0
3887 silly placeDep node_modules/@wagmi/connectors ox@0.6.9 OK for: @base-org/account@2.4.0 want: 0.6.9
3888 silly fetch manifest @noble/hashes@^1.5.0
3889 silly packumentCache full:https://registry.npmjs.org/@noble%2fhashes cache-hit
3890 silly placeDep node_modules/@wagmi/connectors/node_modules/ox @noble/hashes@1.8.0 OK for: ox@0.6.9 want: ^1.5.0
3891 silly placeDep node_modules/@walletconnect/ethereum-provider @walletconnect/core@2.21.1 OK for: @walletconnect/sign-client@2.21.1 want: 2.21.1
3892 silly placeDep node_modules/@walletconnect/ethereum-provider es-toolkit@1.33.0 OK for: @walletconnect/core@2.21.1 want: 1.33.0
3893 silly placeDep node_modules/@walletconnect/ethereum-provider uint8arrays@3.1.0 OK for: @walletconnect/core@2.21.1 want: 3.1.0
3894 silly placeDep node_modules/@walletconnect/ethereum-provider @noble/ciphers@1.2.1 OK for: @walletconnect/utils@2.21.1 want: 1.2.1
3895 silly placeDep node_modules/@walletconnect/ethereum-provider @noble/curves@1.8.1 OK for: @walletconnect/utils@2.21.1 want: 1.8.1
3896 silly placeDep node_modules/@walletconnect/ethereum-provider @noble/hashes@1.7.1 OK for: @walletconnect/utils@2.21.1 want: 1.7.1
3897 silly placeDep node_modules/@walletconnect/ethereum-provider bs58@6.0.0 OK for: @walletconnect/utils@2.21.1 want: 6.0.0
3898 silly placeDep node_modules/@walletconnect/ethereum-provider viem@2.23.2 OK for: @walletconnect/utils@2.21.1 want: 2.23.2
3899 silly placeDep node_modules/@walletconnect/ethereum-provider base-x@5.0.1 OK for: bs58@6.0.0 want: ^5.0.0
3900 silly placeDep node_modules/@walletconnect/ethereum-provider @scure/bip32@1.6.2 OK for: viem@2.23.2 want: 1.6.2
3901 silly placeDep node_modules/@walletconnect/ethereum-provider @scure/bip39@1.5.4 OK for: viem@2.23.2 want: 1.5.4
3902 silly placeDep node_modules/@walletconnect/ethereum-provider isows@1.0.6 OK for: viem@2.23.2 want: 1.0.6
3903 silly placeDep node_modules/@walletconnect/ethereum-provider ox@0.6.7 OK for: viem@2.23.2 want: 0.6.7
3904 silly placeDep node_modules/@walletconnect/ethereum-provider ws@8.18.0 OK for: viem@2.23.2 want: 8.18.0
3905 silly placeDep node_modules/@walletconnect/utils base-x@5.0.1 OK for: bs58@6.0.0 want: ^5.0.0
3906 silly placeDep node_modules/@walletconnect/utils/node_modules/viem @noble/curves@1.9.1 OK for: viem@2.31.0 want: 1.9.1
3907 silly placeDep node_modules/@walletconnect/utils ox@0.7.1 OK for: viem@2.31.0 want: 0.7.1
3908 silly placeDep node_modules/@walletconnect/utils ws@8.18.2 OK for: viem@2.31.0 want: 8.18.2
3909 silly placeDep node_modules/cliui emoji-regex@8.0.0 OK for: string-width@4.2.3 want: ^8.0.0
3910 silly placeDep ROOT is-fullwidth-code-point@3.0.0 OK for: string-width@4.2.3 want: ^3.0.0
3911 silly placeDep node_modules/cliui ansi-regex@5.0.1 OK for: strip-ansi@6.0.1 want: ^5.0.1
3912 silly placeDep node_modules/eth-block-tracker superstruct@1.0.4 OK for: @metamask/utils@5.0.2 want: ^1.0.3
3913 silly placeDep node_modules/ethereum-cryptography @scure/base@1.1.9 OK for: @scure/bip32@1.4.0 want: ~1.1.6
3914 silly placeDep ROOT core-util-is@1.0.3 OK for: readable-stream@2.3.8 want: ~1.0.0
3915 silly placeDep node_modules/obj-multiplex isarray@1.0.0 OK for: readable-stream@2.3.8 want: ~1.0.0
3916 silly placeDep ROOT process-nextick-args@2.0.1 OK for: readable-stream@2.3.8 want: ~2.0.0
3917 silly placeDep node_modules/obj-multiplex safe-buffer@5.1.2 OK for: readable-stream@2.3.8 want: ~5.1.1
3918 silly placeDep node_modules/obj-multiplex string_decoder@1.1.1 OK for: readable-stream@2.3.8 want: ~1.1.1
3919 silly placeDep node_modules/porto @noble/curves@1.9.1 OK for: ox@0.9.17 want: 1.9.1
3920 silly placeDep node_modules/porto @noble/hashes@1.8.0 OK for: ox@0.9.17 want: ^1.8.0
3921 silly placeDep node_modules/porto abitype@1.2.3 OK for: ox@0.9.17 want: ^1.0.9
3922 silly placeDep node_modules/wrap-ansi emoji-regex@8.0.0 OK for: string-width@4.2.3 want: ^8.0.0
3923 silly placeDep node_modules/wrap-ansi ansi-regex@5.0.1 OK for: strip-ansi@6.0.1 want: ^5.0.1
3924 silly placeDep node_modules/x402 @solana/accounts@2.3.0 OK for: @solana/kit@2.3.0 want: 2.3.0
3925 silly placeDep node_modules/x402 @solana/addresses@2.3.0 OK for: @solana/kit@2.3.0 want: 2.3.0
3926 silly placeDep node_modules/x402 @solana/codecs@2.3.0 OK for: @solana/kit@2.3.0 want: 2.3.0
3927 silly placeDep node_modules/x402 @solana/errors@2.3.0 OK for: @solana/kit@2.3.0 want: 2.3.0
3928 silly placeDep node_modules/x402 @solana/functional@2.3.0 OK for: @solana/kit@2.3.0 want: 2.3.0
3929 silly placeDep node_modules/x402 @solana/instructions@2.3.0 OK for: @solana/kit@2.3.0 want: 2.3.0
3930 silly placeDep node_modules/x402 @solana/keys@2.3.0 OK for: @solana/kit@2.3.0 want: 2.3.0
3931 silly placeDep node_modules/x402 @solana/programs@2.3.0 OK for: @solana/kit@2.3.0 want: 2.3.0
3932 silly placeDep node_modules/x402 @solana/rpc@2.3.0 OK for: @solana/kit@2.3.0 want: 2.3.0
3933 silly placeDep node_modules/x402 @solana/rpc-parsed-types@2.3.0 OK for: @solana/kit@2.3.0 want: 2.3.0
3934 silly placeDep node_modules/x402 @solana/rpc-spec-types@2.3.0 OK for: @solana/kit@2.3.0 want: 2.3.0
3935 silly placeDep node_modules/x402 @solana/rpc-subscriptions@2.3.0 OK for: @solana/kit@2.3.0 want: 2.3.0
3936 silly placeDep node_modules/x402 @solana/rpc-types@2.3.0 OK for: @solana/kit@2.3.0 want: 2.3.0
3937 silly placeDep node_modules/x402 @solana/signers@2.3.0 OK for: @solana/kit@2.3.0 want: 2.3.0
3938 silly placeDep node_modules/x402 @solana/transaction-messages@2.3.0 OK for: @solana/kit@2.3.0 want: 2.3.0
3939 silly placeDep node_modules/x402 @solana/transactions@2.3.0 OK for: @solana/kit@2.3.0 want: 2.3.0
3940 silly fetch manifest @solana/rpc-spec@2.3.0
3941 silly packumentCache full:https://registry.npmjs.org/@solana%2frpc-spec cache-miss
3942 silly fetch manifest @solana/assertions@2.3.0
3943 silly packumentCache full:https://registry.npmjs.org/@solana%2fassertions cache-miss
3944 silly fetch manifest @solana/nominal-types@2.3.0
3945 silly packumentCache full:https://registry.npmjs.org/@solana%2fnominal-types cache-miss
3946 silly fetch manifest @solana/options@2.3.0
3947 silly packumentCache full:https://registry.npmjs.org/@solana%2foptions cache-miss
3948 silly fetch manifest @solana/codecs-numbers@2.3.0
3949 silly packumentCache full:https://registry.npmjs.org/@solana%2fcodecs-numbers cache-miss
3950 silly fetch manifest @solana/codecs-data-structures@2.3.0
3951 silly packumentCache full:https://registry.npmjs.org/@solana%2fcodecs-data-structures cache-miss
3952 silly fetch manifest @solana/assertions@2.3.0
3953 silly packumentCache full:https://registry.npmjs.org/@solana%2fassertions cache-miss
3954 http cache https://registry.npmjs.org/@solana%2fnominal-types 37ms (cache hit)
3955 silly packumentCache full:https://registry.npmjs.org/@solana%2fnominal-types set size:1429838 disposed:false
3956 silly fetch manifest @solana/rpc-api@2.3.0
3957 silly packumentCache full:https://registry.npmjs.org/@solana%2frpc-api cache-miss
3958 http cache https://registry.npmjs.org/@solana%2fcodecs-data-structures 80ms (cache hit)
3959 silly packumentCache full:https://registry.npmjs.org/@solana%2fcodecs-data-structures set size:8899817 disposed:false
3960 silly fetch manifest @solana/rpc-spec@2.3.0
3961 silly packumentCache full:https://registry.npmjs.org/@solana%2frpc-spec cache-miss
3962 http cache https://registry.npmjs.org/@solana%2foptions 347ms (cache hit)
3963 silly packumentCache full:https://registry.npmjs.org/@solana%2foptions set size:8886854 disposed:false
3964 silly fetch manifest @solana/rpc-transformers@2.3.0
3965 silly packumentCache full:https://registry.npmjs.org/@solana%2frpc-transformers cache-miss
3966 http cache https://registry.npmjs.org/@solana%2fassertions 454ms (cache hit)
3967 silly packumentCache full:https://registry.npmjs.org/@solana%2fassertions set size:9645114 disposed:false
3968 silly fetch manifest @solana/rpc-transport-http@2.3.0
3969 silly packumentCache full:https://registry.npmjs.org/@solana%2frpc-transport-http cache-miss
3970 http cache https://registry.npmjs.org/@solana%2fcodecs-numbers 531ms (cache hit)
3971 silly packumentCache full:https://registry.npmjs.org/@solana%2fcodecs-numbers set size:8941837 disposed:false
3972 silly fetch manifest @solana/fast-stable-stringify@2.3.0
3973 silly packumentCache full:https://registry.npmjs.org/@solana%2ffast-stable-stringify cache-miss
3974 http cache https://registry.npmjs.org/@solana%2frpc-spec 776ms (cache hit)
3975 silly packumentCache full:https://registry.npmjs.org/@solana%2frpc-spec set size:7467868 disposed:false
3976 silly fetch manifest @solana/subscribable@2.3.0
3977 silly packumentCache full:https://registry.npmjs.org/@solana%2fsubscribable cache-miss
3978 http cache https://registry.npmjs.org/@solana%2frpc-spec 586ms (cache hit)
3979 silly packumentCache full:https://registry.npmjs.org/@solana%2frpc-spec set size:7467868 disposed:false
3980 silly fetch manifest @solana/rpc-transformers@2.3.0
3981 silly packumentCache full:https://registry.npmjs.org/@solana%2frpc-transformers cache-miss
3982 http cache https://registry.npmjs.org/@solana%2frpc-api 938ms (cache hit)
3983 silly packumentCache full:https://registry.npmjs.org/@solana%2frpc-api set size:8231858 disposed:false
3984 silly fetch manifest @solana/fast-stable-stringify@2.3.0
3985 silly packumentCache full:https://registry.npmjs.org/@solana%2ffast-stable-stringify cache-miss
3986 http cache https://registry.npmjs.org/@solana%2fassertions 1061ms (cache hit)
3987 silly packumentCache full:https://registry.npmjs.org/@solana%2fassertions set size:9645114 disposed:false
3988 silly fetch manifest @solana/rpc-subscriptions-api@2.3.0
3989 silly packumentCache full:https://registry.npmjs.org/@solana%2frpc-subscriptions-api cache-miss
3990 http cache https://registry.npmjs.org/@solana%2frpc-transformers 744ms (cache hit)
3991 silly packumentCache full:https://registry.npmjs.org/@solana%2frpc-transformers set size:7410813 disposed:false
3992 silly fetch manifest @solana/rpc-subscriptions-spec@2.3.0
3993 silly packumentCache full:https://registry.npmjs.org/@solana%2frpc-subscriptions-spec cache-miss
3994 http cache https://registry.npmjs.org/@solana%2ffast-stable-stringify 616ms (cache hit)
3995 silly packumentCache full:https://registry.npmjs.org/@solana%2ffast-stable-stringify set size:6610609 disposed:false
3996 silly fetch manifest @solana/rpc-subscriptions-channel-websocket@2.3.0
3997 silly packumentCache full:https://registry.npmjs.org/@solana%2frpc-subscriptions-channel-websocket cache-miss
3998 http cache https://registry.npmjs.org/@solana%2frpc-transport-http 857ms (cache hit)
3999 silly packumentCache full:https://registry.npmjs.org/@solana%2frpc-transport-http set size:7649842 disposed:false
4000 http cache https://registry.npmjs.org/@solana%2fsubscribable 715ms (cache hit)
4001 silly packumentCache full:https://registry.npmjs.org/@solana%2fsubscribable set size:3822002 disposed:false
4002 http cache https://registry.npmjs.org/@solana%2frpc-subscriptions-channel-websocket 318ms (cache hit)
4003 silly packumentCache full:https://registry.npmjs.org/@solana%2frpc-subscriptions-channel-websocket set size:3811346 disposed:false
4004 http cache https://registry.npmjs.org/@solana%2frpc-subscriptions-api 593ms (cache hit)
4005 silly packumentCache full:https://registry.npmjs.org/@solana%2frpc-subscriptions-api set size:8074891 disposed:false
4006 http cache https://registry.npmjs.org/@solana%2frpc-subscriptions-spec 512ms (cache hit)
4007 silly packumentCache full:https://registry.npmjs.org/@solana%2frpc-subscriptions-spec set size:7726014 disposed:false
4008 http cache https://registry.npmjs.org/@solana%2frpc-transformers 901ms (cache hit)
4009 silly packumentCache full:https://registry.npmjs.org/@solana%2frpc-transformers set size:7410813 disposed:false
4010 http cache https://registry.npmjs.org/@solana%2ffast-stable-stringify 978ms (cache hit)
4011 silly packumentCache full:https://registry.npmjs.org/@solana%2ffast-stable-stringify set size:6610609 disposed:false
4012 silly placeDep node_modules/x402 @solana/codecs-core@2.3.0 OK for: @solana/accounts@2.3.0 want: 2.3.0
4013 silly placeDep node_modules/x402 @solana/codecs-strings@2.3.0 OK for: @solana/accounts@2.3.0 want: 2.3.0
4014 silly placeDep ROOT fastestsmallesttextencoderdecoder@1.0.22 OK for: @solana/codecs-strings@2.3.0 want: ^1.0.22
4015 silly placeDep node_modules/x402 @solana/rpc-spec@2.3.0 OK for: @solana/accounts@2.3.0 want: 2.3.0
4016 silly placeDep node_modules/x402 @solana/assertions@2.3.0 OK for: @solana/addresses@2.3.0 want: 2.3.0
4017 silly placeDep node_modules/x402 @solana/nominal-types@2.3.0 OK for: @solana/addresses@2.3.0 want: 2.3.0
4018 silly placeDep node_modules/x402 @solana/codecs-data-structures@2.3.0 OK for: @solana/codecs@2.3.0 want: 2.3.0
4019 silly placeDep node_modules/x402 @solana/codecs-numbers@2.3.0 OK for: @solana/codecs@2.3.0 want: 2.3.0
4020 silly placeDep node_modules/x402 @solana/options@2.3.0 OK for: @solana/codecs@2.3.0 want: 2.3.0
4021 silly placeDep node_modules/x402 @solana/fast-stable-stringify@2.3.0 OK for: @solana/rpc@2.3.0 want: 2.3.0
4022 silly placeDep node_modules/x402 @solana/rpc-api@2.3.0 OK for: @solana/rpc@2.3.0 want: 2.3.0
4023 silly placeDep node_modules/x402 @solana/rpc-transformers@2.3.0 OK for: @solana/rpc@2.3.0 want: 2.3.0
4024 silly placeDep node_modules/x402 @solana/rpc-transport-http@2.3.0 OK for: @solana/rpc@2.3.0 want: 2.3.0
4025 silly fetch manifest ws@^8.18.0
4026 silly packumentCache full:https://registry.npmjs.org/ws cache-hit
4027 silly placeDep node_modules/x402 @solana/promises@2.3.0 OK for: @solana/rpc-subscriptions@2.3.0 want: 2.3.0
4028 silly placeDep node_modules/x402 @solana/rpc-subscriptions-api@2.3.0 OK for: @solana/rpc-subscriptions@2.3.0 want: 2.3.0
4029 silly placeDep node_modules/x402 @solana/rpc-subscriptions-channel-websocket@2.3.0 OK for: @solana/rpc-subscriptions@2.3.0 want: 2.3.0
4030 silly placeDep node_modules/x402 @solana/rpc-subscriptions-spec@2.3.0 OK for: @solana/rpc-subscriptions@2.3.0 want: 2.3.0
4031 silly placeDep node_modules/x402 @solana/subscribable@2.3.0 OK for: @solana/rpc-subscriptions@2.3.0 want: 2.3.0
4032 silly placeDep node_modules/yargs emoji-regex@8.0.0 OK for: string-width@4.2.3 want: ^8.0.0
4033 silly placeDep node_modules/yargs strip-ansi@6.0.1 OK for: string-width@4.2.3 want: ^6.0.1
4034 silly placeDep node_modules/yargs ansi-regex@5.0.1 OK for: strip-ansi@6.0.1 want: ^5.0.1
4035 silly placeDep node_modules/@metamask/eth-json-rpc-provider uuid@9.0.1 OK for: @metamask/utils@8.5.0 want: ^9.0.1
4036 silly placeDep node_modules/@reown/appkit-controllers @scure/bip32@1.6.2 OK for: viem@2.23.2 want: 1.6.2
4037 silly placeDep node_modules/@reown/appkit-controllers @scure/bip39@1.5.4 OK for: viem@2.23.2 want: 1.5.4
4038 silly placeDep node_modules/@reown/appkit-controllers isows@1.0.6 OK for: viem@2.23.2 want: 1.0.6
4039 silly placeDep node_modules/@reown/appkit-controllers ox@0.6.7 OK for: viem@2.23.2 want: 0.6.7
4040 silly placeDep node_modules/@reown/appkit-controllers ws@8.18.0 OK for: viem@2.23.2 want: 8.18.0
4041 silly placeDep node_modules/@reown/appkit-utils @scure/bip32@1.6.2 OK for: viem@2.23.2 want: 1.6.2
4042 silly placeDep node_modules/@reown/appkit-utils @scure/bip39@1.5.4 OK for: viem@2.23.2 want: 1.5.4
4043 silly placeDep node_modules/@reown/appkit-utils isows@1.0.6 OK for: viem@2.23.2 want: 1.0.6
4044 silly placeDep node_modules/@reown/appkit-utils ox@0.6.7 OK for: viem@2.23.2 want: 0.6.7
4045 silly placeDep node_modules/@reown/appkit-utils ws@8.18.0 OK for: viem@2.23.2 want: 8.18.0
4046 silly placeDep node_modules/@reown/appkit @scure/bip32@1.6.2 OK for: viem@2.23.2 want: 1.6.2
4047 silly placeDep node_modules/@reown/appkit @scure/bip39@1.5.4 OK for: viem@2.23.2 want: 1.5.4
4048 silly placeDep node_modules/@reown/appkit isows@1.0.6 OK for: viem@2.23.2 want: 1.0.6
4049 silly placeDep node_modules/@reown/appkit ox@0.6.7 OK for: viem@2.23.2 want: 0.6.7
4050 silly placeDep node_modules/@reown/appkit ws@8.18.0 OK for: viem@2.23.2 want: 8.18.0
4051 silly reify moves {}
4052 silly audit bulk request {
4052 silly audit   thirdweb: [ '5.118.1' ],
4052 silly audit   '@base-org/account': [ '2.5.0', '2.4.0' ],
4052 silly audit   '@coinbase/wallet-sdk': [ '4.3.0', '4.3.6', '3.9.3' ],
4052 silly audit   '@emotion/react': [ '11.14.0' ],
4052 silly audit   react: [ '19.2.4' ],
4052 silly audit   '@emotion/styled': [ '11.14.1' ],
4052 silly audit   '@noble/curves': [
4052 silly audit     '1.8.2', '1.8.0',
4052 silly audit     '1.9.2', '1.9.7',
4052 silly audit     '1.9.1', '1.4.2',
4052 silly audit     '1.8.1'
4052 silly audit   ],
4052 silly audit   '@noble/hashes': [ '1.7.2', '1.7.0', '1.8.0', '1.4.0', '1.7.1' ],
4052 silly audit   '@passwordless-id/webauthn': [ '2.3.1' ],
4052 silly audit   '@radix-ui/react-dialog': [ '1.1.14' ],
4052 silly audit   'react-dom': [ '19.2.4' ],
4052 silly audit   '@radix-ui/react-focus-scope': [ '1.1.7' ],
4052 silly audit   '@radix-ui/react-icons': [ '1.3.2' ],
4052 silly audit   '@radix-ui/react-tooltip': [ '1.2.7' ],
4052 silly audit   '@tanstack/react-query': [ '5.81.5' ],
4052 silly audit   '@thirdweb-dev/engine': [ '3.4.0' ],
4052 silly audit   '@thirdweb-dev/insight': [ '1.1.1' ],
4052 silly audit   '@walletconnect/sign-client': [ '2.21.8', '2.21.1', '2.21.0' ],
4052 silly audit   '@walletconnect/universal-provider': [ '2.21.8', '2.21.1', '2.21.0' ],
4052 silly audit   abitype: [ '1.0.8', '1.0.6', '1.1.0', '1.2.3' ],
4052 silly audit   'cross-spawn': [ '7.0.6' ],
4052 silly audit   'fuse.js': [ '7.1.0' ],
4052 silly audit   'input-otp': [ '1.4.2' ],
4052 silly audit   mipd: [ '0.0.7' ],
4052 silly audit   open: [ '10.1.1', '11.0.0' ],
4052 silly audit   ora: [ '8.2.0' ],
4052 silly audit   ox: [ '0.7.0', '0.6.9', '0.9.6', '0.9.17', '0.6.7', '0.7.1' ],
4052 silly audit   prompts: [ '2.4.2' ],
4052 silly audit   qrcode: [ '1.5.3' ],
4052 silly audit   toml: [ '3.0.0' ],
4052 silly audit   uqr: [ '0.1.2' ],
4052 silly audit   viem: [ '2.39.0', '2.31.0', '2.23.2' ],
4052 silly audit   x402: [ '0.7.0' ],
4052 silly audit   zod: [ '3.25.75', '3.22.4', '4.3.6' ],
4052 silly audit   '@coinbase/cdp-sdk': [ '1.44.0' ],
4052 silly audit   'brotli-wasm': [ '3.0.1' ],
4052 silly audit   clsx: [ '1.2.1' ],
4052 silly audit   eventemitter3: [ '5.0.1' ],
4052 silly audit   'idb-keyval': [ '6.2.1' ],
4052 silly audit   preact: [ '10.24.2' ],
4052 silly audit   zustand: [ '5.0.3', '5.0.0' ],
4052 silly audit   '@solana-program/system': [ '0.10.0' ],
4052 silly audit   '@solana/kit': [ '5.5.1', '2.3.0' ],
4052 silly audit   '@solana-program/token': [ '0.9.0', '0.5.1' ],
4052 silly audit   '@solana/web3.js': [ '1.98.4' ],
4052 silly audit   axios: [ '1.13.4' ],
4052 silly audit   'axios-retry': [ '4.5.0' ],
4052 silly audit   jose: [ '6.1.3' ],
4052 silly audit   md5: [ '2.3.0' ],
4052 silly audit   uncrypto: [ '0.1.3' ],
4052 silly audit   '@babel/runtime': [ '7.28.6' ],
4052 silly audit   '@emotion/babel-plugin': [ '11.13.5' ],
4052 silly audit   '@emotion/cache': [ '11.14.0' ],
4052 silly audit   '@emotion/serialize': [ '1.3.3' ],
4052 silly audit   '@emotion/use-insertion-effect-with-fallbacks': [ '1.2.0' ],
4052 silly audit   '@emotion/utils': [ '1.4.2' ],
4052 silly audit   '@emotion/weak-memoize': [ '0.4.0' ],
4052 silly audit   'hoist-non-react-statics': [ '3.3.2' ],
4052 silly audit   '@babel/helper-module-imports': [ '7.28.6' ],
4052 silly audit   '@emotion/hash': [ '0.9.2' ],
4052 silly audit   '@emotion/memoize': [ '0.9.0' ],
4052 silly audit   'babel-plugin-macros': [ '3.1.0' ],
4052 silly audit   'convert-source-map': [ '1.9.0' ],
4052 silly audit   'escape-string-regexp': [ '4.0.0' ],
4052 silly audit   'find-root': [ '1.1.0' ],
4052 silly audit   'source-map': [ '0.5.7' ],
4052 silly audit   stylis: [ '4.2.0' ],
4052 silly audit   '@babel/traverse': [ '7.29.0' ],
4052 silly audit   '@babel/types': [ '7.29.0' ],
4052 silly audit   '@babel/code-frame': [ '7.29.0' ],
4052 silly audit   '@babel/generator': [ '7.29.1' ],
4052 silly audit   '@babel/helper-globals': [ '7.28.0' ],
4052 silly audit   '@babel/parser': [ '7.29.0' ],
4052 silly audit   '@babel/template': [ '7.28.6' ],
4052 silly audit   debug: [ '4.4.3', '4.3.4' ],
4052 silly audit   '@babel/helper-validator-identifier': [ '7.28.5' ],
4052 silly audit   'js-tokens': [ '4.0.0' ],
4052 silly audit   picocolors: [ '1.1.1' ],
4052 silly audit   '@jridgewell/gen-mapping': [ '0.3.13' ],
4052 silly audit   '@jridgewell/trace-mapping': [ '0.3.31' ],
4052 silly audit   jsesc: [ '3.1.0' ],
4052 silly audit   '@babel/helper-string-parser': [ '7.27.1' ],
4052 silly audit   '@emotion/sheet': [ '1.4.0' ],
4052 silly audit   '@emotion/unitless': [ '0.10.0' ],
4052 silly audit   csstype: [ '3.2.3' ],
4052 silly audit   '@emotion/is-prop-valid': [ '1.4.0' ],
4052 silly audit   '@jridgewell/sourcemap-codec': [ '1.5.5' ],
4052 silly audit   '@jridgewell/resolve-uri': [ '3.1.2' ],
4052 silly audit   '@radix-ui/primitive': [ '1.1.2' ],
4052 silly audit   '@radix-ui/react-compose-refs': [ '1.1.2' ],
4052 silly audit   '@radix-ui/react-context': [ '1.1.2' ],
4052 silly audit   '@radix-ui/react-dismissable-layer': [ '1.1.10' ],
4052 silly audit   '@radix-ui/react-focus-guards': [ '1.1.2' ],
4052 silly audit   '@radix-ui/react-id': [ '1.1.1' ],
4052 silly audit   '@radix-ui/react-portal': [ '1.1.9' ],
4052 silly audit   '@radix-ui/react-presence': [ '1.1.4' ],
4052 silly audit   '@radix-ui/react-primitive': [ '2.1.3' ],
4052 silly audit   '@radix-ui/react-slot': [ '1.2.3' ],
4052 silly audit   '@radix-ui/react-use-controllable-state': [ '1.2.2' ],
4052 silly audit   'aria-hidden': [ '1.2.6' ],
4052 silly audit   'react-remove-scroll': [ '2.7.2' ],
4052 silly audit   '@radix-ui/react-use-callback-ref': [ '1.1.1' ],
4052 silly audit   '@radix-ui/react-use-escape-keydown': [ '1.1.1' ],
4052 silly audit   '@radix-ui/react-use-layout-effect': [ '1.1.1' ],
4052 silly audit   '@radix-ui/react-popper': [ '1.2.7' ],
4052 silly audit   '@radix-ui/react-visually-hidden': [ '1.2.3' ],
4052 silly audit   '@floating-ui/react-dom': [ '2.1.7' ],
4052 silly audit   '@radix-ui/react-arrow': [ '1.1.7' ],
4052 silly audit   '@radix-ui/react-use-rect': [ '1.1.1' ],
4052 silly audit   '@radix-ui/react-use-size': [ '1.1.1' ],
4052 silly audit   '@radix-ui/rect': [ '1.1.1' ],
4052 silly audit   '@floating-ui/dom': [ '1.7.5' ],
4052 silly audit   '@floating-ui/core': [ '1.7.4' ],
4052 silly audit   '@floating-ui/utils': [ '0.2.10' ],
4052 silly audit   '@radix-ui/react-use-effect-event': [ '0.0.2' ],
4052 silly audit   '@solana/accounts': [ '5.5.1', '2.3.0' ],
4052 silly audit   '@solana/addresses': [ '5.5.1', '2.3.0' ],
4052 silly audit   '@solana/codecs': [ '5.5.1', '2.3.0' ],
4052 silly audit   '@solana/errors': [ '5.5.1', '2.3.0' ],
4052 silly audit   '@solana/functional': [ '5.5.1', '2.3.0' ],
4052 silly audit   '@solana/instruction-plans': [ '5.5.1' ],
4052 silly audit   '@solana/instructions': [ '5.5.1', '2.3.0' ],
4052 silly audit   '@solana/keys': [ '5.5.1', '2.3.0' ],
4052 silly audit   '@solana/offchain-messages': [ '5.5.1' ],
4052 silly audit   '@solana/plugin-core': [ '5.5.1' ],
4052 silly audit   '@solana/programs': [ '5.5.1', '2.3.0' ],
4052 silly audit   '@solana/rpc': [ '5.5.1', '2.3.0' ],
4052 silly audit   '@solana/rpc-api': [ '5.5.1', '2.3.0' ],
4052 silly audit   '@solana/rpc-parsed-types': [ '5.5.1', '2.3.0' ],
4052 silly audit   '@solana/rpc-spec-types': [ '5.5.1', '2.3.0' ],
4052 silly audit   '@solana/rpc-subscriptions': [ '5.5.1', '2.3.0' ],
4052 silly audit   '@solana/rpc-types': [ '5.5.1', '2.3.0' ],
4052 silly audit   '@solana/signers': [ '5.5.1', '2.3.0' ],
4052 silly audit   '@solana/sysvars': [ '5.5.1', '2.3.0' ],
4052 silly audit   '@solana/transaction-confirmation': [ '5.5.1', '2.3.0' ],
4052 silly audit   '@solana/transaction-messages': [ '5.5.1', '2.3.0' ],
4052 silly audit   '@solana/transactions': [ '5.5.1', '2.3.0' ],
4052 silly audit   '@solana/codecs-core': [ '5.5.1', '2.3.0' ],
4052 silly audit   '@solana/codecs-strings': [ '5.5.1', '2.3.0' ],
4052 silly audit   '@solana/rpc-spec': [ '5.5.1', '2.3.0' ],
4052 silly audit   '@solana/assertions': [ '5.5.1', '2.3.0' ],
4052 silly audit   '@solana/nominal-types': [ '5.5.1', '2.3.0' ],
4052 silly audit   '@solana/codecs-data-structures': [ '5.5.1', '2.3.0' ],
4052 silly audit   '@solana/codecs-numbers': [ '5.5.1', '2.3.0' ],
4052 silly audit   '@solana/options': [ '5.5.1', '2.3.0' ],
4052 silly audit   chalk: [ '5.6.2' ],
4052 silly audit   commander: [ '14.0.2', '14.0.3', '2.20.3' ],
4052 silly audit   '@solana/promises': [ '5.5.1', '2.3.0' ],
4052 silly audit   '@solana/fast-stable-stringify': [ '5.5.1', '2.3.0' ],
4052 silly audit   '@solana/rpc-transformers': [ '5.5.1', '2.3.0' ],
4052 silly audit   '@solana/rpc-transport-http': [ '5.5.1', '2.3.0' ],
4052 silly audit   '@solana/rpc-subscriptions-api': [ '5.5.1', '2.3.0' ],
4052 silly audit   '@solana/rpc-subscriptions-channel-websocket': [ '5.5.1', '2.3.0' ],
4052 silly audit   '@solana/rpc-subscriptions-spec': [ '5.5.1', '2.3.0' ],
4052 silly audit   '@solana/subscribable': [ '5.5.1', '2.3.0' ],
4052 silly audit   ws: [ '8.19.0', '7.5.10', '8.18.3', '8.18.0', '8.18.2' ],
4052 silly audit   'undici-types': [ '7.21.0' ],
4052 silly audit   '@solana/buffer-layout': [ '4.0.1' ],
4052 silly audit   typescript: [ '5.9.3' ],
4052 silly audit   agentkeepalive: [ '4.6.0' ],
4052 silly audit   'bn.js': [ '5.2.2' ],
4052 silly audit   borsh: [ '0.7.0' ],
4052 silly audit   bs58: [ '4.0.1', '6.0.0' ],
4052 silly audit   buffer: [ '6.0.3' ],
4052 silly audit   'fast-stable-stringify': [ '1.0.0' ],
4052 silly audit   jayson: [ '4.3.0' ],
4052 silly audit   'node-fetch': [ '2.7.0' ],
4052 silly audit   'rpc-websockets': [ '9.3.3' ],
4052 silly audit   superstruct: [ '2.0.2', '1.0.4' ],
4052 silly audit   '@tanstack/query-core': [ '5.81.5' ],
4052 silly audit   '@hey-api/client-fetch': [ '0.10.0' ],
4052 silly audit   '@hey-api/openapi-ts': [ '0.92.3' ],
4052 silly audit   '@hey-api/codegen-core': [ '0.7.0' ],
4052 silly audit   '@hey-api/json-schema-ref-parser': [ '1.2.4' ],
4052 silly audit   '@hey-api/shared': [ '0.1.2' ],
4052 silly audit   '@hey-api/types': [ '0.1.3' ],
4052 silly audit   'ansi-colors': [ '4.1.3' ],
4052 silly audit   'color-support': [ '1.1.3' ],
4052 silly audit   c12: [ '3.3.3' ],
4052 silly audit   '@jsdevtools/ono': [ '7.1.3' ],
4052 silly audit   '@types/json-schema': [ '7.0.15' ],
4052 silly audit   'js-yaml': [ '4.1.1' ],
4052 silly audit   lodash: [ '4.17.23' ],
4052 silly audit   semver: [ '7.7.3' ],
4052 silly audit   '@walletconnect/core': [ '2.21.8', '2.21.0', '2.21.1' ],
4052 silly audit   '@walletconnect/events': [ '1.0.1' ],
4052 silly audit   '@walletconnect/heartbeat': [ '1.2.2' ],
4052 silly audit   '@walletconnect/jsonrpc-utils': [ '1.0.8' ],
4052 silly audit   '@walletconnect/logger': [ '2.1.2' ],
4052 silly audit   '@walletconnect/time': [ '1.0.2' ],
4052 silly audit   '@walletconnect/types': [ '2.21.8', '2.21.1', '2.21.0' ],
4052 silly audit   '@walletconnect/utils': [ '2.21.8', '2.21.1', '2.21.0' ],
4052 silly audit   events: [ '3.3.0' ],
4052 silly audit   '@walletconnect/jsonrpc-provider': [ '1.0.14' ],
4052 silly audit   '@walletconnect/jsonrpc-types': [ '1.0.4' ],
4052 silly audit   '@walletconnect/jsonrpc-ws-connection': [ '1.0.16' ],
4052 silly audit   '@walletconnect/keyvaluestorage': [ '1.1.1' ],
4052 silly audit   '@walletconnect/relay-api': [ '1.0.11' ],
4052 silly audit   '@walletconnect/relay-auth': [ '1.1.0' ],
4052 silly audit   '@walletconnect/safe-json': [ '1.0.2' ],
4052 silly audit   '@walletconnect/window-getters': [ '1.0.1' ],
4052 silly audit   'es-toolkit': [ '1.39.3', '1.33.0' ],
4052 silly audit   uint8arrays: [ '3.1.1', '3.1.0' ],
4052 silly audit   'keyvaluestorage-interface': [ '1.0.0' ],
4052 silly audit   tslib: [ '1.14.1', '2.8.1' ],
4052 silly audit   '@walletconnect/environment': [ '1.0.1' ],
4052 silly audit   unstorage: [ '1.17.4' ],
4052 silly audit   pino: [ '7.11.0' ],
4052 silly audit   '@walletconnect/jsonrpc-http-connection': [ '1.0.8' ],
4052 silly audit   'cross-fetch': [ '3.2.0', '4.1.0' ],
4052 silly audit   '@msgpack/msgpack': [ '3.1.2' ],
4052 silly audit   '@noble/ciphers': [ '1.3.0', '1.2.1' ],
4052 silly audit   '@scure/base': [ '1.2.6', '1.1.9' ],
4052 silly audit   '@walletconnect/window-metadata': [ '1.0.1' ],
4052 silly audit   blakejs: [ '1.2.1' ],
4052 silly audit   'detect-browser': [ '5.3.0' ],
4052 silly audit   'query-string': [ '7.1.3' ],
4052 silly audit   'humanize-ms': [ '1.2.1' ],
4052 silly audit   'follow-redirects': [ '1.15.11' ],
4052 silly audit   'form-data': [ '4.0.5' ],
4052 silly audit   'proxy-from-env': [ '1.1.0' ],
4052 silly audit   'is-retry-allowed': [ '2.2.0' ],
4052 silly audit   cosmiconfig: [ '7.1.0' ],
4052 silly audit   resolve: [ '1.22.11' ],
4052 silly audit   'text-encoding-utf-8': [ '1.0.2' ],
4052 silly audit   'base-x': [ '3.0.11', '5.0.1' ],
4052 silly audit   'safe-buffer': [ '5.2.1', '5.1.2' ],
4052 silly audit   'base64-js': [ '1.5.1' ],
4052 silly audit   ieee754: [ '1.2.1' ],
4052 silly audit   chokidar: [ '5.0.0' ],
4052 silly audit   confbox: [ '0.2.4' ],
4052 silly audit   defu: [ '6.1.4' ],
4052 silly audit   dotenv: [ '17.2.4' ],
4052 silly audit   exsolve: [ '1.0.8' ],
4052 silly audit   giget: [ '2.0.0' ],
4052 silly audit   jiti: [ '2.6.1' ],
4052 silly audit   ohash: [ '2.0.11' ],
4052 silly audit   pathe: [ '2.0.3' ],
4052 silly audit   'perfect-debounce': [ '2.1.0' ],
4052 silly audit   'pkg-types': [ '2.3.0' ],
4052 silly audit   rc9: [ '2.1.2' ],
4052 silly audit   readdirp: [ '5.0.0' ],
4052 silly audit   '@types/parse-json': [ '4.0.2' ],
4052 silly audit   'import-fresh': [ '3.3.1' ],
4052 silly audit   'parse-json': [ '5.2.0' ],
4052 silly audit   'path-type': [ '4.0.0' ],
4052 silly audit   yaml: [ '1.10.2' ],
4052 silly audit   'path-key': [ '3.1.1' ],
4052 silly audit   'shebang-command': [ '2.0.0' ],
4052 silly audit   which: [ '2.0.2' ],
4052 silly audit   ms: [ '2.1.3', '2.1.2' ],
4052 silly audit   asynckit: [ '0.4.0' ],
4052 silly audit   'combined-stream': [ '1.0.8' ],
4052 silly audit   'es-set-tostringtag': [ '2.1.0' ],
4052 silly audit   hasown: [ '2.0.2' ],
4052 silly audit   'mime-types': [ '2.1.35' ],
4052 silly audit   'delayed-stream': [ '1.0.0' ],
4052 silly audit   'es-errors': [ '1.3.0' ],
4052 silly audit   'get-intrinsic': [ '1.3.0' ],
4052 silly audit   'has-tostringtag': [ '1.0.2' ],
4052 silly audit   'call-bind-apply-helpers': [ '1.0.2' ],
4052 silly audit   'es-define-property': [ '1.0.1' ],
4052 silly audit   'es-object-atoms': [ '1.1.1' ],
4052 silly audit   'function-bind': [ '1.1.2' ],
4052 silly audit   'get-proto': [ '1.0.1' ],
4052 silly audit   gopd: [ '1.2.0' ],
4052 silly audit   'has-symbols': [ '1.1.0' ],
4052 silly audit   'math-intrinsics': [ '1.1.0' ],
4052 silly audit   'dunder-proto': [ '1.0.1' ],
4052 silly audit   citty: [ '0.1.6', '0.2.0' ],
4052 silly audit   consola: [ '3.4.2' ],
4052 silly audit   'node-fetch-native': [ '1.6.7' ],
4052 silly audit   nypm: [ '0.6.5' ],
4052 silly audit   'react-is': [ '16.13.1' ],
4052 silly audit   'parent-module': [ '1.0.1' ],
4052 silly audit   'resolve-from': [ '4.0.0' ],
4052 silly audit   '@types/connect': [ '3.4.38' ],
4052 silly audit   '@types/node': [ '12.20.55' ],
4052 silly audit   '@types/ws': [ '7.4.7', '8.18.1' ],
4052 silly audit   delay: [ '5.0.0' ],
4052 silly audit   'es6-promisify': [ '5.0.0' ],
4052 silly audit   eyes: [ '0.1.8' ],
4052 silly audit   'isomorphic-ws': [ '4.0.1' ],
4052 silly audit   'json-stringify-safe': [ '5.0.1' ],
4052 silly audit   'stream-json': [ '1.9.1' ],
4052 silly audit   uuid: [ '8.3.2', '9.0.1' ],
4052 silly audit   'es6-promise': [ '4.2.8' ],
4052 silly audit   argparse: [ '2.0.1' ],
4052 silly audit   charenc: [ '0.0.2' ],
4052 silly audit   crypt: [ '0.0.2' ],
4052 silly audit   'is-buffer': [ '1.1.6' ],
4052 silly audit   'mime-db': [ '1.52.0' ],
4052 silly audit   'whatwg-url': [ '5.0.0' ],
4052 silly audit   tinyexec: [ '1.0.2' ],
4052 silly audit   'default-browser': [ '5.5.0' ],
4052 silly audit   'define-lazy-prop': [ '3.0.0' ],
4052 silly audit   'is-inside-container': [ '1.0.0' ],
4052 silly audit   'is-wsl': [ '3.1.0' ],
4052 silly audit   'bundle-name': [ '4.1.0' ],
4052 silly audit   'default-browser-id': [ '5.0.1' ],
4052 silly audit   'run-applescript': [ '7.1.0' ],
4052 silly audit   'is-docker': [ '3.0.0' ],
4052 silly audit   'cli-cursor': [ '5.0.0' ],
4052 silly audit   'cli-spinners': [ '2.9.2' ],
4052 silly audit   'is-interactive': [ '2.0.0' ],
4052 silly audit   'is-unicode-supported': [ '2.1.0', '1.3.0' ],
4052 silly audit   'log-symbols': [ '6.0.0' ],
4052 silly audit   'stdin-discarder': [ '0.2.2' ],
4052 silly audit   'string-width': [ '7.2.0', '4.2.3' ],
4052 silly audit   'strip-ansi': [ '7.1.2', '6.0.1' ],
4052 silly audit   'restore-cursor': [ '5.1.0' ],
4052 silly audit   '@adraffy/ens-normalize': [ '1.11.1' ],
4052 silly audit   '@scure/bip32': [ '1.7.0', '1.4.0', '1.6.2' ],
4052 silly audit   '@scure/bip39': [ '1.6.0', '1.3.0', '1.5.4' ],
4052 silly audit   callsites: [ '3.1.0' ],
4052 silly audit   'error-ex': [ '1.3.4' ],
4052 silly audit   'json-parse-even-better-errors': [ '2.3.1' ],
4052 silly audit   'lines-and-columns': [ '1.2.4' ],
4052 silly audit   'is-arrayish': [ '0.2.1' ],
4052 silly audit   'atomic-sleep': [ '1.0.0' ],
4052 silly audit   'fast-redact': [ '3.5.0' ],
4052 silly audit   'on-exit-leak-free': [ '0.2.0' ],
4052 silly audit   'pino-abstract-transport': [ '0.5.0' ],
4052 silly audit   'pino-std-serializers': [ '4.0.0' ],
4052 silly audit   'process-warning': [ '1.0.0' ],
4052 silly audit   'quick-format-unescaped': [ '4.0.4' ],
4052 silly audit   'real-require': [ '0.1.0' ],
4052 silly audit   'safe-stable-stringify': [ '2.5.0' ],
4052 silly audit   'sonic-boom': [ '2.8.0' ],
4052 silly audit   'thread-stream': [ '0.15.2' ],
4052 silly audit   duplexify: [ '4.1.3' ],
4052 silly audit   split2: [ '4.2.0' ],
4052 silly audit   'end-of-stream': [ '1.4.5' ],
4052 silly audit   inherits: [ '2.0.4' ],
4052 silly audit   'readable-stream': [ '3.6.2', '2.3.8' ],
4052 silly audit   'stream-shift': [ '1.0.3' ],
4052 silly audit   once: [ '1.4.0' ],
4052 silly audit   wrappy: [ '1.0.2' ],
4052 silly audit   kleur: [ '3.0.3' ],
4052 silly audit   sisteransi: [ '1.0.5' ],
4052 silly audit   dijkstrajs: [ '1.0.3' ],
4052 silly audit   'encode-utf8': [ '1.0.3' ],
4052 silly audit   pngjs: [ '5.0.0' ],
4052 silly audit   yargs: [ '15.4.1' ],
4052 silly audit   'decode-uri-component': [ '0.2.2' ],
4052 silly audit   'filter-obj': [ '1.1.0' ],
4052 silly audit   'split-on-first': [ '1.1.0' ],
4052 silly audit   'strict-uri-encode': [ '2.0.0' ],
4052 silly audit   destr: [ '2.0.5' ],
4052 silly audit   scheduler: [ '0.27.0' ],
4052 silly audit   'react-remove-scroll-bar': [ '2.3.8' ],
4052 silly audit   'react-style-singleton': [ '2.2.3' ],
4052 silly audit   'use-callback-ref': [ '1.3.3' ],
4052 silly audit   'use-sidecar': [ '1.1.3' ],
4052 silly audit   'get-nonce': [ '1.0.1' ],
4052 silly audit   string_decoder: [ '1.3.0', '1.1.1' ],
4052 silly audit   'util-deprecate': [ '1.0.2' ],
4052 silly audit   'is-core-module': [ '2.16.1' ],
4052 silly audit   'path-parse': [ '1.0.7' ],
4052 silly audit   'supports-preserve-symlinks-flag': [ '1.0.0' ],
4052 silly audit   onetime: [ '7.0.0' ],
4052 silly audit   'signal-exit': [ '4.1.0' ],
4052 silly audit   'mimic-function': [ '5.0.1' ],
4052 silly audit   '@swc/helpers': [ '0.5.18' ],
4052 silly audit   '@types/uuid': [ '8.3.4' ],
4052 silly audit   bufferutil: [ '4.1.0' ],
4052 silly audit   'utf-8-validate': [ '5.0.10' ],
4052 silly audit   'node-gyp-build': [ '4.8.4' ],
4052 silly audit   'shebang-regex': [ '3.0.0' ],
4052 silly audit   'stream-chain': [ '2.2.5' ],
4052 silly audit   'emoji-regex': [ '10.6.0', '8.0.0' ],
4052 silly audit   'get-east-asian-width': [ '1.4.0' ],
4052 silly audit   'ansi-regex': [ '6.2.2', '5.0.1' ],
4052 silly audit   multiformats: [ '9.9.0' ],
4052 silly audit   anymatch: [ '3.1.3' ],
4052 silly audit   h3: [ '1.15.5' ],
4052 silly audit   'lru-cache': [ '11.2.5' ],
4052 silly audit   ofetch: [ '1.5.1' ],
4052 silly audit   ufo: [ '1.6.3' ],
4052 silly audit   'normalize-path': [ '3.0.0' ],
4052 silly audit   picomatch: [ '2.3.1' ],
4052 silly audit   'cookie-es': [ '1.2.2' ],
4052 silly audit   crossws: [ '0.3.5' ],
4052 silly audit   'iron-webcrypto': [ '1.2.1' ],
4052 silly audit   'node-mock-http': [ '1.0.4' ],
4052 silly audit   radix3: [ '1.1.2' ],
4052 silly audit   'detect-node-es': [ '1.1.0' ],
4052 silly audit   isows: [ '1.0.7', '1.0.6' ],
4052 silly audit   tr46: [ '0.0.3' ],
4052 silly audit   'webidl-conversions': [ '3.0.1' ],
4052 silly audit   isexe: [ '2.0.0' ],
4052 silly audit   '@solana-program/compute-budget': [ '0.8.0' ],
4052 silly audit   '@solana-program/token-2022': [ '0.4.2' ],
4052 silly audit   wagmi: [ '2.19.5' ],
4052 silly audit   '@wagmi/connectors': [ '6.2.0' ],
4052 silly audit   '@wagmi/core': [ '2.22.1' ],
4052 silly audit   'use-sync-external-store': [ '1.4.0', '1.2.0' ],
4052 silly audit   '@gemini-wallet/core': [ '0.3.2' ],
4052 silly audit   '@metamask/sdk': [ '0.33.1' ],
4052 silly audit   '@safe-global/safe-apps-provider': [ '0.18.6' ],
4052 silly audit   '@safe-global/safe-apps-sdk': [ '9.1.0' ],
4052 silly audit   '@walletconnect/ethereum-provider': [ '2.21.1' ],
4052 silly audit   porto: [ '0.2.35' ],
4052 silly audit   '@metamask/rpc-errors': [ '7.0.2', '6.4.0' ],
4052 silly audit   '@metamask/utils': [ '11.9.0', '8.5.0', '5.0.2', '9.3.0' ],
4052 silly audit   'fast-safe-stringify': [ '2.1.1' ],
4052 silly audit   '@metamask/onboarding': [ '1.0.1' ],
4052 silly audit   '@metamask/providers': [ '16.1.0' ],
4052 silly audit   '@metamask/sdk-analytics': [ '0.0.5' ],
4052 silly audit   '@metamask/sdk-communication-layer': [ '0.33.1' ],
4052 silly audit   eciesjs: [ '0.4.17' ],
4052 silly audit   eventemitter2: [ '6.4.9' ],
4052 silly audit   'socket.io-client': [ '4.8.3' ],
4052 silly audit   '@metamask/sdk-install-modal-web': [ '0.32.1' ],
4052 silly audit   '@paulmillr/qr': [ '0.2.1' ],
4052 silly audit   bowser: [ '2.13.1' ],
4052 silly audit   'eth-rpc-errors': [ '4.0.3' ],
4052 silly audit   'obj-multiplex': [ '1.0.0' ],
4052 silly audit   pump: [ '3.0.3' ],
4052 silly audit   util: [ '0.12.5' ],
4052 silly audit   '@metamask/json-rpc-engine': [ '8.0.2', '7.3.3' ],
4052 silly audit   '@metamask/json-rpc-middleware-stream': [ '7.0.2' ],
4052 silly audit   '@metamask/object-multiplex': [ '2.1.0' ],
4052 silly audit   '@metamask/safe-event-emitter': [ '3.1.2', '2.0.0' ],
4052 silly audit   'extension-port-stream': [ '3.0.0' ],
4052 silly audit   'fast-deep-equal': [ '3.1.3' ],
4052 silly audit   'is-stream': [ '2.0.1' ],
4052 silly audit   'webextension-polyfill': [ '0.10.0' ],
4052 silly audit   'openapi-fetch': [ '0.13.8' ],
4052 silly audit   '@ethereumjs/tx': [ '4.2.0' ],
4052 silly audit   '@metamask/superstruct': [ '3.2.1' ],
4052 silly audit   '@types/debug': [ '4.1.12' ],
4052 silly audit   '@types/lodash': [ '4.17.23' ],
4052 silly audit   'pony-cause': [ '2.1.11' ],
4052 silly audit   '@ethereumjs/common': [ '3.2.0' ],
4052 silly audit   '@ethereumjs/rlp': [ '4.0.1' ],
4052 silly audit   '@ethereumjs/util': [ '8.1.0' ],
4052 silly audit   'ethereum-cryptography': [ '2.2.1' ],
4052 silly audit   'crc-32': [ '1.2.2' ],
4052 silly audit   'micro-ftch': [ '0.3.1' ],
4052 silly audit   '@safe-global/safe-gateway-typescript-sdk': [ '3.23.1' ],
4052 silly audit   '@types/ms': [ '2.1.0' ],
4052 silly audit   '@reown/appkit': [ '1.7.8' ],
4052 silly audit   '@reown/appkit-common': [ '1.7.8' ],
4052 silly audit   '@reown/appkit-controllers': [ '1.7.8' ],
4052 silly audit   '@reown/appkit-pay': [ '1.7.8' ],
4052 silly audit   '@reown/appkit-polyfills': [ '1.7.8' ],
4052 silly audit   '@reown/appkit-scaffold-ui': [ '1.7.8' ],
4052 silly audit   '@reown/appkit-ui': [ '1.7.8' ],
4052 silly audit   '@reown/appkit-utils': [ '1.7.8' ],
4052 silly audit   '@reown/appkit-wallet': [ '1.7.8' ],
4052 silly audit   valtio: [ '1.13.2' ],
4052 silly audit   'big.js': [ '6.2.2' ],
4052 silly audit   dayjs: [ '1.11.13' ],
4052 silly audit   lit: [ '3.3.0' ],
4052 silly audit   'eth-block-tracker': [ '7.1.0' ],
4052 silly audit   'eth-json-rpc-filters': [ '6.0.1' ],
4052 silly audit   keccak: [ '3.0.4' ],
4052 silly audit   'sha.js': [ '2.4.12' ],
4052 silly audit   '@ecies/ciphers': [ '0.2.5' ],
4052 silly audit   '@metamask/eth-json-rpc-provider': [ '1.0.1' ],
4052 silly audit   'json-rpc-random-id': [ '1.0.1' ],
4052 silly audit   pify: [ '3.0.0', '5.0.0' ],
4052 silly audit   'async-mutex': [ '0.2.6' ],
4052 silly audit   'eth-query': [ '2.1.2' ],
4052 silly audit   'json-rpc-engine': [ '6.1.0' ],
4052 silly audit   xtend: [ '4.0.2' ],
4052 silly audit   'node-addon-api': [ '2.0.2' ],
4052 silly audit   '@lit/reactive-element': [ '2.1.2' ],
4052 silly audit   'lit-element': [ '4.2.2' ],
4052 silly audit   'lit-html': [ '3.3.2' ],
4052 silly audit   '@lit-labs/ssr-dom-shim': [ '1.5.1' ],
4052 silly audit   '@types/trusted-types': [ '2.0.7' ],
4052 silly audit   'openapi-typescript-helpers': [ '0.0.15' ],
4052 silly audit   hono: [ '4.11.8' ],
4052 silly audit   'to-buffer': [ '1.2.2' ],
4052 silly audit   '@socket.io/component-emitter': [ '3.1.2' ],
4052 silly audit   'engine.io-client': [ '6.6.4' ],
4052 silly audit   'socket.io-parser': [ '4.2.5' ],
4052 silly audit   'engine.io-parser': [ '5.2.3' ],
4052 silly audit   'xmlhttprequest-ssl': [ '2.1.2' ],
4052 silly audit   isarray: [ '2.0.5', '1.0.0' ],
4052 silly audit   'typed-array-buffer': [ '1.0.3' ],
4052 silly audit   'call-bound': [ '1.0.4' ],
4052 silly audit   'is-typed-array': [ '1.1.15' ],
4052 silly audit   'which-typed-array': [ '1.1.20' ],
4052 silly audit   'is-arguments': [ '1.2.0' ],
4052 silly audit   'is-generator-function': [ '1.1.2' ],
4052 silly audit   'generator-function': [ '2.0.1' ],
4052 silly audit   'safe-regex-test': [ '1.1.0' ],
4052 silly audit   'is-regex': [ '1.2.1' ],
4052 silly audit   'derive-valtio': [ '0.1.0' ],
4052 silly audit   'proxy-compare': [ '2.6.0' ],
4052 silly audit   'available-typed-arrays': [ '1.0.7' ],
4052 silly audit   'call-bind': [ '1.0.8' ],
4052 silly audit   'for-each': [ '0.3.5' ],
4052 silly audit   'possible-typed-array-names': [ '1.1.0' ],
4052 silly audit   'set-function-length': [ '1.2.2' ],
4052 silly audit   'is-callable': [ '1.2.7' ],
4052 silly audit   'define-data-property': [ '1.1.4' ],
4052 silly audit   'has-property-descriptors': [ '1.0.2' ],
4052 silly audit   cliui: [ '6.0.0' ],
4052 silly audit   decamelize: [ '1.2.0' ],
4052 silly audit   'find-up': [ '4.1.0' ],
4052 silly audit   'get-caller-file': [ '2.0.5' ],
4052 silly audit   'require-directory': [ '2.1.1' ],
4052 silly audit   'require-main-filename': [ '2.0.0' ],
4052 silly audit   'set-blocking': [ '2.0.0' ],
4052 silly audit   'which-module': [ '2.0.1' ],
4052 silly audit   y18n: [ '4.0.3' ],
4052 silly audit   'yargs-parser': [ '18.1.3' ],
4052 silly audit   'wrap-ansi': [ '6.2.0' ],
4052 silly audit   'locate-path': [ '5.0.0' ],
4052 silly audit   'path-exists': [ '4.0.0' ],
4052 silly audit   'p-locate': [ '4.1.0' ],
4052 silly audit   'p-limit': [ '2.3.0' ],
4052 silly audit   'p-try': [ '2.2.0' ],
4052 silly audit   'ansi-styles': [ '4.3.0' ],
4052 silly audit   'color-convert': [ '2.0.1' ],
4052 silly audit   'color-name': [ '1.1.4' ],
4052 silly audit   camelcase: [ '5.3.1' ],
4052 silly audit   'is-in-ssh': [ '1.0.0' ],
4052 silly audit   'powershell-utils': [ '0.1.0' ],
4052 silly audit   'wsl-utils': [ '0.3.1' ],
4052 silly audit   'date-fns': [ '2.30.0' ],
4052 silly audit   'is-fullwidth-code-point': [ '3.0.0' ],
4052 silly audit   'core-util-is': [ '1.0.3' ],
4052 silly audit   'process-nextick-args': [ '2.0.1' ],
4052 silly audit   fastestsmallesttextencoderdecoder: [ '1.0.22' ]
4052 silly audit }
4053 http cache fastestsmallesttextencoderdecoder@https://registry.npmjs.org/fastestsmallesttextencoderdecoder/-/fastestsmallesttextencoderdecoder-1.0.22.tgz 0ms (cache hit)
4054 http cache core-util-is@https://registry.npmjs.org/core-util-is/-/core-util-is-1.0.3.tgz 0ms (cache hit)
4055 http cache is-fullwidth-code-point@https://registry.npmjs.org/is-fullwidth-code-point/-/is-fullwidth-code-point-3.0.0.tgz 0ms (cache hit)
4056 http cache date-fns@https://registry.npmjs.org/date-fns/-/date-fns-2.30.0.tgz 0ms (cache hit)
4057 http cache wsl-utils@https://registry.npmjs.org/wsl-utils/-/wsl-utils-0.3.1.tgz 0ms (cache hit)
4058 http cache powershell-utils@https://registry.npmjs.org/powershell-utils/-/powershell-utils-0.1.0.tgz 0ms (cache hit)
4059 http cache is-in-ssh@https://registry.npmjs.org/is-in-ssh/-/is-in-ssh-1.0.0.tgz 0ms (cache hit)
4060 http cache camelcase@https://registry.npmjs.org/camelcase/-/camelcase-5.3.1.tgz 0ms (cache hit)
4061 http cache color-name@https://registry.npmjs.org/color-name/-/color-name-1.1.4.tgz 0ms (cache hit)
4062 http cache color-convert@https://registry.npmjs.org/color-convert/-/color-convert-2.0.1.tgz 0ms (cache hit)
4063 http cache process-nextick-args@https://registry.npmjs.org/process-nextick-args/-/process-nextick-args-2.0.1.tgz 0ms (cache hit)
4064 http cache ansi-styles@https://registry.npmjs.org/ansi-styles/-/ansi-styles-4.3.0.tgz 0ms (cache hit)
4065 http cache p-limit@https://registry.npmjs.org/p-limit/-/p-limit-2.3.0.tgz 0ms (cache hit)
4066 http cache p-try@https://registry.npmjs.org/p-try/-/p-try-2.2.0.tgz 0ms (cache hit)
4067 http cache p-locate@https://registry.npmjs.org/p-locate/-/p-locate-4.1.0.tgz 0ms (cache hit)
4068 http cache path-exists@https://registry.npmjs.org/path-exists/-/path-exists-4.0.0.tgz 0ms (cache hit)
4069 http cache locate-path@https://registry.npmjs.org/locate-path/-/locate-path-5.0.0.tgz 0ms (cache hit)
4070 http cache yargs-parser@https://registry.npmjs.org/yargs-parser/-/yargs-parser-18.1.3.tgz 0ms (cache hit)
4071 http cache wrap-ansi@https://registry.npmjs.org/wrap-ansi/-/wrap-ansi-6.2.0.tgz 0ms (cache hit)
4072 http cache y18n@https://registry.npmjs.org/y18n/-/y18n-4.0.3.tgz 0ms (cache hit)
4073 http cache which-module@https://registry.npmjs.org/which-module/-/which-module-2.0.1.tgz 0ms (cache hit)
4074 http cache set-blocking@https://registry.npmjs.org/set-blocking/-/set-blocking-2.0.0.tgz 0ms (cache hit)
4075 http cache require-directory@https://registry.npmjs.org/require-directory/-/require-directory-2.1.1.tgz 0ms (cache hit)
4076 http cache require-main-filename@https://registry.npmjs.org/require-main-filename/-/require-main-filename-2.0.0.tgz 0ms (cache hit)
4077 http cache get-caller-file@https://registry.npmjs.org/get-caller-file/-/get-caller-file-2.0.5.tgz 0ms (cache hit)
4078 http cache decamelize@https://registry.npmjs.org/decamelize/-/decamelize-1.2.0.tgz 0ms (cache hit)
4079 http cache find-up@https://registry.npmjs.org/find-up/-/find-up-4.1.0.tgz 0ms (cache hit)
4080 http cache has-property-descriptors@https://registry.npmjs.org/has-property-descriptors/-/has-property-descriptors-1.0.2.tgz 0ms (cache hit)
4081 http cache cliui@https://registry.npmjs.org/cliui/-/cliui-6.0.0.tgz 0ms (cache hit)
4082 http cache define-data-property@https://registry.npmjs.org/define-data-property/-/define-data-property-1.1.4.tgz 0ms (cache hit)
4083 http cache is-callable@https://registry.npmjs.org/is-callable/-/is-callable-1.2.7.tgz 0ms (cache hit)
4084 http cache set-function-length@https://registry.npmjs.org/set-function-length/-/set-function-length-1.2.2.tgz 0ms (cache hit)
4085 http cache possible-typed-array-names@https://registry.npmjs.org/possible-typed-array-names/-/possible-typed-array-names-1.1.0.tgz 0ms (cache hit)
4086 http cache for-each@https://registry.npmjs.org/for-each/-/for-each-0.3.5.tgz 0ms (cache hit)
4087 http cache call-bind@https://registry.npmjs.org/call-bind/-/call-bind-1.0.8.tgz 0ms (cache hit)
4088 http cache available-typed-arrays@https://registry.npmjs.org/available-typed-arrays/-/available-typed-arrays-1.0.7.tgz 0ms (cache hit)
4089 http cache proxy-compare@https://registry.npmjs.org/proxy-compare/-/proxy-compare-2.6.0.tgz 0ms (cache hit)
4090 http cache derive-valtio@https://registry.npmjs.org/derive-valtio/-/derive-valtio-0.1.0.tgz 0ms (cache hit)
4091 http cache is-regex@https://registry.npmjs.org/is-regex/-/is-regex-1.2.1.tgz 0ms (cache hit)
4092 http cache generator-function@https://registry.npmjs.org/generator-function/-/generator-function-2.0.1.tgz 0ms (cache hit)
4093 http cache safe-regex-test@https://registry.npmjs.org/safe-regex-test/-/safe-regex-test-1.1.0.tgz 0ms (cache hit)
4094 http cache is-generator-function@https://registry.npmjs.org/is-generator-function/-/is-generator-function-1.1.2.tgz 0ms (cache hit)
4095 http cache is-arguments@https://registry.npmjs.org/is-arguments/-/is-arguments-1.2.0.tgz 0ms (cache hit)
4096 http cache which-typed-array@https://registry.npmjs.org/which-typed-array/-/which-typed-array-1.1.20.tgz 0ms (cache hit)
4097 http cache is-typed-array@https://registry.npmjs.org/is-typed-array/-/is-typed-array-1.1.15.tgz 0ms (cache hit)
4098 http cache call-bound@https://registry.npmjs.org/call-bound/-/call-bound-1.0.4.tgz 0ms (cache hit)
4099 http cache typed-array-buffer@https://registry.npmjs.org/typed-array-buffer/-/typed-array-buffer-1.0.3.tgz 0ms (cache hit)
4100 http cache isarray@https://registry.npmjs.org/isarray/-/isarray-2.0.5.tgz 0ms (cache hit)
4101 http cache socket.io-parser@https://registry.npmjs.org/socket.io-parser/-/socket.io-parser-4.2.5.tgz 0ms (cache hit)
4102 http cache xmlhttprequest-ssl@https://registry.npmjs.org/xmlhttprequest-ssl/-/xmlhttprequest-ssl-2.1.2.tgz 0ms (cache hit)
4103 http cache engine.io-parser@https://registry.npmjs.org/engine.io-parser/-/engine.io-parser-5.2.3.tgz 0ms (cache hit)
4104 http cache engine.io-client@https://registry.npmjs.org/engine.io-client/-/engine.io-client-6.6.4.tgz 0ms (cache hit)
4105 http cache hono@https://registry.npmjs.org/hono/-/hono-4.11.8.tgz 0ms (cache hit)
4106 http cache to-buffer@https://registry.npmjs.org/to-buffer/-/to-buffer-1.2.2.tgz 0ms (cache hit)
4107 http cache @socket.io/component-emitter@https://registry.npmjs.org/@socket.io/component-emitter/-/component-emitter-3.1.2.tgz 0ms (cache hit)
4108 http cache @types/trusted-types@https://registry.npmjs.org/@types/trusted-types/-/trusted-types-2.0.7.tgz 0ms (cache hit)
4109 http cache openapi-typescript-helpers@https://registry.npmjs.org/openapi-typescript-helpers/-/openapi-typescript-helpers-0.0.15.tgz 0ms (cache hit)
4110 http cache lit-element@https://registry.npmjs.org/lit-element/-/lit-element-4.2.2.tgz 0ms (cache hit)
4111 http cache lit-html@https://registry.npmjs.org/lit-html/-/lit-html-3.3.2.tgz 0ms (cache hit)
4112 http cache @lit-labs/ssr-dom-shim@https://registry.npmjs.org/@lit-labs/ssr-dom-shim/-/ssr-dom-shim-1.5.1.tgz 0ms (cache hit)
4113 http cache @lit/reactive-element@https://registry.npmjs.org/@lit/reactive-element/-/reactive-element-2.1.2.tgz 0ms (cache hit)
4114 http cache node-addon-api@https://registry.npmjs.org/node-addon-api/-/node-addon-api-2.0.2.tgz 0ms (cache hit)
4115 http cache json-rpc-engine@https://registry.npmjs.org/json-rpc-engine/-/json-rpc-engine-6.1.0.tgz 0ms (cache hit)
4116 http cache xtend@https://registry.npmjs.org/xtend/-/xtend-4.0.2.tgz 0ms (cache hit)
4117 http cache async-mutex@https://registry.npmjs.org/async-mutex/-/async-mutex-0.2.6.tgz 0ms (cache hit)
4118 http cache eth-query@https://registry.npmjs.org/eth-query/-/eth-query-2.1.2.tgz 0ms (cache hit)
4119 http cache pify@https://registry.npmjs.org/pify/-/pify-3.0.0.tgz 0ms (cache hit)
4120 http cache json-rpc-random-id@https://registry.npmjs.org/json-rpc-random-id/-/json-rpc-random-id-1.0.1.tgz 0ms (cache hit)
4121 http cache @ecies/ciphers@https://registry.npmjs.org/@ecies/ciphers/-/ciphers-0.2.5.tgz 0ms (cache hit)
4122 http cache sha.js@https://registry.npmjs.org/sha.js/-/sha.js-2.4.12.tgz 1ms (cache hit)
4123 http cache keccak@https://registry.npmjs.org/keccak/-/keccak-3.0.4.tgz 0ms (cache hit)
4124 http cache eth-json-rpc-filters@https://registry.npmjs.org/eth-json-rpc-filters/-/eth-json-rpc-filters-6.0.1.tgz 0ms (cache hit)
4125 http cache @metamask/eth-json-rpc-provider@https://registry.npmjs.org/@metamask/eth-json-rpc-provider/-/eth-json-rpc-provider-1.0.1.tgz 0ms (cache hit)
4126 http cache eth-block-tracker@https://registry.npmjs.org/eth-block-tracker/-/eth-block-tracker-7.1.0.tgz 0ms (cache hit)
4127 http cache lit@https://registry.npmjs.org/lit/-/lit-3.3.0.tgz 0ms (cache hit)
4128 http cache dayjs@https://registry.npmjs.org/dayjs/-/dayjs-1.11.13.tgz 0ms (cache hit)
4129 http cache big.js@https://registry.npmjs.org/big.js/-/big.js-6.2.2.tgz 0ms (cache hit)
4130 http cache valtio@https://registry.npmjs.org/valtio/-/valtio-1.13.2.tgz 0ms (cache hit)
4131 http cache @reown/appkit-wallet@https://registry.npmjs.org/@reown/appkit-wallet/-/appkit-wallet-1.7.8.tgz 0ms (cache hit)
4132 http cache @reown/appkit-ui@https://registry.npmjs.org/@reown/appkit-ui/-/appkit-ui-1.7.8.tgz 0ms (cache hit)
4133 http cache @reown/appkit-scaffold-ui@https://registry.npmjs.org/@reown/appkit-scaffold-ui/-/appkit-scaffold-ui-1.7.8.tgz 0ms (cache hit)
4134 http cache @reown/appkit-polyfills@https://registry.npmjs.org/@reown/appkit-polyfills/-/appkit-polyfills-1.7.8.tgz 0ms (cache hit)
4135 http cache @reown/appkit-pay@https://registry.npmjs.org/@reown/appkit-pay/-/appkit-pay-1.7.8.tgz 0ms (cache hit)
4136 http cache @reown/appkit-controllers@https://registry.npmjs.org/@reown/appkit-controllers/-/appkit-controllers-1.7.8.tgz 0ms (cache hit)
4137 http cache @reown/appkit-common@https://registry.npmjs.org/@reown/appkit-common/-/appkit-common-1.7.8.tgz 0ms (cache hit)
4138 http cache @reown/appkit@https://registry.npmjs.org/@reown/appkit/-/appkit-1.7.8.tgz 0ms (cache hit)
4139 http cache @types/ms@https://registry.npmjs.org/@types/ms/-/ms-2.1.0.tgz 0ms (cache hit)
4140 http cache @safe-global/safe-gateway-typescript-sdk@https://registry.npmjs.org/@safe-global/safe-gateway-typescript-sdk/-/safe-gateway-typescript-sdk-3.23.1.tgz 0ms (cache hit)
4141 http cache micro-ftch@https://registry.npmjs.org/micro-ftch/-/micro-ftch-0.3.1.tgz 0ms (cache hit)
4142 http cache crc-32@https://registry.npmjs.org/crc-32/-/crc-32-1.2.2.tgz 0ms (cache hit)
4143 http cache @ethereumjs/util@https://registry.npmjs.org/@ethereumjs/util/-/util-8.1.0.tgz 0ms (cache hit)
4144 http cache ethereum-cryptography@https://registry.npmjs.org/ethereum-cryptography/-/ethereum-cryptography-2.2.1.tgz 0ms (cache hit)
4145 http cache @ethereumjs/rlp@https://registry.npmjs.org/@ethereumjs/rlp/-/rlp-4.0.1.tgz 0ms (cache hit)
4146 http cache @ethereumjs/common@https://registry.npmjs.org/@ethereumjs/common/-/common-3.2.0.tgz 0ms (cache hit)
4147 http cache pony-cause@https://registry.npmjs.org/pony-cause/-/pony-cause-2.1.11.tgz 0ms (cache hit)
4148 http cache @types/lodash@https://registry.npmjs.org/@types/lodash/-/lodash-4.17.23.tgz 0ms (cache hit)
4149 http cache @types/debug@https://registry.npmjs.org/@types/debug/-/debug-4.1.12.tgz 0ms (cache hit)
4150 http cache @metamask/superstruct@https://registry.npmjs.org/@metamask/superstruct/-/superstruct-3.2.1.tgz 0ms (cache hit)
4151 http cache @ethereumjs/tx@https://registry.npmjs.org/@ethereumjs/tx/-/tx-4.2.0.tgz 0ms (cache hit)
4152 http cache openapi-fetch@https://registry.npmjs.org/openapi-fetch/-/openapi-fetch-0.13.8.tgz 0ms (cache hit)
4153 http cache webextension-polyfill@https://registry.npmjs.org/webextension-polyfill/-/webextension-polyfill-0.10.0.tgz 0ms (cache hit)
4154 http cache is-stream@https://registry.npmjs.org/is-stream/-/is-stream-2.0.1.tgz 0ms (cache hit)
4155 http cache fast-deep-equal@https://registry.npmjs.org/fast-deep-equal/-/fast-deep-equal-3.1.3.tgz 0ms (cache hit)
4156 http cache extension-port-stream@https://registry.npmjs.org/extension-port-stream/-/extension-port-stream-3.0.0.tgz 0ms (cache hit)
4157 http cache @metamask/safe-event-emitter@https://registry.npmjs.org/@metamask/safe-event-emitter/-/safe-event-emitter-3.1.2.tgz 0ms (cache hit)
4158 http cache @metamask/object-multiplex@https://registry.npmjs.org/@metamask/object-multiplex/-/object-multiplex-2.1.0.tgz 0ms (cache hit)
4159 http cache @metamask/json-rpc-middleware-stream@https://registry.npmjs.org/@metamask/json-rpc-middleware-stream/-/json-rpc-middleware-stream-7.0.2.tgz 1ms (cache hit)
4160 http cache util@https://registry.npmjs.org/util/-/util-0.12.5.tgz 0ms (cache hit)
4161 http cache @metamask/json-rpc-engine@https://registry.npmjs.org/@metamask/json-rpc-engine/-/json-rpc-engine-8.0.2.tgz 0ms (cache hit)
4162 http cache pump@https://registry.npmjs.org/pump/-/pump-3.0.3.tgz 0ms (cache hit)
4163 http cache obj-multiplex@https://registry.npmjs.org/obj-multiplex/-/obj-multiplex-1.0.0.tgz 0ms (cache hit)
4164 http cache bowser@https://registry.npmjs.org/bowser/-/bowser-2.13.1.tgz 0ms (cache hit)
4165 http cache @paulmillr/qr@https://registry.npmjs.org/@paulmillr/qr/-/qr-0.2.1.tgz 0ms (cache hit)
4166 http cache @metamask/sdk-install-modal-web@https://registry.npmjs.org/@metamask/sdk-install-modal-web/-/sdk-install-modal-web-0.32.1.tgz 0ms (cache hit)
4167 http cache socket.io-client@https://registry.npmjs.org/socket.io-client/-/socket.io-client-4.8.3.tgz 0ms (cache hit)
4168 http cache eventemitter2@https://registry.npmjs.org/eventemitter2/-/eventemitter2-6.4.9.tgz 0ms (cache hit)
4169 http cache eciesjs@https://registry.npmjs.org/eciesjs/-/eciesjs-0.4.17.tgz 0ms (cache hit)
4170 http cache eth-rpc-errors@https://registry.npmjs.org/eth-rpc-errors/-/eth-rpc-errors-4.0.3.tgz 0ms (cache hit)
4171 http cache @metamask/sdk-analytics@https://registry.npmjs.org/@metamask/sdk-analytics/-/sdk-analytics-0.0.5.tgz 0ms (cache hit)
4172 http cache @metamask/onboarding@https://registry.npmjs.org/@metamask/onboarding/-/onboarding-1.0.1.tgz 0ms (cache hit)
4173 http cache fast-safe-stringify@https://registry.npmjs.org/fast-safe-stringify/-/fast-safe-stringify-2.1.1.tgz 0ms (cache hit)
4174 http cache @metamask/utils@https://registry.npmjs.org/@metamask/utils/-/utils-11.9.0.tgz 0ms (cache hit)
4175 http cache @metamask/providers@https://registry.npmjs.org/@metamask/providers/-/providers-16.1.0.tgz 0ms (cache hit)
4176 http cache @metamask/rpc-errors@https://registry.npmjs.org/@metamask/rpc-errors/-/rpc-errors-7.0.2.tgz 0ms (cache hit)
4177 http cache porto@https://registry.npmjs.org/porto/-/porto-0.2.35.tgz 0ms (cache hit)
4178 http cache @walletconnect/ethereum-provider@https://registry.npmjs.org/@walletconnect/ethereum-provider/-/ethereum-provider-2.21.1.tgz 0ms (cache hit)
4179 http cache cbw-sdk@https://registry.npmjs.org/@coinbase/wallet-sdk/-/wallet-sdk-3.9.3.tgz 0ms (cache hit)
4180 http cache @safe-global/safe-apps-provider@https://registry.npmjs.org/@safe-global/safe-apps-provider/-/safe-apps-provider-0.18.6.tgz 0ms (cache hit)
4181 http cache @metamask/sdk@https://registry.npmjs.org/@metamask/sdk/-/sdk-0.33.1.tgz 0ms (cache hit)
4182 http cache @safe-global/safe-apps-sdk@https://registry.npmjs.org/@safe-global/safe-apps-sdk/-/safe-apps-sdk-9.1.0.tgz 0ms (cache hit)
4183 http cache @gemini-wallet/core@https://registry.npmjs.org/@gemini-wallet/core/-/core-0.3.2.tgz 0ms (cache hit)
4184 http cache @wagmi/connectors@https://registry.npmjs.org/@wagmi/connectors/-/connectors-6.2.0.tgz 0ms (cache hit)
4185 http cache @wagmi/core@https://registry.npmjs.org/@wagmi/core/-/core-2.22.1.tgz 0ms (cache hit)
4186 http cache use-sync-external-store@https://registry.npmjs.org/use-sync-external-store/-/use-sync-external-store-1.4.0.tgz 0ms (cache hit)
4187 http cache wagmi@https://registry.npmjs.org/wagmi/-/wagmi-2.19.5.tgz 0ms (cache hit)
4188 http cache webidl-conversions@https://registry.npmjs.org/webidl-conversions/-/webidl-conversions-3.0.1.tgz 0ms (cache hit)
4189 http cache tr46@https://registry.npmjs.org/tr46/-/tr46-0.0.3.tgz 0ms (cache hit)
4190 http cache isows@https://registry.npmjs.org/isows/-/isows-1.0.7.tgz 0ms (cache hit)
4191 http cache isexe@https://registry.npmjs.org/isexe/-/isexe-2.0.0.tgz 0ms (cache hit)
4192 http cache detect-node-es@https://registry.npmjs.org/detect-node-es/-/detect-node-es-1.1.0.tgz 0ms (cache hit)
4193 http cache node-mock-http@https://registry.npmjs.org/node-mock-http/-/node-mock-http-1.0.4.tgz 0ms (cache hit)
4194 http cache iron-webcrypto@https://registry.npmjs.org/iron-webcrypto/-/iron-webcrypto-1.2.1.tgz 0ms (cache hit)
4195 http cache radix3@https://registry.npmjs.org/radix3/-/radix3-1.1.2.tgz 0ms (cache hit)
4196 http cache crossws@https://registry.npmjs.org/crossws/-/crossws-0.3.5.tgz 0ms (cache hit)
4197 http cache picomatch@https://registry.npmjs.org/picomatch/-/picomatch-2.3.1.tgz 0ms (cache hit)
4198 http cache normalize-path@https://registry.npmjs.org/normalize-path/-/normalize-path-3.0.0.tgz 0ms (cache hit)
4199 http cache ufo@https://registry.npmjs.org/ufo/-/ufo-1.6.3.tgz 0ms (cache hit)
4200 http cache cookie-es@https://registry.npmjs.org/cookie-es/-/cookie-es-1.2.2.tgz 0ms (cache hit)
4201 http cache ofetch@https://registry.npmjs.org/ofetch/-/ofetch-1.5.1.tgz 0ms (cache hit)
4202 http cache h3@https://registry.npmjs.org/h3/-/h3-1.15.5.tgz 0ms (cache hit)
4203 http cache anymatch@https://registry.npmjs.org/anymatch/-/anymatch-3.1.3.tgz 0ms (cache hit)
4204 http cache multiformats@https://registry.npmjs.org/multiformats/-/multiformats-9.9.0.tgz 0ms (cache hit)
4205 http cache lru-cache@https://registry.npmjs.org/lru-cache/-/lru-cache-11.2.5.tgz 0ms (cache hit)
4206 http cache ansi-regex@https://registry.npmjs.org/ansi-regex/-/ansi-regex-6.2.2.tgz 0ms (cache hit)
4207 http cache emoji-regex@https://registry.npmjs.org/emoji-regex/-/emoji-regex-10.6.0.tgz 0ms (cache hit)
4208 http cache stream-chain@https://registry.npmjs.org/stream-chain/-/stream-chain-2.2.5.tgz 0ms (cache hit)
4209 http cache shebang-regex@https://registry.npmjs.org/shebang-regex/-/shebang-regex-3.0.0.tgz 0ms (cache hit)
4210 http cache get-east-asian-width@https://registry.npmjs.org/get-east-asian-width/-/get-east-asian-width-1.4.0.tgz 0ms (cache hit)
4211 http cache node-gyp-build@https://registry.npmjs.org/node-gyp-build/-/node-gyp-build-4.8.4.tgz 0ms (cache hit)
4212 http cache bufferutil@https://registry.npmjs.org/bufferutil/-/bufferutil-4.1.0.tgz 0ms (cache hit)
4213 http cache @types/uuid@https://registry.npmjs.org/@types/uuid/-/uuid-8.3.4.tgz 0ms (cache hit)
4214 http cache utf-8-validate@https://registry.npmjs.org/utf-8-validate/-/utf-8-validate-5.0.10.tgz 0ms (cache hit)
4215 http cache @swc/helpers@https://registry.npmjs.org/@swc/helpers/-/helpers-0.5.18.tgz 0ms (cache hit)
4216 http cache signal-exit@https://registry.npmjs.org/signal-exit/-/signal-exit-4.1.0.tgz 0ms (cache hit)
4217 http cache onetime@https://registry.npmjs.org/onetime/-/onetime-7.0.0.tgz 0ms (cache hit)
4218 http cache supports-preserve-symlinks-flag@https://registry.npmjs.org/supports-preserve-symlinks-flag/-/supports-preserve-symlinks-flag-1.0.0.tgz 0ms (cache hit)
4219 http cache path-parse@https://registry.npmjs.org/path-parse/-/path-parse-1.0.7.tgz 0ms (cache hit)
4220 http cache mimic-function@https://registry.npmjs.org/mimic-function/-/mimic-function-5.0.1.tgz 0ms (cache hit)
4221 http cache is-core-module@https://registry.npmjs.org/is-core-module/-/is-core-module-2.16.1.tgz 0ms (cache hit)
4222 http cache string_decoder@https://registry.npmjs.org/string_decoder/-/string_decoder-1.3.0.tgz 0ms (cache hit)
4223 http cache get-nonce@https://registry.npmjs.org/get-nonce/-/get-nonce-1.0.1.tgz 0ms (cache hit)
4224 http cache use-sidecar@https://registry.npmjs.org/use-sidecar/-/use-sidecar-1.1.3.tgz 0ms (cache hit)
4225 http cache util-deprecate@https://registry.npmjs.org/util-deprecate/-/util-deprecate-1.0.2.tgz 0ms (cache hit)
4226 http cache use-callback-ref@https://registry.npmjs.org/use-callback-ref/-/use-callback-ref-1.3.3.tgz 1ms (cache hit)
4227 http cache react-remove-scroll-bar@https://registry.npmjs.org/react-remove-scroll-bar/-/react-remove-scroll-bar-2.3.8.tgz 0ms (cache hit)
4228 http cache scheduler@https://registry.npmjs.org/scheduler/-/scheduler-0.27.0.tgz 0ms (cache hit)
4229 http cache react-style-singleton@https://registry.npmjs.org/react-style-singleton/-/react-style-singleton-2.2.3.tgz 0ms (cache hit)
4230 http cache destr@https://registry.npmjs.org/destr/-/destr-2.0.5.tgz 0ms (cache hit)
4231 http cache decode-uri-component@https://registry.npmjs.org/decode-uri-component/-/decode-uri-component-0.2.2.tgz 0ms (cache hit)
4232 http cache filter-obj@https://registry.npmjs.org/filter-obj/-/filter-obj-1.1.0.tgz 0ms (cache hit)
4233 http cache yargs@https://registry.npmjs.org/yargs/-/yargs-15.4.1.tgz 0ms (cache hit)
4234 http cache split-on-first@https://registry.npmjs.org/split-on-first/-/split-on-first-1.1.0.tgz 0ms (cache hit)
4235 http cache strict-uri-encode@https://registry.npmjs.org/strict-uri-encode/-/strict-uri-encode-2.0.0.tgz 0ms (cache hit)
4236 http cache encode-utf8@https://registry.npmjs.org/encode-utf8/-/encode-utf8-1.0.3.tgz 0ms (cache hit)
4237 http cache dijkstrajs@https://registry.npmjs.org/dijkstrajs/-/dijkstrajs-1.0.3.tgz 0ms (cache hit)
4238 http cache sisteransi@https://registry.npmjs.org/sisteransi/-/sisteransi-1.0.5.tgz 0ms (cache hit)
4239 http cache pngjs@https://registry.npmjs.org/pngjs/-/pngjs-5.0.0.tgz 0ms (cache hit)
4240 http cache kleur@https://registry.npmjs.org/kleur/-/kleur-3.0.3.tgz 0ms (cache hit)
4241 http cache stream-shift@https://registry.npmjs.org/stream-shift/-/stream-shift-1.0.3.tgz 0ms (cache hit)
4242 http cache readable-stream@https://registry.npmjs.org/readable-stream/-/readable-stream-3.6.2.tgz 0ms (cache hit)
4243 http cache inherits@https://registry.npmjs.org/inherits/-/inherits-2.0.4.tgz 0ms (cache hit)
4244 http cache once@https://registry.npmjs.org/once/-/once-1.4.0.tgz 0ms (cache hit)
4245 http cache split2@https://registry.npmjs.org/split2/-/split2-4.2.0.tgz 0ms (cache hit)
4246 http cache duplexify@https://registry.npmjs.org/duplexify/-/duplexify-4.1.3.tgz 0ms (cache hit)
4247 http cache thread-stream@https://registry.npmjs.org/thread-stream/-/thread-stream-0.15.2.tgz 0ms (cache hit)
4248 http cache end-of-stream@https://registry.npmjs.org/end-of-stream/-/end-of-stream-1.4.5.tgz 0ms (cache hit)
4249 http cache wrappy@https://registry.npmjs.org/wrappy/-/wrappy-1.0.2.tgz 0ms (cache hit)
4250 http cache sonic-boom@https://registry.npmjs.org/sonic-boom/-/sonic-boom-2.8.0.tgz 0ms (cache hit)
4251 http cache real-require@https://registry.npmjs.org/real-require/-/real-require-0.1.0.tgz 0ms (cache hit)
4252 http cache quick-format-unescaped@https://registry.npmjs.org/quick-format-unescaped/-/quick-format-unescaped-4.0.4.tgz 0ms (cache hit)
4253 http cache safe-stable-stringify@https://registry.npmjs.org/safe-stable-stringify/-/safe-stable-stringify-2.5.0.tgz 0ms (cache hit)
4254 http cache pino-std-serializers@https://registry.npmjs.org/pino-std-serializers/-/pino-std-serializers-4.0.0.tgz 0ms (cache hit)
4255 http cache on-exit-leak-free@https://registry.npmjs.org/on-exit-leak-free/-/on-exit-leak-free-0.2.0.tgz 0ms (cache hit)
4256 http cache process-warning@https://registry.npmjs.org/process-warning/-/process-warning-1.0.0.tgz 0ms (cache hit)
4257 http cache fast-redact@https://registry.npmjs.org/fast-redact/-/fast-redact-3.5.0.tgz 0ms (cache hit)
4258 http cache atomic-sleep@https://registry.npmjs.org/atomic-sleep/-/atomic-sleep-1.0.0.tgz 0ms (cache hit)
4259 http cache pino-abstract-transport@https://registry.npmjs.org/pino-abstract-transport/-/pino-abstract-transport-0.5.0.tgz 0ms (cache hit)
4260 http cache is-arrayish@https://registry.npmjs.org/is-arrayish/-/is-arrayish-0.2.1.tgz 0ms (cache hit)
4261 http cache json-parse-even-better-errors@https://registry.npmjs.org/json-parse-even-better-errors/-/json-parse-even-better-errors-2.3.1.tgz 0ms (cache hit)
4262 http cache error-ex@https://registry.npmjs.org/error-ex/-/error-ex-1.3.4.tgz 0ms (cache hit)
4263 http cache lines-and-columns@https://registry.npmjs.org/lines-and-columns/-/lines-and-columns-1.2.4.tgz 0ms (cache hit)
4264 http cache callsites@https://registry.npmjs.org/callsites/-/callsites-3.1.0.tgz 0ms (cache hit)
4265 http cache @scure/bip32@https://registry.npmjs.org/@scure/bip32/-/bip32-1.7.0.tgz 0ms (cache hit)
4266 http cache @adraffy/ens-normalize@https://registry.npmjs.org/@adraffy/ens-normalize/-/ens-normalize-1.11.1.tgz 0ms (cache hit)
4267 http cache restore-cursor@https://registry.npmjs.org/restore-cursor/-/restore-cursor-5.1.0.tgz 0ms (cache hit)
4268 http cache @scure/bip39@https://registry.npmjs.org/@scure/bip39/-/bip39-1.6.0.tgz 0ms (cache hit)
4269 http cache strip-ansi@https://registry.npmjs.org/strip-ansi/-/strip-ansi-7.1.2.tgz 0ms (cache hit)
4270 http cache stdin-discarder@https://registry.npmjs.org/stdin-discarder/-/stdin-discarder-0.2.2.tgz 0ms (cache hit)
4271 http cache log-symbols@https://registry.npmjs.org/log-symbols/-/log-symbols-6.0.0.tgz 0ms (cache hit)
4272 http cache is-unicode-supported@https://registry.npmjs.org/is-unicode-supported/-/is-unicode-supported-2.1.0.tgz 0ms (cache hit)
4273 http cache string-width@https://registry.npmjs.org/string-width/-/string-width-7.2.0.tgz 0ms (cache hit)
4274 http cache is-interactive@https://registry.npmjs.org/is-interactive/-/is-interactive-2.0.0.tgz 0ms (cache hit)
4275 http cache cli-cursor@https://registry.npmjs.org/cli-cursor/-/cli-cursor-5.0.0.tgz 0ms (cache hit)
4276 http cache is-docker@https://registry.npmjs.org/is-docker/-/is-docker-3.0.0.tgz 0ms (cache hit)
4277 http cache run-applescript@https://registry.npmjs.org/run-applescript/-/run-applescript-7.1.0.tgz 0ms (cache hit)
4278 http cache cli-spinners@https://registry.npmjs.org/cli-spinners/-/cli-spinners-2.9.2.tgz 0ms (cache hit)
4279 http cache default-browser-id@https://registry.npmjs.org/default-browser-id/-/default-browser-id-5.0.1.tgz 0ms (cache hit)
4280 http cache is-inside-container@https://registry.npmjs.org/is-inside-container/-/is-inside-container-1.0.0.tgz 0ms (cache hit)
4281 http cache is-wsl@https://registry.npmjs.org/is-wsl/-/is-wsl-3.1.0.tgz 0ms (cache hit)
4282 http cache define-lazy-prop@https://registry.npmjs.org/define-lazy-prop/-/define-lazy-prop-3.0.0.tgz 0ms (cache hit)
4283 http cache default-browser@https://registry.npmjs.org/default-browser/-/default-browser-5.5.0.tgz 0ms (cache hit)
4284 http cache tinyexec@https://registry.npmjs.org/tinyexec/-/tinyexec-1.0.2.tgz 0ms (cache hit)
4285 http cache whatwg-url@https://registry.npmjs.org/whatwg-url/-/whatwg-url-5.0.0.tgz 0ms (cache hit)
4286 http cache mime-db@https://registry.npmjs.org/mime-db/-/mime-db-1.52.0.tgz 0ms (cache hit)
4287 http cache is-buffer@https://registry.npmjs.org/is-buffer/-/is-buffer-1.1.6.tgz 0ms (cache hit)
4288 http cache crypt@https://registry.npmjs.org/crypt/-/crypt-0.0.2.tgz 0ms (cache hit)
4289 http cache charenc@https://registry.npmjs.org/charenc/-/charenc-0.0.2.tgz 0ms (cache hit)
4290 http cache argparse@https://registry.npmjs.org/argparse/-/argparse-2.0.1.tgz 0ms (cache hit)
4291 http cache es6-promise@https://registry.npmjs.org/es6-promise/-/es6-promise-4.2.8.tgz 0ms (cache hit)
4292 http cache uuid@https://registry.npmjs.org/uuid/-/uuid-8.3.2.tgz 0ms (cache hit)
4293 http cache json-stringify-safe@https://registry.npmjs.org/json-stringify-safe/-/json-stringify-safe-5.0.1.tgz 0ms (cache hit)
4294 http cache isomorphic-ws@https://registry.npmjs.org/isomorphic-ws/-/isomorphic-ws-4.0.1.tgz 0ms (cache hit)
4295 http cache eyes@https://registry.npmjs.org/eyes/-/eyes-0.1.8.tgz 0ms (cache hit)
4296 http cache es6-promisify@https://registry.npmjs.org/es6-promisify/-/es6-promisify-5.0.0.tgz 0ms (cache hit)
4297 http cache stream-json@https://registry.npmjs.org/stream-json/-/stream-json-1.9.1.tgz 0ms (cache hit)
4298 http cache @types/ws@https://registry.npmjs.org/@types/ws/-/ws-7.4.7.tgz 0ms (cache hit)
4299 http cache @types/node@https://registry.npmjs.org/@types/node/-/node-12.20.55.tgz 0ms (cache hit)
4300 http cache @types/connect@https://registry.npmjs.org/@types/connect/-/connect-3.4.38.tgz 0ms (cache hit)
4301 http cache parent-module@https://registry.npmjs.org/parent-module/-/parent-module-1.0.1.tgz 0ms (cache hit)
4302 http cache delay@https://registry.npmjs.org/delay/-/delay-5.0.0.tgz 0ms (cache hit)
4303 http cache react-is@https://registry.npmjs.org/react-is/-/react-is-16.13.1.tgz 0ms (cache hit)
4304 http cache nypm@https://registry.npmjs.org/nypm/-/nypm-0.6.5.tgz 0ms (cache hit)
4305 http cache node-fetch-native@https://registry.npmjs.org/node-fetch-native/-/node-fetch-native-1.6.7.tgz 0ms (cache hit)
4306 http cache consola@https://registry.npmjs.org/consola/-/consola-3.4.2.tgz 0ms (cache hit)
4307 http cache resolve-from@https://registry.npmjs.org/resolve-from/-/resolve-from-4.0.0.tgz 0ms (cache hit)
4308 http cache citty@https://registry.npmjs.org/citty/-/citty-0.1.6.tgz 0ms (cache hit)
4309 http cache dunder-proto@https://registry.npmjs.org/dunder-proto/-/dunder-proto-1.0.1.tgz 0ms (cache hit)
4310 http cache has-symbols@https://registry.npmjs.org/has-symbols/-/has-symbols-1.1.0.tgz 0ms (cache hit)
4311 http cache math-intrinsics@https://registry.npmjs.org/math-intrinsics/-/math-intrinsics-1.1.0.tgz 0ms (cache hit)
4312 http cache gopd@https://registry.npmjs.org/gopd/-/gopd-1.2.0.tgz 0ms (cache hit)
4313 http cache function-bind@https://registry.npmjs.org/function-bind/-/function-bind-1.1.2.tgz 0ms (cache hit)
4314 http cache es-define-property@https://registry.npmjs.org/es-define-property/-/es-define-property-1.0.1.tgz 0ms (cache hit)
4315 http cache es-object-atoms@https://registry.npmjs.org/es-object-atoms/-/es-object-atoms-1.1.1.tgz 0ms (cache hit)
4316 http cache get-proto@https://registry.npmjs.org/get-proto/-/get-proto-1.0.1.tgz 0ms (cache hit)
4317 http cache call-bind-apply-helpers@https://registry.npmjs.org/call-bind-apply-helpers/-/call-bind-apply-helpers-1.0.2.tgz 0ms (cache hit)
4318 http cache get-intrinsic@https://registry.npmjs.org/get-intrinsic/-/get-intrinsic-1.3.0.tgz 0ms (cache hit)
4319 http cache delayed-stream@https://registry.npmjs.org/delayed-stream/-/delayed-stream-1.0.0.tgz 0ms (cache hit)
4320 http cache has-tostringtag@https://registry.npmjs.org/has-tostringtag/-/has-tostringtag-1.0.2.tgz 0ms (cache hit)
4321 http cache es-errors@https://registry.npmjs.org/es-errors/-/es-errors-1.3.0.tgz 0ms (cache hit)
4322 http cache hasown@https://registry.npmjs.org/hasown/-/hasown-2.0.2.tgz 0ms (cache hit)
4323 http cache combined-stream@https://registry.npmjs.org/combined-stream/-/combined-stream-1.0.8.tgz 0ms (cache hit)
4324 http cache es-set-tostringtag@https://registry.npmjs.org/es-set-tostringtag/-/es-set-tostringtag-2.1.0.tgz 1ms (cache hit)
4325 http cache asynckit@https://registry.npmjs.org/asynckit/-/asynckit-0.4.0.tgz 0ms (cache hit)
4326 http cache mime-types@https://registry.npmjs.org/mime-types/-/mime-types-2.1.35.tgz 0ms (cache hit)
4327 http cache ms@https://registry.npmjs.org/ms/-/ms-2.1.3.tgz 0ms (cache hit)
4328 http cache shebang-command@https://registry.npmjs.org/shebang-command/-/shebang-command-2.0.0.tgz 0ms (cache hit)
4329 http cache yaml@https://registry.npmjs.org/yaml/-/yaml-1.10.2.tgz 0ms (cache hit)
4330 http cache which@https://registry.npmjs.org/which/-/which-2.0.2.tgz 0ms (cache hit)
4331 http cache path-key@https://registry.npmjs.org/path-key/-/path-key-3.1.1.tgz 0ms (cache hit)
4332 http cache path-type@https://registry.npmjs.org/path-type/-/path-type-4.0.0.tgz 0ms (cache hit)
4333 http cache readdirp@https://registry.npmjs.org/readdirp/-/readdirp-5.0.0.tgz 0ms (cache hit)
4334 http cache parse-json@https://registry.npmjs.org/parse-json/-/parse-json-5.2.0.tgz 0ms (cache hit)
4335 http cache import-fresh@https://registry.npmjs.org/import-fresh/-/import-fresh-3.3.1.tgz 0ms (cache hit)
4336 http cache @types/parse-json@https://registry.npmjs.org/@types/parse-json/-/parse-json-4.0.2.tgz 0ms (cache hit)
4337 http cache pkg-types@https://registry.npmjs.org/pkg-types/-/pkg-types-2.3.0.tgz 0ms (cache hit)
4338 http cache perfect-debounce@https://registry.npmjs.org/perfect-debounce/-/perfect-debounce-2.1.0.tgz 0ms (cache hit)
4339 http cache ohash@https://registry.npmjs.org/ohash/-/ohash-2.0.11.tgz 0ms (cache hit)
4340 http cache rc9@https://registry.npmjs.org/rc9/-/rc9-2.1.2.tgz 0ms (cache hit)
4341 http cache pathe@https://registry.npmjs.org/pathe/-/pathe-2.0.3.tgz 0ms (cache hit)
4342 http cache exsolve@https://registry.npmjs.org/exsolve/-/exsolve-1.0.8.tgz 0ms (cache hit)
4343 http cache jiti@https://registry.npmjs.org/jiti/-/jiti-2.6.1.tgz 0ms (cache hit)
4344 http cache dotenv@https://registry.npmjs.org/dotenv/-/dotenv-17.2.4.tgz 0ms (cache hit)
4345 http cache giget@https://registry.npmjs.org/giget/-/giget-2.0.0.tgz 0ms (cache hit)
4346 http cache defu@https://registry.npmjs.org/defu/-/defu-6.1.4.tgz 0ms (cache hit)
4347 http cache chokidar@https://registry.npmjs.org/chokidar/-/chokidar-5.0.0.tgz 0ms (cache hit)
4348 http cache safe-buffer@https://registry.npmjs.org/safe-buffer/-/safe-buffer-5.2.1.tgz 0ms (cache hit)
4349 http cache confbox@https://registry.npmjs.org/confbox/-/confbox-0.2.4.tgz 0ms (cache hit)
4350 http cache base64-js@https://registry.npmjs.org/base64-js/-/base64-js-1.5.1.tgz 0ms (cache hit)
4351 http cache base-x@https://registry.npmjs.org/base-x/-/base-x-3.0.11.tgz 0ms (cache hit)
4352 http cache text-encoding-utf-8@https://registry.npmjs.org/text-encoding-utf-8/-/text-encoding-utf-8-1.0.2.tgz 0ms (cache hit)
4353 http cache is-retry-allowed@https://registry.npmjs.org/is-retry-allowed/-/is-retry-allowed-2.2.0.tgz 0ms (cache hit)
4354 http cache resolve@https://registry.npmjs.org/resolve/-/resolve-1.22.11.tgz 0ms (cache hit)
4355 http cache proxy-from-env@https://registry.npmjs.org/proxy-from-env/-/proxy-from-env-1.1.0.tgz 0ms (cache hit)
4356 http cache form-data@https://registry.npmjs.org/form-data/-/form-data-4.0.5.tgz 0ms (cache hit)
4357 http cache follow-redirects@https://registry.npmjs.org/follow-redirects/-/follow-redirects-1.15.11.tgz 0ms (cache hit)
4358 http cache humanize-ms@https://registry.npmjs.org/humanize-ms/-/humanize-ms-1.2.1.tgz 0ms (cache hit)
4359 http cache cosmiconfig@https://registry.npmjs.org/cosmiconfig/-/cosmiconfig-7.1.0.tgz 0ms (cache hit)
4360 http cache detect-browser@https://registry.npmjs.org/detect-browser/-/detect-browser-5.3.0.tgz 0ms (cache hit)
4361 http cache blakejs@https://registry.npmjs.org/blakejs/-/blakejs-1.2.1.tgz 0ms (cache hit)
4362 http cache @walletconnect/window-metadata@https://registry.npmjs.org/@walletconnect/window-metadata/-/window-metadata-1.0.1.tgz 0ms (cache hit)
4363 http cache query-string@https://registry.npmjs.org/query-string/-/query-string-7.1.3.tgz 0ms (cache hit)
4364 http cache @scure/base@https://registry.npmjs.org/@scure/base/-/base-1.2.6.tgz 0ms (cache hit)
4365 http cache cross-fetch@https://registry.npmjs.org/cross-fetch/-/cross-fetch-3.2.0.tgz 0ms (cache hit)
4366 http cache @msgpack/msgpack@https://registry.npmjs.org/@msgpack/msgpack/-/msgpack-3.1.2.tgz 0ms (cache hit)
4367 http cache @walletconnect/jsonrpc-http-connection@https://registry.npmjs.org/@walletconnect/jsonrpc-http-connection/-/jsonrpc-http-connection-1.0.8.tgz 0ms (cache hit)
4368 http cache @noble/ciphers@https://registry.npmjs.org/@noble/ciphers/-/ciphers-1.3.0.tgz 0ms (cache hit)
4369 http cache pino@https://registry.npmjs.org/pino/-/pino-7.11.0.tgz 0ms (cache hit)
4370 http cache unstorage@https://registry.npmjs.org/unstorage/-/unstorage-1.17.4.tgz 0ms (cache hit)
4371 http cache @walletconnect/environment@https://registry.npmjs.org/@walletconnect/environment/-/environment-1.0.1.tgz 0ms (cache hit)
4372 http cache tslib@https://registry.npmjs.org/tslib/-/tslib-1.14.1.tgz 0ms (cache hit)
4373 http cache ieee754@https://registry.npmjs.org/ieee754/-/ieee754-1.2.1.tgz 0ms (cache hit)
4374 http cache keyvaluestorage-interface@https://registry.npmjs.org/keyvaluestorage-interface/-/keyvaluestorage-interface-1.0.0.tgz 0ms (cache hit)
4375 http cache es-toolkit@https://registry.npmjs.org/es-toolkit/-/es-toolkit-1.39.3.tgz 0ms (cache hit)
4376 http cache @walletconnect/window-getters@https://registry.npmjs.org/@walletconnect/window-getters/-/window-getters-1.0.1.tgz 0ms (cache hit)
4377 http cache uint8arrays@https://registry.npmjs.org/uint8arrays/-/uint8arrays-3.1.1.tgz 0ms (cache hit)
4378 http cache @walletconnect/safe-json@https://registry.npmjs.org/@walletconnect/safe-json/-/safe-json-1.0.2.tgz 0ms (cache hit)
4379 http cache @walletconnect/keyvaluestorage@https://registry.npmjs.org/@walletconnect/keyvaluestorage/-/keyvaluestorage-1.1.1.tgz 0ms (cache hit)
4380 http cache @walletconnect/relay-auth@https://registry.npmjs.org/@walletconnect/relay-auth/-/relay-auth-1.1.0.tgz 0ms (cache hit)
4381 http cache @walletconnect/jsonrpc-types@https://registry.npmjs.org/@walletconnect/jsonrpc-types/-/jsonrpc-types-1.0.4.tgz 0ms (cache hit)
4382 http cache @walletconnect/jsonrpc-ws-connection@https://registry.npmjs.org/@walletconnect/jsonrpc-ws-connection/-/jsonrpc-ws-connection-1.0.16.tgz 0ms (cache hit)
4383 http cache @walletconnect/relay-api@https://registry.npmjs.org/@walletconnect/relay-api/-/relay-api-1.0.11.tgz 0ms (cache hit)
4384 http cache @walletconnect/jsonrpc-provider@https://registry.npmjs.org/@walletconnect/jsonrpc-provider/-/jsonrpc-provider-1.0.14.tgz 0ms (cache hit)
4385 http cache @walletconnect/utils@https://registry.npmjs.org/@walletconnect/utils/-/utils-2.21.8.tgz 0ms (cache hit)
4386 http cache @walletconnect/time@https://registry.npmjs.org/@walletconnect/time/-/time-1.0.2.tgz 0ms (cache hit)
4387 http cache events@https://registry.npmjs.org/events/-/events-3.3.0.tgz 0ms (cache hit)
4388 http cache @walletconnect/logger@https://registry.npmjs.org/@walletconnect/logger/-/logger-2.1.2.tgz 0ms (cache hit)
4389 http cache @walletconnect/heartbeat@https://registry.npmjs.org/@walletconnect/heartbeat/-/heartbeat-1.2.2.tgz 0ms (cache hit)
4390 http cache @walletconnect/events@https://registry.npmjs.org/@walletconnect/events/-/events-1.0.1.tgz 0ms (cache hit)
4391 http cache @walletconnect/core@https://registry.npmjs.org/@walletconnect/core/-/core-2.21.8.tgz 0ms (cache hit)
4392 http cache @walletconnect/jsonrpc-utils@https://registry.npmjs.org/@walletconnect/jsonrpc-utils/-/jsonrpc-utils-1.0.8.tgz 0ms (cache hit)
4393 http cache lodash@https://registry.npmjs.org/lodash/-/lodash-4.17.23.tgz 0ms (cache hit)
4394 http cache js-yaml@https://registry.npmjs.org/js-yaml/-/js-yaml-4.1.1.tgz 0ms (cache hit)
4395 http cache @walletconnect/types@https://registry.npmjs.org/@walletconnect/types/-/types-2.21.8.tgz 0ms (cache hit)
4396 http cache @jsdevtools/ono@https://registry.npmjs.org/@jsdevtools/ono/-/ono-7.1.3.tgz 0ms (cache hit)
4397 http cache semver@https://registry.npmjs.org/semver/-/semver-7.7.3.tgz 0ms (cache hit)
4398 http cache c12@https://registry.npmjs.org/c12/-/c12-3.3.3.tgz 0ms (cache hit)
4399 http cache color-support@https://registry.npmjs.org/color-support/-/color-support-1.1.3.tgz 0ms (cache hit)
4400 http cache ansi-colors@https://registry.npmjs.org/ansi-colors/-/ansi-colors-4.1.3.tgz 0ms (cache hit)
4401 http cache @hey-api/types@https://registry.npmjs.org/@hey-api/types/-/types-0.1.3.tgz 0ms (cache hit)
4402 http cache @types/json-schema@https://registry.npmjs.org/@types/json-schema/-/json-schema-7.0.15.tgz 0ms (cache hit)
4403 http cache @hey-api/shared@https://registry.npmjs.org/@hey-api/shared/-/shared-0.1.2.tgz 0ms (cache hit)
4404 http cache @hey-api/codegen-core@https://registry.npmjs.org/@hey-api/codegen-core/-/codegen-core-0.7.0.tgz 0ms (cache hit)
4405 http cache @hey-api/openapi-ts@https://registry.npmjs.org/@hey-api/openapi-ts/-/openapi-ts-0.92.3.tgz 0ms (cache hit)
4406 http cache @hey-api/client-fetch@https://registry.npmjs.org/@hey-api/client-fetch/-/client-fetch-0.10.0.tgz 0ms (cache hit)
4407 http cache @hey-api/json-schema-ref-parser@https://registry.npmjs.org/@hey-api/json-schema-ref-parser/-/json-schema-ref-parser-1.2.4.tgz 0ms (cache hit)
4408 http cache @tanstack/query-core@https://registry.npmjs.org/@tanstack/query-core/-/query-core-5.81.5.tgz 0ms (cache hit)
4409 http cache rpc-websockets@https://registry.npmjs.org/rpc-websockets/-/rpc-websockets-9.3.3.tgz 0ms (cache hit)
4410 http cache node-fetch@https://registry.npmjs.org/node-fetch/-/node-fetch-2.7.0.tgz 0ms (cache hit)
4411 http cache fast-stable-stringify@https://registry.npmjs.org/fast-stable-stringify/-/fast-stable-stringify-1.0.0.tgz 0ms (cache hit)
4412 http cache superstruct@https://registry.npmjs.org/superstruct/-/superstruct-2.0.2.tgz 0ms (cache hit)
4413 http cache jayson@https://registry.npmjs.org/jayson/-/jayson-4.3.0.tgz 0ms (cache hit)
4414 http cache bs58@https://registry.npmjs.org/bs58/-/bs58-4.0.1.tgz 0ms (cache hit)
4415 http cache borsh@https://registry.npmjs.org/borsh/-/borsh-0.7.0.tgz 0ms (cache hit)
4416 http cache bn.js@https://registry.npmjs.org/bn.js/-/bn.js-5.2.2.tgz 0ms (cache hit)
4417 http cache buffer@https://registry.npmjs.org/buffer/-/buffer-6.0.3.tgz 0ms (cache hit)
4418 http cache agentkeepalive@https://registry.npmjs.org/agentkeepalive/-/agentkeepalive-4.6.0.tgz 0ms (cache hit)
4419 http cache @solana/buffer-layout@https://registry.npmjs.org/@solana/buffer-layout/-/buffer-layout-4.0.1.tgz 0ms (cache hit)
4420 http cache undici-types@https://registry.npmjs.org/undici-types/-/undici-types-7.21.0.tgz 0ms (cache hit)
4421 http cache ws@https://registry.npmjs.org/ws/-/ws-8.19.0.tgz 0ms (cache hit)
4422 http cache typescript@https://registry.npmjs.org/typescript/-/typescript-5.9.3.tgz 0ms (cache hit)
4423 http cache @solana/subscribable@https://registry.npmjs.org/@solana/subscribable/-/subscribable-5.5.1.tgz 0ms (cache hit)
4424 http cache @solana/rpc-subscriptions-channel-websocket@https://registry.npmjs.org/@solana/rpc-subscriptions-channel-websocket/-/rpc-subscriptions-channel-websocket-5.5.1.tgz 0ms (cache hit)
4425 http cache @solana/rpc-transport-http@https://registry.npmjs.org/@solana/rpc-transport-http/-/rpc-transport-http-5.5.1.tgz 0ms (cache hit)
4426 http cache @solana/rpc-subscriptions-spec@https://registry.npmjs.org/@solana/rpc-subscriptions-spec/-/rpc-subscriptions-spec-5.5.1.tgz 0ms (cache hit)
4427 http cache @solana/rpc-subscriptions-api@https://registry.npmjs.org/@solana/rpc-subscriptions-api/-/rpc-subscriptions-api-5.5.1.tgz 0ms (cache hit)
4428 http cache @solana/fast-stable-stringify@https://registry.npmjs.org/@solana/fast-stable-stringify/-/fast-stable-stringify-5.5.1.tgz 0ms (cache hit)
4429 http cache @solana/promises@https://registry.npmjs.org/@solana/promises/-/promises-5.5.1.tgz 0ms (cache hit)
4430 http cache commander@https://registry.npmjs.org/commander/-/commander-14.0.2.tgz 0ms (cache hit)
4431 http cache @solana/rpc-transformers@https://registry.npmjs.org/@solana/rpc-transformers/-/rpc-transformers-5.5.1.tgz 0ms (cache hit)
4432 http cache @solana/options@https://registry.npmjs.org/@solana/options/-/options-5.5.1.tgz 0ms (cache hit)
4433 http cache @reown/appkit-utils@https://registry.npmjs.org/@reown/appkit-utils/-/appkit-utils-1.7.8.tgz 0ms (cache hit)
4434 http cache @solana/codecs-data-structures@https://registry.npmjs.org/@solana/codecs-data-structures/-/codecs-data-structures-5.5.1.tgz 0ms (cache hit)
4435 http cache @solana/nominal-types@https://registry.npmjs.org/@solana/nominal-types/-/nominal-types-5.5.1.tgz 0ms (cache hit)
4436 http cache @solana/codecs-numbers@https://registry.npmjs.org/@solana/codecs-numbers/-/codecs-numbers-5.5.1.tgz 0ms (cache hit)
4437 http cache @solana/assertions@https://registry.npmjs.org/@solana/assertions/-/assertions-5.5.1.tgz 0ms (cache hit)
4438 http cache @solana/codecs-strings@https://registry.npmjs.org/@solana/codecs-strings/-/codecs-strings-5.5.1.tgz 0ms (cache hit)
4439 http cache @solana/transactions@https://registry.npmjs.org/@solana/transactions/-/transactions-5.5.1.tgz 0ms (cache hit)
4440 http cache @solana/codecs-core@https://registry.npmjs.org/@solana/codecs-core/-/codecs-core-5.5.1.tgz 0ms (cache hit)
4441 http cache @solana/rpc-spec@https://registry.npmjs.org/@solana/rpc-spec/-/rpc-spec-5.5.1.tgz 0ms (cache hit)
4442 http cache @solana/transaction-confirmation@https://registry.npmjs.org/@solana/transaction-confirmation/-/transaction-confirmation-5.5.1.tgz 0ms (cache hit)
4443 http cache @solana/sysvars@https://registry.npmjs.org/@solana/sysvars/-/sysvars-5.5.1.tgz 0ms (cache hit)
4444 http cache @solana/rpc-types@https://registry.npmjs.org/@solana/rpc-types/-/rpc-types-5.5.1.tgz 0ms (cache hit)
4445 http cache @solana/transaction-messages@https://registry.npmjs.org/@solana/transaction-messages/-/transaction-messages-5.5.1.tgz 0ms (cache hit)
4446 http cache @solana/signers@https://registry.npmjs.org/@solana/signers/-/signers-5.5.1.tgz 0ms (cache hit)
4447 http cache @solana/rpc-subscriptions@https://registry.npmjs.org/@solana/rpc-subscriptions/-/rpc-subscriptions-5.5.1.tgz 0ms (cache hit)
4448 http cache @solana/rpc-api@https://registry.npmjs.org/@solana/rpc-api/-/rpc-api-5.5.1.tgz 0ms (cache hit)
4449 http cache @solana/rpc@https://registry.npmjs.org/@solana/rpc/-/rpc-5.5.1.tgz 0ms (cache hit)
4450 http cache @solana/rpc-parsed-types@https://registry.npmjs.org/@solana/rpc-parsed-types/-/rpc-parsed-types-5.5.1.tgz 0ms (cache hit)
4451 http cache @solana/rpc-spec-types@https://registry.npmjs.org/@solana/rpc-spec-types/-/rpc-spec-types-5.5.1.tgz 0ms (cache hit)
4452 http cache @solana/plugin-core@https://registry.npmjs.org/@solana/plugin-core/-/plugin-core-5.5.1.tgz 0ms (cache hit)
4453 http cache @solana/keys@https://registry.npmjs.org/@solana/keys/-/keys-5.5.1.tgz 0ms (cache hit)
4454 http cache @solana/offchain-messages@https://registry.npmjs.org/@solana/offchain-messages/-/offchain-messages-5.5.1.tgz 0ms (cache hit)
4455 http cache @solana/programs@https://registry.npmjs.org/@solana/programs/-/programs-5.5.1.tgz 0ms (cache hit)
4456 http cache @solana/instructions@https://registry.npmjs.org/@solana/instructions/-/instructions-5.5.1.tgz 0ms (cache hit)
4457 http cache @solana/functional@https://registry.npmjs.org/@solana/functional/-/functional-5.5.1.tgz 0ms (cache hit)
4458 http cache @solana/errors@https://registry.npmjs.org/@solana/errors/-/errors-5.5.1.tgz 0ms (cache hit)
4459 http cache @solana/codecs@https://registry.npmjs.org/@solana/codecs/-/codecs-5.5.1.tgz 0ms (cache hit)
4460 http cache @solana/instruction-plans@https://registry.npmjs.org/@solana/instruction-plans/-/instruction-plans-5.5.1.tgz 0ms (cache hit)
4461 http cache @solana/addresses@https://registry.npmjs.org/@solana/addresses/-/addresses-5.5.1.tgz 0ms (cache hit)
4462 http cache @floating-ui/utils@https://registry.npmjs.org/@floating-ui/utils/-/utils-0.2.10.tgz 0ms (cache hit)
4463 http cache @floating-ui/core@https://registry.npmjs.org/@floating-ui/core/-/core-1.7.4.tgz 0ms (cache hit)
4464 http cache @solana/accounts@https://registry.npmjs.org/@solana/accounts/-/accounts-5.5.1.tgz 0ms (cache hit)
4465 http cache @floating-ui/dom@https://registry.npmjs.org/@floating-ui/dom/-/dom-1.7.5.tgz 0ms (cache hit)
4466 http cache @radix-ui/react-use-size@https://registry.npmjs.org/@radix-ui/react-use-size/-/react-use-size-1.1.1.tgz 0ms (cache hit)
4467 http cache @radix-ui/react-use-effect-event@https://registry.npmjs.org/@radix-ui/react-use-effect-event/-/react-use-effect-event-0.0.2.tgz 0ms (cache hit)
4468 http cache @radix-ui/react-use-rect@https://registry.npmjs.org/@radix-ui/react-use-rect/-/react-use-rect-1.1.1.tgz 0ms (cache hit)
4469 http cache @radix-ui/rect@https://registry.npmjs.org/@radix-ui/rect/-/rect-1.1.1.tgz 0ms (cache hit)
4470 http cache @radix-ui/react-arrow@https://registry.npmjs.org/@radix-ui/react-arrow/-/react-arrow-1.1.7.tgz 0ms (cache hit)
4471 http cache @radix-ui/react-visually-hidden@https://registry.npmjs.org/@radix-ui/react-visually-hidden/-/react-visually-hidden-1.2.3.tgz 0ms (cache hit)
4472 http cache @radix-ui/react-popper@https://registry.npmjs.org/@radix-ui/react-popper/-/react-popper-1.2.7.tgz 0ms (cache hit)
4473 http cache @radix-ui/react-use-layout-effect@https://registry.npmjs.org/@radix-ui/react-use-layout-effect/-/react-use-layout-effect-1.1.1.tgz 0ms (cache hit)
4474 http cache @floating-ui/react-dom@https://registry.npmjs.org/@floating-ui/react-dom/-/react-dom-2.1.7.tgz 0ms (cache hit)
4475 http cache @radix-ui/react-use-escape-keydown@https://registry.npmjs.org/@radix-ui/react-use-escape-keydown/-/react-use-escape-keydown-1.1.1.tgz 0ms (cache hit)
4476 http cache react-remove-scroll@https://registry.npmjs.org/react-remove-scroll/-/react-remove-scroll-2.7.2.tgz 0ms (cache hit)
4477 http cache aria-hidden@https://registry.npmjs.org/aria-hidden/-/aria-hidden-1.2.6.tgz 0ms (cache hit)
4478 http cache @radix-ui/react-use-controllable-state@https://registry.npmjs.org/@radix-ui/react-use-controllable-state/-/react-use-controllable-state-1.2.2.tgz 0ms (cache hit)
4479 http cache @radix-ui/react-use-callback-ref@https://registry.npmjs.org/@radix-ui/react-use-callback-ref/-/react-use-callback-ref-1.1.1.tgz 0ms (cache hit)
4480 http cache @radix-ui/react-slot@https://registry.npmjs.org/@radix-ui/react-slot/-/react-slot-1.2.3.tgz 0ms (cache hit)
4481 http cache @radix-ui/react-portal@https://registry.npmjs.org/@radix-ui/react-portal/-/react-portal-1.1.9.tgz 0ms (cache hit)
4482 http cache @radix-ui/react-presence@https://registry.npmjs.org/@radix-ui/react-presence/-/react-presence-1.1.4.tgz 0ms (cache hit)
4483 http cache @radix-ui/react-id@https://registry.npmjs.org/@radix-ui/react-id/-/react-id-1.1.1.tgz 0ms (cache hit)
4484 http cache @radix-ui/react-primitive@https://registry.npmjs.org/@radix-ui/react-primitive/-/react-primitive-2.1.3.tgz 0ms (cache hit)
4485 http cache @radix-ui/react-focus-guards@https://registry.npmjs.org/@radix-ui/react-focus-guards/-/react-focus-guards-1.1.2.tgz 0ms (cache hit)
4486 http cache @radix-ui/react-compose-refs@https://registry.npmjs.org/@radix-ui/react-compose-refs/-/react-compose-refs-1.1.2.tgz 0ms (cache hit)
4487 http cache @radix-ui/primitive@https://registry.npmjs.org/@radix-ui/primitive/-/primitive-1.1.2.tgz 0ms (cache hit)
4488 http cache @radix-ui/react-context@https://registry.npmjs.org/@radix-ui/react-context/-/react-context-1.1.2.tgz 0ms (cache hit)
4489 http cache @jridgewell/resolve-uri@https://registry.npmjs.org/@jridgewell/resolve-uri/-/resolve-uri-3.1.2.tgz 0ms (cache hit)
4490 http cache @jridgewell/sourcemap-codec@https://registry.npmjs.org/@jridgewell/sourcemap-codec/-/sourcemap-codec-1.5.5.tgz 0ms (cache hit)
4491 http cache @emotion/is-prop-valid@https://registry.npmjs.org/@emotion/is-prop-valid/-/is-prop-valid-1.4.0.tgz 0ms (cache hit)
4492 http cache csstype@https://registry.npmjs.org/csstype/-/csstype-3.2.3.tgz 0ms (cache hit)
4493 http cache @radix-ui/react-dismissable-layer@https://registry.npmjs.org/@radix-ui/react-dismissable-layer/-/react-dismissable-layer-1.1.10.tgz 0ms (cache hit)
4494 http cache @emotion/unitless@https://registry.npmjs.org/@emotion/unitless/-/unitless-0.10.0.tgz 0ms (cache hit)
4495 http cache jsesc@https://registry.npmjs.org/jsesc/-/jsesc-3.1.0.tgz 0ms (cache hit)
4496 http cache @babel/helper-string-parser@https://registry.npmjs.org/@babel/helper-string-parser/-/helper-string-parser-7.27.1.tgz 0ms (cache hit)
4497 http cache @emotion/sheet@https://registry.npmjs.org/@emotion/sheet/-/sheet-1.4.0.tgz 0ms (cache hit)
4498 http cache @jridgewell/trace-mapping@https://registry.npmjs.org/@jridgewell/trace-mapping/-/trace-mapping-0.3.31.tgz 0ms (cache hit)
4499 http cache picocolors@https://registry.npmjs.org/picocolors/-/picocolors-1.1.1.tgz 0ms (cache hit)
4500 http cache @babel/helper-validator-identifier@https://registry.npmjs.org/@babel/helper-validator-identifier/-/helper-validator-identifier-7.28.5.tgz 0ms (cache hit)
4501 http cache debug@https://registry.npmjs.org/debug/-/debug-4.4.3.tgz 0ms (cache hit)
4502 http cache @babel/template@https://registry.npmjs.org/@babel/template/-/template-7.28.6.tgz 0ms (cache hit)
4503 http cache @jridgewell/gen-mapping@https://registry.npmjs.org/@jridgewell/gen-mapping/-/gen-mapping-0.3.13.tgz 0ms (cache hit)
4504 http cache @babel/parser@https://registry.npmjs.org/@babel/parser/-/parser-7.29.0.tgz 0ms (cache hit)
4505 http cache @babel/generator@https://registry.npmjs.org/@babel/generator/-/generator-7.29.1.tgz 0ms (cache hit)
4506 http cache @babel/code-frame@https://registry.npmjs.org/@babel/code-frame/-/code-frame-7.29.0.tgz 0ms (cache hit)
4507 http cache js-tokens@https://registry.npmjs.org/js-tokens/-/js-tokens-4.0.0.tgz 0ms (cache hit)
4508 http cache @babel/helper-globals@https://registry.npmjs.org/@babel/helper-globals/-/helper-globals-7.28.0.tgz 0ms (cache hit)
4509 http cache @babel/types@https://registry.npmjs.org/@babel/types/-/types-7.29.0.tgz 0ms (cache hit)
4510 http cache @babel/traverse@https://registry.npmjs.org/@babel/traverse/-/traverse-7.29.0.tgz 0ms (cache hit)
4511 http cache source-map@https://registry.npmjs.org/source-map/-/source-map-0.5.7.tgz 0ms (cache hit)
4512 http cache stylis@https://registry.npmjs.org/stylis/-/stylis-4.2.0.tgz 0ms (cache hit)
4513 http cache find-root@https://registry.npmjs.org/find-root/-/find-root-1.1.0.tgz 0ms (cache hit)
4514 http cache convert-source-map@https://registry.npmjs.org/convert-source-map/-/convert-source-map-1.9.0.tgz 0ms (cache hit)
4515 http cache babel-plugin-macros@https://registry.npmjs.org/babel-plugin-macros/-/babel-plugin-macros-3.1.0.tgz 0ms (cache hit)
4516 http cache @emotion/memoize@https://registry.npmjs.org/@emotion/memoize/-/memoize-0.9.0.tgz 0ms (cache hit)
4517 http cache escape-string-regexp@https://registry.npmjs.org/escape-string-regexp/-/escape-string-regexp-4.0.0.tgz 0ms (cache hit)
4518 http cache @emotion/hash@https://registry.npmjs.org/@emotion/hash/-/hash-0.9.2.tgz 0ms (cache hit)
4519 http cache hoist-non-react-statics@https://registry.npmjs.org/hoist-non-react-statics/-/hoist-non-react-statics-3.3.2.tgz 0ms (cache hit)
4520 http cache @emotion/weak-memoize@https://registry.npmjs.org/@emotion/weak-memoize/-/weak-memoize-0.4.0.tgz 0ms (cache hit)
4521 http cache @emotion/utils@https://registry.npmjs.org/@emotion/utils/-/utils-1.4.2.tgz 0ms (cache hit)
4522 http cache @babel/helper-module-imports@https://registry.npmjs.org/@babel/helper-module-imports/-/helper-module-imports-7.28.6.tgz 0ms (cache hit)
4523 http cache @emotion/use-insertion-effect-with-fallbacks@https://registry.npmjs.org/@emotion/use-insertion-effect-with-fallbacks/-/use-insertion-effect-with-fallbacks-1.2.0.tgz 0ms (cache hit)
4524 http cache @emotion/cache@https://registry.npmjs.org/@emotion/cache/-/cache-11.14.0.tgz 0ms (cache hit)
4525 http cache @emotion/babel-plugin@https://registry.npmjs.org/@emotion/babel-plugin/-/babel-plugin-11.13.5.tgz 0ms (cache hit)
4526 http cache @babel/runtime@https://registry.npmjs.org/@babel/runtime/-/runtime-7.28.6.tgz 0ms (cache hit)
4527 http cache @emotion/serialize@https://registry.npmjs.org/@emotion/serialize/-/serialize-1.3.3.tgz 0ms (cache hit)
4528 http cache uncrypto@https://registry.npmjs.org/uncrypto/-/uncrypto-0.1.3.tgz 0ms (cache hit)
4529 http cache jose@https://registry.npmjs.org/jose/-/jose-6.1.3.tgz 0ms (cache hit)
4530 http cache axios-retry@https://registry.npmjs.org/axios-retry/-/axios-retry-4.5.0.tgz 0ms (cache hit)
4531 http cache md5@https://registry.npmjs.org/md5/-/md5-2.3.0.tgz 0ms (cache hit)
4532 http cache @solana/web3.js@https://registry.npmjs.org/@solana/web3.js/-/web3.js-1.98.4.tgz 0ms (cache hit)
4533 http cache @solana-program/system@https://registry.npmjs.org/@solana-program/system/-/system-0.10.0.tgz 0ms (cache hit)
4534 http cache axios@https://registry.npmjs.org/axios/-/axios-1.13.4.tgz 0ms (cache hit)
4535 http cache @solana/kit@https://registry.npmjs.org/@solana/kit/-/kit-5.5.1.tgz 0ms (cache hit)
4536 http cache @solana-program/token@https://registry.npmjs.org/@solana-program/token/-/token-0.9.0.tgz 0ms (cache hit)
4537 http cache zustand@https://registry.npmjs.org/zustand/-/zustand-5.0.3.tgz 0ms (cache hit)
4538 http cache idb-keyval@https://registry.npmjs.org/idb-keyval/-/idb-keyval-6.2.1.tgz 0ms (cache hit)
4539 http cache eventemitter3@https://registry.npmjs.org/eventemitter3/-/eventemitter3-5.0.1.tgz 0ms (cache hit)
4540 http cache clsx@https://registry.npmjs.org/clsx/-/clsx-1.2.1.tgz 0ms (cache hit)
4541 http cache brotli-wasm@https://registry.npmjs.org/brotli-wasm/-/brotli-wasm-3.0.1.tgz 0ms (cache hit)
4542 http cache @coinbase/cdp-sdk@https://registry.npmjs.org/@coinbase/cdp-sdk/-/cdp-sdk-1.44.0.tgz 0ms (cache hit)
4543 http cache x402@https://registry.npmjs.org/x402/-/x402-0.7.0.tgz 0ms (cache hit)
4544 http cache zod@https://registry.npmjs.org/zod/-/zod-3.25.75.tgz 0ms (cache hit)
4545 http cache viem@https://registry.npmjs.org/viem/-/viem-2.39.0.tgz 0ms (cache hit)
4546 http cache uqr@https://registry.npmjs.org/uqr/-/uqr-0.1.2.tgz 0ms (cache hit)
4547 http cache toml@https://registry.npmjs.org/toml/-/toml-3.0.0.tgz 0ms (cache hit)
4548 http cache qrcode@https://registry.npmjs.org/qrcode/-/qrcode-1.5.3.tgz 0ms (cache hit)
4549 http cache prompts@https://registry.npmjs.org/prompts/-/prompts-2.4.2.tgz 0ms (cache hit)
4550 http cache ox@https://registry.npmjs.org/ox/-/ox-0.7.0.tgz 0ms (cache hit)
4551 http cache open@https://registry.npmjs.org/open/-/open-10.1.1.tgz 0ms (cache hit)
4552 http cache ora@https://registry.npmjs.org/ora/-/ora-8.2.0.tgz 0ms (cache hit)
4553 http cache mipd@https://registry.npmjs.org/mipd/-/mipd-0.0.7.tgz 0ms (cache hit)
4554 http cache input-otp@https://registry.npmjs.org/input-otp/-/input-otp-1.4.2.tgz 0ms (cache hit)
4555 http cache fuse.js@https://registry.npmjs.org/fuse.js/-/fuse.js-7.1.0.tgz 0ms (cache hit)
4556 http cache cross-spawn@https://registry.npmjs.org/cross-spawn/-/cross-spawn-7.0.6.tgz 0ms (cache hit)
4557 http cache abitype@https://registry.npmjs.org/abitype/-/abitype-1.0.8.tgz 0ms (cache hit)
4558 http cache @walletconnect/universal-provider@https://registry.npmjs.org/@walletconnect/universal-provider/-/universal-provider-2.21.8.tgz 0ms (cache hit)
4559 http cache @walletconnect/sign-client@https://registry.npmjs.org/@walletconnect/sign-client/-/sign-client-2.21.8.tgz 0ms (cache hit)
4560 http cache preact@https://registry.npmjs.org/preact/-/preact-10.24.2.tgz 0ms (cache hit)
4561 http cache @thirdweb-dev/insight@https://registry.npmjs.org/@thirdweb-dev/insight/-/insight-1.1.1.tgz 0ms (cache hit)
4562 http cache @tanstack/react-query@https://registry.npmjs.org/@tanstack/react-query/-/react-query-5.81.5.tgz 0ms (cache hit)
4563 http cache @radix-ui/react-tooltip@https://registry.npmjs.org/@radix-ui/react-tooltip/-/react-tooltip-1.2.7.tgz 0ms (cache hit)
4564 http cache @radix-ui/react-icons@https://registry.npmjs.org/@radix-ui/react-icons/-/react-icons-1.3.2.tgz 0ms (cache hit)
4565 http cache @radix-ui/react-focus-scope@https://registry.npmjs.org/@radix-ui/react-focus-scope/-/react-focus-scope-1.1.7.tgz 0ms (cache hit)
4566 http cache react-dom@https://registry.npmjs.org/react-dom/-/react-dom-19.2.4.tgz 0ms (cache hit)
4567 http cache @radix-ui/react-dialog@https://registry.npmjs.org/@radix-ui/react-dialog/-/react-dialog-1.1.14.tgz 0ms (cache hit)
4568 http cache @passwordless-id/webauthn@https://registry.npmjs.org/@passwordless-id/webauthn/-/webauthn-2.3.1.tgz 0ms (cache hit)
4569 http cache @noble/curves@https://registry.npmjs.org/@noble/curves/-/curves-1.8.2.tgz 0ms (cache hit)
4570 http cache @noble/hashes@https://registry.npmjs.org/@noble/hashes/-/hashes-1.7.2.tgz 0ms (cache hit)
4571 http cache @emotion/styled@https://registry.npmjs.org/@emotion/styled/-/styled-11.14.1.tgz 0ms (cache hit)
4572 http cache react@https://registry.npmjs.org/react/-/react-19.2.4.tgz 0ms (cache hit)
4573 http cache @coinbase/wallet-sdk@https://registry.npmjs.org/@coinbase/wallet-sdk/-/wallet-sdk-4.3.0.tgz 0ms (cache hit)
4574 http cache bundle-name@https://registry.npmjs.org/bundle-name/-/bundle-name-4.1.0.tgz 0ms (cache hit)
4575 http cache @emotion/react@https://registry.npmjs.org/@emotion/react/-/react-11.14.0.tgz 0ms (cache hit)
4576 http cache thirdweb@https://registry.npmjs.org/thirdweb/-/thirdweb-5.118.1.tgz 0ms (cache hit)
4577 http cache @base-org/account@https://registry.npmjs.org/@base-org/account/-/account-2.5.0.tgz 0ms (cache hit)
4578 http cache emoji-regex@https://registry.npmjs.org/emoji-regex/-/emoji-regex-8.0.0.tgz 0ms (cache hit)
4579 http cache string-width@https://registry.npmjs.org/string-width/-/string-width-4.2.3.tgz 0ms (cache hit)
4580 http cache strip-ansi@https://registry.npmjs.org/strip-ansi/-/strip-ansi-6.0.1.tgz 0ms (cache hit)
4581 http cache ansi-regex@https://registry.npmjs.org/ansi-regex/-/ansi-regex-5.0.1.tgz 0ms (cache hit)
4582 http cache emoji-regex@https://registry.npmjs.org/emoji-regex/-/emoji-regex-8.0.0.tgz 0ms (cache hit)
4583 http cache string-width@https://registry.npmjs.org/string-width/-/string-width-4.2.3.tgz 0ms (cache hit)
4584 http cache ansi-regex@https://registry.npmjs.org/ansi-regex/-/ansi-regex-5.0.1.tgz 0ms (cache hit)
4585 http cache strip-ansi@https://registry.npmjs.org/strip-ansi/-/strip-ansi-6.0.1.tgz 0ms (cache hit)
4586 http cache ws@https://registry.npmjs.org/ws/-/ws-8.18.3.tgz 0ms (cache hit)
4587 http cache @metamask/safe-event-emitter@https://registry.npmjs.org/@metamask/safe-event-emitter/-/safe-event-emitter-2.0.0.tgz 0ms (cache hit)
4588 http cache uuid@https://registry.npmjs.org/uuid/-/uuid-9.0.1.tgz 0ms (cache hit)
4589 http cache tslib@https://registry.npmjs.org/tslib/-/tslib-2.8.1.tgz 0ms (cache hit)
4590 http cache @metamask/utils@https://registry.npmjs.org/@metamask/utils/-/utils-9.3.0.tgz 0ms (cache hit)
4591 http cache @metamask/rpc-errors@https://registry.npmjs.org/@metamask/rpc-errors/-/rpc-errors-6.4.0.tgz 0ms (cache hit)
4592 http cache @metamask/json-rpc-engine@https://registry.npmjs.org/@metamask/json-rpc-engine/-/json-rpc-engine-7.3.3.tgz 0ms (cache hit)
4593 http cache superstruct@https://registry.npmjs.org/superstruct/-/superstruct-1.0.4.tgz 0ms (cache hit)
4594 http cache @metamask/utils@https://registry.npmjs.org/@metamask/utils/-/utils-5.0.2.tgz 0ms (cache hit)
4595 http cache @metamask/utils@https://registry.npmjs.org/@metamask/utils/-/utils-8.5.0.tgz 0ms (cache hit)
4596 http cache superstruct@https://registry.npmjs.org/superstruct/-/superstruct-1.0.4.tgz 0ms (cache hit)
4597 http cache use-sync-external-store@https://registry.npmjs.org/use-sync-external-store/-/use-sync-external-store-1.2.0.tgz 0ms (cache hit)
4598 http cache pify@https://registry.npmjs.org/pify/-/pify-5.0.0.tgz 0ms (cache hit)
4599 http cache ws@https://registry.npmjs.org/ws/-/ws-8.18.0.tgz 0ms (cache hit)
4600 http cache @metamask/utils@https://registry.npmjs.org/@metamask/utils/-/utils-5.0.2.tgz 0ms (cache hit)
4601 http cache ox@https://registry.npmjs.org/ox/-/ox-0.6.7.tgz 0ms (cache hit)
4602 http cache isows@https://registry.npmjs.org/isows/-/isows-1.0.6.tgz 0ms (cache hit)
4603 http cache zod@https://registry.npmjs.org/zod/-/zod-3.22.4.tgz 0ms (cache hit)
4604 http cache @scure/bip32@https://registry.npmjs.org/@scure/bip32/-/bip32-1.6.2.tgz 0ms (cache hit)
4605 http cache @scure/bip39@https://registry.npmjs.org/@scure/bip39/-/bip39-1.5.4.tgz 0ms (cache hit)
4606 http cache bs58@https://registry.npmjs.org/bs58/-/bs58-6.0.0.tgz 0ms (cache hit)
4607 http cache base-x@https://registry.npmjs.org/base-x/-/base-x-5.0.1.tgz 0ms (cache hit)
4608 http cache @noble/hashes@https://registry.npmjs.org/@noble/hashes/-/hashes-1.7.1.tgz 0ms (cache hit)
4609 http cache @noble/ciphers@https://registry.npmjs.org/@noble/ciphers/-/ciphers-1.2.1.tgz 0ms (cache hit)
4610 http cache uint8arrays@https://registry.npmjs.org/uint8arrays/-/uint8arrays-3.1.0.tgz 0ms (cache hit)
4611 http cache @walletconnect/core@https://registry.npmjs.org/@walletconnect/core/-/core-2.21.0.tgz 0ms (cache hit)
4612 http cache @noble/curves@https://registry.npmjs.org/@noble/curves/-/curves-1.8.1.tgz 0ms (cache hit)
4613 http cache es-toolkit@https://registry.npmjs.org/es-toolkit/-/es-toolkit-1.33.0.tgz 0ms (cache hit)
4614 http cache viem@https://registry.npmjs.org/viem/-/viem-2.23.2.tgz 0ms (cache hit)
4615 http cache @walletconnect/utils@https://registry.npmjs.org/@walletconnect/utils/-/utils-2.21.0.tgz 1ms (cache hit)
4616 http cache @walletconnect/types@https://registry.npmjs.org/@walletconnect/types/-/types-2.21.0.tgz 0ms (cache hit)
4617 http cache @walletconnect/universal-provider@https://registry.npmjs.org/@walletconnect/universal-provider/-/universal-provider-2.21.0.tgz 0ms (cache hit)
4618 http cache ws@https://registry.npmjs.org/ws/-/ws-8.18.0.tgz 0ms (cache hit)
4619 http cache ox@https://registry.npmjs.org/ox/-/ox-0.6.7.tgz 0ms (cache hit)
4620 http cache @walletconnect/sign-client@https://registry.npmjs.org/@walletconnect/sign-client/-/sign-client-2.21.0.tgz 0ms (cache hit)
4621 http cache isows@https://registry.npmjs.org/isows/-/isows-1.0.6.tgz 0ms (cache hit)
4622 http cache base-x@https://registry.npmjs.org/base-x/-/base-x-5.0.1.tgz 0ms (cache hit)
4623 http cache bs58@https://registry.npmjs.org/bs58/-/bs58-6.0.0.tgz 0ms (cache hit)
4624 http cache @noble/hashes@https://registry.npmjs.org/@noble/hashes/-/hashes-1.7.1.tgz 0ms (cache hit)
4625 http cache @scure/bip32@https://registry.npmjs.org/@scure/bip32/-/bip32-1.6.2.tgz 0ms (cache hit)
4626 http cache @scure/bip39@https://registry.npmjs.org/@scure/bip39/-/bip39-1.5.4.tgz 0ms (cache hit)
4627 http cache uint8arrays@https://registry.npmjs.org/uint8arrays/-/uint8arrays-3.1.0.tgz 0ms (cache hit)
4628 http cache @noble/ciphers@https://registry.npmjs.org/@noble/ciphers/-/ciphers-1.2.1.tgz 0ms (cache hit)
4629 http cache @noble/curves@https://registry.npmjs.org/@noble/curves/-/curves-1.8.1.tgz 0ms (cache hit)
4630 http cache @walletconnect/core@https://registry.npmjs.org/@walletconnect/core/-/core-2.21.0.tgz 0ms (cache hit)
4631 http cache es-toolkit@https://registry.npmjs.org/es-toolkit/-/es-toolkit-1.33.0.tgz 0ms (cache hit)
4632 http cache @walletconnect/sign-client@https://registry.npmjs.org/@walletconnect/sign-client/-/sign-client-2.21.0.tgz 0ms (cache hit)
4633 http cache @walletconnect/types@https://registry.npmjs.org/@walletconnect/types/-/types-2.21.0.tgz 0ms (cache hit)
4634 http cache @walletconnect/utils@https://registry.npmjs.org/@walletconnect/utils/-/utils-2.21.0.tgz 0ms (cache hit)
4635 http cache ox@https://registry.npmjs.org/ox/-/ox-0.6.7.tgz 0ms (cache hit)
4636 http cache @walletconnect/universal-provider@https://registry.npmjs.org/@walletconnect/universal-provider/-/universal-provider-2.21.0.tgz 0ms (cache hit)
4637 http cache ws@https://registry.npmjs.org/ws/-/ws-8.18.0.tgz 0ms (cache hit)
4638 http cache isows@https://registry.npmjs.org/isows/-/isows-1.0.6.tgz 0ms (cache hit)
4639 http cache viem@https://registry.npmjs.org/viem/-/viem-2.23.2.tgz 0ms (cache hit)
4640 http cache @scure/bip32@https://registry.npmjs.org/@scure/bip32/-/bip32-1.6.2.tgz 0ms (cache hit)
4641 http cache base-x@https://registry.npmjs.org/base-x/-/base-x-5.0.1.tgz 0ms (cache hit)
4642 http cache @noble/curves@https://registry.npmjs.org/@noble/curves/-/curves-1.8.1.tgz 0ms (cache hit)
4643 http cache @scure/bip39@https://registry.npmjs.org/@scure/bip39/-/bip39-1.5.4.tgz 0ms (cache hit)
4644 http cache @noble/hashes@https://registry.npmjs.org/@noble/hashes/-/hashes-1.7.1.tgz 0ms (cache hit)
4645 http cache @walletconnect/core@https://registry.npmjs.org/@walletconnect/core/-/core-2.21.0.tgz 0ms (cache hit)
4646 http cache es-toolkit@https://registry.npmjs.org/es-toolkit/-/es-toolkit-1.33.0.tgz 0ms (cache hit)
4647 http cache @noble/ciphers@https://registry.npmjs.org/@noble/ciphers/-/ciphers-1.2.1.tgz 0ms (cache hit)
4648 http cache uint8arrays@https://registry.npmjs.org/uint8arrays/-/uint8arrays-3.1.0.tgz 0ms (cache hit)
4649 http cache @walletconnect/utils@https://registry.npmjs.org/@walletconnect/utils/-/utils-2.21.0.tgz 0ms (cache hit)
4650 http cache @walletconnect/sign-client@https://registry.npmjs.org/@walletconnect/sign-client/-/sign-client-2.21.0.tgz 0ms (cache hit)
4651 http cache bs58@https://registry.npmjs.org/bs58/-/bs58-6.0.0.tgz 0ms (cache hit)
4652 http cache @walletconnect/universal-provider@https://registry.npmjs.org/@walletconnect/universal-provider/-/universal-provider-2.21.0.tgz 0ms (cache hit)
4653 http cache viem@https://registry.npmjs.org/viem/-/viem-2.23.2.tgz 0ms (cache hit)
4654 http cache @walletconnect/types@https://registry.npmjs.org/@walletconnect/types/-/types-2.21.0.tgz 0ms (cache hit)
4655 http cache @scure/bip39@https://registry.npmjs.org/@scure/bip39/-/bip39-1.3.0.tgz 0ms (cache hit)
4656 http cache @scure/bip32@https://registry.npmjs.org/@scure/bip32/-/bip32-1.4.0.tgz 0ms (cache hit)
4657 http cache @scure/base@https://registry.npmjs.org/@scure/base/-/base-1.1.9.tgz 0ms (cache hit)
4658 http cache @noble/hashes@https://registry.npmjs.org/@noble/hashes/-/hashes-1.4.0.tgz 0ms (cache hit)
4659 http cache uuid@https://registry.npmjs.org/uuid/-/uuid-9.0.1.tgz 0ms (cache hit)
4660 http cache uuid@https://registry.npmjs.org/uuid/-/uuid-9.0.1.tgz 0ms (cache hit)
4661 http cache @noble/curves@https://registry.npmjs.org/@noble/curves/-/curves-1.4.2.tgz 0ms (cache hit)
4662 http cache @metamask/utils@https://registry.npmjs.org/@metamask/utils/-/utils-8.5.0.tgz 0ms (cache hit)
4663 http cache @metamask/utils@https://registry.npmjs.org/@metamask/utils/-/utils-9.3.0.tgz 0ms (cache hit)
4664 http cache string_decoder@https://registry.npmjs.org/string_decoder/-/string_decoder-1.1.1.tgz 0ms (cache hit)
4665 http cache @metamask/rpc-errors@https://registry.npmjs.org/@metamask/rpc-errors/-/rpc-errors-6.4.0.tgz 0ms (cache hit)
4666 http cache @metamask/utils@https://registry.npmjs.org/@metamask/utils/-/utils-8.5.0.tgz 0ms (cache hit)
4667 http cache readable-stream@https://registry.npmjs.org/readable-stream/-/readable-stream-2.3.8.tgz 0ms (cache hit)
4668 http cache safe-buffer@https://registry.npmjs.org/safe-buffer/-/safe-buffer-5.1.2.tgz 0ms (cache hit)
4669 http cache isarray@https://registry.npmjs.org/isarray/-/isarray-1.0.0.tgz 0ms (cache hit)
4670 http cache @noble/hashes@https://registry.npmjs.org/@noble/hashes/-/hashes-1.8.0.tgz 0ms (cache hit)
4671 http cache uuid@https://registry.npmjs.org/uuid/-/uuid-9.0.1.tgz 0ms (cache hit)
4672 http cache @metamask/utils@https://registry.npmjs.org/@metamask/utils/-/utils-8.5.0.tgz 0ms (cache hit)
4673 http cache @noble/curves@https://registry.npmjs.org/@noble/curves/-/curves-1.9.7.tgz 0ms (cache hit)
4674 http cache @metamask/utils@https://registry.npmjs.org/@metamask/utils/-/utils-9.3.0.tgz 0ms (cache hit)
4675 http cache uuid@https://registry.npmjs.org/uuid/-/uuid-9.0.1.tgz 0ms (cache hit)
4676 http cache @noble/curves@https://registry.npmjs.org/@noble/curves/-/curves-1.9.1.tgz 0ms (cache hit)
4677 http cache abitype@https://registry.npmjs.org/abitype/-/abitype-1.2.3.tgz 0ms (cache hit)
4678 http cache chalk@https://registry.npmjs.org/chalk/-/chalk-5.6.2.tgz 0ms (cache hit)
4679 http cache ox@https://registry.npmjs.org/ox/-/ox-0.9.17.tgz 0ms (cache hit)
4680 http cache zod@https://registry.npmjs.org/zod/-/zod-4.3.6.tgz 0ms (cache hit)
4681 http cache ws@https://registry.npmjs.org/ws/-/ws-8.18.0.tgz 0ms (cache hit)
4682 http cache isows@https://registry.npmjs.org/isows/-/isows-1.0.6.tgz 0ms (cache hit)
4683 http cache @scure/bip39@https://registry.npmjs.org/@scure/bip39/-/bip39-1.5.4.tgz 0ms (cache hit)
4684 http cache ox@https://registry.npmjs.org/ox/-/ox-0.6.7.tgz 0ms (cache hit)
4685 http cache @scure/bip32@https://registry.npmjs.org/@scure/bip32/-/bip32-1.6.2.tgz 0ms (cache hit)
4686 http cache base-x@https://registry.npmjs.org/base-x/-/base-x-5.0.1.tgz 0ms (cache hit)
4687 http cache viem@https://registry.npmjs.org/viem/-/viem-2.23.2.tgz 0ms (cache hit)
4688 http cache @noble/hashes@https://registry.npmjs.org/@noble/hashes/-/hashes-1.8.0.tgz 0ms (cache hit)
4689 http cache @noble/curves@https://registry.npmjs.org/@noble/curves/-/curves-1.8.1.tgz 0ms (cache hit)
4690 http cache @noble/hashes@https://registry.npmjs.org/@noble/hashes/-/hashes-1.7.1.tgz 0ms (cache hit)
4691 http cache @noble/ciphers@https://registry.npmjs.org/@noble/ciphers/-/ciphers-1.2.1.tgz 0ms (cache hit)
4692 http cache es-toolkit@https://registry.npmjs.org/es-toolkit/-/es-toolkit-1.33.0.tgz 0ms (cache hit)
4693 http cache bs58@https://registry.npmjs.org/bs58/-/bs58-6.0.0.tgz 0ms (cache hit)
4694 http cache @walletconnect/core@https://registry.npmjs.org/@walletconnect/core/-/core-2.21.1.tgz 0ms (cache hit)
4695 http cache @walletconnect/universal-provider@https://registry.npmjs.org/@walletconnect/universal-provider/-/universal-provider-2.21.1.tgz 0ms (cache hit)
4696 http cache uint8arrays@https://registry.npmjs.org/uint8arrays/-/uint8arrays-3.1.0.tgz 0ms (cache hit)
4697 http cache @walletconnect/utils@https://registry.npmjs.org/@walletconnect/utils/-/utils-2.21.1.tgz 0ms (cache hit)
4698 http cache @walletconnect/types@https://registry.npmjs.org/@walletconnect/types/-/types-2.21.1.tgz 0ms (cache hit)
4699 http cache ms@https://registry.npmjs.org/ms/-/ms-2.1.2.tgz 0ms (cache hit)
4700 http cache tslib@https://registry.npmjs.org/tslib/-/tslib-2.8.1.tgz 0ms (cache hit)
4701 http cache cross-fetch@https://registry.npmjs.org/cross-fetch/-/cross-fetch-4.1.0.tgz 0ms (cache hit)
4702 http cache @walletconnect/sign-client@https://registry.npmjs.org/@walletconnect/sign-client/-/sign-client-2.21.1.tgz 0ms (cache hit)
4703 http cache @metamask/sdk-communication-layer@https://registry.npmjs.org/@metamask/sdk-communication-layer/-/sdk-communication-layer-0.33.1.tgz 0ms (cache hit)
4704 http cache ox@https://registry.npmjs.org/ox/-/ox-0.6.9.tgz 0ms (cache hit)
4705 http cache debug@https://registry.npmjs.org/debug/-/debug-4.3.4.tgz 0ms (cache hit)
4706 http cache zustand@https://registry.npmjs.org/zustand/-/zustand-5.0.0.tgz 0ms (cache hit)
4707 http cache @noble/hashes@https://registry.npmjs.org/@noble/hashes/-/hashes-1.8.0.tgz 0ms (cache hit)
4708 http cache @coinbase/wallet-sdk@https://registry.npmjs.org/@coinbase/wallet-sdk/-/wallet-sdk-4.3.6.tgz 0ms (cache hit)
4709 http cache @noble/hashes@https://registry.npmjs.org/@noble/hashes/-/hashes-1.4.0.tgz 0ms (cache hit)
4710 http cache @base-org/account@https://registry.npmjs.org/@base-org/account/-/account-2.4.0.tgz 0ms (cache hit)
4711 http cache tslib@https://registry.npmjs.org/tslib/-/tslib-2.8.1.tgz 0ms (cache hit)
4712 http cache tslib@https://registry.npmjs.org/tslib/-/tslib-2.8.1.tgz 0ms (cache hit)
4713 http cache tslib@https://registry.npmjs.org/tslib/-/tslib-2.8.1.tgz 0ms (cache hit)
4714 http cache tslib@https://registry.npmjs.org/tslib/-/tslib-2.8.1.tgz 0ms (cache hit)
4715 http cache string-width@https://registry.npmjs.org/string-width/-/string-width-4.2.3.tgz 0ms (cache hit)
4716 http cache tslib@https://registry.npmjs.org/tslib/-/tslib-2.8.1.tgz 0ms (cache hit)
4717 http cache strip-ansi@https://registry.npmjs.org/strip-ansi/-/strip-ansi-6.0.1.tgz 0ms (cache hit)
4718 http cache emoji-regex@https://registry.npmjs.org/emoji-regex/-/emoji-regex-8.0.0.tgz 0ms (cache hit)
4719 http cache @noble/curves@https://registry.npmjs.org/@noble/curves/-/curves-1.9.7.tgz 0ms (cache hit)
4720 http cache ansi-regex@https://registry.npmjs.org/ansi-regex/-/ansi-regex-5.0.1.tgz 0ms (cache hit)
4721 http cache @noble/hashes@https://registry.npmjs.org/@noble/hashes/-/hashes-1.8.0.tgz 0ms (cache hit)
4722 http cache is-unicode-supported@https://registry.npmjs.org/is-unicode-supported/-/is-unicode-supported-1.3.0.tgz 0ms (cache hit)
4723 http cache @noble/hashes@https://registry.npmjs.org/@noble/hashes/-/hashes-1.7.0.tgz 0ms (cache hit)
4724 http cache ws@https://registry.npmjs.org/ws/-/ws-7.5.10.tgz 0ms (cache hit)
4725 http cache citty@https://registry.npmjs.org/citty/-/citty-0.2.0.tgz 0ms (cache hit)
4726 http cache @noble/hashes@https://registry.npmjs.org/@noble/hashes/-/hashes-1.8.0.tgz 0ms (cache hit)
4727 http cache ws@https://registry.npmjs.org/ws/-/ws-8.18.2.tgz 0ms (cache hit)
4728 http cache bs58@https://registry.npmjs.org/bs58/-/bs58-6.0.0.tgz 0ms (cache hit)
4729 http cache base-x@https://registry.npmjs.org/base-x/-/base-x-5.0.1.tgz 0ms (cache hit)
4730 http cache @noble/curves@https://registry.npmjs.org/@noble/curves/-/curves-1.8.0.tgz 0ms (cache hit)
4731 http cache @noble/hashes@https://registry.npmjs.org/@noble/hashes/-/hashes-1.8.0.tgz 0ms (cache hit)
4732 http cache @noble/curves@https://registry.npmjs.org/@noble/curves/-/curves-1.9.2.tgz 0ms (cache hit)
4733 http cache commander@https://registry.npmjs.org/commander/-/commander-14.0.3.tgz 0ms (cache hit)
4734 http cache @types/ws@https://registry.npmjs.org/@types/ws/-/ws-8.18.1.tgz 0ms (cache hit)
4735 http cache @noble/curves@https://registry.npmjs.org/@noble/curves/-/curves-1.9.1.tgz 0ms (cache hit)
4736 http cache viem@https://registry.npmjs.org/viem/-/viem-2.31.0.tgz 0ms (cache hit)
4737 http cache ws@https://registry.npmjs.org/ws/-/ws-7.5.10.tgz 0ms (cache hit)
4738 http cache tslib@https://registry.npmjs.org/tslib/-/tslib-2.8.1.tgz 0ms (cache hit)
4739 http cache ox@https://registry.npmjs.org/ox/-/ox-0.7.1.tgz 0ms (cache hit)
4740 http cache open@https://registry.npmjs.org/open/-/open-11.0.0.tgz 0ms (cache hit)
4741 http cache @solana/codecs-numbers@https://registry.npmjs.org/@solana/codecs-numbers/-/codecs-numbers-2.3.0.tgz 0ms (cache hit)
4742 http cache commander@https://registry.npmjs.org/commander/-/commander-2.20.3.tgz 0ms (cache hit)
4743 http cache tslib@https://registry.npmjs.org/tslib/-/tslib-2.8.1.tgz 0ms (cache hit)
4744 http cache abitype@https://registry.npmjs.org/abitype/-/abitype-1.0.6.tgz 0ms (cache hit)
4745 http cache @solana/subscribable@https://registry.npmjs.org/@solana/subscribable/-/subscribable-2.3.0.tgz 0ms (cache hit)
4746 http cache @solana/rpc-subscriptions-api@https://registry.npmjs.org/@solana/rpc-subscriptions-api/-/rpc-subscriptions-api-2.3.0.tgz 0ms (cache hit)
4747 http cache @solana/errors@https://registry.npmjs.org/@solana/errors/-/errors-2.3.0.tgz 0ms (cache hit)
4748 http cache @solana/codecs-core@https://registry.npmjs.org/@solana/codecs-core/-/codecs-core-2.3.0.tgz 0ms (cache hit)
4749 http cache @solana/rpc-subscriptions-channel-websocket@https://registry.npmjs.org/@solana/rpc-subscriptions-channel-websocket/-/rpc-subscriptions-channel-websocket-2.3.0.tgz 0ms (cache hit)
4750 http cache @solana/promises@https://registry.npmjs.org/@solana/promises/-/promises-2.3.0.tgz 0ms (cache hit)
4751 http cache @solana/rpc-transport-http@https://registry.npmjs.org/@solana/rpc-transport-http/-/rpc-transport-http-2.3.0.tgz 0ms (cache hit)
4752 http cache @solana/rpc-subscriptions-spec@https://registry.npmjs.org/@solana/rpc-subscriptions-spec/-/rpc-subscriptions-spec-2.3.0.tgz 0ms (cache hit)
4753 http cache @solana/rpc-transformers@https://registry.npmjs.org/@solana/rpc-transformers/-/rpc-transformers-2.3.0.tgz 0ms (cache hit)
4754 http cache @solana/options@https://registry.npmjs.org/@solana/options/-/options-2.3.0.tgz 0ms (cache hit)
4755 http cache @solana/rpc-api@https://registry.npmjs.org/@solana/rpc-api/-/rpc-api-2.3.0.tgz 0ms (cache hit)
4756 http cache @solana/fast-stable-stringify@https://registry.npmjs.org/@solana/fast-stable-stringify/-/fast-stable-stringify-2.3.0.tgz 0ms (cache hit)
4757 http cache @solana/codecs-numbers@https://registry.npmjs.org/@solana/codecs-numbers/-/codecs-numbers-2.3.0.tgz 0ms (cache hit)
4758 http cache @solana/nominal-types@https://registry.npmjs.org/@solana/nominal-types/-/nominal-types-2.3.0.tgz 0ms (cache hit)
4759 http cache @solana/assertions@https://registry.npmjs.org/@solana/assertions/-/assertions-2.3.0.tgz 0ms (cache hit)
4760 http cache @solana/rpc-spec@https://registry.npmjs.org/@solana/rpc-spec/-/rpc-spec-2.3.0.tgz 0ms (cache hit)
4761 http cache @solana/codecs-data-structures@https://registry.npmjs.org/@solana/codecs-data-structures/-/codecs-data-structures-2.3.0.tgz 0ms (cache hit)
4762 http cache @solana/codecs-strings@https://registry.npmjs.org/@solana/codecs-strings/-/codecs-strings-2.3.0.tgz 0ms (cache hit)
4763 http cache @solana/transactions@https://registry.npmjs.org/@solana/transactions/-/transactions-2.3.0.tgz 0ms (cache hit)
4764 http cache @solana/signers@https://registry.npmjs.org/@solana/signers/-/signers-2.3.0.tgz 0ms (cache hit)
4765 http cache @solana/transaction-messages@https://registry.npmjs.org/@solana/transaction-messages/-/transaction-messages-2.3.0.tgz 0ms (cache hit)
4766 http cache @solana/rpc-types@https://registry.npmjs.org/@solana/rpc-types/-/rpc-types-2.3.0.tgz 0ms (cache hit)
4767 http cache @solana/rpc-spec-types@https://registry.npmjs.org/@solana/rpc-spec-types/-/rpc-spec-types-2.3.0.tgz 0ms (cache hit)
4768 http cache @solana/rpc-subscriptions@https://registry.npmjs.org/@solana/rpc-subscriptions/-/rpc-subscriptions-2.3.0.tgz 0ms (cache hit)
4769 http cache @solana/rpc-parsed-types@https://registry.npmjs.org/@solana/rpc-parsed-types/-/rpc-parsed-types-2.3.0.tgz 0ms (cache hit)
4770 http cache @solana/rpc@https://registry.npmjs.org/@solana/rpc/-/rpc-2.3.0.tgz 0ms (cache hit)
4771 http cache @solana/keys@https://registry.npmjs.org/@solana/keys/-/keys-2.3.0.tgz 0ms (cache hit)
4772 http cache @solana/programs@https://registry.npmjs.org/@solana/programs/-/programs-2.3.0.tgz 0ms (cache hit)
4773 http cache @solana/instructions@https://registry.npmjs.org/@solana/instructions/-/instructions-2.3.0.tgz 0ms (cache hit)
4774 http cache @solana/functional@https://registry.npmjs.org/@solana/functional/-/functional-2.3.0.tgz 0ms (cache hit)
4775 http cache @solana/errors@https://registry.npmjs.org/@solana/errors/-/errors-2.3.0.tgz 0ms (cache hit)
4776 http cache @solana/codecs@https://registry.npmjs.org/@solana/codecs/-/codecs-2.3.0.tgz 0ms (cache hit)
4777 http cache @solana/addresses@https://registry.npmjs.org/@solana/addresses/-/addresses-2.3.0.tgz 0ms (cache hit)
4778 http cache @solana/accounts@https://registry.npmjs.org/@solana/accounts/-/accounts-2.3.0.tgz 0ms (cache hit)
4779 http cache @solana/transaction-confirmation@https://registry.npmjs.org/@solana/transaction-confirmation/-/transaction-confirmation-2.3.0.tgz 0ms (cache hit)
4780 http cache @solana/sysvars@https://registry.npmjs.org/@solana/sysvars/-/sysvars-2.3.0.tgz 0ms (cache hit)
4781 http cache @solana-program/token-2022@https://registry.npmjs.org/@solana-program/token-2022/-/token-2022-0.4.2.tgz 0ms (cache hit)
4782 http cache @solana-program/token@https://registry.npmjs.org/@solana-program/token/-/token-0.5.1.tgz 0ms (cache hit)
4783 http cache @solana-program/compute-budget@https://registry.npmjs.org/@solana-program/compute-budget/-/compute-budget-0.8.0.tgz 0ms (cache hit)
4784 http cache @solana/kit@https://registry.npmjs.org/@solana/kit/-/kit-2.3.0.tgz 0ms (cache hit)
4785 http cache ws@https://registry.npmjs.org/ws/-/ws-8.18.3.tgz 0ms (cache hit)
4786 http cache ox@https://registry.npmjs.org/ox/-/ox-0.9.6.tgz 0ms (cache hit)
4787 http cache abitype@https://registry.npmjs.org/abitype/-/abitype-1.1.0.tgz 0ms (cache hit)
4788 http cache @noble/hashes@https://registry.npmjs.org/@noble/hashes/-/hashes-1.8.0.tgz 0ms (cache hit)
4789 http cache @noble/curves@https://registry.npmjs.org/@noble/curves/-/curves-1.9.1.tgz 0ms (cache hit)
4790 http cache ox@https://registry.npmjs.org/ox/-/ox-0.6.9.tgz 0ms (cache hit)
4791 http cache @metamask/rpc-errors@https://registry.npmjs.org/@metamask/rpc-errors/-/rpc-errors-6.4.0.tgz 0ms (cache hit)
4792 http cache @thirdweb-dev/engine@https://registry.npmjs.org/@thirdweb-dev/engine/-/engine-3.4.0.tgz 0ms (cache hit)
4793 http cache @solana/codecs-core@https://registry.npmjs.org/@solana/codecs-core/-/codecs-core-2.3.0.tgz 0ms (cache hit)
4794 silly tarball no local data for fastestsmallesttextencoderdecoder@https://registry.npmjs.org/fastestsmallesttextencoderdecoder/-/fastestsmallesttextencoderdecoder-1.0.22.tgz. Extracting by manifest.
4795 silly tarball no local data for core-util-is@https://registry.npmjs.org/core-util-is/-/core-util-is-1.0.3.tgz. Extracting by manifest.
4796 silly tarball no local data for date-fns@https://registry.npmjs.org/date-fns/-/date-fns-2.30.0.tgz. Extracting by manifest.
4797 silly tarball no local data for wsl-utils@https://registry.npmjs.org/wsl-utils/-/wsl-utils-0.3.1.tgz. Extracting by manifest.
4798 silly tarball no local data for powershell-utils@https://registry.npmjs.org/powershell-utils/-/powershell-utils-0.1.0.tgz. Extracting by manifest.
4799 silly tarball no local data for is-in-ssh@https://registry.npmjs.org/is-in-ssh/-/is-in-ssh-1.0.0.tgz. Extracting by manifest.
4800 silly tarball no local data for camelcase@https://registry.npmjs.org/camelcase/-/camelcase-5.3.1.tgz. Extracting by manifest.
4801 silly tarball no local data for color-name@https://registry.npmjs.org/color-name/-/color-name-1.1.4.tgz. Extracting by manifest.
4802 silly tarball no local data for color-convert@https://registry.npmjs.org/color-convert/-/color-convert-2.0.1.tgz. Extracting by manifest.
4803 silly tarball no local data for process-nextick-args@https://registry.npmjs.org/process-nextick-args/-/process-nextick-args-2.0.1.tgz. Extracting by manifest.
4804 silly tarball no local data for ansi-styles@https://registry.npmjs.org/ansi-styles/-/ansi-styles-4.3.0.tgz. Extracting by manifest.
4805 silly tarball no local data for p-limit@https://registry.npmjs.org/p-limit/-/p-limit-2.3.0.tgz. Extracting by manifest.
4806 silly tarball no local data for p-try@https://registry.npmjs.org/p-try/-/p-try-2.2.0.tgz. Extracting by manifest.
4807 silly tarball no local data for p-locate@https://registry.npmjs.org/p-locate/-/p-locate-4.1.0.tgz. Extracting by manifest.
4808 silly tarball no local data for path-exists@https://registry.npmjs.org/path-exists/-/path-exists-4.0.0.tgz. Extracting by manifest.
4809 silly tarball no local data for locate-path@https://registry.npmjs.org/locate-path/-/locate-path-5.0.0.tgz. Extracting by manifest.
4810 silly tarball no local data for yargs-parser@https://registry.npmjs.org/yargs-parser/-/yargs-parser-18.1.3.tgz. Extracting by manifest.
4811 silly tarball no local data for wrap-ansi@https://registry.npmjs.org/wrap-ansi/-/wrap-ansi-6.2.0.tgz. Extracting by manifest.
4812 silly tarball no local data for y18n@https://registry.npmjs.org/y18n/-/y18n-4.0.3.tgz. Extracting by manifest.
4813 silly tarball no local data for which-module@https://registry.npmjs.org/which-module/-/which-module-2.0.1.tgz. Extracting by manifest.
4814 silly tarball no local data for set-blocking@https://registry.npmjs.org/set-blocking/-/set-blocking-2.0.0.tgz. Extracting by manifest.
4815 silly tarball no local data for require-directory@https://registry.npmjs.org/require-directory/-/require-directory-2.1.1.tgz. Extracting by manifest.
4816 silly tarball no local data for require-main-filename@https://registry.npmjs.org/require-main-filename/-/require-main-filename-2.0.0.tgz. Extracting by manifest.
4817 silly tarball no local data for get-caller-file@https://registry.npmjs.org/get-caller-file/-/get-caller-file-2.0.5.tgz. Extracting by manifest.
4818 silly tarball no local data for decamelize@https://registry.npmjs.org/decamelize/-/decamelize-1.2.0.tgz. Extracting by manifest.
4819 silly tarball no local data for find-up@https://registry.npmjs.org/find-up/-/find-up-4.1.0.tgz. Extracting by manifest.
4820 silly tarball no local data for has-property-descriptors@https://registry.npmjs.org/has-property-descriptors/-/has-property-descriptors-1.0.2.tgz. Extracting by manifest.
4821 silly tarball no local data for cliui@https://registry.npmjs.org/cliui/-/cliui-6.0.0.tgz. Extracting by manifest.
4822 silly tarball no local data for define-data-property@https://registry.npmjs.org/define-data-property/-/define-data-property-1.1.4.tgz. Extracting by manifest.
4823 silly tarball no local data for is-callable@https://registry.npmjs.org/is-callable/-/is-callable-1.2.7.tgz. Extracting by manifest.
4824 silly tarball no local data for set-function-length@https://registry.npmjs.org/set-function-length/-/set-function-length-1.2.2.tgz. Extracting by manifest.
4825 silly tarball no local data for possible-typed-array-names@https://registry.npmjs.org/possible-typed-array-names/-/possible-typed-array-names-1.1.0.tgz. Extracting by manifest.
4826 silly tarball no local data for for-each@https://registry.npmjs.org/for-each/-/for-each-0.3.5.tgz. Extracting by manifest.
4827 silly tarball no local data for call-bind@https://registry.npmjs.org/call-bind/-/call-bind-1.0.8.tgz. Extracting by manifest.
4828 silly tarball no local data for available-typed-arrays@https://registry.npmjs.org/available-typed-arrays/-/available-typed-arrays-1.0.7.tgz. Extracting by manifest.
4829 silly tarball no local data for proxy-compare@https://registry.npmjs.org/proxy-compare/-/proxy-compare-2.6.0.tgz. Extracting by manifest.
4830 silly tarball no local data for derive-valtio@https://registry.npmjs.org/derive-valtio/-/derive-valtio-0.1.0.tgz. Extracting by manifest.
4831 silly tarball no local data for is-regex@https://registry.npmjs.org/is-regex/-/is-regex-1.2.1.tgz. Extracting by manifest.
4832 silly tarball no local data for generator-function@https://registry.npmjs.org/generator-function/-/generator-function-2.0.1.tgz. Extracting by manifest.
4833 silly tarball no local data for safe-regex-test@https://registry.npmjs.org/safe-regex-test/-/safe-regex-test-1.1.0.tgz. Extracting by manifest.
4834 silly tarball no local data for is-generator-function@https://registry.npmjs.org/is-generator-function/-/is-generator-function-1.1.2.tgz. Extracting by manifest.
4835 silly tarball no local data for is-arguments@https://registry.npmjs.org/is-arguments/-/is-arguments-1.2.0.tgz. Extracting by manifest.
4836 silly tarball no local data for which-typed-array@https://registry.npmjs.org/which-typed-array/-/which-typed-array-1.1.20.tgz. Extracting by manifest.
4837 silly tarball no local data for is-typed-array@https://registry.npmjs.org/is-typed-array/-/is-typed-array-1.1.15.tgz. Extracting by manifest.
4838 silly tarball no local data for call-bound@https://registry.npmjs.org/call-bound/-/call-bound-1.0.4.tgz. Extracting by manifest.
4839 silly tarball no local data for typed-array-buffer@https://registry.npmjs.org/typed-array-buffer/-/typed-array-buffer-1.0.3.tgz. Extracting by manifest.
4840 silly tarball no local data for isarray@https://registry.npmjs.org/isarray/-/isarray-2.0.5.tgz. Extracting by manifest.
4841 silly tarball no local data for socket.io-parser@https://registry.npmjs.org/socket.io-parser/-/socket.io-parser-4.2.5.tgz. Extracting by manifest.
4842 silly tarball no local data for xmlhttprequest-ssl@https://registry.npmjs.org/xmlhttprequest-ssl/-/xmlhttprequest-ssl-2.1.2.tgz. Extracting by manifest.
4843 silly tarball no local data for engine.io-parser@https://registry.npmjs.org/engine.io-parser/-/engine.io-parser-5.2.3.tgz. Extracting by manifest.
4844 silly tarball no local data for engine.io-client@https://registry.npmjs.org/engine.io-client/-/engine.io-client-6.6.4.tgz. Extracting by manifest.
4845 silly tarball no local data for hono@https://registry.npmjs.org/hono/-/hono-4.11.8.tgz. Extracting by manifest.
4846 silly tarball no local data for to-buffer@https://registry.npmjs.org/to-buffer/-/to-buffer-1.2.2.tgz. Extracting by manifest.
4847 silly tarball no local data for @socket.io/component-emitter@https://registry.npmjs.org/@socket.io/component-emitter/-/component-emitter-3.1.2.tgz. Extracting by manifest.
4848 silly tarball no local data for @types/trusted-types@https://registry.npmjs.org/@types/trusted-types/-/trusted-types-2.0.7.tgz. Extracting by manifest.
4849 silly tarball no local data for openapi-typescript-helpers@https://registry.npmjs.org/openapi-typescript-helpers/-/openapi-typescript-helpers-0.0.15.tgz. Extracting by manifest.
4850 silly tarball no local data for lit-element@https://registry.npmjs.org/lit-element/-/lit-element-4.2.2.tgz. Extracting by manifest.
4851 silly tarball no local data for lit-html@https://registry.npmjs.org/lit-html/-/lit-html-3.3.2.tgz. Extracting by manifest.
4852 silly tarball no local data for @lit-labs/ssr-dom-shim@https://registry.npmjs.org/@lit-labs/ssr-dom-shim/-/ssr-dom-shim-1.5.1.tgz. Extracting by manifest.
4853 silly tarball no local data for @lit/reactive-element@https://registry.npmjs.org/@lit/reactive-element/-/reactive-element-2.1.2.tgz. Extracting by manifest.
4854 silly tarball no local data for node-addon-api@https://registry.npmjs.org/node-addon-api/-/node-addon-api-2.0.2.tgz. Extracting by manifest.
4855 silly tarball no local data for json-rpc-engine@https://registry.npmjs.org/json-rpc-engine/-/json-rpc-engine-6.1.0.tgz. Extracting by manifest.
4856 silly tarball no local data for xtend@https://registry.npmjs.org/xtend/-/xtend-4.0.2.tgz. Extracting by manifest.
4857 silly tarball no local data for async-mutex@https://registry.npmjs.org/async-mutex/-/async-mutex-0.2.6.tgz. Extracting by manifest.
4858 silly tarball no local data for eth-query@https://registry.npmjs.org/eth-query/-/eth-query-2.1.2.tgz. Extracting by manifest.
4859 silly tarball no local data for pify@https://registry.npmjs.org/pify/-/pify-3.0.0.tgz. Extracting by manifest.
4860 silly tarball no local data for json-rpc-random-id@https://registry.npmjs.org/json-rpc-random-id/-/json-rpc-random-id-1.0.1.tgz. Extracting by manifest.
4861 silly tarball no local data for @ecies/ciphers@https://registry.npmjs.org/@ecies/ciphers/-/ciphers-0.2.5.tgz. Extracting by manifest.
4862 silly tarball no local data for sha.js@https://registry.npmjs.org/sha.js/-/sha.js-2.4.12.tgz. Extracting by manifest.
4863 silly tarball no local data for keccak@https://registry.npmjs.org/keccak/-/keccak-3.0.4.tgz. Extracting by manifest.
4864 silly tarball no local data for eth-json-rpc-filters@https://registry.npmjs.org/eth-json-rpc-filters/-/eth-json-rpc-filters-6.0.1.tgz. Extracting by manifest.
4865 silly tarball no local data for @metamask/eth-json-rpc-provider@https://registry.npmjs.org/@metamask/eth-json-rpc-provider/-/eth-json-rpc-provider-1.0.1.tgz. Extracting by manifest.
4866 silly tarball no local data for eth-block-tracker@https://registry.npmjs.org/eth-block-tracker/-/eth-block-tracker-7.1.0.tgz. Extracting by manifest.
4867 silly tarball no local data for lit@https://registry.npmjs.org/lit/-/lit-3.3.0.tgz. Extracting by manifest.
4868 silly tarball no local data for dayjs@https://registry.npmjs.org/dayjs/-/dayjs-1.11.13.tgz. Extracting by manifest.
4869 silly tarball no local data for big.js@https://registry.npmjs.org/big.js/-/big.js-6.2.2.tgz. Extracting by manifest.
4870 silly tarball no local data for valtio@https://registry.npmjs.org/valtio/-/valtio-1.13.2.tgz. Extracting by manifest.
4871 silly tarball no local data for @reown/appkit-wallet@https://registry.npmjs.org/@reown/appkit-wallet/-/appkit-wallet-1.7.8.tgz. Extracting by manifest.
4872 silly tarball no local data for @reown/appkit-ui@https://registry.npmjs.org/@reown/appkit-ui/-/appkit-ui-1.7.8.tgz. Extracting by manifest.
4873 silly tarball no local data for @reown/appkit-scaffold-ui@https://registry.npmjs.org/@reown/appkit-scaffold-ui/-/appkit-scaffold-ui-1.7.8.tgz. Extracting by manifest.
4874 silly tarball no local data for @reown/appkit-polyfills@https://registry.npmjs.org/@reown/appkit-polyfills/-/appkit-polyfills-1.7.8.tgz. Extracting by manifest.
4875 silly tarball no local data for @reown/appkit-pay@https://registry.npmjs.org/@reown/appkit-pay/-/appkit-pay-1.7.8.tgz. Extracting by manifest.
4876 silly tarball no local data for @reown/appkit-controllers@https://registry.npmjs.org/@reown/appkit-controllers/-/appkit-controllers-1.7.8.tgz. Extracting by manifest.
4877 silly tarball no local data for @reown/appkit-common@https://registry.npmjs.org/@reown/appkit-common/-/appkit-common-1.7.8.tgz. Extracting by manifest.
4878 silly tarball no local data for @reown/appkit@https://registry.npmjs.org/@reown/appkit/-/appkit-1.7.8.tgz. Extracting by manifest.
4879 silly tarball no local data for @types/ms@https://registry.npmjs.org/@types/ms/-/ms-2.1.0.tgz. Extracting by manifest.
4880 silly tarball no local data for @safe-global/safe-gateway-typescript-sdk@https://registry.npmjs.org/@safe-global/safe-gateway-typescript-sdk/-/safe-gateway-typescript-sdk-3.23.1.tgz. Extracting by manifest.
4881 silly tarball no local data for micro-ftch@https://registry.npmjs.org/micro-ftch/-/micro-ftch-0.3.1.tgz. Extracting by manifest.
4882 silly tarball no local data for crc-32@https://registry.npmjs.org/crc-32/-/crc-32-1.2.2.tgz. Extracting by manifest.
4883 silly tarball no local data for @ethereumjs/util@https://registry.npmjs.org/@ethereumjs/util/-/util-8.1.0.tgz. Extracting by manifest.
4884 silly tarball no local data for ethereum-cryptography@https://registry.npmjs.org/ethereum-cryptography/-/ethereum-cryptography-2.2.1.tgz. Extracting by manifest.
4885 silly tarball no local data for @ethereumjs/rlp@https://registry.npmjs.org/@ethereumjs/rlp/-/rlp-4.0.1.tgz. Extracting by manifest.
4886 silly tarball no local data for @ethereumjs/common@https://registry.npmjs.org/@ethereumjs/common/-/common-3.2.0.tgz. Extracting by manifest.
4887 silly tarball no local data for pony-cause@https://registry.npmjs.org/pony-cause/-/pony-cause-2.1.11.tgz. Extracting by manifest.
4888 silly tarball no local data for @types/lodash@https://registry.npmjs.org/@types/lodash/-/lodash-4.17.23.tgz. Extracting by manifest.
4889 silly tarball no local data for @types/debug@https://registry.npmjs.org/@types/debug/-/debug-4.1.12.tgz. Extracting by manifest.
4890 silly tarball no local data for @metamask/superstruct@https://registry.npmjs.org/@metamask/superstruct/-/superstruct-3.2.1.tgz. Extracting by manifest.
4891 silly tarball no local data for @ethereumjs/tx@https://registry.npmjs.org/@ethereumjs/tx/-/tx-4.2.0.tgz. Extracting by manifest.
4892 silly tarball no local data for openapi-fetch@https://registry.npmjs.org/openapi-fetch/-/openapi-fetch-0.13.8.tgz. Extracting by manifest.
4893 silly tarball no local data for webextension-polyfill@https://registry.npmjs.org/webextension-polyfill/-/webextension-polyfill-0.10.0.tgz. Extracting by manifest.
4894 silly tarball no local data for is-stream@https://registry.npmjs.org/is-stream/-/is-stream-2.0.1.tgz. Extracting by manifest.
4895 silly tarball no local data for extension-port-stream@https://registry.npmjs.org/extension-port-stream/-/extension-port-stream-3.0.0.tgz. Extracting by manifest.
4896 silly tarball no local data for @metamask/safe-event-emitter@https://registry.npmjs.org/@metamask/safe-event-emitter/-/safe-event-emitter-3.1.2.tgz. Extracting by manifest.
4897 silly tarball no local data for @metamask/object-multiplex@https://registry.npmjs.org/@metamask/object-multiplex/-/object-multiplex-2.1.0.tgz. Extracting by manifest.
4898 silly tarball no local data for @metamask/json-rpc-middleware-stream@https://registry.npmjs.org/@metamask/json-rpc-middleware-stream/-/json-rpc-middleware-stream-7.0.2.tgz. Extracting by manifest.
4899 silly tarball no local data for util@https://registry.npmjs.org/util/-/util-0.12.5.tgz. Extracting by manifest.
4900 silly tarball no local data for @metamask/json-rpc-engine@https://registry.npmjs.org/@metamask/json-rpc-engine/-/json-rpc-engine-8.0.2.tgz. Extracting by manifest.
4901 silly tarball no local data for obj-multiplex@https://registry.npmjs.org/obj-multiplex/-/obj-multiplex-1.0.0.tgz. Extracting by manifest.
4902 silly tarball no local data for bowser@https://registry.npmjs.org/bowser/-/bowser-2.13.1.tgz. Extracting by manifest.
4903 silly tarball no local data for @paulmillr/qr@https://registry.npmjs.org/@paulmillr/qr/-/qr-0.2.1.tgz. Extracting by manifest.
4904 silly tarball no local data for @metamask/sdk-install-modal-web@https://registry.npmjs.org/@metamask/sdk-install-modal-web/-/sdk-install-modal-web-0.32.1.tgz. Extracting by manifest.
4905 silly tarball no local data for socket.io-client@https://registry.npmjs.org/socket.io-client/-/socket.io-client-4.8.3.tgz. Extracting by manifest.
4906 silly tarball no local data for eventemitter2@https://registry.npmjs.org/eventemitter2/-/eventemitter2-6.4.9.tgz. Extracting by manifest.
4907 silly tarball no local data for eciesjs@https://registry.npmjs.org/eciesjs/-/eciesjs-0.4.17.tgz. Extracting by manifest.
4908 silly tarball no local data for eth-rpc-errors@https://registry.npmjs.org/eth-rpc-errors/-/eth-rpc-errors-4.0.3.tgz. Extracting by manifest.
4909 silly tarball no local data for @metamask/sdk-analytics@https://registry.npmjs.org/@metamask/sdk-analytics/-/sdk-analytics-0.0.5.tgz. Extracting by manifest.
4910 silly tarball no local data for @metamask/onboarding@https://registry.npmjs.org/@metamask/onboarding/-/onboarding-1.0.1.tgz. Extracting by manifest.
4911 silly tarball no local data for fast-safe-stringify@https://registry.npmjs.org/fast-safe-stringify/-/fast-safe-stringify-2.1.1.tgz. Extracting by manifest.
4912 silly tarball no local data for @metamask/utils@https://registry.npmjs.org/@metamask/utils/-/utils-11.9.0.tgz. Extracting by manifest.
4913 silly tarball no local data for @metamask/providers@https://registry.npmjs.org/@metamask/providers/-/providers-16.1.0.tgz. Extracting by manifest.
4914 silly tarball no local data for @metamask/rpc-errors@https://registry.npmjs.org/@metamask/rpc-errors/-/rpc-errors-7.0.2.tgz. Extracting by manifest.
4915 silly tarball no local data for porto@https://registry.npmjs.org/porto/-/porto-0.2.35.tgz. Extracting by manifest.
4916 silly tarball no local data for @walletconnect/ethereum-provider@https://registry.npmjs.org/@walletconnect/ethereum-provider/-/ethereum-provider-2.21.1.tgz. Extracting by manifest.
4917 silly tarball no local data for cbw-sdk@https://registry.npmjs.org/@coinbase/wallet-sdk/-/wallet-sdk-3.9.3.tgz. Extracting by manifest.
4918 silly tarball no local data for @safe-global/safe-apps-provider@https://registry.npmjs.org/@safe-global/safe-apps-provider/-/safe-apps-provider-0.18.6.tgz. Extracting by manifest.
4919 silly tarball no local data for @metamask/sdk@https://registry.npmjs.org/@metamask/sdk/-/sdk-0.33.1.tgz. Extracting by manifest.
4920 silly tarball no local data for @safe-global/safe-apps-sdk@https://registry.npmjs.org/@safe-global/safe-apps-sdk/-/safe-apps-sdk-9.1.0.tgz. Extracting by manifest.
4921 silly tarball no local data for @gemini-wallet/core@https://registry.npmjs.org/@gemini-wallet/core/-/core-0.3.2.tgz. Extracting by manifest.
4922 silly tarball no local data for @wagmi/connectors@https://registry.npmjs.org/@wagmi/connectors/-/connectors-6.2.0.tgz. Extracting by manifest.
4923 silly tarball no local data for @wagmi/core@https://registry.npmjs.org/@wagmi/core/-/core-2.22.1.tgz. Extracting by manifest.
4924 silly tarball no local data for use-sync-external-store@https://registry.npmjs.org/use-sync-external-store/-/use-sync-external-store-1.4.0.tgz. Extracting by manifest.
4925 silly tarball no local data for wagmi@https://registry.npmjs.org/wagmi/-/wagmi-2.19.5.tgz. Extracting by manifest.
4926 silly tarball no local data for webidl-conversions@https://registry.npmjs.org/webidl-conversions/-/webidl-conversions-3.0.1.tgz. Extracting by manifest.
4927 silly tarball no local data for tr46@https://registry.npmjs.org/tr46/-/tr46-0.0.3.tgz. Extracting by manifest.
4928 silly tarball no local data for isows@https://registry.npmjs.org/isows/-/isows-1.0.7.tgz. Extracting by manifest.
4929 silly tarball no local data for detect-node-es@https://registry.npmjs.org/detect-node-es/-/detect-node-es-1.1.0.tgz. Extracting by manifest.
4930 silly tarball no local data for node-mock-http@https://registry.npmjs.org/node-mock-http/-/node-mock-http-1.0.4.tgz. Extracting by manifest.
4931 silly tarball no local data for iron-webcrypto@https://registry.npmjs.org/iron-webcrypto/-/iron-webcrypto-1.2.1.tgz. Extracting by manifest.
4932 silly tarball no local data for radix3@https://registry.npmjs.org/radix3/-/radix3-1.1.2.tgz. Extracting by manifest.
4933 silly tarball no local data for crossws@https://registry.npmjs.org/crossws/-/crossws-0.3.5.tgz. Extracting by manifest.
4934 silly tarball no local data for picomatch@https://registry.npmjs.org/picomatch/-/picomatch-2.3.1.tgz. Extracting by manifest.
4935 silly tarball no local data for normalize-path@https://registry.npmjs.org/normalize-path/-/normalize-path-3.0.0.tgz. Extracting by manifest.
4936 silly tarball no local data for ufo@https://registry.npmjs.org/ufo/-/ufo-1.6.3.tgz. Extracting by manifest.
4937 silly tarball no local data for cookie-es@https://registry.npmjs.org/cookie-es/-/cookie-es-1.2.2.tgz. Extracting by manifest.
4938 silly tarball no local data for ofetch@https://registry.npmjs.org/ofetch/-/ofetch-1.5.1.tgz. Extracting by manifest.
4939 silly tarball no local data for h3@https://registry.npmjs.org/h3/-/h3-1.15.5.tgz. Extracting by manifest.
4940 silly tarball no local data for anymatch@https://registry.npmjs.org/anymatch/-/anymatch-3.1.3.tgz. Extracting by manifest.
4941 silly tarball no local data for multiformats@https://registry.npmjs.org/multiformats/-/multiformats-9.9.0.tgz. Extracting by manifest.
4942 silly tarball no local data for lru-cache@https://registry.npmjs.org/lru-cache/-/lru-cache-11.2.5.tgz. Extracting by manifest.
4943 silly tarball no local data for ansi-regex@https://registry.npmjs.org/ansi-regex/-/ansi-regex-6.2.2.tgz. Extracting by manifest.
4944 silly tarball no local data for emoji-regex@https://registry.npmjs.org/emoji-regex/-/emoji-regex-10.6.0.tgz. Extracting by manifest.
4945 silly tarball no local data for stream-chain@https://registry.npmjs.org/stream-chain/-/stream-chain-2.2.5.tgz. Extracting by manifest.
4946 silly tarball no local data for node-gyp-build@https://registry.npmjs.org/node-gyp-build/-/node-gyp-build-4.8.4.tgz. Extracting by manifest.
4947 silly tarball no local data for bufferutil@https://registry.npmjs.org/bufferutil/-/bufferutil-4.1.0.tgz. Extracting by manifest.
4948 silly tarball no local data for @types/uuid@https://registry.npmjs.org/@types/uuid/-/uuid-8.3.4.tgz. Extracting by manifest.
4949 silly tarball no local data for utf-8-validate@https://registry.npmjs.org/utf-8-validate/-/utf-8-validate-5.0.10.tgz. Extracting by manifest.
4950 silly tarball no local data for signal-exit@https://registry.npmjs.org/signal-exit/-/signal-exit-4.1.0.tgz. Extracting by manifest.
4951 silly tarball no local data for get-east-asian-width@https://registry.npmjs.org/get-east-asian-width/-/get-east-asian-width-1.4.0.tgz. Extracting by manifest.
4952 silly tarball no local data for @swc/helpers@https://registry.npmjs.org/@swc/helpers/-/helpers-0.5.18.tgz. Extracting by manifest.
4953 silly tarball no local data for onetime@https://registry.npmjs.org/onetime/-/onetime-7.0.0.tgz. Extracting by manifest.
4954 silly tarball no local data for supports-preserve-symlinks-flag@https://registry.npmjs.org/supports-preserve-symlinks-flag/-/supports-preserve-symlinks-flag-1.0.0.tgz. Extracting by manifest.
4955 silly tarball no local data for path-parse@https://registry.npmjs.org/path-parse/-/path-parse-1.0.7.tgz. Extracting by manifest.
4956 silly tarball no local data for mimic-function@https://registry.npmjs.org/mimic-function/-/mimic-function-5.0.1.tgz. Extracting by manifest.
4957 silly tarball no local data for is-core-module@https://registry.npmjs.org/is-core-module/-/is-core-module-2.16.1.tgz. Extracting by manifest.
4958 silly tarball no local data for get-nonce@https://registry.npmjs.org/get-nonce/-/get-nonce-1.0.1.tgz. Extracting by manifest.
4959 silly tarball no local data for use-sidecar@https://registry.npmjs.org/use-sidecar/-/use-sidecar-1.1.3.tgz. Extracting by manifest.
4960 silly tarball no local data for use-callback-ref@https://registry.npmjs.org/use-callback-ref/-/use-callback-ref-1.3.3.tgz. Extracting by manifest.
4961 silly tarball no local data for react-remove-scroll-bar@https://registry.npmjs.org/react-remove-scroll-bar/-/react-remove-scroll-bar-2.3.8.tgz. Extracting by manifest.
4962 silly tarball no local data for scheduler@https://registry.npmjs.org/scheduler/-/scheduler-0.27.0.tgz. Extracting by manifest.
4963 silly tarball no local data for react-style-singleton@https://registry.npmjs.org/react-style-singleton/-/react-style-singleton-2.2.3.tgz. Extracting by manifest.
4964 silly tarball no local data for destr@https://registry.npmjs.org/destr/-/destr-2.0.5.tgz. Extracting by manifest.
4965 silly tarball no local data for decode-uri-component@https://registry.npmjs.org/decode-uri-component/-/decode-uri-component-0.2.2.tgz. Extracting by manifest.
4966 silly tarball no local data for filter-obj@https://registry.npmjs.org/filter-obj/-/filter-obj-1.1.0.tgz. Extracting by manifest.
4967 silly tarball no local data for yargs@https://registry.npmjs.org/yargs/-/yargs-15.4.1.tgz. Extracting by manifest.
4968 silly tarball no local data for split-on-first@https://registry.npmjs.org/split-on-first/-/split-on-first-1.1.0.tgz. Extracting by manifest.
4969 silly tarball no local data for strict-uri-encode@https://registry.npmjs.org/strict-uri-encode/-/strict-uri-encode-2.0.0.tgz. Extracting by manifest.
4970 silly tarball no local data for encode-utf8@https://registry.npmjs.org/encode-utf8/-/encode-utf8-1.0.3.tgz. Extracting by manifest.
4971 silly tarball no local data for dijkstrajs@https://registry.npmjs.org/dijkstrajs/-/dijkstrajs-1.0.3.tgz. Extracting by manifest.
4972 silly tarball no local data for pngjs@https://registry.npmjs.org/pngjs/-/pngjs-5.0.0.tgz. Extracting by manifest.
4973 silly tarball no local data for stream-shift@https://registry.npmjs.org/stream-shift/-/stream-shift-1.0.3.tgz. Extracting by manifest.
4974 silly tarball no local data for split2@https://registry.npmjs.org/split2/-/split2-4.2.0.tgz. Extracting by manifest.
4975 silly tarball no local data for duplexify@https://registry.npmjs.org/duplexify/-/duplexify-4.1.3.tgz. Extracting by manifest.
4976 silly tarball no local data for thread-stream@https://registry.npmjs.org/thread-stream/-/thread-stream-0.15.2.tgz. Extracting by manifest.
4977 silly tarball no local data for sonic-boom@https://registry.npmjs.org/sonic-boom/-/sonic-boom-2.8.0.tgz. Extracting by manifest.
4978 silly tarball no local data for real-require@https://registry.npmjs.org/real-require/-/real-require-0.1.0.tgz. Extracting by manifest.
4979 silly tarball no local data for quick-format-unescaped@https://registry.npmjs.org/quick-format-unescaped/-/quick-format-unescaped-4.0.4.tgz. Extracting by manifest.
4980 silly tarball no local data for safe-stable-stringify@https://registry.npmjs.org/safe-stable-stringify/-/safe-stable-stringify-2.5.0.tgz. Extracting by manifest.
4981 silly tarball no local data for pino-std-serializers@https://registry.npmjs.org/pino-std-serializers/-/pino-std-serializers-4.0.0.tgz. Extracting by manifest.
4982 silly tarball no local data for on-exit-leak-free@https://registry.npmjs.org/on-exit-leak-free/-/on-exit-leak-free-0.2.0.tgz. Extracting by manifest.
4983 silly tarball no local data for process-warning@https://registry.npmjs.org/process-warning/-/process-warning-1.0.0.tgz. Extracting by manifest.
4984 silly tarball no local data for fast-redact@https://registry.npmjs.org/fast-redact/-/fast-redact-3.5.0.tgz. Extracting by manifest.
4985 silly tarball no local data for atomic-sleep@https://registry.npmjs.org/atomic-sleep/-/atomic-sleep-1.0.0.tgz. Extracting by manifest.
4986 silly tarball no local data for pino-abstract-transport@https://registry.npmjs.org/pino-abstract-transport/-/pino-abstract-transport-0.5.0.tgz. Extracting by manifest.
4987 silly tarball no local data for is-arrayish@https://registry.npmjs.org/is-arrayish/-/is-arrayish-0.2.1.tgz. Extracting by manifest.
4988 silly tarball no local data for json-parse-even-better-errors@https://registry.npmjs.org/json-parse-even-better-errors/-/json-parse-even-better-errors-2.3.1.tgz. Extracting by manifest.
4989 silly tarball no local data for error-ex@https://registry.npmjs.org/error-ex/-/error-ex-1.3.4.tgz. Extracting by manifest.
4990 silly tarball no local data for lines-and-columns@https://registry.npmjs.org/lines-and-columns/-/lines-and-columns-1.2.4.tgz. Extracting by manifest.
4991 silly tarball no local data for callsites@https://registry.npmjs.org/callsites/-/callsites-3.1.0.tgz. Extracting by manifest.
4992 silly tarball no local data for @scure/bip32@https://registry.npmjs.org/@scure/bip32/-/bip32-1.7.0.tgz. Extracting by manifest.
4993 silly tarball no local data for @adraffy/ens-normalize@https://registry.npmjs.org/@adraffy/ens-normalize/-/ens-normalize-1.11.1.tgz. Extracting by manifest.
4994 silly tarball no local data for restore-cursor@https://registry.npmjs.org/restore-cursor/-/restore-cursor-5.1.0.tgz. Extracting by manifest.
4995 silly tarball no local data for @scure/bip39@https://registry.npmjs.org/@scure/bip39/-/bip39-1.6.0.tgz. Extracting by manifest.
4996 silly tarball no local data for strip-ansi@https://registry.npmjs.org/strip-ansi/-/strip-ansi-7.1.2.tgz. Extracting by manifest.
4997 silly tarball no local data for stdin-discarder@https://registry.npmjs.org/stdin-discarder/-/stdin-discarder-0.2.2.tgz. Extracting by manifest.
4998 silly tarball no local data for log-symbols@https://registry.npmjs.org/log-symbols/-/log-symbols-6.0.0.tgz. Extracting by manifest.
4999 silly tarball no local data for is-unicode-supported@https://registry.npmjs.org/is-unicode-supported/-/is-unicode-supported-2.1.0.tgz. Extracting by manifest.
5000 silly tarball no local data for string-width@https://registry.npmjs.org/string-width/-/string-width-7.2.0.tgz. Extracting by manifest.
5001 silly tarball no local data for is-interactive@https://registry.npmjs.org/is-interactive/-/is-interactive-2.0.0.tgz. Extracting by manifest.
5002 silly tarball no local data for cli-cursor@https://registry.npmjs.org/cli-cursor/-/cli-cursor-5.0.0.tgz. Extracting by manifest.
5003 silly tarball no local data for is-docker@https://registry.npmjs.org/is-docker/-/is-docker-3.0.0.tgz. Extracting by manifest.
5004 silly tarball no local data for run-applescript@https://registry.npmjs.org/run-applescript/-/run-applescript-7.1.0.tgz. Extracting by manifest.
5005 silly tarball no local data for cli-spinners@https://registry.npmjs.org/cli-spinners/-/cli-spinners-2.9.2.tgz. Extracting by manifest.
5006 silly tarball no local data for default-browser-id@https://registry.npmjs.org/default-browser-id/-/default-browser-id-5.0.1.tgz. Extracting by manifest.
5007 silly tarball no local data for is-inside-container@https://registry.npmjs.org/is-inside-container/-/is-inside-container-1.0.0.tgz. Extracting by manifest.
5008 silly tarball no local data for is-wsl@https://registry.npmjs.org/is-wsl/-/is-wsl-3.1.0.tgz. Extracting by manifest.
5009 silly tarball no local data for define-lazy-prop@https://registry.npmjs.org/define-lazy-prop/-/define-lazy-prop-3.0.0.tgz. Extracting by manifest.
5010 silly tarball no local data for default-browser@https://registry.npmjs.org/default-browser/-/default-browser-5.5.0.tgz. Extracting by manifest.
5011 silly tarball no local data for tinyexec@https://registry.npmjs.org/tinyexec/-/tinyexec-1.0.2.tgz. Extracting by manifest.
5012 silly tarball no local data for whatwg-url@https://registry.npmjs.org/whatwg-url/-/whatwg-url-5.0.0.tgz. Extracting by manifest.
5013 silly tarball no local data for is-buffer@https://registry.npmjs.org/is-buffer/-/is-buffer-1.1.6.tgz. Extracting by manifest.
5014 silly tarball no local data for crypt@https://registry.npmjs.org/crypt/-/crypt-0.0.2.tgz. Extracting by manifest.
5015 silly tarball no local data for charenc@https://registry.npmjs.org/charenc/-/charenc-0.0.2.tgz. Extracting by manifest.
5016 silly tarball no local data for argparse@https://registry.npmjs.org/argparse/-/argparse-2.0.1.tgz. Extracting by manifest.
5017 silly tarball no local data for es6-promise@https://registry.npmjs.org/es6-promise/-/es6-promise-4.2.8.tgz. Extracting by manifest.
5018 silly tarball no local data for uuid@https://registry.npmjs.org/uuid/-/uuid-8.3.2.tgz. Extracting by manifest.
5019 silly tarball no local data for isomorphic-ws@https://registry.npmjs.org/isomorphic-ws/-/isomorphic-ws-4.0.1.tgz. Extracting by manifest.
5020 silly tarball no local data for eyes@https://registry.npmjs.org/eyes/-/eyes-0.1.8.tgz. Extracting by manifest.
5021 silly tarball no local data for es6-promisify@https://registry.npmjs.org/es6-promisify/-/es6-promisify-5.0.0.tgz. Extracting by manifest.
5022 silly tarball no local data for stream-json@https://registry.npmjs.org/stream-json/-/stream-json-1.9.1.tgz. Extracting by manifest.
5023 silly tarball no local data for @types/ws@https://registry.npmjs.org/@types/ws/-/ws-7.4.7.tgz. Extracting by manifest.
5024 silly tarball no local data for @types/node@https://registry.npmjs.org/@types/node/-/node-12.20.55.tgz. Extracting by manifest.
5025 silly tarball no local data for @types/connect@https://registry.npmjs.org/@types/connect/-/connect-3.4.38.tgz. Extracting by manifest.
5026 silly tarball no local data for parent-module@https://registry.npmjs.org/parent-module/-/parent-module-1.0.1.tgz. Extracting by manifest.
5027 silly tarball no local data for delay@https://registry.npmjs.org/delay/-/delay-5.0.0.tgz. Extracting by manifest.
5028 silly tarball no local data for react-is@https://registry.npmjs.org/react-is/-/react-is-16.13.1.tgz. Extracting by manifest.
5029 silly tarball no local data for nypm@https://registry.npmjs.org/nypm/-/nypm-0.6.5.tgz. Extracting by manifest.
5030 silly tarball no local data for node-fetch-native@https://registry.npmjs.org/node-fetch-native/-/node-fetch-native-1.6.7.tgz. Extracting by manifest.
5031 silly tarball no local data for consola@https://registry.npmjs.org/consola/-/consola-3.4.2.tgz. Extracting by manifest.
5032 silly tarball no local data for resolve-from@https://registry.npmjs.org/resolve-from/-/resolve-from-4.0.0.tgz. Extracting by manifest.
5033 silly tarball no local data for citty@https://registry.npmjs.org/citty/-/citty-0.1.6.tgz. Extracting by manifest.
5034 silly tarball no local data for yaml@https://registry.npmjs.org/yaml/-/yaml-1.10.2.tgz. Extracting by manifest.
5035 silly tarball no local data for path-type@https://registry.npmjs.org/path-type/-/path-type-4.0.0.tgz. Extracting by manifest.
5036 silly tarball no local data for readdirp@https://registry.npmjs.org/readdirp/-/readdirp-5.0.0.tgz. Extracting by manifest.
5037 silly tarball no local data for parse-json@https://registry.npmjs.org/parse-json/-/parse-json-5.2.0.tgz. Extracting by manifest.
5038 silly tarball no local data for import-fresh@https://registry.npmjs.org/import-fresh/-/import-fresh-3.3.1.tgz. Extracting by manifest.
5039 silly tarball no local data for @types/parse-json@https://registry.npmjs.org/@types/parse-json/-/parse-json-4.0.2.tgz. Extracting by manifest.
5040 silly tarball no local data for pkg-types@https://registry.npmjs.org/pkg-types/-/pkg-types-2.3.0.tgz. Extracting by manifest.
5041 silly tarball no local data for perfect-debounce@https://registry.npmjs.org/perfect-debounce/-/perfect-debounce-2.1.0.tgz. Extracting by manifest.
5042 silly tarball no local data for ohash@https://registry.npmjs.org/ohash/-/ohash-2.0.11.tgz. Extracting by manifest.
5043 silly tarball no local data for rc9@https://registry.npmjs.org/rc9/-/rc9-2.1.2.tgz. Extracting by manifest.
5044 silly tarball no local data for pathe@https://registry.npmjs.org/pathe/-/pathe-2.0.3.tgz. Extracting by manifest.
5045 silly tarball no local data for exsolve@https://registry.npmjs.org/exsolve/-/exsolve-1.0.8.tgz. Extracting by manifest.
5046 silly tarball no local data for jiti@https://registry.npmjs.org/jiti/-/jiti-2.6.1.tgz. Extracting by manifest.
5047 silly tarball no local data for dotenv@https://registry.npmjs.org/dotenv/-/dotenv-17.2.4.tgz. Extracting by manifest.
5048 silly tarball no local data for giget@https://registry.npmjs.org/giget/-/giget-2.0.0.tgz. Extracting by manifest.
5049 silly tarball no local data for defu@https://registry.npmjs.org/defu/-/defu-6.1.4.tgz. Extracting by manifest.
5050 silly tarball no local data for chokidar@https://registry.npmjs.org/chokidar/-/chokidar-5.0.0.tgz. Extracting by manifest.
5051 silly tarball no local data for confbox@https://registry.npmjs.org/confbox/-/confbox-0.2.4.tgz. Extracting by manifest.
5052 silly tarball no local data for base-x@https://registry.npmjs.org/base-x/-/base-x-3.0.11.tgz. Extracting by manifest.
5053 silly tarball no local data for text-encoding-utf-8@https://registry.npmjs.org/text-encoding-utf-8/-/text-encoding-utf-8-1.0.2.tgz. Extracting by manifest.
5054 silly tarball no local data for is-retry-allowed@https://registry.npmjs.org/is-retry-allowed/-/is-retry-allowed-2.2.0.tgz. Extracting by manifest.
5055 silly tarball no local data for resolve@https://registry.npmjs.org/resolve/-/resolve-1.22.11.tgz. Extracting by manifest.
5056 silly tarball no local data for humanize-ms@https://registry.npmjs.org/humanize-ms/-/humanize-ms-1.2.1.tgz. Extracting by manifest.
5057 silly tarball no local data for cosmiconfig@https://registry.npmjs.org/cosmiconfig/-/cosmiconfig-7.1.0.tgz. Extracting by manifest.
5058 silly tarball no local data for detect-browser@https://registry.npmjs.org/detect-browser/-/detect-browser-5.3.0.tgz. Extracting by manifest.
5059 silly tarball no local data for blakejs@https://registry.npmjs.org/blakejs/-/blakejs-1.2.1.tgz. Extracting by manifest.
5060 silly tarball no local data for @walletconnect/window-metadata@https://registry.npmjs.org/@walletconnect/window-metadata/-/window-metadata-1.0.1.tgz. Extracting by manifest.
5061 silly tarball no local data for query-string@https://registry.npmjs.org/query-string/-/query-string-7.1.3.tgz. Extracting by manifest.
5062 silly tarball no local data for @scure/base@https://registry.npmjs.org/@scure/base/-/base-1.2.6.tgz. Extracting by manifest.
5063 silly tarball no local data for cross-fetch@https://registry.npmjs.org/cross-fetch/-/cross-fetch-3.2.0.tgz. Extracting by manifest.
5064 silly tarball no local data for @msgpack/msgpack@https://registry.npmjs.org/@msgpack/msgpack/-/msgpack-3.1.2.tgz. Extracting by manifest.
5065 silly tarball no local data for @walletconnect/jsonrpc-http-connection@https://registry.npmjs.org/@walletconnect/jsonrpc-http-connection/-/jsonrpc-http-connection-1.0.8.tgz. Extracting by manifest.
5066 silly tarball no local data for @noble/ciphers@https://registry.npmjs.org/@noble/ciphers/-/ciphers-1.3.0.tgz. Extracting by manifest.
5067 silly tarball no local data for pino@https://registry.npmjs.org/pino/-/pino-7.11.0.tgz. Extracting by manifest.
5068 silly tarball no local data for unstorage@https://registry.npmjs.org/unstorage/-/unstorage-1.17.4.tgz. Extracting by manifest.
5069 silly tarball no local data for @walletconnect/environment@https://registry.npmjs.org/@walletconnect/environment/-/environment-1.0.1.tgz. Extracting by manifest.
5070 silly tarball no local data for tslib@https://registry.npmjs.org/tslib/-/tslib-1.14.1.tgz. Extracting by manifest.
5071 silly tarball no local data for keyvaluestorage-interface@https://registry.npmjs.org/keyvaluestorage-interface/-/keyvaluestorage-interface-1.0.0.tgz. Extracting by manifest.
5072 silly tarball no local data for es-toolkit@https://registry.npmjs.org/es-toolkit/-/es-toolkit-1.39.3.tgz. Extracting by manifest.
5073 silly tarball no local data for @walletconnect/window-getters@https://registry.npmjs.org/@walletconnect/window-getters/-/window-getters-1.0.1.tgz. Extracting by manifest.
5074 silly tarball no local data for uint8arrays@https://registry.npmjs.org/uint8arrays/-/uint8arrays-3.1.1.tgz. Extracting by manifest.
5075 silly tarball no local data for @walletconnect/safe-json@https://registry.npmjs.org/@walletconnect/safe-json/-/safe-json-1.0.2.tgz. Extracting by manifest.
5076 silly tarball no local data for @walletconnect/keyvaluestorage@https://registry.npmjs.org/@walletconnect/keyvaluestorage/-/keyvaluestorage-1.1.1.tgz. Extracting by manifest.
5077 silly tarball no local data for @walletconnect/relay-auth@https://registry.npmjs.org/@walletconnect/relay-auth/-/relay-auth-1.1.0.tgz. Extracting by manifest.
5078 silly tarball no local data for @walletconnect/jsonrpc-types@https://registry.npmjs.org/@walletconnect/jsonrpc-types/-/jsonrpc-types-1.0.4.tgz. Extracting by manifest.
5079 silly tarball no local data for @walletconnect/jsonrpc-ws-connection@https://registry.npmjs.org/@walletconnect/jsonrpc-ws-connection/-/jsonrpc-ws-connection-1.0.16.tgz. Extracting by manifest.
5080 silly tarball no local data for @walletconnect/relay-api@https://registry.npmjs.org/@walletconnect/relay-api/-/relay-api-1.0.11.tgz. Extracting by manifest.
5081 silly tarball no local data for @walletconnect/jsonrpc-provider@https://registry.npmjs.org/@walletconnect/jsonrpc-provider/-/jsonrpc-provider-1.0.14.tgz. Extracting by manifest.
5082 silly tarball no local data for @walletconnect/utils@https://registry.npmjs.org/@walletconnect/utils/-/utils-2.21.8.tgz. Extracting by manifest.
5083 silly tarball no local data for @walletconnect/time@https://registry.npmjs.org/@walletconnect/time/-/time-1.0.2.tgz. Extracting by manifest.
5084 silly tarball no local data for events@https://registry.npmjs.org/events/-/events-3.3.0.tgz. Extracting by manifest.
5085 silly tarball no local data for @walletconnect/logger@https://registry.npmjs.org/@walletconnect/logger/-/logger-2.1.2.tgz. Extracting by manifest.
5086 silly tarball no local data for @walletconnect/heartbeat@https://registry.npmjs.org/@walletconnect/heartbeat/-/heartbeat-1.2.2.tgz. Extracting by manifest.
5087 silly tarball no local data for @walletconnect/events@https://registry.npmjs.org/@walletconnect/events/-/events-1.0.1.tgz. Extracting by manifest.
5088 silly tarball no local data for @walletconnect/core@https://registry.npmjs.org/@walletconnect/core/-/core-2.21.8.tgz. Extracting by manifest.
5089 silly tarball no local data for @walletconnect/jsonrpc-utils@https://registry.npmjs.org/@walletconnect/jsonrpc-utils/-/jsonrpc-utils-1.0.8.tgz. Extracting by manifest.
5090 silly tarball no local data for lodash@https://registry.npmjs.org/lodash/-/lodash-4.17.23.tgz. Extracting by manifest.
5091 silly tarball no local data for js-yaml@https://registry.npmjs.org/js-yaml/-/js-yaml-4.1.1.tgz. Extracting by manifest.
5092 silly tarball no local data for @walletconnect/types@https://registry.npmjs.org/@walletconnect/types/-/types-2.21.8.tgz. Extracting by manifest.
5093 silly tarball no local data for @jsdevtools/ono@https://registry.npmjs.org/@jsdevtools/ono/-/ono-7.1.3.tgz. Extracting by manifest.
5094 silly tarball no local data for semver@https://registry.npmjs.org/semver/-/semver-7.7.3.tgz. Extracting by manifest.
5095 silly tarball no local data for c12@https://registry.npmjs.org/c12/-/c12-3.3.3.tgz. Extracting by manifest.
5096 silly tarball no local data for color-support@https://registry.npmjs.org/color-support/-/color-support-1.1.3.tgz. Extracting by manifest.
5097 silly tarball no local data for ansi-colors@https://registry.npmjs.org/ansi-colors/-/ansi-colors-4.1.3.tgz. Extracting by manifest.
5098 silly tarball no local data for @hey-api/types@https://registry.npmjs.org/@hey-api/types/-/types-0.1.3.tgz. Extracting by manifest.
5099 silly tarball no local data for @types/json-schema@https://registry.npmjs.org/@types/json-schema/-/json-schema-7.0.15.tgz. Extracting by manifest.
5100 silly tarball no local data for @hey-api/shared@https://registry.npmjs.org/@hey-api/shared/-/shared-0.1.2.tgz. Extracting by manifest.
5101 silly tarball no local data for @hey-api/codegen-core@https://registry.npmjs.org/@hey-api/codegen-core/-/codegen-core-0.7.0.tgz. Extracting by manifest.
5102 silly tarball no local data for @hey-api/openapi-ts@https://registry.npmjs.org/@hey-api/openapi-ts/-/openapi-ts-0.92.3.tgz. Extracting by manifest.
5103 silly tarball no local data for @hey-api/client-fetch@https://registry.npmjs.org/@hey-api/client-fetch/-/client-fetch-0.10.0.tgz. Extracting by manifest.
5104 silly tarball no local data for @hey-api/json-schema-ref-parser@https://registry.npmjs.org/@hey-api/json-schema-ref-parser/-/json-schema-ref-parser-1.2.4.tgz. Extracting by manifest.
5105 silly tarball no local data for @tanstack/query-core@https://registry.npmjs.org/@tanstack/query-core/-/query-core-5.81.5.tgz. Extracting by manifest.
5106 silly tarball no local data for rpc-websockets@https://registry.npmjs.org/rpc-websockets/-/rpc-websockets-9.3.3.tgz. Extracting by manifest.
5107 silly tarball no local data for node-fetch@https://registry.npmjs.org/node-fetch/-/node-fetch-2.7.0.tgz. Extracting by manifest.
5108 silly tarball no local data for fast-stable-stringify@https://registry.npmjs.org/fast-stable-stringify/-/fast-stable-stringify-1.0.0.tgz. Extracting by manifest.
5109 silly tarball no local data for superstruct@https://registry.npmjs.org/superstruct/-/superstruct-2.0.2.tgz. Extracting by manifest.
5110 silly tarball no local data for jayson@https://registry.npmjs.org/jayson/-/jayson-4.3.0.tgz. Extracting by manifest.
5111 silly tarball no local data for bs58@https://registry.npmjs.org/bs58/-/bs58-4.0.1.tgz. Extracting by manifest.
5112 silly tarball no local data for borsh@https://registry.npmjs.org/borsh/-/borsh-0.7.0.tgz. Extracting by manifest.
5113 silly tarball no local data for bn.js@https://registry.npmjs.org/bn.js/-/bn.js-5.2.2.tgz. Extracting by manifest.
5114 silly tarball no local data for buffer@https://registry.npmjs.org/buffer/-/buffer-6.0.3.tgz. Extracting by manifest.
5115 silly tarball no local data for agentkeepalive@https://registry.npmjs.org/agentkeepalive/-/agentkeepalive-4.6.0.tgz. Extracting by manifest.
5116 silly tarball no local data for @solana/buffer-layout@https://registry.npmjs.org/@solana/buffer-layout/-/buffer-layout-4.0.1.tgz. Extracting by manifest.
5117 silly tarball no local data for undici-types@https://registry.npmjs.org/undici-types/-/undici-types-7.21.0.tgz. Extracting by manifest.
5118 silly tarball no local data for ws@https://registry.npmjs.org/ws/-/ws-8.19.0.tgz. Extracting by manifest.
5119 silly tarball no local data for typescript@https://registry.npmjs.org/typescript/-/typescript-5.9.3.tgz. Extracting by manifest.
5120 silly tarball no local data for @solana/subscribable@https://registry.npmjs.org/@solana/subscribable/-/subscribable-5.5.1.tgz. Extracting by manifest.
5121 silly tarball no local data for @solana/rpc-subscriptions-channel-websocket@https://registry.npmjs.org/@solana/rpc-subscriptions-channel-websocket/-/rpc-subscriptions-channel-websocket-5.5.1.tgz. Extracting by manifest.
5122 silly tarball no local data for @solana/rpc-transport-http@https://registry.npmjs.org/@solana/rpc-transport-http/-/rpc-transport-http-5.5.1.tgz. Extracting by manifest.
5123 silly tarball no local data for @solana/rpc-subscriptions-spec@https://registry.npmjs.org/@solana/rpc-subscriptions-spec/-/rpc-subscriptions-spec-5.5.1.tgz. Extracting by manifest.
5124 silly tarball no local data for @solana/rpc-subscriptions-api@https://registry.npmjs.org/@solana/rpc-subscriptions-api/-/rpc-subscriptions-api-5.5.1.tgz. Extracting by manifest.
5125 silly tarball no local data for @solana/fast-stable-stringify@https://registry.npmjs.org/@solana/fast-stable-stringify/-/fast-stable-stringify-5.5.1.tgz. Extracting by manifest.
5126 silly tarball no local data for @solana/promises@https://registry.npmjs.org/@solana/promises/-/promises-5.5.1.tgz. Extracting by manifest.
5127 silly tarball no local data for commander@https://registry.npmjs.org/commander/-/commander-14.0.2.tgz. Extracting by manifest.
5128 silly tarball no local data for @solana/rpc-transformers@https://registry.npmjs.org/@solana/rpc-transformers/-/rpc-transformers-5.5.1.tgz. Extracting by manifest.
5129 silly tarball no local data for @solana/options@https://registry.npmjs.org/@solana/options/-/options-5.5.1.tgz. Extracting by manifest.
5130 silly tarball no local data for @reown/appkit-utils@https://registry.npmjs.org/@reown/appkit-utils/-/appkit-utils-1.7.8.tgz. Extracting by manifest.
5131 silly tarball no local data for @solana/codecs-data-structures@https://registry.npmjs.org/@solana/codecs-data-structures/-/codecs-data-structures-5.5.1.tgz. Extracting by manifest.
5132 silly tarball no local data for @solana/nominal-types@https://registry.npmjs.org/@solana/nominal-types/-/nominal-types-5.5.1.tgz. Extracting by manifest.
5133 silly tarball no local data for @solana/codecs-numbers@https://registry.npmjs.org/@solana/codecs-numbers/-/codecs-numbers-5.5.1.tgz. Extracting by manifest.
5134 silly tarball no local data for @solana/assertions@https://registry.npmjs.org/@solana/assertions/-/assertions-5.5.1.tgz. Extracting by manifest.
5135 silly tarball no local data for @solana/codecs-strings@https://registry.npmjs.org/@solana/codecs-strings/-/codecs-strings-5.5.1.tgz. Extracting by manifest.
5136 silly tarball no local data for @solana/transactions@https://registry.npmjs.org/@solana/transactions/-/transactions-5.5.1.tgz. Extracting by manifest.
5137 silly tarball no local data for @solana/codecs-core@https://registry.npmjs.org/@solana/codecs-core/-/codecs-core-5.5.1.tgz. Extracting by manifest.
5138 silly tarball no local data for @solana/rpc-spec@https://registry.npmjs.org/@solana/rpc-spec/-/rpc-spec-5.5.1.tgz. Extracting by manifest.
5139 silly tarball no local data for @solana/transaction-confirmation@https://registry.npmjs.org/@solana/transaction-confirmation/-/transaction-confirmation-5.5.1.tgz. Extracting by manifest.
5140 silly tarball no local data for @solana/sysvars@https://registry.npmjs.org/@solana/sysvars/-/sysvars-5.5.1.tgz. Extracting by manifest.
5141 silly tarball no local data for @solana/rpc-types@https://registry.npmjs.org/@solana/rpc-types/-/rpc-types-5.5.1.tgz. Extracting by manifest.
5142 silly tarball no local data for @solana/transaction-messages@https://registry.npmjs.org/@solana/transaction-messages/-/transaction-messages-5.5.1.tgz. Extracting by manifest.
5143 silly tarball no local data for @solana/signers@https://registry.npmjs.org/@solana/signers/-/signers-5.5.1.tgz. Extracting by manifest.
5144 silly tarball no local data for @solana/rpc-subscriptions@https://registry.npmjs.org/@solana/rpc-subscriptions/-/rpc-subscriptions-5.5.1.tgz. Extracting by manifest.
5145 silly tarball no local data for @solana/rpc-api@https://registry.npmjs.org/@solana/rpc-api/-/rpc-api-5.5.1.tgz. Extracting by manifest.
5146 silly tarball no local data for @solana/rpc@https://registry.npmjs.org/@solana/rpc/-/rpc-5.5.1.tgz. Extracting by manifest.
5147 silly tarball no local data for @solana/rpc-parsed-types@https://registry.npmjs.org/@solana/rpc-parsed-types/-/rpc-parsed-types-5.5.1.tgz. Extracting by manifest.
5148 silly tarball no local data for @solana/rpc-spec-types@https://registry.npmjs.org/@solana/rpc-spec-types/-/rpc-spec-types-5.5.1.tgz. Extracting by manifest.
5149 silly tarball no local data for @solana/plugin-core@https://registry.npmjs.org/@solana/plugin-core/-/plugin-core-5.5.1.tgz. Extracting by manifest.
5150 silly tarball no local data for @solana/keys@https://registry.npmjs.org/@solana/keys/-/keys-5.5.1.tgz. Extracting by manifest.
5151 silly tarball no local data for @solana/offchain-messages@https://registry.npmjs.org/@solana/offchain-messages/-/offchain-messages-5.5.1.tgz. Extracting by manifest.
5152 silly tarball no local data for @solana/programs@https://registry.npmjs.org/@solana/programs/-/programs-5.5.1.tgz. Extracting by manifest.
5153 silly tarball no local data for @solana/instructions@https://registry.npmjs.org/@solana/instructions/-/instructions-5.5.1.tgz. Extracting by manifest.
5154 silly tarball no local data for @solana/functional@https://registry.npmjs.org/@solana/functional/-/functional-5.5.1.tgz. Extracting by manifest.
5155 silly tarball no local data for @solana/errors@https://registry.npmjs.org/@solana/errors/-/errors-5.5.1.tgz. Extracting by manifest.
5156 silly tarball no local data for @solana/codecs@https://registry.npmjs.org/@solana/codecs/-/codecs-5.5.1.tgz. Extracting by manifest.
5157 silly tarball no local data for @solana/instruction-plans@https://registry.npmjs.org/@solana/instruction-plans/-/instruction-plans-5.5.1.tgz. Extracting by manifest.
5158 silly tarball no local data for @solana/addresses@https://registry.npmjs.org/@solana/addresses/-/addresses-5.5.1.tgz. Extracting by manifest.
5159 silly tarball no local data for @floating-ui/utils@https://registry.npmjs.org/@floating-ui/utils/-/utils-0.2.10.tgz. Extracting by manifest.
5160 silly tarball no local data for @floating-ui/core@https://registry.npmjs.org/@floating-ui/core/-/core-1.7.4.tgz. Extracting by manifest.
5161 silly tarball no local data for @solana/accounts@https://registry.npmjs.org/@solana/accounts/-/accounts-5.5.1.tgz. Extracting by manifest.
5162 silly tarball no local data for @floating-ui/dom@https://registry.npmjs.org/@floating-ui/dom/-/dom-1.7.5.tgz. Extracting by manifest.
5163 silly tarball no local data for @radix-ui/react-use-size@https://registry.npmjs.org/@radix-ui/react-use-size/-/react-use-size-1.1.1.tgz. Extracting by manifest.
5164 silly tarball no local data for @radix-ui/react-use-effect-event@https://registry.npmjs.org/@radix-ui/react-use-effect-event/-/react-use-effect-event-0.0.2.tgz. Extracting by manifest.
5165 silly tarball no local data for @radix-ui/react-use-rect@https://registry.npmjs.org/@radix-ui/react-use-rect/-/react-use-rect-1.1.1.tgz. Extracting by manifest.
5166 silly tarball no local data for @radix-ui/rect@https://registry.npmjs.org/@radix-ui/rect/-/rect-1.1.1.tgz. Extracting by manifest.
5167 silly tarball no local data for @radix-ui/react-arrow@https://registry.npmjs.org/@radix-ui/react-arrow/-/react-arrow-1.1.7.tgz. Extracting by manifest.
5168 silly tarball no local data for @radix-ui/react-visually-hidden@https://registry.npmjs.org/@radix-ui/react-visually-hidden/-/react-visually-hidden-1.2.3.tgz. Extracting by manifest.
5169 silly tarball no local data for @radix-ui/react-popper@https://registry.npmjs.org/@radix-ui/react-popper/-/react-popper-1.2.7.tgz. Extracting by manifest.
5170 silly tarball no local data for @floating-ui/react-dom@https://registry.npmjs.org/@floating-ui/react-dom/-/react-dom-2.1.7.tgz. Extracting by manifest.
5171 silly tarball no local data for @radix-ui/react-use-layout-effect@https://registry.npmjs.org/@radix-ui/react-use-layout-effect/-/react-use-layout-effect-1.1.1.tgz. Extracting by manifest.
5172 silly tarball no local data for @radix-ui/react-use-escape-keydown@https://registry.npmjs.org/@radix-ui/react-use-escape-keydown/-/react-use-escape-keydown-1.1.1.tgz. Extracting by manifest.
5173 silly tarball no local data for react-remove-scroll@https://registry.npmjs.org/react-remove-scroll/-/react-remove-scroll-2.7.2.tgz. Extracting by manifest.
5174 silly tarball no local data for aria-hidden@https://registry.npmjs.org/aria-hidden/-/aria-hidden-1.2.6.tgz. Extracting by manifest.
5175 silly tarball no local data for @radix-ui/react-use-controllable-state@https://registry.npmjs.org/@radix-ui/react-use-controllable-state/-/react-use-controllable-state-1.2.2.tgz. Extracting by manifest.
5176 silly tarball no local data for @radix-ui/react-use-callback-ref@https://registry.npmjs.org/@radix-ui/react-use-callback-ref/-/react-use-callback-ref-1.1.1.tgz. Extracting by manifest.
5177 silly tarball no local data for @radix-ui/react-slot@https://registry.npmjs.org/@radix-ui/react-slot/-/react-slot-1.2.3.tgz. Extracting by manifest.
5178 silly tarball no local data for @radix-ui/react-portal@https://registry.npmjs.org/@radix-ui/react-portal/-/react-portal-1.1.9.tgz. Extracting by manifest.
5179 silly tarball no local data for @radix-ui/react-presence@https://registry.npmjs.org/@radix-ui/react-presence/-/react-presence-1.1.4.tgz. Extracting by manifest.
5180 silly tarball no local data for @radix-ui/react-id@https://registry.npmjs.org/@radix-ui/react-id/-/react-id-1.1.1.tgz. Extracting by manifest.
5181 silly tarball no local data for @radix-ui/react-primitive@https://registry.npmjs.org/@radix-ui/react-primitive/-/react-primitive-2.1.3.tgz. Extracting by manifest.
5182 silly tarball no local data for @radix-ui/react-focus-guards@https://registry.npmjs.org/@radix-ui/react-focus-guards/-/react-focus-guards-1.1.2.tgz. Extracting by manifest.
5183 silly tarball no local data for @radix-ui/react-compose-refs@https://registry.npmjs.org/@radix-ui/react-compose-refs/-/react-compose-refs-1.1.2.tgz. Extracting by manifest.
5184 silly tarball no local data for @radix-ui/primitive@https://registry.npmjs.org/@radix-ui/primitive/-/primitive-1.1.2.tgz. Extracting by manifest.
5185 silly tarball no local data for @radix-ui/react-context@https://registry.npmjs.org/@radix-ui/react-context/-/react-context-1.1.2.tgz. Extracting by manifest.
5186 silly tarball no local data for @jridgewell/sourcemap-codec@https://registry.npmjs.org/@jridgewell/sourcemap-codec/-/sourcemap-codec-1.5.5.tgz. Extracting by manifest.
5187 silly tarball no local data for @jridgewell/resolve-uri@https://registry.npmjs.org/@jridgewell/resolve-uri/-/resolve-uri-3.1.2.tgz. Extracting by manifest.
5188 silly tarball no local data for @emotion/is-prop-valid@https://registry.npmjs.org/@emotion/is-prop-valid/-/is-prop-valid-1.4.0.tgz. Extracting by manifest.
5189 silly tarball no local data for csstype@https://registry.npmjs.org/csstype/-/csstype-3.2.3.tgz. Extracting by manifest.
5190 silly tarball no local data for @radix-ui/react-dismissable-layer@https://registry.npmjs.org/@radix-ui/react-dismissable-layer/-/react-dismissable-layer-1.1.10.tgz. Extracting by manifest.
5191 silly tarball no local data for @emotion/unitless@https://registry.npmjs.org/@emotion/unitless/-/unitless-0.10.0.tgz. Extracting by manifest.
5192 silly tarball no local data for jsesc@https://registry.npmjs.org/jsesc/-/jsesc-3.1.0.tgz. Extracting by manifest.
5193 silly tarball no local data for @babel/helper-string-parser@https://registry.npmjs.org/@babel/helper-string-parser/-/helper-string-parser-7.27.1.tgz. Extracting by manifest.
5194 silly tarball no local data for @emotion/sheet@https://registry.npmjs.org/@emotion/sheet/-/sheet-1.4.0.tgz. Extracting by manifest.
5195 silly tarball no local data for @jridgewell/trace-mapping@https://registry.npmjs.org/@jridgewell/trace-mapping/-/trace-mapping-0.3.31.tgz. Extracting by manifest.
5196 silly tarball no local data for picocolors@https://registry.npmjs.org/picocolors/-/picocolors-1.1.1.tgz. Extracting by manifest.
5197 silly tarball no local data for @babel/helper-validator-identifier@https://registry.npmjs.org/@babel/helper-validator-identifier/-/helper-validator-identifier-7.28.5.tgz. Extracting by manifest.
5198 silly tarball no local data for debug@https://registry.npmjs.org/debug/-/debug-4.4.3.tgz. Extracting by manifest.
5199 silly tarball no local data for @babel/template@https://registry.npmjs.org/@babel/template/-/template-7.28.6.tgz. Extracting by manifest.
5200 silly tarball no local data for @jridgewell/gen-mapping@https://registry.npmjs.org/@jridgewell/gen-mapping/-/gen-mapping-0.3.13.tgz. Extracting by manifest.
5201 silly tarball no local data for @babel/parser@https://registry.npmjs.org/@babel/parser/-/parser-7.29.0.tgz. Extracting by manifest.
5202 silly tarball no local data for @babel/generator@https://registry.npmjs.org/@babel/generator/-/generator-7.29.1.tgz. Extracting by manifest.
5203 silly tarball no local data for @babel/code-frame@https://registry.npmjs.org/@babel/code-frame/-/code-frame-7.29.0.tgz. Extracting by manifest.
5204 silly tarball no local data for @babel/helper-globals@https://registry.npmjs.org/@babel/helper-globals/-/helper-globals-7.28.0.tgz. Extracting by manifest.
5205 silly tarball no local data for js-tokens@https://registry.npmjs.org/js-tokens/-/js-tokens-4.0.0.tgz. Extracting by manifest.
5206 silly tarball no local data for @babel/types@https://registry.npmjs.org/@babel/types/-/types-7.29.0.tgz. Extracting by manifest.
5207 silly tarball no local data for @babel/traverse@https://registry.npmjs.org/@babel/traverse/-/traverse-7.29.0.tgz. Extracting by manifest.
5208 silly tarball no local data for source-map@https://registry.npmjs.org/source-map/-/source-map-0.5.7.tgz. Extracting by manifest.
5209 silly tarball no local data for stylis@https://registry.npmjs.org/stylis/-/stylis-4.2.0.tgz. Extracting by manifest.
5210 silly tarball no local data for find-root@https://registry.npmjs.org/find-root/-/find-root-1.1.0.tgz. Extracting by manifest.
5211 silly tarball no local data for convert-source-map@https://registry.npmjs.org/convert-source-map/-/convert-source-map-1.9.0.tgz. Extracting by manifest.
5212 silly tarball no local data for @emotion/memoize@https://registry.npmjs.org/@emotion/memoize/-/memoize-0.9.0.tgz. Extracting by manifest.
5213 silly tarball no local data for babel-plugin-macros@https://registry.npmjs.org/babel-plugin-macros/-/babel-plugin-macros-3.1.0.tgz. Extracting by manifest.
5214 silly tarball no local data for escape-string-regexp@https://registry.npmjs.org/escape-string-regexp/-/escape-string-regexp-4.0.0.tgz. Extracting by manifest.
5215 silly tarball no local data for @emotion/hash@https://registry.npmjs.org/@emotion/hash/-/hash-0.9.2.tgz. Extracting by manifest.
5216 silly tarball no local data for hoist-non-react-statics@https://registry.npmjs.org/hoist-non-react-statics/-/hoist-non-react-statics-3.3.2.tgz. Extracting by manifest.
5217 silly tarball no local data for @emotion/weak-memoize@https://registry.npmjs.org/@emotion/weak-memoize/-/weak-memoize-0.4.0.tgz. Extracting by manifest.
5218 silly tarball no local data for @emotion/utils@https://registry.npmjs.org/@emotion/utils/-/utils-1.4.2.tgz. Extracting by manifest.
5219 silly tarball no local data for @babel/helper-module-imports@https://registry.npmjs.org/@babel/helper-module-imports/-/helper-module-imports-7.28.6.tgz. Extracting by manifest.
5220 silly tarball no local data for @emotion/use-insertion-effect-with-fallbacks@https://registry.npmjs.org/@emotion/use-insertion-effect-with-fallbacks/-/use-insertion-effect-with-fallbacks-1.2.0.tgz. Extracting by manifest.
5221 silly tarball no local data for @emotion/cache@https://registry.npmjs.org/@emotion/cache/-/cache-11.14.0.tgz. Extracting by manifest.
5222 silly tarball no local data for @emotion/babel-plugin@https://registry.npmjs.org/@emotion/babel-plugin/-/babel-plugin-11.13.5.tgz. Extracting by manifest.
5223 silly tarball no local data for @babel/runtime@https://registry.npmjs.org/@babel/runtime/-/runtime-7.28.6.tgz. Extracting by manifest.
5224 silly tarball no local data for @emotion/serialize@https://registry.npmjs.org/@emotion/serialize/-/serialize-1.3.3.tgz. Extracting by manifest.
5225 silly tarball no local data for uncrypto@https://registry.npmjs.org/uncrypto/-/uncrypto-0.1.3.tgz. Extracting by manifest.
5226 silly tarball no local data for jose@https://registry.npmjs.org/jose/-/jose-6.1.3.tgz. Extracting by manifest.
5227 silly tarball no local data for axios-retry@https://registry.npmjs.org/axios-retry/-/axios-retry-4.5.0.tgz. Extracting by manifest.
5228 silly tarball no local data for md5@https://registry.npmjs.org/md5/-/md5-2.3.0.tgz. Extracting by manifest.
5229 silly tarball no local data for @solana/web3.js@https://registry.npmjs.org/@solana/web3.js/-/web3.js-1.98.4.tgz. Extracting by manifest.
5230 silly tarball no local data for @solana-program/system@https://registry.npmjs.org/@solana-program/system/-/system-0.10.0.tgz. Extracting by manifest.
5231 silly tarball no local data for axios@https://registry.npmjs.org/axios/-/axios-1.13.4.tgz. Extracting by manifest.
5232 silly tarball no local data for @solana/kit@https://registry.npmjs.org/@solana/kit/-/kit-5.5.1.tgz. Extracting by manifest.
5233 silly tarball no local data for @solana-program/token@https://registry.npmjs.org/@solana-program/token/-/token-0.9.0.tgz. Extracting by manifest.
5234 silly tarball no local data for zustand@https://registry.npmjs.org/zustand/-/zustand-5.0.3.tgz. Extracting by manifest.
5235 silly tarball no local data for idb-keyval@https://registry.npmjs.org/idb-keyval/-/idb-keyval-6.2.1.tgz. Extracting by manifest.
5236 silly tarball no local data for eventemitter3@https://registry.npmjs.org/eventemitter3/-/eventemitter3-5.0.1.tgz. Extracting by manifest.
5237 silly tarball no local data for clsx@https://registry.npmjs.org/clsx/-/clsx-1.2.1.tgz. Extracting by manifest.
5238 silly tarball no local data for brotli-wasm@https://registry.npmjs.org/brotli-wasm/-/brotli-wasm-3.0.1.tgz. Extracting by manifest.
5239 silly tarball no local data for @coinbase/cdp-sdk@https://registry.npmjs.org/@coinbase/cdp-sdk/-/cdp-sdk-1.44.0.tgz. Extracting by manifest.
5240 silly tarball no local data for x402@https://registry.npmjs.org/x402/-/x402-0.7.0.tgz. Extracting by manifest.
5241 silly tarball no local data for zod@https://registry.npmjs.org/zod/-/zod-3.25.75.tgz. Extracting by manifest.
5242 silly tarball no local data for viem@https://registry.npmjs.org/viem/-/viem-2.39.0.tgz. Extracting by manifest.
5243 silly tarball no local data for uqr@https://registry.npmjs.org/uqr/-/uqr-0.1.2.tgz. Extracting by manifest.
5244 silly tarball no local data for toml@https://registry.npmjs.org/toml/-/toml-3.0.0.tgz. Extracting by manifest.
5245 silly tarball no local data for qrcode@https://registry.npmjs.org/qrcode/-/qrcode-1.5.3.tgz. Extracting by manifest.
5246 silly tarball no local data for ox@https://registry.npmjs.org/ox/-/ox-0.7.0.tgz. Extracting by manifest.
5247 silly tarball no local data for open@https://registry.npmjs.org/open/-/open-10.1.1.tgz. Extracting by manifest.
5248 silly tarball no local data for ora@https://registry.npmjs.org/ora/-/ora-8.2.0.tgz. Extracting by manifest.
5249 silly tarball no local data for mipd@https://registry.npmjs.org/mipd/-/mipd-0.0.7.tgz. Extracting by manifest.
5250 silly tarball no local data for fuse.js@https://registry.npmjs.org/fuse.js/-/fuse.js-7.1.0.tgz. Extracting by manifest.
5251 silly tarball no local data for input-otp@https://registry.npmjs.org/input-otp/-/input-otp-1.4.2.tgz. Extracting by manifest.
5252 silly tarball no local data for abitype@https://registry.npmjs.org/abitype/-/abitype-1.0.8.tgz. Extracting by manifest.
5253 silly tarball no local data for @walletconnect/universal-provider@https://registry.npmjs.org/@walletconnect/universal-provider/-/universal-provider-2.21.8.tgz. Extracting by manifest.
5254 silly tarball no local data for @walletconnect/sign-client@https://registry.npmjs.org/@walletconnect/sign-client/-/sign-client-2.21.8.tgz. Extracting by manifest.
5255 silly tarball no local data for preact@https://registry.npmjs.org/preact/-/preact-10.24.2.tgz. Extracting by manifest.
5256 silly tarball no local data for @thirdweb-dev/insight@https://registry.npmjs.org/@thirdweb-dev/insight/-/insight-1.1.1.tgz. Extracting by manifest.
5257 silly tarball no local data for @tanstack/react-query@https://registry.npmjs.org/@tanstack/react-query/-/react-query-5.81.5.tgz. Extracting by manifest.
5258 silly tarball no local data for @radix-ui/react-tooltip@https://registry.npmjs.org/@radix-ui/react-tooltip/-/react-tooltip-1.2.7.tgz. Extracting by manifest.
5259 silly tarball no local data for @radix-ui/react-icons@https://registry.npmjs.org/@radix-ui/react-icons/-/react-icons-1.3.2.tgz. Extracting by manifest.
5260 silly tarball no local data for @radix-ui/react-focus-scope@https://registry.npmjs.org/@radix-ui/react-focus-scope/-/react-focus-scope-1.1.7.tgz. Extracting by manifest.
5261 silly tarball no local data for react-dom@https://registry.npmjs.org/react-dom/-/react-dom-19.2.4.tgz. Extracting by manifest.
5262 silly tarball no local data for @radix-ui/react-dialog@https://registry.npmjs.org/@radix-ui/react-dialog/-/react-dialog-1.1.14.tgz. Extracting by manifest.
5263 silly tarball no local data for @passwordless-id/webauthn@https://registry.npmjs.org/@passwordless-id/webauthn/-/webauthn-2.3.1.tgz. Extracting by manifest.
5264 silly tarball no local data for @noble/curves@https://registry.npmjs.org/@noble/curves/-/curves-1.8.2.tgz. Extracting by manifest.
5265 silly tarball no local data for @noble/hashes@https://registry.npmjs.org/@noble/hashes/-/hashes-1.7.2.tgz. Extracting by manifest.
5266 silly tarball no local data for @emotion/styled@https://registry.npmjs.org/@emotion/styled/-/styled-11.14.1.tgz. Extracting by manifest.
5267 silly tarball no local data for react@https://registry.npmjs.org/react/-/react-19.2.4.tgz. Extracting by manifest.
5268 silly tarball no local data for @coinbase/wallet-sdk@https://registry.npmjs.org/@coinbase/wallet-sdk/-/wallet-sdk-4.3.0.tgz. Extracting by manifest.
5269 silly tarball no local data for bundle-name@https://registry.npmjs.org/bundle-name/-/bundle-name-4.1.0.tgz. Extracting by manifest.
5270 silly tarball no local data for @emotion/react@https://registry.npmjs.org/@emotion/react/-/react-11.14.0.tgz. Extracting by manifest.
5271 silly tarball no local data for thirdweb@https://registry.npmjs.org/thirdweb/-/thirdweb-5.118.1.tgz. Extracting by manifest.
5272 silly tarball no local data for @base-org/account@https://registry.npmjs.org/@base-org/account/-/account-2.5.0.tgz. Extracting by manifest.
5273 http fetch POST 200 https://registry.npmjs.org/-/npm/v1/security/advisories/bulk 750ms
5274 silly audit report {}
5275 silly tarball no local data for ws@https://registry.npmjs.org/ws/-/ws-8.18.3.tgz. Extracting by manifest.
5276 silly tarball no local data for @metamask/safe-event-emitter@https://registry.npmjs.org/@metamask/safe-event-emitter/-/safe-event-emitter-2.0.0.tgz. Extracting by manifest.
5277 silly tarball no local data for uuid@https://registry.npmjs.org/uuid/-/uuid-9.0.1.tgz. Extracting by manifest.
5278 silly tarball no local data for tslib@https://registry.npmjs.org/tslib/-/tslib-2.8.1.tgz. Extracting by manifest.
5279 silly tarball no local data for @metamask/utils@https://registry.npmjs.org/@metamask/utils/-/utils-9.3.0.tgz. Extracting by manifest.
5280 silly tarball no local data for @metamask/rpc-errors@https://registry.npmjs.org/@metamask/rpc-errors/-/rpc-errors-6.4.0.tgz. Extracting by manifest.
5281 silly tarball no local data for @metamask/json-rpc-engine@https://registry.npmjs.org/@metamask/json-rpc-engine/-/json-rpc-engine-7.3.3.tgz. Extracting by manifest.
5282 silly tarball no local data for superstruct@https://registry.npmjs.org/superstruct/-/superstruct-1.0.4.tgz. Extracting by manifest.
5283 silly tarball no local data for @metamask/utils@https://registry.npmjs.org/@metamask/utils/-/utils-5.0.2.tgz. Extracting by manifest.
5284 silly tarball no local data for @metamask/utils@https://registry.npmjs.org/@metamask/utils/-/utils-8.5.0.tgz. Extracting by manifest.
5285 silly tarball no local data for superstruct@https://registry.npmjs.org/superstruct/-/superstruct-1.0.4.tgz. Extracting by manifest.
5286 silly tarball no local data for use-sync-external-store@https://registry.npmjs.org/use-sync-external-store/-/use-sync-external-store-1.2.0.tgz. Extracting by manifest.
5287 silly tarball no local data for pify@https://registry.npmjs.org/pify/-/pify-5.0.0.tgz. Extracting by manifest.
5288 silly tarball no local data for ws@https://registry.npmjs.org/ws/-/ws-8.18.0.tgz. Extracting by manifest.
5289 silly tarball no local data for @metamask/utils@https://registry.npmjs.org/@metamask/utils/-/utils-5.0.2.tgz. Extracting by manifest.
5290 silly tarball no local data for ox@https://registry.npmjs.org/ox/-/ox-0.6.7.tgz. Extracting by manifest.
5291 silly tarball no local data for isows@https://registry.npmjs.org/isows/-/isows-1.0.6.tgz. Extracting by manifest.
5292 silly tarball no local data for zod@https://registry.npmjs.org/zod/-/zod-3.22.4.tgz. Extracting by manifest.
5293 silly tarball no local data for @scure/bip32@https://registry.npmjs.org/@scure/bip32/-/bip32-1.6.2.tgz. Extracting by manifest.
5294 silly tarball no local data for @scure/bip39@https://registry.npmjs.org/@scure/bip39/-/bip39-1.5.4.tgz. Extracting by manifest.
5295 silly tarball no local data for bs58@https://registry.npmjs.org/bs58/-/bs58-6.0.0.tgz. Extracting by manifest.
5296 silly tarball no local data for base-x@https://registry.npmjs.org/base-x/-/base-x-5.0.1.tgz. Extracting by manifest.
5297 silly tarball no local data for @noble/hashes@https://registry.npmjs.org/@noble/hashes/-/hashes-1.7.1.tgz. Extracting by manifest.
5298 silly tarball no local data for @noble/ciphers@https://registry.npmjs.org/@noble/ciphers/-/ciphers-1.2.1.tgz. Extracting by manifest.
5299 silly tarball no local data for uint8arrays@https://registry.npmjs.org/uint8arrays/-/uint8arrays-3.1.0.tgz. Extracting by manifest.
5300 silly tarball no local data for @walletconnect/core@https://registry.npmjs.org/@walletconnect/core/-/core-2.21.0.tgz. Extracting by manifest.
5301 silly tarball no local data for @noble/curves@https://registry.npmjs.org/@noble/curves/-/curves-1.8.1.tgz. Extracting by manifest.
5302 silly tarball no local data for es-toolkit@https://registry.npmjs.org/es-toolkit/-/es-toolkit-1.33.0.tgz. Extracting by manifest.
5303 silly tarball no local data for viem@https://registry.npmjs.org/viem/-/viem-2.23.2.tgz. Extracting by manifest.
5304 silly tarball no local data for @walletconnect/utils@https://registry.npmjs.org/@walletconnect/utils/-/utils-2.21.0.tgz. Extracting by manifest.
5305 silly tarball no local data for @walletconnect/types@https://registry.npmjs.org/@walletconnect/types/-/types-2.21.0.tgz. Extracting by manifest.
5306 silly tarball no local data for @walletconnect/universal-provider@https://registry.npmjs.org/@walletconnect/universal-provider/-/universal-provider-2.21.0.tgz. Extracting by manifest.
5307 silly tarball no local data for ws@https://registry.npmjs.org/ws/-/ws-8.18.0.tgz. Extracting by manifest.
5308 silly tarball no local data for ox@https://registry.npmjs.org/ox/-/ox-0.6.7.tgz. Extracting by manifest.
5309 silly tarball no local data for @walletconnect/sign-client@https://registry.npmjs.org/@walletconnect/sign-client/-/sign-client-2.21.0.tgz. Extracting by manifest.
5310 silly tarball no local data for isows@https://registry.npmjs.org/isows/-/isows-1.0.6.tgz. Extracting by manifest.
5311 silly tarball no local data for base-x@https://registry.npmjs.org/base-x/-/base-x-5.0.1.tgz. Extracting by manifest.
5312 silly tarball no local data for bs58@https://registry.npmjs.org/bs58/-/bs58-6.0.0.tgz. Extracting by manifest.
5313 silly tarball no local data for @noble/hashes@https://registry.npmjs.org/@noble/hashes/-/hashes-1.7.1.tgz. Extracting by manifest.
5314 silly tarball no local data for @scure/bip32@https://registry.npmjs.org/@scure/bip32/-/bip32-1.6.2.tgz. Extracting by manifest.
5315 silly tarball no local data for @scure/bip39@https://registry.npmjs.org/@scure/bip39/-/bip39-1.5.4.tgz. Extracting by manifest.
5316 silly tarball no local data for uint8arrays@https://registry.npmjs.org/uint8arrays/-/uint8arrays-3.1.0.tgz. Extracting by manifest.
5317 silly tarball no local data for @noble/ciphers@https://registry.npmjs.org/@noble/ciphers/-/ciphers-1.2.1.tgz. Extracting by manifest.
5318 silly tarball no local data for @noble/curves@https://registry.npmjs.org/@noble/curves/-/curves-1.8.1.tgz. Extracting by manifest.
5319 silly tarball no local data for @walletconnect/core@https://registry.npmjs.org/@walletconnect/core/-/core-2.21.0.tgz. Extracting by manifest.
5320 silly tarball no local data for es-toolkit@https://registry.npmjs.org/es-toolkit/-/es-toolkit-1.33.0.tgz. Extracting by manifest.
5321 silly tarball no local data for @walletconnect/sign-client@https://registry.npmjs.org/@walletconnect/sign-client/-/sign-client-2.21.0.tgz. Extracting by manifest.
5322 silly tarball no local data for @walletconnect/types@https://registry.npmjs.org/@walletconnect/types/-/types-2.21.0.tgz. Extracting by manifest.
5323 silly tarball no local data for @walletconnect/utils@https://registry.npmjs.org/@walletconnect/utils/-/utils-2.21.0.tgz. Extracting by manifest.
5324 silly tarball no local data for ox@https://registry.npmjs.org/ox/-/ox-0.6.7.tgz. Extracting by manifest.
5325 silly tarball no local data for @walletconnect/universal-provider@https://registry.npmjs.org/@walletconnect/universal-provider/-/universal-provider-2.21.0.tgz. Extracting by manifest.
5326 silly tarball no local data for ws@https://registry.npmjs.org/ws/-/ws-8.18.0.tgz. Extracting by manifest.
5327 silly tarball no local data for isows@https://registry.npmjs.org/isows/-/isows-1.0.6.tgz. Extracting by manifest.
5328 silly tarball no local data for viem@https://registry.npmjs.org/viem/-/viem-2.23.2.tgz. Extracting by manifest.
5329 silly tarball no local data for @scure/bip32@https://registry.npmjs.org/@scure/bip32/-/bip32-1.6.2.tgz. Extracting by manifest.
5330 silly tarball no local data for base-x@https://registry.npmjs.org/base-x/-/base-x-5.0.1.tgz. Extracting by manifest.
5331 silly tarball no local data for @noble/curves@https://registry.npmjs.org/@noble/curves/-/curves-1.8.1.tgz. Extracting by manifest.
5332 silly tarball no local data for @scure/bip39@https://registry.npmjs.org/@scure/bip39/-/bip39-1.5.4.tgz. Extracting by manifest.
5333 silly tarball no local data for @noble/hashes@https://registry.npmjs.org/@noble/hashes/-/hashes-1.7.1.tgz. Extracting by manifest.
5334 silly tarball no local data for @walletconnect/core@https://registry.npmjs.org/@walletconnect/core/-/core-2.21.0.tgz. Extracting by manifest.
5335 silly tarball no local data for es-toolkit@https://registry.npmjs.org/es-toolkit/-/es-toolkit-1.33.0.tgz. Extracting by manifest.
5336 silly tarball no local data for @noble/ciphers@https://registry.npmjs.org/@noble/ciphers/-/ciphers-1.2.1.tgz. Extracting by manifest.
5337 silly tarball no local data for uint8arrays@https://registry.npmjs.org/uint8arrays/-/uint8arrays-3.1.0.tgz. Extracting by manifest.
5338 silly tarball no local data for @walletconnect/utils@https://registry.npmjs.org/@walletconnect/utils/-/utils-2.21.0.tgz. Extracting by manifest.
5339 silly tarball no local data for @walletconnect/sign-client@https://registry.npmjs.org/@walletconnect/sign-client/-/sign-client-2.21.0.tgz. Extracting by manifest.
5340 silly tarball no local data for bs58@https://registry.npmjs.org/bs58/-/bs58-6.0.0.tgz. Extracting by manifest.
5341 silly tarball no local data for @walletconnect/universal-provider@https://registry.npmjs.org/@walletconnect/universal-provider/-/universal-provider-2.21.0.tgz. Extracting by manifest.
5342 silly tarball no local data for viem@https://registry.npmjs.org/viem/-/viem-2.23.2.tgz. Extracting by manifest.
5343 silly tarball no local data for @walletconnect/types@https://registry.npmjs.org/@walletconnect/types/-/types-2.21.0.tgz. Extracting by manifest.
5344 silly tarball no local data for @scure/bip39@https://registry.npmjs.org/@scure/bip39/-/bip39-1.3.0.tgz. Extracting by manifest.
5345 silly tarball no local data for @scure/bip32@https://registry.npmjs.org/@scure/bip32/-/bip32-1.4.0.tgz. Extracting by manifest.
5346 silly tarball no local data for @scure/base@https://registry.npmjs.org/@scure/base/-/base-1.1.9.tgz. Extracting by manifest.
5347 silly tarball no local data for @noble/hashes@https://registry.npmjs.org/@noble/hashes/-/hashes-1.4.0.tgz. Extracting by manifest.
5348 silly tarball no local data for uuid@https://registry.npmjs.org/uuid/-/uuid-9.0.1.tgz. Extracting by manifest.
5349 silly tarball no local data for uuid@https://registry.npmjs.org/uuid/-/uuid-9.0.1.tgz. Extracting by manifest.
5350 silly tarball no local data for @noble/curves@https://registry.npmjs.org/@noble/curves/-/curves-1.4.2.tgz. Extracting by manifest.
5351 silly tarball no local data for @metamask/utils@https://registry.npmjs.org/@metamask/utils/-/utils-8.5.0.tgz. Extracting by manifest.
5352 silly tarball no local data for @metamask/utils@https://registry.npmjs.org/@metamask/utils/-/utils-9.3.0.tgz. Extracting by manifest.
5353 silly tarball no local data for string_decoder@https://registry.npmjs.org/string_decoder/-/string_decoder-1.1.1.tgz. Extracting by manifest.
5354 silly tarball no local data for @metamask/rpc-errors@https://registry.npmjs.org/@metamask/rpc-errors/-/rpc-errors-6.4.0.tgz. Extracting by manifest.
5355 silly tarball no local data for @metamask/utils@https://registry.npmjs.org/@metamask/utils/-/utils-8.5.0.tgz. Extracting by manifest.
5356 silly tarball no local data for readable-stream@https://registry.npmjs.org/readable-stream/-/readable-stream-2.3.8.tgz. Extracting by manifest.
5357 silly tarball no local data for safe-buffer@https://registry.npmjs.org/safe-buffer/-/safe-buffer-5.1.2.tgz. Extracting by manifest.
5358 silly tarball no local data for isarray@https://registry.npmjs.org/isarray/-/isarray-1.0.0.tgz. Extracting by manifest.
5359 silly tarball no local data for @noble/hashes@https://registry.npmjs.org/@noble/hashes/-/hashes-1.8.0.tgz. Extracting by manifest.
5360 silly tarball no local data for uuid@https://registry.npmjs.org/uuid/-/uuid-9.0.1.tgz. Extracting by manifest.
5361 silly tarball no local data for @metamask/utils@https://registry.npmjs.org/@metamask/utils/-/utils-8.5.0.tgz. Extracting by manifest.
5362 silly tarball no local data for @noble/curves@https://registry.npmjs.org/@noble/curves/-/curves-1.9.7.tgz. Extracting by manifest.
5363 silly tarball no local data for @metamask/utils@https://registry.npmjs.org/@metamask/utils/-/utils-9.3.0.tgz. Extracting by manifest.
5364 silly tarball no local data for uuid@https://registry.npmjs.org/uuid/-/uuid-9.0.1.tgz. Extracting by manifest.
5365 silly tarball no local data for @noble/curves@https://registry.npmjs.org/@noble/curves/-/curves-1.9.1.tgz. Extracting by manifest.
5366 silly tarball no local data for abitype@https://registry.npmjs.org/abitype/-/abitype-1.2.3.tgz. Extracting by manifest.
5367 silly tarball no local data for chalk@https://registry.npmjs.org/chalk/-/chalk-5.6.2.tgz. Extracting by manifest.
5368 silly tarball no local data for ox@https://registry.npmjs.org/ox/-/ox-0.9.17.tgz. Extracting by manifest.
5369 silly tarball no local data for zod@https://registry.npmjs.org/zod/-/zod-4.3.6.tgz. Extracting by manifest.
5370 silly tarball no local data for ws@https://registry.npmjs.org/ws/-/ws-8.18.0.tgz. Extracting by manifest.
5371 silly tarball no local data for isows@https://registry.npmjs.org/isows/-/isows-1.0.6.tgz. Extracting by manifest.
5372 silly tarball no local data for @scure/bip39@https://registry.npmjs.org/@scure/bip39/-/bip39-1.5.4.tgz. Extracting by manifest.
5373 silly tarball no local data for ox@https://registry.npmjs.org/ox/-/ox-0.6.7.tgz. Extracting by manifest.
5374 silly tarball no local data for @scure/bip32@https://registry.npmjs.org/@scure/bip32/-/bip32-1.6.2.tgz. Extracting by manifest.
5375 silly tarball no local data for base-x@https://registry.npmjs.org/base-x/-/base-x-5.0.1.tgz. Extracting by manifest.
5376 silly tarball no local data for viem@https://registry.npmjs.org/viem/-/viem-2.23.2.tgz. Extracting by manifest.
5377 silly tarball no local data for @noble/hashes@https://registry.npmjs.org/@noble/hashes/-/hashes-1.8.0.tgz. Extracting by manifest.
5378 silly tarball no local data for @noble/curves@https://registry.npmjs.org/@noble/curves/-/curves-1.8.1.tgz. Extracting by manifest.
5379 silly tarball no local data for @noble/hashes@https://registry.npmjs.org/@noble/hashes/-/hashes-1.7.1.tgz. Extracting by manifest.
5380 silly tarball no local data for @noble/ciphers@https://registry.npmjs.org/@noble/ciphers/-/ciphers-1.2.1.tgz. Extracting by manifest.
5381 silly tarball no local data for es-toolkit@https://registry.npmjs.org/es-toolkit/-/es-toolkit-1.33.0.tgz. Extracting by manifest.
5382 silly tarball no local data for bs58@https://registry.npmjs.org/bs58/-/bs58-6.0.0.tgz. Extracting by manifest.
5383 silly tarball no local data for @walletconnect/core@https://registry.npmjs.org/@walletconnect/core/-/core-2.21.1.tgz. Extracting by manifest.
5384 silly tarball no local data for @walletconnect/universal-provider@https://registry.npmjs.org/@walletconnect/universal-provider/-/universal-provider-2.21.1.tgz. Extracting by manifest.
5385 silly tarball no local data for uint8arrays@https://registry.npmjs.org/uint8arrays/-/uint8arrays-3.1.0.tgz. Extracting by manifest.
5386 silly tarball no local data for @walletconnect/utils@https://registry.npmjs.org/@walletconnect/utils/-/utils-2.21.1.tgz. Extracting by manifest.
5387 silly tarball no local data for @walletconnect/types@https://registry.npmjs.org/@walletconnect/types/-/types-2.21.1.tgz. Extracting by manifest.
5388 silly tarball no local data for ms@https://registry.npmjs.org/ms/-/ms-2.1.2.tgz. Extracting by manifest.
5389 silly tarball no local data for tslib@https://registry.npmjs.org/tslib/-/tslib-2.8.1.tgz. Extracting by manifest.
5390 silly tarball no local data for cross-fetch@https://registry.npmjs.org/cross-fetch/-/cross-fetch-4.1.0.tgz. Extracting by manifest.
5391 silly tarball no local data for @walletconnect/sign-client@https://registry.npmjs.org/@walletconnect/sign-client/-/sign-client-2.21.1.tgz. Extracting by manifest.
5392 silly tarball no local data for @metamask/sdk-communication-layer@https://registry.npmjs.org/@metamask/sdk-communication-layer/-/sdk-communication-layer-0.33.1.tgz. Extracting by manifest.
5393 silly tarball no local data for ox@https://registry.npmjs.org/ox/-/ox-0.6.9.tgz. Extracting by manifest.
5394 silly tarball no local data for debug@https://registry.npmjs.org/debug/-/debug-4.3.4.tgz. Extracting by manifest.
5395 silly tarball no local data for zustand@https://registry.npmjs.org/zustand/-/zustand-5.0.0.tgz. Extracting by manifest.
5396 silly tarball no local data for @noble/hashes@https://registry.npmjs.org/@noble/hashes/-/hashes-1.8.0.tgz. Extracting by manifest.
5397 silly tarball no local data for @coinbase/wallet-sdk@https://registry.npmjs.org/@coinbase/wallet-sdk/-/wallet-sdk-4.3.6.tgz. Extracting by manifest.
5398 silly tarball no local data for @noble/hashes@https://registry.npmjs.org/@noble/hashes/-/hashes-1.4.0.tgz. Extracting by manifest.
5399 silly tarball no local data for @base-org/account@https://registry.npmjs.org/@base-org/account/-/account-2.4.0.tgz. Extracting by manifest.
5400 silly tarball no local data for tslib@https://registry.npmjs.org/tslib/-/tslib-2.8.1.tgz. Extracting by manifest.
5401 silly tarball no local data for tslib@https://registry.npmjs.org/tslib/-/tslib-2.8.1.tgz. Extracting by manifest.
5402 silly tarball no local data for tslib@https://registry.npmjs.org/tslib/-/tslib-2.8.1.tgz. Extracting by manifest.
5403 silly tarball no local data for tslib@https://registry.npmjs.org/tslib/-/tslib-2.8.1.tgz. Extracting by manifest.
5404 silly tarball no local data for tslib@https://registry.npmjs.org/tslib/-/tslib-2.8.1.tgz. Extracting by manifest.
5405 silly tarball no local data for @noble/curves@https://registry.npmjs.org/@noble/curves/-/curves-1.9.7.tgz. Extracting by manifest.
5406 silly tarball no local data for @noble/hashes@https://registry.npmjs.org/@noble/hashes/-/hashes-1.8.0.tgz. Extracting by manifest.
5407 silly tarball no local data for is-unicode-supported@https://registry.npmjs.org/is-unicode-supported/-/is-unicode-supported-1.3.0.tgz. Extracting by manifest.
5408 silly tarball no local data for @noble/hashes@https://registry.npmjs.org/@noble/hashes/-/hashes-1.7.0.tgz. Extracting by manifest.
5409 silly tarball no local data for ws@https://registry.npmjs.org/ws/-/ws-7.5.10.tgz. Extracting by manifest.
5410 silly tarball no local data for citty@https://registry.npmjs.org/citty/-/citty-0.2.0.tgz. Extracting by manifest.
5411 silly tarball no local data for @noble/hashes@https://registry.npmjs.org/@noble/hashes/-/hashes-1.8.0.tgz. Extracting by manifest.
5412 silly tarball no local data for ws@https://registry.npmjs.org/ws/-/ws-8.18.2.tgz. Extracting by manifest.
5413 silly tarball no local data for bs58@https://registry.npmjs.org/bs58/-/bs58-6.0.0.tgz. Extracting by manifest.
5414 silly tarball no local data for base-x@https://registry.npmjs.org/base-x/-/base-x-5.0.1.tgz. Extracting by manifest.
5415 silly tarball no local data for @noble/curves@https://registry.npmjs.org/@noble/curves/-/curves-1.8.0.tgz. Extracting by manifest.
5416 silly tarball no local data for @noble/hashes@https://registry.npmjs.org/@noble/hashes/-/hashes-1.8.0.tgz. Extracting by manifest.
5417 silly tarball no local data for @noble/curves@https://registry.npmjs.org/@noble/curves/-/curves-1.9.2.tgz. Extracting by manifest.
5418 silly tarball no local data for commander@https://registry.npmjs.org/commander/-/commander-14.0.3.tgz. Extracting by manifest.
5419 silly tarball no local data for @types/ws@https://registry.npmjs.org/@types/ws/-/ws-8.18.1.tgz. Extracting by manifest.
5420 silly tarball no local data for @noble/curves@https://registry.npmjs.org/@noble/curves/-/curves-1.9.1.tgz. Extracting by manifest.
5421 silly tarball no local data for viem@https://registry.npmjs.org/viem/-/viem-2.31.0.tgz. Extracting by manifest.
5422 silly tarball no local data for ws@https://registry.npmjs.org/ws/-/ws-7.5.10.tgz. Extracting by manifest.
5423 silly tarball no local data for tslib@https://registry.npmjs.org/tslib/-/tslib-2.8.1.tgz. Extracting by manifest.
5424 silly tarball no local data for ox@https://registry.npmjs.org/ox/-/ox-0.7.1.tgz. Extracting by manifest.
5425 silly tarball no local data for open@https://registry.npmjs.org/open/-/open-11.0.0.tgz. Extracting by manifest.
5426 silly tarball no local data for @solana/codecs-numbers@https://registry.npmjs.org/@solana/codecs-numbers/-/codecs-numbers-2.3.0.tgz. Extracting by manifest.
5427 silly tarball no local data for commander@https://registry.npmjs.org/commander/-/commander-2.20.3.tgz. Extracting by manifest.
5428 silly tarball no local data for tslib@https://registry.npmjs.org/tslib/-/tslib-2.8.1.tgz. Extracting by manifest.
5429 silly tarball no local data for abitype@https://registry.npmjs.org/abitype/-/abitype-1.0.6.tgz. Extracting by manifest.
5430 silly tarball no local data for @solana/subscribable@https://registry.npmjs.org/@solana/subscribable/-/subscribable-2.3.0.tgz. Extracting by manifest.
5431 silly tarball no local data for @solana/rpc-subscriptions-api@https://registry.npmjs.org/@solana/rpc-subscriptions-api/-/rpc-subscriptions-api-2.3.0.tgz. Extracting by manifest.
5432 silly tarball no local data for @solana/errors@https://registry.npmjs.org/@solana/errors/-/errors-2.3.0.tgz. Extracting by manifest.
5433 silly tarball no local data for @solana/codecs-core@https://registry.npmjs.org/@solana/codecs-core/-/codecs-core-2.3.0.tgz. Extracting by manifest.
5434 silly tarball no local data for @solana/rpc-subscriptions-channel-websocket@https://registry.npmjs.org/@solana/rpc-subscriptions-channel-websocket/-/rpc-subscriptions-channel-websocket-2.3.0.tgz. Extracting by manifest.
5435 silly tarball no local data for @solana/promises@https://registry.npmjs.org/@solana/promises/-/promises-2.3.0.tgz. Extracting by manifest.
5436 silly tarball no local data for @solana/rpc-transport-http@https://registry.npmjs.org/@solana/rpc-transport-http/-/rpc-transport-http-2.3.0.tgz. Extracting by manifest.
5437 silly tarball no local data for @solana/rpc-subscriptions-spec@https://registry.npmjs.org/@solana/rpc-subscriptions-spec/-/rpc-subscriptions-spec-2.3.0.tgz. Extracting by manifest.
5438 silly tarball no local data for @solana/rpc-transformers@https://registry.npmjs.org/@solana/rpc-transformers/-/rpc-transformers-2.3.0.tgz. Extracting by manifest.
5439 silly tarball no local data for @solana/options@https://registry.npmjs.org/@solana/options/-/options-2.3.0.tgz. Extracting by manifest.
5440 silly tarball no local data for @solana/rpc-api@https://registry.npmjs.org/@solana/rpc-api/-/rpc-api-2.3.0.tgz. Extracting by manifest.
5441 silly tarball no local data for @solana/fast-stable-stringify@https://registry.npmjs.org/@solana/fast-stable-stringify/-/fast-stable-stringify-2.3.0.tgz. Extracting by manifest.
5442 silly tarball no local data for @solana/codecs-numbers@https://registry.npmjs.org/@solana/codecs-numbers/-/codecs-numbers-2.3.0.tgz. Extracting by manifest.
5443 silly tarball no local data for @solana/nominal-types@https://registry.npmjs.org/@solana/nominal-types/-/nominal-types-2.3.0.tgz. Extracting by manifest.
5444 silly tarball no local data for @solana/assertions@https://registry.npmjs.org/@solana/assertions/-/assertions-2.3.0.tgz. Extracting by manifest.
5445 silly tarball no local data for @solana/rpc-spec@https://registry.npmjs.org/@solana/rpc-spec/-/rpc-spec-2.3.0.tgz. Extracting by manifest.
5446 silly tarball no local data for @solana/codecs-data-structures@https://registry.npmjs.org/@solana/codecs-data-structures/-/codecs-data-structures-2.3.0.tgz. Extracting by manifest.
5447 silly tarball no local data for @solana/codecs-strings@https://registry.npmjs.org/@solana/codecs-strings/-/codecs-strings-2.3.0.tgz. Extracting by manifest.
5448 silly tarball no local data for @solana/transactions@https://registry.npmjs.org/@solana/transactions/-/transactions-2.3.0.tgz. Extracting by manifest.
5449 silly tarball no local data for @solana/signers@https://registry.npmjs.org/@solana/signers/-/signers-2.3.0.tgz. Extracting by manifest.
5450 silly tarball no local data for @solana/transaction-messages@https://registry.npmjs.org/@solana/transaction-messages/-/transaction-messages-2.3.0.tgz. Extracting by manifest.
5451 silly tarball no local data for @solana/rpc-types@https://registry.npmjs.org/@solana/rpc-types/-/rpc-types-2.3.0.tgz. Extracting by manifest.
5452 silly tarball no local data for @solana/rpc-spec-types@https://registry.npmjs.org/@solana/rpc-spec-types/-/rpc-spec-types-2.3.0.tgz. Extracting by manifest.
5453 silly tarball no local data for @solana/rpc-subscriptions@https://registry.npmjs.org/@solana/rpc-subscriptions/-/rpc-subscriptions-2.3.0.tgz. Extracting by manifest.
5454 silly tarball no local data for @solana/rpc-parsed-types@https://registry.npmjs.org/@solana/rpc-parsed-types/-/rpc-parsed-types-2.3.0.tgz. Extracting by manifest.
5455 silly tarball no local data for @solana/rpc@https://registry.npmjs.org/@solana/rpc/-/rpc-2.3.0.tgz. Extracting by manifest.
5456 silly tarball no local data for @solana/keys@https://registry.npmjs.org/@solana/keys/-/keys-2.3.0.tgz. Extracting by manifest.
5457 silly tarball no local data for @solana/programs@https://registry.npmjs.org/@solana/programs/-/programs-2.3.0.tgz. Extracting by manifest.
5458 silly tarball no local data for @solana/instructions@https://registry.npmjs.org/@solana/instructions/-/instructions-2.3.0.tgz. Extracting by manifest.
5459 silly tarball no local data for @solana/functional@https://registry.npmjs.org/@solana/functional/-/functional-2.3.0.tgz. Extracting by manifest.
5460 silly tarball no local data for @solana/errors@https://registry.npmjs.org/@solana/errors/-/errors-2.3.0.tgz. Extracting by manifest.
5461 silly tarball no local data for @solana/codecs@https://registry.npmjs.org/@solana/codecs/-/codecs-2.3.0.tgz. Extracting by manifest.
5462 silly tarball no local data for @solana/addresses@https://registry.npmjs.org/@solana/addresses/-/addresses-2.3.0.tgz. Extracting by manifest.
5463 silly tarball no local data for @solana/accounts@https://registry.npmjs.org/@solana/accounts/-/accounts-2.3.0.tgz. Extracting by manifest.
5464 silly tarball no local data for @solana/transaction-confirmation@https://registry.npmjs.org/@solana/transaction-confirmation/-/transaction-confirmation-2.3.0.tgz. Extracting by manifest.
5465 silly tarball no local data for @solana/sysvars@https://registry.npmjs.org/@solana/sysvars/-/sysvars-2.3.0.tgz. Extracting by manifest.
5466 silly tarball no local data for @solana-program/token-2022@https://registry.npmjs.org/@solana-program/token-2022/-/token-2022-0.4.2.tgz. Extracting by manifest.
5467 silly tarball no local data for @solana-program/token@https://registry.npmjs.org/@solana-program/token/-/token-0.5.1.tgz. Extracting by manifest.
5468 silly tarball no local data for @solana-program/compute-budget@https://registry.npmjs.org/@solana-program/compute-budget/-/compute-budget-0.8.0.tgz. Extracting by manifest.
5469 silly tarball no local data for @solana/kit@https://registry.npmjs.org/@solana/kit/-/kit-2.3.0.tgz. Extracting by manifest.
5470 silly tarball no local data for ws@https://registry.npmjs.org/ws/-/ws-8.18.3.tgz. Extracting by manifest.
5471 silly tarball no local data for ox@https://registry.npmjs.org/ox/-/ox-0.9.6.tgz. Extracting by manifest.
5472 silly tarball no local data for abitype@https://registry.npmjs.org/abitype/-/abitype-1.1.0.tgz. Extracting by manifest.
5473 silly tarball no local data for @noble/hashes@https://registry.npmjs.org/@noble/hashes/-/hashes-1.8.0.tgz. Extracting by manifest.
5474 silly tarball no local data for @noble/curves@https://registry.npmjs.org/@noble/curves/-/curves-1.9.1.tgz. Extracting by manifest.
5475 silly tarball no local data for ox@https://registry.npmjs.org/ox/-/ox-0.6.9.tgz. Extracting by manifest.
5476 silly tarball no local data for @metamask/rpc-errors@https://registry.npmjs.org/@metamask/rpc-errors/-/rpc-errors-6.4.0.tgz. Extracting by manifest.
5477 silly tarball no local data for @thirdweb-dev/engine@https://registry.npmjs.org/@thirdweb-dev/engine/-/engine-3.4.0.tgz. Extracting by manifest.
5478 silly tarball no local data for @solana/codecs-core@https://registry.npmjs.org/@solana/codecs-core/-/codecs-core-2.3.0.tgz. Extracting by manifest.
5479 http fetch GET 200 https://registry.npmjs.org/core-util-is/-/core-util-is-1.0.3.tgz 1282ms (cache miss)
5480 http fetch GET 200 https://registry.npmjs.org/camelcase/-/camelcase-5.3.1.tgz 1279ms (cache miss)
5481 http fetch GET 200 https://registry.npmjs.org/powershell-utils/-/powershell-utils-0.1.0.tgz 1282ms (cache miss)
5482 http fetch GET 200 https://registry.npmjs.org/fastestsmallesttextencoderdecoder/-/fastestsmallesttextencoderdecoder-1.0.22.tgz 1302ms (cache miss)
5483 http fetch GET 200 https://registry.npmjs.org/wrap-ansi/-/wrap-ansi-6.2.0.tgz 1291ms (cache miss)
5484 http fetch GET 200 https://registry.npmjs.org/wsl-utils/-/wsl-utils-0.3.1.tgz 1315ms (cache miss)
5485 http fetch GET 200 https://registry.npmjs.org/is-in-ssh/-/is-in-ssh-1.0.0.tgz 1315ms (cache miss)
5486 http fetch GET 200 https://registry.npmjs.org/require-directory/-/require-directory-2.1.1.tgz 1306ms (cache miss)
5487 http fetch GET 200 https://registry.npmjs.org/locate-path/-/locate-path-5.0.0.tgz 1329ms (cache miss)
5488 http fetch GET 200 https://registry.npmjs.org/y18n/-/y18n-4.0.3.tgz 1328ms (cache miss)
5489 http fetch GET 200 https://registry.npmjs.org/get-caller-file/-/get-caller-file-2.0.5.tgz 1325ms (cache miss)
5490 http fetch GET 200 https://registry.npmjs.org/decamelize/-/decamelize-1.2.0.tgz 1325ms (cache miss)
5491 http fetch GET 200 https://registry.npmjs.org/require-main-filename/-/require-main-filename-2.0.0.tgz 1326ms (cache miss)
5492 http fetch GET 200 https://registry.npmjs.org/set-blocking/-/set-blocking-2.0.0.tgz 1329ms (cache miss)
5493 http fetch GET 200 https://registry.npmjs.org/yargs-parser/-/yargs-parser-18.1.3.tgz 1365ms (cache miss)
5494 http fetch GET 200 https://registry.npmjs.org/which-module/-/which-module-2.0.1.tgz 1363ms (cache miss)
5495 http fetch GET 200 https://registry.npmjs.org/cliui/-/cliui-6.0.0.tgz 1360ms (cache miss)
5496 http fetch GET 200 https://registry.npmjs.org/find-up/-/find-up-4.1.0.tgz 1361ms (cache miss)
5497 http fetch GET 200 https://registry.npmjs.org/has-property-descriptors/-/has-property-descriptors-1.0.2.tgz 1361ms (cache miss)
5498 http fetch GET 200 https://registry.npmjs.org/define-data-property/-/define-data-property-1.1.4.tgz 1396ms (cache miss)
5499 http fetch GET 200 https://registry.npmjs.org/set-function-length/-/set-function-length-1.2.2.tgz 1395ms (cache miss)
5500 http fetch GET 200 https://registry.npmjs.org/possible-typed-array-names/-/possible-typed-array-names-1.1.0.tgz 1396ms (cache miss)
5501 http fetch GET 200 https://registry.npmjs.org/is-callable/-/is-callable-1.2.7.tgz 1412ms (cache miss)
5502 http fetch GET 200 https://registry.npmjs.org/process-nextick-args/-/process-nextick-args-2.0.1.tgz 1425ms (cache miss)
5503 http fetch GET 200 https://registry.npmjs.org/call-bind/-/call-bind-1.0.8.tgz 1411ms (cache miss)
5504 http fetch GET 200 https://registry.npmjs.org/color-name/-/color-name-1.1.4.tgz 1444ms (cache miss)
5505 http fetch GET 200 https://registry.npmjs.org/for-each/-/for-each-0.3.5.tgz 1430ms (cache miss)
5506 http fetch GET 200 https://registry.npmjs.org/p-limit/-/p-limit-2.3.0.tgz 1442ms (cache miss)
5507 http fetch GET 200 https://registry.npmjs.org/path-exists/-/path-exists-4.0.0.tgz 1441ms (cache miss)
5508 http fetch GET 200 https://registry.npmjs.org/is-arguments/-/is-arguments-1.2.0.tgz 1426ms (cache miss)
5509 http fetch GET 200 https://registry.npmjs.org/available-typed-arrays/-/available-typed-arrays-1.0.7.tgz 1448ms (cache miss)
5510 http fetch GET 200 https://registry.npmjs.org/call-bound/-/call-bound-1.0.4.tgz 1444ms (cache miss)
5511 http fetch GET 200 https://registry.npmjs.org/is-typed-array/-/is-typed-array-1.1.15.tgz 1444ms (cache miss)
5512 http fetch GET 200 https://registry.npmjs.org/p-try/-/p-try-2.2.0.tgz 1477ms (cache miss)
5513 http fetch GET 200 https://registry.npmjs.org/isarray/-/isarray-2.0.5.tgz 1459ms (cache miss)
5514 http fetch GET 200 https://registry.npmjs.org/socket.io-parser/-/socket.io-parser-4.2.5.tgz 1459ms (cache miss)
5515 http fetch GET 200 https://registry.npmjs.org/xmlhttprequest-ssl/-/xmlhttprequest-ssl-2.1.2.tgz 1459ms (cache miss)
5516 http fetch GET 200 https://registry.npmjs.org/p-locate/-/p-locate-4.1.0.tgz 1494ms (cache miss)
5517 http fetch GET 200 https://registry.npmjs.org/json-rpc-engine/-/json-rpc-engine-6.1.0.tgz 1484ms (cache miss)
5518 http fetch GET 200 https://registry.npmjs.org/xtend/-/xtend-4.0.2.tgz 1483ms (cache miss)
5519 http fetch GET 200 https://registry.npmjs.org/pify/-/pify-3.0.0.tgz 1484ms (cache miss)
5520 http fetch GET 200 https://registry.npmjs.org/generator-function/-/generator-function-2.0.1.tgz 1510ms (cache miss)
5521 http fetch GET 200 https://registry.npmjs.org/@types/trusted-types/-/trusted-types-2.0.7.tgz 1503ms (cache miss)
5522 http fetch GET 200 https://registry.npmjs.org/is-generator-function/-/is-generator-function-1.1.2.tgz 1528ms (cache miss)
5523 http fetch GET 200 https://registry.npmjs.org/openapi-typescript-helpers/-/openapi-typescript-helpers-0.0.15.tgz 1520ms (cache miss)
5524 http fetch GET 200 https://registry.npmjs.org/eth-query/-/eth-query-2.1.2.tgz 1516ms (cache miss)
5525 http fetch GET 200 https://registry.npmjs.org/json-rpc-random-id/-/json-rpc-random-id-1.0.1.tgz 1516ms (cache miss)
5526 http fetch GET 200 https://registry.npmjs.org/async-mutex/-/async-mutex-0.2.6.tgz 1522ms (cache miss)
5527 http fetch GET 200 https://registry.npmjs.org/to-buffer/-/to-buffer-1.2.2.tgz 1535ms (cache miss)
5528 http fetch GET 200 https://registry.npmjs.org/@ecies/ciphers/-/ciphers-0.2.5.tgz 1527ms (cache miss)
5529 http fetch GET 200 https://registry.npmjs.org/ansi-styles/-/ansi-styles-4.3.0.tgz 1587ms (cache miss)
5530 http fetch GET 200 https://registry.npmjs.org/big.js/-/big.js-6.2.2.tgz 1552ms (cache miss)
5531 http fetch GET 200 https://registry.npmjs.org/crc-32/-/crc-32-1.2.2.tgz 1566ms (cache miss)
5532 http fetch GET 200 https://registry.npmjs.org/@types/ms/-/ms-2.1.0.tgz 1569ms (cache miss)
5533 http fetch GET 200 https://registry.npmjs.org/color-convert/-/color-convert-2.0.1.tgz 1631ms (cache miss)
5534 http fetch GET 200 https://registry.npmjs.org/micro-ftch/-/micro-ftch-0.3.1.tgz 1615ms (cache miss)
5535 http fetch GET 200 https://registry.npmjs.org/@ethereumjs/rlp/-/rlp-4.0.1.tgz 1618ms (cache miss)
5536 http fetch GET 200 https://registry.npmjs.org/safe-regex-test/-/safe-regex-test-1.1.0.tgz 1726ms (cache miss)
5537 http fetch GET 200 https://registry.npmjs.org/@types/debug/-/debug-4.1.12.tgz 1693ms (cache miss)
5538 http fetch GET 200 https://registry.npmjs.org/typed-array-buffer/-/typed-array-buffer-1.0.3.tgz 1771ms (cache miss)
5539 http fetch GET 200 https://registry.npmjs.org/pony-cause/-/pony-cause-2.1.11.tgz 1745ms (cache miss)
5540 http fetch GET 200 https://registry.npmjs.org/extension-port-stream/-/extension-port-stream-3.0.0.tgz 1742ms (cache miss)
5541 http fetch GET 200 https://registry.npmjs.org/is-stream/-/is-stream-2.0.1.tgz 1743ms (cache miss)
5542 http fetch GET 200 https://registry.npmjs.org/obj-multiplex/-/obj-multiplex-1.0.0.tgz 1762ms (cache miss)
5543 http fetch GET 200 https://registry.npmjs.org/util/-/util-0.12.5.tgz 1811ms (cache miss)
5544 http fetch GET 200 https://registry.npmjs.org/eventemitter2/-/eventemitter2-6.4.9.tgz 1807ms (cache miss)
5545 http fetch GET 200 https://registry.npmjs.org/fast-safe-stringify/-/fast-safe-stringify-2.1.1.tgz 1828ms (cache miss)
5546 http fetch GET 200 https://registry.npmjs.org/which-typed-array/-/which-typed-array-1.1.20.tgz 1891ms (cache miss)
5547 http fetch GET 200 https://registry.npmjs.org/eth-json-rpc-filters/-/eth-json-rpc-filters-6.0.1.tgz 1877ms (cache miss)
5548 http fetch GET 200 https://registry.npmjs.org/@reown/appkit-polyfills/-/appkit-polyfills-1.7.8.tgz 1890ms (cache miss)
5549 http fetch GET 200 https://registry.npmjs.org/sha.js/-/sha.js-2.4.12.tgz 1898ms (cache miss)
5550 http fetch GET 200 https://registry.npmjs.org/is-regex/-/is-regex-1.2.1.tgz 1936ms (cache miss)
5551 http fetch GET 200 https://registry.npmjs.org/@socket.io/component-emitter/-/component-emitter-3.1.2.tgz 1949ms (cache miss)
5552 http fetch GET 200 https://registry.npmjs.org/@safe-global/safe-apps-provider/-/safe-apps-provider-0.18.6.tgz 1977ms (cache miss)
5553 http fetch GET 200 https://registry.npmjs.org/webidl-conversions/-/webidl-conversions-3.0.1.tgz 1974ms (cache miss)
5554 http fetch GET 200 https://registry.npmjs.org/isows/-/isows-1.0.7.tgz 1973ms (cache miss)
5555 http fetch GET 200 https://registry.npmjs.org/detect-node-es/-/detect-node-es-1.1.0.tgz 1973ms (cache miss)
5556 http fetch GET 200 https://registry.npmjs.org/cookie-es/-/cookie-es-1.2.2.tgz 2051ms (cache miss)
5557 http fetch GET 200 https://registry.npmjs.org/anymatch/-/anymatch-3.1.3.tgz 2050ms (cache miss)
5558 http fetch GET 200 https://registry.npmjs.org/normalize-path/-/normalize-path-3.0.0.tgz 2054ms (cache miss)
5559 http fetch GET 200 https://registry.npmjs.org/emoji-regex/-/emoji-regex-10.6.0.tgz 2081ms (cache miss)
5560 http fetch GET 200 https://registry.npmjs.org/ansi-regex/-/ansi-regex-6.2.2.tgz 2082ms (cache miss)
5561 http fetch GET 200 https://registry.npmjs.org/node-gyp-build/-/node-gyp-build-4.8.4.tgz 2081ms (cache miss)
5562 http fetch GET 200 https://registry.npmjs.org/get-east-asian-width/-/get-east-asian-width-1.4.0.tgz 2105ms (cache miss)
5563 http fetch GET 200 https://registry.npmjs.org/@types/uuid/-/uuid-8.3.4.tgz 2107ms (cache miss)
5564 http fetch GET 200 https://registry.npmjs.org/onetime/-/onetime-7.0.0.tgz 2105ms (cache miss)
5565 http fetch GET 200 https://registry.npmjs.org/supports-preserve-symlinks-flag/-/supports-preserve-symlinks-flag-1.0.0.tgz 2105ms (cache miss)
5566 http fetch GET 200 https://registry.npmjs.org/mimic-function/-/mimic-function-5.0.1.tgz 2155ms (cache miss)
5567 http fetch GET 200 https://registry.npmjs.org/is-core-module/-/is-core-module-2.16.1.tgz 2155ms (cache miss)
5568 http fetch GET 200 https://registry.npmjs.org/scheduler/-/scheduler-0.27.0.tgz 2153ms (cache miss)
5569 http fetch GET 200 https://registry.npmjs.org/react-remove-scroll-bar/-/react-remove-scroll-bar-2.3.8.tgz 2155ms (cache miss)
5570 http fetch GET 200 https://registry.npmjs.org/get-nonce/-/get-nonce-1.0.1.tgz 2188ms (cache miss)
5571 http fetch GET 200 https://registry.npmjs.org/react-style-singleton/-/react-style-singleton-2.2.3.tgz 2185ms (cache miss)
5572 http fetch GET 200 https://registry.npmjs.org/filter-obj/-/filter-obj-1.1.0.tgz 2185ms (cache miss)
5573 http fetch GET 200 https://registry.npmjs.org/destr/-/destr-2.0.5.tgz 2188ms (cache miss)
5574 http fetch GET 200 https://registry.npmjs.org/decode-uri-component/-/decode-uri-component-0.2.2.tgz 2187ms (cache miss)
5575 http fetch GET 200 https://registry.npmjs.org/strict-uri-encode/-/strict-uri-encode-2.0.0.tgz 2186ms (cache miss)
5576 http fetch GET 200 https://registry.npmjs.org/use-callback-ref/-/use-callback-ref-1.3.3.tgz 2192ms (cache miss)
5577 http fetch GET 200 https://registry.npmjs.org/split-on-first/-/split-on-first-1.1.0.tgz 2187ms (cache miss)
5578 http fetch GET 200 https://registry.npmjs.org/encode-utf8/-/encode-utf8-1.0.3.tgz 2210ms (cache miss)
5579 http fetch GET 200 https://registry.npmjs.org/path-parse/-/path-parse-1.0.7.tgz 2220ms (cache miss)
5580 http fetch GET 200 https://registry.npmjs.org/dijkstrajs/-/dijkstrajs-1.0.3.tgz 2212ms (cache miss)
5581 http fetch GET 200 https://registry.npmjs.org/stream-shift/-/stream-shift-1.0.3.tgz 2210ms (cache miss)
5582 http fetch GET 200 https://registry.npmjs.org/split2/-/split2-4.2.0.tgz 2213ms (cache miss)
5583 http fetch GET 200 https://registry.npmjs.org/radix3/-/radix3-1.1.2.tgz 2268ms (cache miss)
5584 http fetch GET 200 https://registry.npmjs.org/webextension-polyfill/-/webextension-polyfill-0.10.0.tgz 2295ms (cache miss)
5585 http fetch GET 200 https://registry.npmjs.org/real-require/-/real-require-0.1.0.tgz 2248ms (cache miss)
5586 http fetch GET 200 https://registry.npmjs.org/duplexify/-/duplexify-4.1.3.tgz 2251ms (cache miss)
5587 http fetch GET 200 https://registry.npmjs.org/pino-std-serializers/-/pino-std-serializers-4.0.0.tgz 2249ms (cache miss)
5588 http fetch GET 200 https://registry.npmjs.org/quick-format-unescaped/-/quick-format-unescaped-4.0.4.tgz 2272ms (cache miss)
5589 http fetch GET 200 https://registry.npmjs.org/safe-stable-stringify/-/safe-stable-stringify-2.5.0.tgz 2273ms (cache miss)
5590 http fetch GET 200 https://registry.npmjs.org/atomic-sleep/-/atomic-sleep-1.0.0.tgz 2270ms (cache miss)
5591 http fetch GET 200 https://registry.npmjs.org/json-parse-even-better-errors/-/json-parse-even-better-errors-2.3.1.tgz 2269ms (cache miss)
5592 http fetch GET 200 https://registry.npmjs.org/iron-webcrypto/-/iron-webcrypto-1.2.1.tgz 2327ms (cache miss)
5593 http fetch GET 200 https://registry.npmjs.org/derive-valtio/-/derive-valtio-0.1.0.tgz 2390ms (cache miss)
5594 http fetch GET 200 https://registry.npmjs.org/@metamask/object-multiplex/-/object-multiplex-2.1.0.tgz 2353ms (cache miss)
5595 http fetch GET 200 https://registry.npmjs.org/error-ex/-/error-ex-1.3.4.tgz 2300ms (cache miss)
5596 http fetch GET 200 https://registry.npmjs.org/lines-and-columns/-/lines-and-columns-1.2.4.tgz 2301ms (cache miss)
5597 http fetch GET 200 https://registry.npmjs.org/is-arrayish/-/is-arrayish-0.2.1.tgz 2302ms (cache miss)
5598 http fetch GET 200 https://registry.npmjs.org/callsites/-/callsites-3.1.0.tgz 2301ms (cache miss)
5599 http fetch GET 200 https://registry.npmjs.org/restore-cursor/-/restore-cursor-5.1.0.tgz 2285ms (cache miss)
5600 http fetch GET 200 https://registry.npmjs.org/@metamask/sdk-analytics/-/sdk-analytics-0.0.5.tgz 2372ms (cache miss)
5601 http fetch GET 200 https://registry.npmjs.org/on-exit-leak-free/-/on-exit-leak-free-0.2.0.tgz 2331ms (cache miss)
5602 http fetch GET 200 https://registry.npmjs.org/strip-ansi/-/strip-ansi-7.1.2.tgz 2307ms (cache miss)
5603 http fetch GET 200 https://registry.npmjs.org/log-symbols/-/log-symbols-6.0.0.tgz 2306ms (cache miss)
5604 http fetch GET 200 https://registry.npmjs.org/is-unicode-supported/-/is-unicode-supported-2.1.0.tgz 2306ms (cache miss)
5605 http fetch GET 200 https://registry.npmjs.org/stdin-discarder/-/stdin-discarder-0.2.2.tgz 2307ms (cache miss)
5606 http fetch GET 200 https://registry.npmjs.org/cli-cursor/-/cli-cursor-5.0.0.tgz 2305ms (cache miss)
5607 http fetch GET 200 https://registry.npmjs.org/string-width/-/string-width-7.2.0.tgz 2306ms (cache miss)
5608 http fetch GET 200 https://registry.npmjs.org/@metamask/onboarding/-/onboarding-1.0.1.tgz 2404ms (cache miss)
5609 http fetch GET 200 https://registry.npmjs.org/cli-spinners/-/cli-spinners-2.9.2.tgz 2336ms (cache miss)
5610 http fetch GET 200 https://registry.npmjs.org/is-inside-container/-/is-inside-container-1.0.0.tgz 2336ms (cache miss)
5611 http fetch GET 200 https://registry.npmjs.org/is-docker/-/is-docker-3.0.0.tgz 2339ms (cache miss)
5612 http fetch GET 200 https://registry.npmjs.org/run-applescript/-/run-applescript-7.1.0.tgz 2340ms (cache miss)
5613 http fetch GET 200 https://registry.npmjs.org/process-warning/-/process-warning-1.0.0.tgz 2401ms (cache miss)
5614 http fetch GET 200 https://registry.npmjs.org/is-interactive/-/is-interactive-2.0.0.tgz 2373ms (cache miss)
5615 http fetch GET 200 https://registry.npmjs.org/default-browser-id/-/default-browser-id-5.0.1.tgz 2370ms (cache miss)
5616 http fetch GET 200 https://registry.npmjs.org/is-wsl/-/is-wsl-3.1.0.tgz 2370ms (cache miss)
5617 http fetch GET 200 https://registry.npmjs.org/define-lazy-prop/-/define-lazy-prop-3.0.0.tgz 2370ms (cache miss)
5618 http fetch GET 200 https://registry.npmjs.org/whatwg-url/-/whatwg-url-5.0.0.tgz 2368ms (cache miss)
5619 http fetch GET 200 https://registry.npmjs.org/default-browser/-/default-browser-5.5.0.tgz 2370ms (cache miss)
5620 http fetch GET 200 https://registry.npmjs.org/is-buffer/-/is-buffer-1.1.6.tgz 2368ms (cache miss)
5621 http fetch GET 200 https://registry.npmjs.org/crypt/-/crypt-0.0.2.tgz 2367ms (cache miss)
5622 http fetch GET 200 https://registry.npmjs.org/picomatch/-/picomatch-2.3.1.tgz 2460ms (cache miss)
5623 http fetch GET 200 https://registry.npmjs.org/tinyexec/-/tinyexec-1.0.2.tgz 2398ms (cache miss)
5624 http fetch GET 200 https://registry.npmjs.org/isomorphic-ws/-/isomorphic-ws-4.0.1.tgz 2392ms (cache miss)
5625 http fetch GET 200 https://registry.npmjs.org/charenc/-/charenc-0.0.2.tgz 2395ms (cache miss)
5626 http fetch GET 200 https://registry.npmjs.org/ufo/-/ufo-1.6.3.tgz 2479ms (cache miss)
5627 http fetch GET 200 https://registry.npmjs.org/es6-promisify/-/es6-promisify-5.0.0.tgz 2411ms (cache miss)
5628 http fetch GET 200 https://registry.npmjs.org/@types/ws/-/ws-7.4.7.tgz 2409ms (cache miss)
5629 http fetch GET 200 https://registry.npmjs.org/delay/-/delay-5.0.0.tgz 2408ms (cache miss)
5630 http fetch GET 200 https://registry.npmjs.org/@types/connect/-/connect-3.4.38.tgz 2409ms (cache miss)
5631 http fetch GET 200 https://registry.npmjs.org/@paulmillr/qr/-/qr-0.2.1.tgz 2520ms (cache miss)
5632 http fetch GET 200 https://registry.npmjs.org/pino-abstract-transport/-/pino-abstract-transport-0.5.0.tgz 2473ms (cache miss)
5633 http fetch GET 200 https://registry.npmjs.org/eyes/-/eyes-0.1.8.tgz 2434ms (cache miss)
5634 http fetch GET 200 https://registry.npmjs.org/parent-module/-/parent-module-1.0.1.tgz 2430ms (cache miss)
5635 http fetch GET 200 https://registry.npmjs.org/react-is/-/react-is-16.13.1.tgz 2429ms (cache miss)
5636 http fetch GET 200 https://registry.npmjs.org/eth-rpc-errors/-/eth-rpc-errors-4.0.3.tgz 2535ms (cache miss)
5637 http fetch GET 200 https://registry.npmjs.org/tr46/-/tr46-0.0.3.tgz 2525ms (cache miss)
5638 http fetch GET 200 https://registry.npmjs.org/path-type/-/path-type-4.0.0.tgz 2442ms (cache miss)
5639 http fetch GET 200 https://registry.npmjs.org/import-fresh/-/import-fresh-3.3.1.tgz 2439ms (cache miss)
5640 http fetch GET 200 https://registry.npmjs.org/pkg-types/-/pkg-types-2.3.0.tgz 2439ms (cache miss)
5641 http fetch GET 200 https://registry.npmjs.org/parse-json/-/parse-json-5.2.0.tgz 2441ms (cache miss)
5642 http fetch GET 200 https://registry.npmjs.org/openapi-fetch/-/openapi-fetch-0.13.8.tgz 2565ms (cache miss)
5643 http fetch GET 200 https://registry.npmjs.org/@metamask/eth-json-rpc-provider/-/eth-json-rpc-provider-1.0.1.tgz 2582ms (cache miss)
5644 http fetch GET 200 https://registry.npmjs.org/resolve-from/-/resolve-from-4.0.0.tgz 2503ms (cache miss)
5645 http fetch GET 200 https://registry.npmjs.org/readdirp/-/readdirp-5.0.0.tgz 2500ms (cache miss)
5646 http fetch GET 200 https://registry.npmjs.org/rc9/-/rc9-2.1.2.tgz 2495ms (cache miss)
5647 http fetch GET 200 https://registry.npmjs.org/perfect-debounce/-/perfect-debounce-2.1.0.tgz 2497ms (cache miss)
5648 http fetch GET 200 https://registry.npmjs.org/@types/parse-json/-/parse-json-4.0.2.tgz 2500ms (cache miss)
5649 http fetch GET 200 https://registry.npmjs.org/pathe/-/pathe-2.0.3.tgz 2505ms (cache miss)
5650 warn deprecated @paulmillr/qr@0.2.1: The package is now available as "qr": npm install qr
5651 http fetch GET 200 https://registry.npmjs.org/base-x/-/base-x-3.0.11.tgz 2531ms (cache miss)
5652 http fetch GET 200 https://registry.npmjs.org/exsolve/-/exsolve-1.0.8.tgz 2539ms (cache miss)
5653 http fetch GET 200 https://registry.npmjs.org/text-encoding-utf-8/-/text-encoding-utf-8-1.0.2.tgz 2534ms (cache miss)
5654 http fetch GET 200 https://registry.npmjs.org/proxy-compare/-/proxy-compare-2.6.0.tgz 2702ms (cache miss)
5655 http fetch GET 200 https://registry.npmjs.org/eth-block-tracker/-/eth-block-tracker-7.1.0.tgz 2681ms (cache miss)
5656 http fetch GET 200 https://registry.npmjs.org/sonic-boom/-/sonic-boom-2.8.0.tgz 2622ms (cache miss)
5657 http fetch GET 200 https://registry.npmjs.org/is-retry-allowed/-/is-retry-allowed-2.2.0.tgz 2569ms (cache miss)
5658 http fetch GET 200 https://registry.npmjs.org/defu/-/defu-6.1.4.tgz 2575ms (cache miss)
5659 http fetch GET 200 https://registry.npmjs.org/detect-browser/-/detect-browser-5.3.0.tgz 2568ms (cache miss)
5660 http fetch GET 200 https://registry.npmjs.org/humanize-ms/-/humanize-ms-1.2.1.tgz 2573ms (cache miss)
5661 http fetch GET 200 https://registry.npmjs.org/query-string/-/query-string-7.1.3.tgz 2597ms (cache miss)
5662 http fetch GET 200 https://registry.npmjs.org/chokidar/-/chokidar-5.0.0.tgz 2606ms (cache miss)
5663 http fetch GET 200 https://registry.npmjs.org/nypm/-/nypm-0.6.5.tgz 2633ms (cache miss)
5664 http fetch GET 200 https://registry.npmjs.org/argparse/-/argparse-2.0.1.tgz 2643ms (cache miss)
5665 http fetch GET 200 https://registry.npmjs.org/@walletconnect/jsonrpc-types/-/jsonrpc-types-1.0.4.tgz 2666ms (cache miss)
5666 http fetch GET 200 https://registry.npmjs.org/citty/-/citty-0.1.6.tgz 2740ms (cache miss)
5667 http fetch GET 200 https://registry.npmjs.org/giget/-/giget-2.0.0.tgz 2767ms (cache miss)
5668 http fetch GET 200 https://registry.npmjs.org/color-support/-/color-support-1.1.3.tgz 2738ms (cache miss)
5669 http fetch GET 200 https://registry.npmjs.org/ansi-colors/-/ansi-colors-4.1.3.tgz 2759ms (cache miss)
5670 http fetch GET 200 https://registry.npmjs.org/@types/json-schema/-/json-schema-7.0.15.tgz 2761ms (cache miss)
5671 http fetch GET 200 https://registry.npmjs.org/bowser/-/bowser-2.13.1.tgz 2959ms (cache miss)
5672 http fetch GET 200 https://registry.npmjs.org/c12/-/c12-3.3.3.tgz 2818ms (cache miss)
5673 http fetch GET 200 https://registry.npmjs.org/tslib/-/tslib-1.14.1.tgz 2836ms (cache miss)
5674 http fetch GET 200 https://registry.npmjs.org/dotenv/-/dotenv-17.2.4.tgz 2854ms (cache miss)
5675 http fetch GET 200 https://registry.npmjs.org/@lit-labs/ssr-dom-shim/-/ssr-dom-shim-1.5.1.tgz 3009ms (cache miss)
5676 http fetch GET 200 https://registry.npmjs.org/use-sync-external-store/-/use-sync-external-store-1.4.0.tgz 2966ms (cache miss)
5677 http fetch GET 200 https://registry.npmjs.org/stream-chain/-/stream-chain-2.2.5.tgz 2953ms (cache miss)
5678 http fetch GET 200 https://registry.npmjs.org/@hey-api/types/-/types-0.1.3.tgz 2833ms (cache miss)
5679 http fetch GET 200 https://registry.npmjs.org/bs58/-/bs58-4.0.1.tgz 2826ms (cache miss)
5680 http fetch GET 200 https://registry.npmjs.org/agentkeepalive/-/agentkeepalive-4.6.0.tgz 2830ms (cache miss)
5681 http fetch GET 200 https://registry.npmjs.org/borsh/-/borsh-0.7.0.tgz 2853ms (cache miss)
5682 http fetch GET 200 https://registry.npmjs.org/buffer/-/buffer-6.0.3.tgz 2858ms (cache miss)
5683 http fetch GET 200 https://registry.npmjs.org/@metamask/safe-event-emitter/-/safe-event-emitter-3.1.2.tgz 3032ms (cache miss)
5684 http fetch GET 200 https://registry.npmjs.org/bn.js/-/bn.js-5.2.2.tgz 2897ms (cache miss)
5685 http fetch GET 200 https://registry.npmjs.org/@solana/rpc-subscriptions-channel-websocket/-/rpc-subscriptions-channel-websocket-5.5.1.tgz 2909ms (cache miss)
5686 http fetch GET 200 https://registry.npmjs.org/@solana/promises/-/promises-5.5.1.tgz 2942ms (cache miss)
5687 http fetch GET 200 https://registry.npmjs.org/blakejs/-/blakejs-1.2.1.tgz 2987ms (cache miss)
5688 http fetch GET 200 https://registry.npmjs.org/@solana/fast-stable-stringify/-/fast-stable-stringify-5.5.1.tgz 2980ms (cache miss)
5689 http fetch GET 200 https://registry.npmjs.org/h3/-/h3-1.15.5.tgz 3140ms (cache miss)
5690 http fetch GET 200 https://registry.npmjs.org/@solana/nominal-types/-/nominal-types-5.5.1.tgz 2999ms (cache miss)
5691 http fetch GET 200 https://registry.npmjs.org/node-fetch/-/node-fetch-2.7.0.tgz 3019ms (cache miss)
5692 http fetch GET 200 https://registry.npmjs.org/@solana/assertions/-/assertions-5.5.1.tgz 3044ms (cache miss)
5693 http fetch GET 200 https://registry.npmjs.org/keyvaluestorage-interface/-/keyvaluestorage-interface-1.0.0.tgz 3085ms (cache miss)
5694 http fetch GET 200 https://registry.npmjs.org/@solana/rpc-spec-types/-/rpc-spec-types-5.5.1.tgz 3108ms (cache miss)
5695 http fetch GET 200 https://registry.npmjs.org/@hey-api/codegen-core/-/codegen-core-0.7.0.tgz 3152ms (cache miss)
5696 http fetch GET 200 https://registry.npmjs.org/@solana/buffer-layout/-/buffer-layout-4.0.1.tgz 3143ms (cache miss)
5697 http fetch GET 200 https://registry.npmjs.org/cross-fetch/-/cross-fetch-3.2.0.tgz 3179ms (cache miss)
5698 http fetch GET 200 https://registry.npmjs.org/utf-8-validate/-/utf-8-validate-5.0.10.tgz 3291ms (cache miss)
5699 http fetch GET 200 https://registry.npmjs.org/@scure/bip32/-/bip32-1.7.0.tgz 3266ms (cache miss)
5700 http fetch GET 200 https://registry.npmjs.org/@solana/rpc-parsed-types/-/rpc-parsed-types-5.5.1.tgz 3168ms (cache miss)
5701 http fetch GET 200 https://registry.npmjs.org/ofetch/-/ofetch-1.5.1.tgz 3339ms (cache miss)
5702 http fetch GET 200 https://registry.npmjs.org/bufferutil/-/bufferutil-4.1.0.tgz 3363ms (cache miss)
5703 http fetch GET 200 https://registry.npmjs.org/@floating-ui/utils/-/utils-0.2.10.tgz 3233ms (cache miss)
5704 http fetch GET 200 https://registry.npmjs.org/@radix-ui/react-use-size/-/react-use-size-1.1.1.tgz 3301ms (cache miss)
5705 http fetch GET 200 https://registry.npmjs.org/@solana/programs/-/programs-5.5.1.tgz 3309ms (cache miss)
5706 http fetch GET 200 https://registry.npmjs.org/@radix-ui/react-use-effect-event/-/react-use-effect-event-0.0.2.tgz 3336ms (cache miss)
5707 http fetch GET 200 https://registry.npmjs.org/@radix-ui/react-use-rect/-/react-use-rect-1.1.1.tgz 3336ms (cache miss)
5708 http fetch GET 200 https://registry.npmjs.org/@solana/functional/-/functional-5.5.1.tgz 3379ms (cache miss)
5709 http fetch GET 200 https://registry.npmjs.org/@radix-ui/rect/-/rect-1.1.1.tgz 3373ms (cache miss)
5710 http fetch GET 200 https://registry.npmjs.org/@radix-ui/react-visually-hidden/-/react-visually-hidden-1.2.3.tgz 3371ms (cache miss)
5711 http fetch GET 200 https://registry.npmjs.org/@radix-ui/react-arrow/-/react-arrow-1.1.7.tgz 3373ms (cache miss)
5712 http fetch GET 200 https://registry.npmjs.org/@solana/codecs/-/codecs-5.5.1.tgz 3381ms (cache miss)
5713 http fetch GET 200 https://registry.npmjs.org/@floating-ui/react-dom/-/react-dom-2.1.7.tgz 3410ms (cache miss)
5714 http fetch GET 200 https://registry.npmjs.org/@radix-ui/react-use-escape-keydown/-/react-use-escape-keydown-1.1.1.tgz 3409ms (cache miss)
5715 http fetch GET 200 https://registry.npmjs.org/aria-hidden/-/aria-hidden-1.2.6.tgz 3409ms (cache miss)
5716 http fetch GET 200 https://registry.npmjs.org/fast-redact/-/fast-redact-3.5.0.tgz 3590ms (cache miss)
5717 http fetch GET 200 https://registry.npmjs.org/@radix-ui/react-use-layout-effect/-/react-use-layout-effect-1.1.1.tgz 3458ms (cache miss)
5718 http fetch GET 200 https://registry.npmjs.org/@radix-ui/react-use-controllable-state/-/react-use-controllable-state-1.2.2.tgz 3542ms (cache miss)
5719 http fetch GET 200 https://registry.npmjs.org/@radix-ui/react-use-callback-ref/-/react-use-callback-ref-1.1.1.tgz 3543ms (cache miss)
5720 http fetch GET 200 https://registry.npmjs.org/@radix-ui/react-id/-/react-id-1.1.1.tgz 3541ms (cache miss)
5721 http fetch GET 200 https://registry.npmjs.org/@radix-ui/react-portal/-/react-portal-1.1.9.tgz 3543ms (cache miss)
5722 http fetch GET 200 https://registry.npmjs.org/@radix-ui/react-slot/-/react-slot-1.2.3.tgz 3607ms (cache miss)
5723 http fetch GET 200 https://registry.npmjs.org/@radix-ui/react-focus-guards/-/react-focus-guards-1.1.2.tgz 3605ms (cache miss)
5724 http fetch GET 200 https://registry.npmjs.org/@radix-ui/react-context/-/react-context-1.1.2.tgz 3605ms (cache miss)
5725 http fetch GET 200 https://registry.npmjs.org/@radix-ui/primitive/-/primitive-1.1.2.tgz 3605ms (cache miss)
5726 http fetch GET 200 https://registry.npmjs.org/@radix-ui/react-compose-refs/-/react-compose-refs-1.1.2.tgz 3606ms (cache miss)
5727 http fetch GET 200 https://registry.npmjs.org/@radix-ui/react-primitive/-/react-primitive-2.1.3.tgz 3608ms (cache miss)
5728 http fetch GET 200 https://registry.npmjs.org/stream-json/-/stream-json-1.9.1.tgz 3740ms (cache miss)
5729 http fetch GET 200 https://registry.npmjs.org/@scure/base/-/base-1.2.6.tgz 3709ms (cache miss)
5730 http fetch GET 200 https://registry.npmjs.org/@jridgewell/resolve-uri/-/resolve-uri-3.1.2.tgz 3637ms (cache miss)
5731 http fetch GET 200 https://registry.npmjs.org/@babel/helper-string-parser/-/helper-string-parser-7.27.1.tgz 3635ms (cache miss)
5732 http fetch GET 200 https://registry.npmjs.org/@emotion/is-prop-valid/-/is-prop-valid-1.4.0.tgz 3638ms (cache miss)
5733 http fetch GET 200 https://registry.npmjs.org/@walletconnect/jsonrpc-provider/-/jsonrpc-provider-1.0.14.tgz 3721ms (cache miss)
5734 http fetch GET 200 https://registry.npmjs.org/picocolors/-/picocolors-1.1.1.tgz 3657ms (cache miss)
5735 http fetch GET 200 https://registry.npmjs.org/@emotion/unitless/-/unitless-0.10.0.tgz 3691ms (cache miss)
5736 http fetch GET 200 https://registry.npmjs.org/jsesc/-/jsesc-3.1.0.tgz 3692ms (cache miss)
5737 http fetch GET 200 https://registry.npmjs.org/@babel/code-frame/-/code-frame-7.29.0.tgz 3711ms (cache miss)
5738 http fetch GET 200 https://registry.npmjs.org/js-tokens/-/js-tokens-4.0.0.tgz 3737ms (cache miss)
5739 http fetch GET 200 https://registry.npmjs.org/find-root/-/find-root-1.1.0.tgz 3734ms (cache miss)
5740 http fetch GET 200 https://registry.npmjs.org/convert-source-map/-/convert-source-map-1.9.0.tgz 3735ms (cache miss)
5741 http fetch GET 200 https://registry.npmjs.org/ohash/-/ohash-2.0.11.tgz 3865ms (cache miss)
5742 http fetch GET 200 https://registry.npmjs.org/@babel/helper-globals/-/helper-globals-7.28.0.tgz 3767ms (cache miss)
5743 http fetch GET 200 https://registry.npmjs.org/@emotion/memoize/-/memoize-0.9.0.tgz 3764ms (cache miss)
5744 http fetch GET 200 https://registry.npmjs.org/@walletconnect/jsonrpc-http-connection/-/jsonrpc-http-connection-1.0.8.tgz 3878ms (cache miss)
5745 http fetch GET 200 https://registry.npmjs.org/commander/-/commander-14.0.2.tgz 3840ms (cache miss)
5746 http fetch GET 200 https://registry.npmjs.org/escape-string-regexp/-/escape-string-regexp-4.0.0.tgz 3792ms (cache miss)
5747 http fetch GET 200 https://registry.npmjs.org/@emotion/hash/-/hash-0.9.2.tgz 3791ms (cache miss)
5748 http fetch GET 200 https://registry.npmjs.org/@emotion/weak-memoize/-/weak-memoize-0.4.0.tgz 3791ms (cache miss)
5749 http fetch GET 200 https://registry.npmjs.org/@emotion/utils/-/utils-1.4.2.tgz 3790ms (cache miss)
5750 http fetch GET 200 https://registry.npmjs.org/debug/-/debug-4.4.3.tgz 3833ms (cache miss)
5751 http fetch GET 200 https://registry.npmjs.org/babel-plugin-macros/-/babel-plugin-macros-3.1.0.tgz 3822ms (cache miss)
5752 http fetch GET 200 https://registry.npmjs.org/@emotion/serialize/-/serialize-1.3.3.tgz 3816ms (cache miss)
5753 http fetch GET 200 https://registry.npmjs.org/@emotion/use-insertion-effect-with-fallbacks/-/use-insertion-effect-with-fallbacks-1.2.0.tgz 3820ms (cache miss)
5754 http fetch GET 200 https://registry.npmjs.org/uncrypto/-/uncrypto-0.1.3.tgz 3817ms (cache miss)
5755 http fetch GET 200 https://registry.npmjs.org/@radix-ui/react-presence/-/react-presence-1.1.4.tgz 3887ms (cache miss)
5756 http fetch GET 200 https://registry.npmjs.org/hoist-non-react-statics/-/hoist-non-react-statics-3.3.2.tgz 3864ms (cache miss)
5757 http fetch GET 200 https://registry.npmjs.org/axios-retry/-/axios-retry-4.5.0.tgz 3852ms (cache miss)
5758 http fetch GET 200 https://registry.npmjs.org/md5/-/md5-2.3.0.tgz 3877ms (cache miss)
5759 http fetch GET 200 https://registry.npmjs.org/idb-keyval/-/idb-keyval-6.2.1.tgz 3874ms (cache miss)
5760 http fetch GET 200 https://registry.npmjs.org/clsx/-/clsx-1.2.1.tgz 3872ms (cache miss)
5761 http fetch GET 200 https://registry.npmjs.org/@radix-ui/react-popper/-/react-popper-1.2.7.tgz 3946ms (cache miss)
5762 http fetch GET 200 https://registry.npmjs.org/@radix-ui/react-dismissable-layer/-/react-dismissable-layer-1.1.10.tgz 3961ms (cache miss)
5763 http fetch GET 200 https://registry.npmjs.org/mipd/-/mipd-0.0.7.tgz 3918ms (cache miss)
5764 http fetch GET 200 https://registry.npmjs.org/ora/-/ora-8.2.0.tgz 3920ms (cache miss)
5765 http fetch GET 200 https://registry.npmjs.org/@babel/helper-validator-identifier/-/helper-validator-identifier-7.28.5.tgz 3992ms (cache miss)
5766 http fetch GET 200 https://registry.npmjs.org/open/-/open-10.1.1.tgz 3953ms (cache miss)
5767 http fetch GET 200 https://registry.npmjs.org/@walletconnect/jsonrpc-ws-connection/-/jsonrpc-ws-connection-1.0.16.tgz 4085ms (cache miss)
5768 http fetch GET 200 https://registry.npmjs.org/@walletconnect/safe-json/-/safe-json-1.0.2.tgz 4092ms (cache miss)
5769 http fetch GET 200 https://registry.npmjs.org/@walletconnect/window-getters/-/window-getters-1.0.1.tgz 4097ms (cache miss)
5770 http fetch GET 200 https://registry.npmjs.org/@walletconnect/window-metadata/-/window-metadata-1.0.1.tgz 4144ms (cache miss)
5771 http fetch GET 200 https://registry.npmjs.org/undici-types/-/undici-types-7.21.0.tgz 4111ms (cache miss)
5772 http fetch GET 200 https://registry.npmjs.org/@radix-ui/react-focus-scope/-/react-focus-scope-1.1.7.tgz 4017ms (cache miss)
5773 http fetch GET 200 https://registry.npmjs.org/@metamask/json-rpc-middleware-stream/-/json-rpc-middleware-stream-7.0.2.tgz 4339ms (cache miss)
5774 http fetch GET 200 https://registry.npmjs.org/bundle-name/-/bundle-name-4.1.0.tgz 4086ms (cache miss)
5775 http fetch GET 200 https://registry.npmjs.org/eciesjs/-/eciesjs-0.4.17.tgz 4383ms (cache miss)
5776 http fetch GET 200 https://registry.npmjs.org/@adraffy/ens-normalize/-/ens-normalize-1.11.1.tgz 4335ms (cache miss)
5777 http fetch GET 200 https://registry.npmjs.org/@hey-api/client-fetch/-/client-fetch-0.10.0.tgz 4265ms (cache miss)
5778 http fetch GET 200 https://registry.npmjs.org/ws/-/ws-8.19.0.tgz 4256ms (cache miss)
5779 http fetch GET 200 https://registry.npmjs.org/@floating-ui/dom/-/dom-1.7.5.tgz 4243ms (cache miss)
5780 http fetch GET 200 https://registry.npmjs.org/@metamask/safe-event-emitter/-/safe-event-emitter-2.0.0.tgz 4164ms (cache miss)
5781 http fetch GET 200 https://registry.npmjs.org/uqr/-/uqr-0.1.2.tgz 4211ms (cache miss)
5782 warn deprecated @hey-api/client-fetch@0.10.0: Starting with v0.73.0, this package is bundled directly inside @hey-api/openapi-ts.
5783 http fetch GET 200 https://registry.npmjs.org/use-sync-external-store/-/use-sync-external-store-1.2.0.tgz 4226ms (cache miss)
5784 http fetch GET 200 https://registry.npmjs.org/pify/-/pify-5.0.0.tgz 4226ms (cache miss)
5785 http fetch GET 200 https://registry.npmjs.org/isows/-/isows-1.0.6.tgz 4293ms (cache miss)
5786 http fetch GET 200 https://registry.npmjs.org/bs58/-/bs58-6.0.0.tgz 4347ms (cache miss)
5787 http fetch GET 200 https://registry.npmjs.org/@floating-ui/core/-/core-1.7.4.tgz 4482ms (cache miss)
5788 http fetch GET 200 https://registry.npmjs.org/base-x/-/base-x-5.0.1.tgz 4415ms (cache miss)
5789 http fetch GET 200 https://registry.npmjs.org/eventemitter3/-/eventemitter3-5.0.1.tgz 4452ms (cache miss)
5790 http fetch GET 200 https://registry.npmjs.org/rpc-websockets/-/rpc-websockets-9.3.3.tgz 4570ms (cache miss)
5791 http fetch GET 200 https://registry.npmjs.org/@babel/helper-module-imports/-/helper-module-imports-7.28.6.tgz 4536ms (cache miss)
5792 http fetch GET 200 https://registry.npmjs.org/input-otp/-/input-otp-1.4.2.tgz 4543ms (cache miss)
5793 http fetch GET 200 https://registry.npmjs.org/@radix-ui/react-dialog/-/react-dialog-1.1.14.tgz 4635ms (cache miss)
5794 http fetch GET 200 https://registry.npmjs.org/tslib/-/tslib-2.8.1.tgz 4626ms (cache miss)
5795 http fetch GET 200 https://registry.npmjs.org/isows/-/isows-1.0.6.tgz 4610ms (cache miss)
5796 http fetch GET 200 https://registry.npmjs.org/bs58/-/bs58-6.0.0.tgz 4610ms (cache miss)
5797 http fetch GET 200 https://registry.npmjs.org/@radix-ui/react-tooltip/-/react-tooltip-1.2.7.tgz 4670ms (cache miss)
5798 http fetch GET 200 https://registry.npmjs.org/@scure/bip32/-/bip32-1.6.2.tgz 4642ms (cache miss)
5799 http fetch GET 200 https://registry.npmjs.org/events/-/events-3.3.0.tgz 4818ms (cache miss)
5800 http fetch GET 200 https://registry.npmjs.org/base-x/-/base-x-5.0.1.tgz 4709ms (cache miss)
5801 http fetch GET 200 https://registry.npmjs.org/@emotion/sheet/-/sheet-1.4.0.tgz 4809ms (cache miss)
5802 http fetch GET 200 https://registry.npmjs.org/isows/-/isows-1.0.6.tgz 4727ms (cache miss)
5803 http fetch GET 200 https://registry.npmjs.org/base-x/-/base-x-5.0.1.tgz 4726ms (cache miss)
5804 http fetch GET 200 https://registry.npmjs.org/@solana/plugin-core/-/plugin-core-5.5.1.tgz 4917ms (cache miss)
5805 http fetch GET 200 https://registry.npmjs.org/@walletconnect/relay-api/-/relay-api-1.0.11.tgz 4982ms (cache miss)
5806 http fetch GET 200 https://registry.npmjs.org/bs58/-/bs58-6.0.0.tgz 4827ms (cache miss)
5807 http fetch GET 200 https://registry.npmjs.org/string_decoder/-/string_decoder-1.1.1.tgz 4941ms (cache miss)
5808 http fetch GET 200 https://registry.npmjs.org/isarray/-/isarray-1.0.0.tgz 4939ms (cache miss)
5809 http fetch GET 200 https://registry.npmjs.org/@babel/template/-/template-7.28.6.tgz 5060ms (cache miss)
5810 http fetch GET 200 https://registry.npmjs.org/safe-buffer/-/safe-buffer-5.1.2.tgz 4966ms (cache miss)
5811 http fetch GET 200 https://registry.npmjs.org/isows/-/isows-1.0.6.tgz 5050ms (cache miss)
5812 http fetch GET 200 https://registry.npmjs.org/base-x/-/base-x-5.0.1.tgz 5049ms (cache miss)
5813 http fetch GET 200 https://registry.npmjs.org/stylis/-/stylis-4.2.0.tgz 5215ms (cache miss)
5814 http fetch GET 200 https://registry.npmjs.org/superstruct/-/superstruct-2.0.2.tgz 5321ms (cache miss)
5815 http fetch GET 200 https://registry.npmjs.org/bs58/-/bs58-6.0.0.tgz 5164ms (cache miss)
5816 http fetch GET 200 https://registry.npmjs.org/ms/-/ms-2.1.2.tgz 5185ms (cache miss)
5817 http fetch GET 200 https://registry.npmjs.org/@solana/rpc-spec/-/rpc-spec-5.5.1.tgz 5381ms (cache miss)
5818 http fetch GET 200 https://registry.npmjs.org/thread-stream/-/thread-stream-0.15.2.tgz 5559ms (cache miss)
5819 http fetch GET 200 https://registry.npmjs.org/@walletconnect/logger/-/logger-2.1.2.tgz 5467ms (cache miss)
5820 http fetch GET 200 https://registry.npmjs.org/@types/node/-/node-12.20.55.tgz 5522ms (cache miss)
5821 http fetch GET 200 https://registry.npmjs.org/debug/-/debug-4.3.4.tgz 5322ms (cache miss)
5822 http fetch GET 200 https://registry.npmjs.org/@walletconnect/heartbeat/-/heartbeat-1.2.2.tgz 5570ms (cache miss)
5823 http fetch GET 200 https://registry.npmjs.org/@scure/bip32/-/bip32-1.6.2.tgz 5444ms (cache miss)
5824 http fetch GET 200 https://registry.npmjs.org/is-unicode-supported/-/is-unicode-supported-1.3.0.tgz 5387ms (cache miss)
5825 http fetch GET 200 https://registry.npmjs.org/citty/-/citty-0.2.0.tgz 5388ms (cache miss)
5826 http fetch GET 200 https://registry.npmjs.org/confbox/-/confbox-0.2.4.tgz 5626ms (cache miss)
5827 http fetch GET 200 https://registry.npmjs.org/@walletconnect/events/-/events-1.0.1.tgz 5604ms (cache miss)
5828 http fetch GET 200 https://registry.npmjs.org/@scure/bip32/-/bip32-1.4.0.tgz 5449ms (cache miss)
5829 http fetch GET 200 https://registry.npmjs.org/bs58/-/bs58-6.0.0.tgz 5418ms (cache miss)
5830 http fetch GET 200 https://registry.npmjs.org/base-x/-/base-x-5.0.1.tgz 5419ms (cache miss)
5831 http fetch GET 200 https://registry.npmjs.org/toml/-/toml-3.0.0.tgz 5577ms (cache miss)
5832 http fetch GET 200 https://registry.npmjs.org/@types/ws/-/ws-8.18.1.tgz 5489ms (cache miss)
5833 http fetch GET 200 https://registry.npmjs.org/open/-/open-11.0.0.tgz 5572ms (cache miss)
5834 http fetch GET 200 https://registry.npmjs.org/commander/-/commander-2.20.3.tgz 5572ms (cache miss)
5835 http fetch GET 200 https://registry.npmjs.org/es6-promise/-/es6-promise-4.2.8.tgz 5889ms (cache miss)
5836 http fetch GET 200 https://registry.npmjs.org/@hey-api/shared/-/shared-0.1.2.tgz 5830ms (cache miss)
5837 http fetch GET 200 https://registry.npmjs.org/ws/-/ws-8.18.3.tgz 5723ms (cache miss)
5838 http fetch GET 200 https://registry.npmjs.org/lru-cache/-/lru-cache-11.2.5.tgz 5983ms (cache miss)
5839 http fetch GET 200 https://registry.npmjs.org/@solana/instructions/-/instructions-5.5.1.tgz 5831ms (cache miss)
5840 http fetch GET 200 https://registry.npmjs.org/@solana/subscribable/-/subscribable-5.5.1.tgz 5875ms (cache miss)
5841 http fetch GET 200 https://registry.npmjs.org/tslib/-/tslib-2.8.1.tgz 5725ms (cache miss)
5842 http fetch GET 200 https://registry.npmjs.org/@solana/fast-stable-stringify/-/fast-stable-stringify-2.3.0.tgz 5701ms (cache miss)
5843 http fetch GET 200 https://registry.npmjs.org/ws/-/ws-8.18.0.tgz 5799ms (cache miss)
5844 http fetch GET 200 https://registry.npmjs.org/@metamask/rpc-errors/-/rpc-errors-7.0.2.tgz 6084ms (cache miss)
5845 http fetch GET 200 https://registry.npmjs.org/@solana/rpc-spec/-/rpc-spec-2.3.0.tgz 5755ms (cache miss)
5846 http fetch GET 200 https://registry.npmjs.org/tslib/-/tslib-2.8.1.tgz 5802ms (cache miss)
5847 http fetch GET 200 https://registry.npmjs.org/@jridgewell/sourcemap-codec/-/sourcemap-codec-1.5.5.tgz 5947ms (cache miss)
5848 http fetch GET 200 https://registry.npmjs.org/@scure/bip32/-/bip32-1.6.2.tgz 5861ms (cache miss)
5849 http fetch GET 200 https://registry.npmjs.org/@solana/assertions/-/assertions-2.3.0.tgz 5810ms (cache miss)
5850 http fetch GET 200 https://registry.npmjs.org/@solana/rpc-spec-types/-/rpc-spec-types-2.3.0.tgz 5806ms (cache miss)
5851 http fetch GET 200 https://registry.npmjs.org/engine.io-parser/-/engine.io-parser-5.2.3.tgz 6206ms (cache miss)
5852 http fetch GET 200 https://registry.npmjs.org/signal-exit/-/signal-exit-4.1.0.tgz 6143ms (cache miss)
5853 http fetch GET 200 https://registry.npmjs.org/tslib/-/tslib-2.8.1.tgz 5848ms (cache miss)
5854 http fetch GET 200 https://registry.npmjs.org/tslib/-/tslib-2.8.1.tgz 5850ms (cache miss)
5855 http fetch GET 200 https://registry.npmjs.org/tslib/-/tslib-2.8.1.tgz 5874ms (cache miss)
5856 http fetch GET 200 https://registry.npmjs.org/tslib/-/tslib-2.8.1.tgz 5875ms (cache miss)
5857 http fetch GET 200 https://registry.npmjs.org/@solana/nominal-types/-/nominal-types-2.3.0.tgz 5856ms (cache miss)
5858 http fetch GET 200 https://registry.npmjs.org/@solana/rpc-subscriptions-channel-websocket/-/rpc-subscriptions-channel-websocket-2.3.0.tgz 5862ms (cache miss)
5859 http fetch GET 200 https://registry.npmjs.org/@solana/rpc-transport-http/-/rpc-transport-http-5.5.1.tgz 6054ms (cache miss)
5860 http fetch GET 200 https://registry.npmjs.org/@solana/keys/-/keys-2.3.0.tgz 5870ms (cache miss)
5861 http fetch GET 200 https://registry.npmjs.org/csstype/-/csstype-3.2.3.tgz 6039ms (cache miss)
5862 http fetch GET 200 https://registry.npmjs.org/@solana/functional/-/functional-2.3.0.tgz 5891ms (cache miss)
5863 http fetch GET 200 https://registry.npmjs.org/@solana/options/-/options-5.5.1.tgz 6094ms (cache miss)
5864 http fetch GET 200 https://registry.npmjs.org/ws/-/ws-8.18.0.tgz 5985ms (cache miss)
5865 http fetch GET 200 https://registry.npmjs.org/tslib/-/tslib-2.8.1.tgz 5932ms (cache miss)
5866 http fetch GET 200 https://registry.npmjs.org/@solana/instructions/-/instructions-2.3.0.tgz 5917ms (cache miss)
5867 http fetch GET 200 https://registry.npmjs.org/cosmiconfig/-/cosmiconfig-7.1.0.tgz 6195ms (cache miss)
5868 http fetch GET 200 https://registry.npmjs.org/tslib/-/tslib-2.8.1.tgz 5999ms (cache miss)
5869 http fetch GET 200 https://registry.npmjs.org/@solana/programs/-/programs-2.3.0.tgz 5989ms (cache miss)
5870 http fetch GET 200 https://registry.npmjs.org/@solana/keys/-/keys-5.5.1.tgz 6197ms (cache miss)
5871 http fetch GET 200 https://registry.npmjs.org/fuse.js/-/fuse.js-7.1.0.tgz 6129ms (cache miss)
5872 http fetch GET 200 https://registry.npmjs.org/ws/-/ws-8.18.0.tgz 6093ms (cache miss)
5873 http fetch GET 200 https://registry.npmjs.org/cross-fetch/-/cross-fetch-4.1.0.tgz 6062ms (cache miss)
5874 http fetch GET 200 https://registry.npmjs.org/@scure/bip32/-/bip32-1.6.2.tgz 6089ms (cache miss)
5875 http fetch GET 200 https://registry.npmjs.org/react/-/react-19.2.4.tgz 6164ms (cache miss)
5876 http fetch GET 200 https://registry.npmjs.org/@scure/base/-/base-1.1.9.tgz 6144ms (cache miss)
5877 http fetch GET 200 https://registry.npmjs.org/node-fetch-native/-/node-fetch-native-1.6.7.tgz 6400ms (cache miss)
5878 http fetch GET 200 https://registry.npmjs.org/chalk/-/chalk-5.6.2.tgz 6194ms (cache miss)
5879 http fetch GET 200 https://registry.npmjs.org/@solana/rpc-subscriptions-spec/-/rpc-subscriptions-spec-5.5.1.tgz 6374ms (cache miss)
5880 http fetch GET 200 https://registry.npmjs.org/commander/-/commander-14.0.3.tgz 6227ms (cache miss)
5881 http fetch GET 200 https://registry.npmjs.org/consola/-/consola-3.4.2.tgz 6476ms (cache miss)
5882 http fetch GET 200 https://registry.npmjs.org/@jridgewell/gen-mapping/-/gen-mapping-0.3.13.tgz 6366ms (cache miss)
5883 http fetch GET 200 https://registry.npmjs.org/@walletconnect/relay-auth/-/relay-auth-1.1.0.tgz 6443ms (cache miss)
5884 http fetch GET 200 https://registry.npmjs.org/ws/-/ws-8.18.0.tgz 6297ms (cache miss)
5885 http fetch GET 200 https://registry.npmjs.org/@walletconnect/environment/-/environment-1.0.1.tgz 6555ms (cache miss)
5886 http fetch GET 200 https://registry.npmjs.org/readable-stream/-/readable-stream-2.3.8.tgz 6417ms (cache miss)
5887 http fetch GET 200 https://registry.npmjs.org/node-mock-http/-/node-mock-http-1.0.4.tgz 6715ms (cache miss)
5888 http fetch GET 200 https://registry.npmjs.org/@ethereumjs/tx/-/tx-4.2.0.tgz 6741ms (cache miss)
5889 http fetch GET 200 https://registry.npmjs.org/ws/-/ws-7.5.10.tgz 6411ms (cache miss)
5890 http fetch GET 200 https://registry.npmjs.org/@emotion/babel-plugin/-/babel-plugin-11.13.5.tgz 6535ms (cache miss)
5891 http fetch GET 200 https://registry.npmjs.org/superstruct/-/superstruct-1.0.4.tgz 6494ms (cache miss)
5892 http fetch GET 200 https://registry.npmjs.org/superstruct/-/superstruct-1.0.4.tgz 6492ms (cache miss)
5893 http fetch GET 200 https://registry.npmjs.org/ws/-/ws-7.5.10.tgz 6431ms (cache miss)
5894 http fetch GET 200 https://registry.npmjs.org/jiti/-/jiti-2.6.1.tgz 6675ms (cache miss)
5895 http fetch GET 200 https://registry.npmjs.org/semver/-/semver-7.7.3.tgz 6654ms (cache miss)
5896 http fetch GET 200 https://registry.npmjs.org/@solana/rpc/-/rpc-5.5.1.tgz 6638ms (cache miss)
5897 http fetch GET 200 https://registry.npmjs.org/source-map/-/source-map-0.5.7.tgz 6602ms (cache miss)
5898 http fetch GET 200 https://registry.npmjs.org/@solana/transaction-confirmation/-/transaction-confirmation-5.5.1.tgz 6675ms (cache miss)
5899 http fetch GET 200 https://registry.npmjs.org/@metamask/json-rpc-engine/-/json-rpc-engine-7.3.3.tgz 6583ms (cache miss)
5900 http fetch GET 200 https://registry.npmjs.org/@solana/codecs/-/codecs-2.3.0.tgz 6508ms (cache miss)
5901 http fetch GET 200 https://registry.npmjs.org/ws/-/ws-8.18.2.tgz 6661ms (cache miss)
5902 http fetch GET 200 https://registry.npmjs.org/js-yaml/-/js-yaml-4.1.1.tgz 6919ms (cache miss)
5903 http fetch GET 200 https://registry.npmjs.org/@solana/promises/-/promises-2.3.0.tgz 6856ms (cache miss)
5904 http fetch GET 200 https://registry.npmjs.org/@solana/rpc-subscriptions-api/-/rpc-subscriptions-api-5.5.1.tgz 7048ms (cache miss)
5905 http fetch GET 200 https://registry.npmjs.org/@passwordless-id/webauthn/-/webauthn-2.3.1.tgz 6958ms (cache miss)
5906 http fetch GET 200 https://registry.npmjs.org/@solana/addresses/-/addresses-5.5.1.tgz 7055ms (cache miss)
5907 http fetch GET 200 https://registry.npmjs.org/ws/-/ws-8.18.3.tgz 6933ms (cache miss)
5908 http fetch GET 200 https://registry.npmjs.org/@gemini-wallet/core/-/core-0.3.2.tgz 7434ms (cache miss)
5909 http fetch GET 200 https://registry.npmjs.org/@solana/codecs-strings/-/codecs-strings-5.5.1.tgz 7276ms (cache miss)
5910 http fetch GET 200 https://registry.npmjs.org/zustand/-/zustand-5.0.3.tgz 7274ms (cache miss)
5911 http fetch GET 200 https://registry.npmjs.org/@emotion/cache/-/cache-11.14.0.tgz 7410ms (cache miss)
5912 http fetch GET 200 https://registry.npmjs.org/@babel/parser/-/parser-7.29.0.tgz 7452ms (cache miss)
5913 http fetch GET 200 https://registry.npmjs.org/@solana/subscribable/-/subscribable-2.3.0.tgz 7338ms (cache miss)
5914 http fetch GET 200 https://registry.npmjs.org/yaml/-/yaml-1.10.2.tgz 7606ms (cache miss)
5915 http fetch GET 200 https://registry.npmjs.org/keccak/-/keccak-3.0.4.tgz 7748ms (cache miss)
5916 http fetch GET 200 https://registry.npmjs.org/@solana/sysvars/-/sysvars-5.5.1.tgz 7565ms (cache miss)
5917 http fetch GET 200 https://registry.npmjs.org/@jsdevtools/ono/-/ono-7.1.3.tgz 7606ms (cache miss)
5918 http fetch GET 200 https://registry.npmjs.org/@solana/options/-/options-2.3.0.tgz 7408ms (cache miss)
5919 http fetch GET 200 https://registry.npmjs.org/jayson/-/jayson-4.3.0.tgz 7609ms (cache miss)
5920 http fetch GET 200 https://registry.npmjs.org/@jridgewell/trace-mapping/-/trace-mapping-0.3.31.tgz 7579ms (cache miss)
5921 http fetch GET 200 https://registry.npmjs.org/@metamask/rpc-errors/-/rpc-errors-6.4.0.tgz 7546ms (cache miss)
5922 http fetch GET 200 https://registry.npmjs.org/ethereum-cryptography/-/ethereum-cryptography-2.2.1.tgz 7857ms (cache miss)
5923 http fetch GET 200 https://registry.npmjs.org/@solana/rpc-transport-http/-/rpc-transport-http-2.3.0.tgz 7527ms (cache miss)
5924 http fetch GET 200 https://registry.npmjs.org/@ethereumjs/util/-/util-8.1.0.tgz 7924ms (cache miss)
5925 http fetch GET 200 https://registry.npmjs.org/crossws/-/crossws-0.3.5.tgz 7907ms (cache miss)
5926 http fetch GET 200 https://registry.npmjs.org/@scure/bip39/-/bip39-1.6.0.tgz 7857ms (cache miss)
5927 http fetch GET 200 https://registry.npmjs.org/@solana/accounts/-/accounts-5.5.1.tgz 7746ms (cache miss)
5928 http fetch GET 200 https://registry.npmjs.org/@solana/rpc-subscriptions/-/rpc-subscriptions-5.5.1.tgz 7808ms (cache miss)
5929 http fetch GET 200 https://registry.npmjs.org/@solana/instruction-plans/-/instruction-plans-5.5.1.tgz 7801ms (cache miss)
5930 http fetch GET 200 https://registry.npmjs.org/@solana/transactions/-/transactions-5.5.1.tgz 7815ms (cache miss)
5931 http fetch GET 200 https://registry.npmjs.org/node-addon-api/-/node-addon-api-2.0.2.tgz 8153ms (cache miss)
5932 http fetch GET 200 https://registry.npmjs.org/@metamask/rpc-errors/-/rpc-errors-6.4.0.tgz 7852ms (cache miss)
5933 http fetch GET 200 https://registry.npmjs.org/@solana/rpc-subscriptions-spec/-/rpc-subscriptions-spec-2.3.0.tgz 7846ms (cache miss)
5934 http fetch GET 200 https://registry.npmjs.org/zustand/-/zustand-5.0.0.tgz 7907ms (cache miss)
5935 http fetch GET 200 https://registry.npmjs.org/@solana/rpc-transformers/-/rpc-transformers-5.5.1.tgz 8077ms (cache miss)
5936 http fetch GET 200 https://registry.npmjs.org/@metamask/json-rpc-engine/-/json-rpc-engine-8.0.2.tgz 8284ms (cache miss)
5937 http fetch GET 200 https://registry.npmjs.org/@walletconnect/keyvaluestorage/-/keyvaluestorage-1.1.1.tgz 8164ms (cache miss)
5938 http fetch GET 200 https://registry.npmjs.org/@solana/rpc/-/rpc-2.3.0.tgz 7946ms (cache miss)
5939 http fetch GET 200 https://registry.npmjs.org/@solana/transaction-confirmation/-/transaction-confirmation-2.3.0.tgz 7955ms (cache miss)
5940 http fetch GET 200 https://registry.npmjs.org/yargs/-/yargs-15.4.1.tgz 8342ms (cache miss)
5941 http fetch GET 200 https://registry.npmjs.org/qrcode/-/qrcode-1.5.3.tgz 8177ms (cache miss)
5942 http fetch GET 200 https://registry.npmjs.org/@scure/bip39/-/bip39-1.3.0.tgz 8130ms (cache miss)
5943 http fetch GET 200 https://registry.npmjs.org/@solana/addresses/-/addresses-2.3.0.tgz 8068ms (cache miss)
5944 http fetch GET 200 https://registry.npmjs.org/@solana/rpc-parsed-types/-/rpc-parsed-types-2.3.0.tgz 8089ms (cache miss)
5945 http fetch GET 200 https://registry.npmjs.org/@solana/rpc-types/-/rpc-types-5.5.1.tgz 8320ms (cache miss)
5946 http fetch GET 200 https://registry.npmjs.org/uint8arrays/-/uint8arrays-3.1.1.tgz 8373ms (cache miss)
5947 http fetch GET 200 https://registry.npmjs.org/@metamask/utils/-/utils-5.0.2.tgz 8471ms (cache miss)
5948 http fetch GET 200 https://registry.npmjs.org/@metamask/utils/-/utils-5.0.2.tgz 8528ms (cache miss)
5949 http fetch GET 200 https://registry.npmjs.org/@solana/rpc-subscriptions-api/-/rpc-subscriptions-api-2.3.0.tgz 8460ms (cache miss)
5950 http fetch GET 200 https://registry.npmjs.org/@reown/appkit-wallet/-/appkit-wallet-1.7.8.tgz 8900ms (cache miss)
5951 http fetch GET 200 https://registry.npmjs.org/@metamask/rpc-errors/-/rpc-errors-6.4.0.tgz 8532ms (cache miss)
5952 http fetch GET 200 https://registry.npmjs.org/use-sidecar/-/use-sidecar-1.1.3.tgz 8877ms (cache miss)
5953 http fetch GET 200 https://registry.npmjs.org/uuid/-/uuid-8.3.2.tgz 9064ms (cache miss)
5954 http fetch GET 200 https://registry.npmjs.org/@solana/codecs-numbers/-/codecs-numbers-5.5.1.tgz 9010ms (cache miss)
5955 http fetch GET 200 https://registry.npmjs.org/@solana/codecs-strings/-/codecs-strings-2.3.0.tgz 8871ms (cache miss)
5956 http fetch GET 200 https://registry.npmjs.org/@babel/generator/-/generator-7.29.1.tgz 9085ms (cache miss)
5957 http fetch GET 200 https://registry.npmjs.org/@scure/bip39/-/bip39-1.5.4.tgz 9043ms (cache miss)
5958 http fetch GET 200 https://registry.npmjs.org/uint8arrays/-/uint8arrays-3.1.0.tgz 9086ms (cache miss)
5959 http fetch GET 200 https://registry.npmjs.org/@solana/accounts/-/accounts-2.3.0.tgz 9011ms (cache miss)
5960 http fetch GET 200 https://registry.npmjs.org/@wagmi/connectors/-/connectors-6.2.0.tgz 9389ms (cache miss)
5961 http fetch GET 200 https://registry.npmjs.org/@scure/bip39/-/bip39-1.5.4.tgz 9118ms (cache miss)
5962 http fetch GET 200 https://registry.npmjs.org/@scure/bip39/-/bip39-1.5.4.tgz 9113ms (cache miss)
5963 http fetch GET 200 https://registry.npmjs.org/@solana/sysvars/-/sysvars-2.3.0.tgz 9048ms (cache miss)
5964 http fetch GET 200 https://registry.npmjs.org/@metamask/superstruct/-/superstruct-3.2.1.tgz 9437ms (cache miss)
5965 http fetch GET 200 https://registry.npmjs.org/uint8arrays/-/uint8arrays-3.1.0.tgz 9167ms (cache miss)
5966 http fetch GET 200 https://registry.npmjs.org/@solana/transactions/-/transactions-2.3.0.tgz 9106ms (cache miss)
5967 http fetch GET 200 https://registry.npmjs.org/@safe-global/safe-gateway-typescript-sdk/-/safe-gateway-typescript-sdk-3.23.1.tgz 9480ms (cache miss)
5968 http fetch GET 200 https://registry.npmjs.org/zod/-/zod-3.22.4.tgz 9215ms (cache miss)
5969 http fetch GET 200 https://registry.npmjs.org/pngjs/-/pngjs-5.0.0.tgz 9457ms (cache miss)
5970 http fetch GET 200 https://registry.npmjs.org/@solana/codecs-core/-/codecs-core-5.5.1.tgz 9353ms (cache miss)
5971 http fetch GET 200 https://registry.npmjs.org/@solana/rpc-subscriptions/-/rpc-subscriptions-2.3.0.tgz 9184ms (cache miss)
5972 http fetch GET 200 https://registry.npmjs.org/@solana/errors/-/errors-5.5.1.tgz 9365ms (cache miss)
5973 http fetch GET 200 https://registry.npmjs.org/uint8arrays/-/uint8arrays-3.1.0.tgz 9252ms (cache miss)
5974 http fetch GET 200 https://registry.npmjs.org/@scure/bip39/-/bip39-1.5.4.tgz 9235ms (cache miss)
5975 http fetch GET 200 https://registry.npmjs.org/uint8arrays/-/uint8arrays-3.1.0.tgz 9374ms (cache miss)
5976 http fetch GET 200 https://registry.npmjs.org/@solana/rpc-transformers/-/rpc-transformers-2.3.0.tgz 9422ms (cache miss)
5977 http fetch GET 200 https://registry.npmjs.org/@solana/signers/-/signers-5.5.1.tgz 9618ms (cache miss)
5978 http fetch GET 200 https://registry.npmjs.org/socket.io-client/-/socket.io-client-4.8.3.tgz 10008ms (cache miss)
5979 http fetch GET 200 https://registry.npmjs.org/@solana/rpc-types/-/rpc-types-2.3.0.tgz 9699ms (cache miss)
5980 http fetch GET 200 https://registry.npmjs.org/@solana/codecs-numbers/-/codecs-numbers-2.3.0.tgz 9716ms (cache miss)
5981 http fetch GET 200 https://registry.npmjs.org/@solana/codecs-core/-/codecs-core-2.3.0.tgz 9764ms (cache miss)
5982 http fetch GET 200 https://registry.npmjs.org/@solana/codecs-numbers/-/codecs-numbers-2.3.0.tgz 9765ms (cache miss)
5983 http fetch GET 200 https://registry.npmjs.org/@noble/ciphers/-/ciphers-1.3.0.tgz 10026ms (cache miss)
5984 http fetch GET 200 https://registry.npmjs.org/@solana/errors/-/errors-2.3.0.tgz 9814ms (cache miss)
5985 http fetch GET 200 https://registry.npmjs.org/lit-element/-/lit-element-4.2.2.tgz 10219ms (cache miss)
5986 http fetch GET 200 https://registry.npmjs.org/@solana/codecs-data-structures/-/codecs-data-structures-5.5.1.tgz 10029ms (cache miss)
5987 http fetch GET 200 https://registry.npmjs.org/@solana/codecs-core/-/codecs-core-2.3.0.tgz 9852ms (cache miss)
5988 http fetch GET 200 https://registry.npmjs.org/@solana/errors/-/errors-2.3.0.tgz 9861ms (cache miss)
5989 http fetch GET 200 https://registry.npmjs.org/react-remove-scroll/-/react-remove-scroll-2.7.2.tgz 10034ms (cache miss)
5990 http fetch GET 200 https://registry.npmjs.org/brotli-wasm/-/brotli-wasm-3.0.1.tgz 10068ms (cache miss)
5991 http fetch GET 200 https://registry.npmjs.org/@solana/kit/-/kit-5.5.1.tgz 10141ms (cache miss)
5992 http fetch GET 200 https://registry.npmjs.org/@emotion/styled/-/styled-11.14.1.tgz 10153ms (cache miss)
5993 http fetch GET 200 https://registry.npmjs.org/uuid/-/uuid-9.0.1.tgz 10157ms (cache miss)
5994 http fetch GET 200 https://registry.npmjs.org/fast-stable-stringify/-/fast-stable-stringify-1.0.0.tgz 10276ms (cache miss)
5995 http fetch GET 200 https://registry.npmjs.org/@solana/signers/-/signers-2.3.0.tgz 10131ms (cache miss)
5996 http fetch GET 200 https://registry.npmjs.org/@walletconnect/types/-/types-2.21.8.tgz 10387ms (cache miss)
5997 http fetch GET 200 https://registry.npmjs.org/@walletconnect/jsonrpc-utils/-/jsonrpc-utils-1.0.8.tgz 10404ms (cache miss)
5998 http fetch GET 200 https://registry.npmjs.org/uuid/-/uuid-9.0.1.tgz 10336ms (cache miss)
5999 http fetch GET 200 https://registry.npmjs.org/uuid/-/uuid-9.0.1.tgz 10353ms (cache miss)
6000 http fetch GET 200 https://registry.npmjs.org/@walletconnect/utils/-/utils-2.21.0.tgz 10398ms (cache miss)
6001 http fetch GET 200 https://registry.npmjs.org/uuid/-/uuid-9.0.1.tgz 10378ms (cache miss)
6002 http fetch GET 200 https://registry.npmjs.org/uuid/-/uuid-9.0.1.tgz 10391ms (cache miss)
6003 http fetch GET 200 https://registry.npmjs.org/@walletconnect/utils/-/utils-2.21.8.tgz 10619ms (cache miss)
6004 http fetch GET 200 https://registry.npmjs.org/@walletconnect/utils/-/utils-2.21.0.tgz 10469ms (cache miss)
6005 http fetch GET 200 https://registry.npmjs.org/@solana/offchain-messages/-/offchain-messages-5.5.1.tgz 10585ms (cache miss)
6006 http fetch GET 200 https://registry.npmjs.org/@solana-program/compute-budget/-/compute-budget-0.8.0.tgz 10431ms (cache miss)
6007 http fetch GET 200 https://registry.npmjs.org/@walletconnect/utils/-/utils-2.21.0.tgz 10505ms (cache miss)
6008 http fetch GET 200 https://registry.npmjs.org/@babel/traverse/-/traverse-7.29.0.tgz 10592ms (cache miss)
6009 http fetch GET 200 https://registry.npmjs.org/@noble/ciphers/-/ciphers-1.2.1.tgz 10539ms (cache miss)
6010 http fetch GET 200 https://registry.npmjs.org/@solana/kit/-/kit-2.3.0.tgz 10457ms (cache miss)
6011 http fetch GET 200 https://registry.npmjs.org/@noble/ciphers/-/ciphers-1.2.1.tgz 10575ms (cache miss)
6012 http fetch GET 200 https://registry.npmjs.org/@noble/ciphers/-/ciphers-1.2.1.tgz 10591ms (cache miss)
6013 http fetch GET 200 https://registry.npmjs.org/@noble/ciphers/-/ciphers-1.2.1.tgz 10610ms (cache miss)
6014 http fetch GET 200 https://registry.npmjs.org/@walletconnect/utils/-/utils-2.21.1.tgz 10612ms (cache miss)
6015 http fetch GET 200 https://registry.npmjs.org/@solana/codecs-data-structures/-/codecs-data-structures-2.3.0.tgz 10596ms (cache miss)
6016 http fetch GET 200 https://registry.npmjs.org/@msgpack/msgpack/-/msgpack-3.1.2.tgz 10873ms (cache miss)
6017 http fetch GET 200 https://registry.npmjs.org/@solana/transaction-messages/-/transaction-messages-5.5.1.tgz 10847ms (cache miss)
6018 http fetch GET 200 https://registry.npmjs.org/@walletconnect/types/-/types-2.21.0.tgz 10798ms (cache miss)
6019 http fetch GET 200 https://registry.npmjs.org/@walletconnect/types/-/types-2.21.0.tgz 10829ms (cache miss)
6020 http fetch GET 200 https://registry.npmjs.org/@walletconnect/types/-/types-2.21.0.tgz 10827ms (cache miss)
6021 http fetch GET 200 https://registry.npmjs.org/@noble/hashes/-/hashes-1.4.0.tgz 10831ms (cache miss)
6022 http fetch GET 200 https://registry.npmjs.org/@hey-api/openapi-ts/-/openapi-ts-0.92.3.tgz 10986ms (cache miss)
6023 http fetch GET 200 https://registry.npmjs.org/@hey-api/json-schema-ref-parser/-/json-schema-ref-parser-1.2.4.tgz 11058ms (cache miss)
6024 http fetch GET 200 https://registry.npmjs.org/@noble/hashes/-/hashes-1.4.0.tgz 10885ms (cache miss)
6025 http fetch GET 200 https://registry.npmjs.org/@walletconnect/types/-/types-2.21.1.tgz 10918ms (cache miss)
6026 http fetch GET 200 https://registry.npmjs.org/@metamask/providers/-/providers-16.1.0.tgz 11310ms (cache miss)
6027 http fetch GET 200 https://registry.npmjs.org/resolve/-/resolve-1.22.11.tgz 11281ms (cache miss)
6028 http fetch GET 200 https://registry.npmjs.org/@walletconnect/ethereum-provider/-/ethereum-provider-2.21.1.tgz 11651ms (cache miss)
6029 warn deprecated @walletconnect/ethereum-provider@2.21.1: Reliability and performance improvements. See: https://github.com/WalletConnect/walletconnect-monorepo/releases
6030 http fetch GET 200 https://registry.npmjs.org/@walletconnect/sign-client/-/sign-client-2.21.0.tgz 11463ms (cache miss)
6031 warn deprecated @walletconnect/sign-client@2.21.0: Reliability and performance improvements. See: https://github.com/WalletConnect/walletconnect-monorepo/releases
6032 http fetch GET 200 https://registry.npmjs.org/@solana-program/system/-/system-0.10.0.tgz 11544ms (cache miss)
6033 http fetch GET 200 https://registry.npmjs.org/@walletconnect/sign-client/-/sign-client-2.21.0.tgz 11498ms (cache miss)
6034 http fetch GET 200 https://registry.npmjs.org/@solana/transaction-messages/-/transaction-messages-2.3.0.tgz 11432ms (cache miss)
6035 warn deprecated @walletconnect/sign-client@2.21.0: Reliability and performance improvements. See: https://github.com/WalletConnect/walletconnect-monorepo/releases
6036 http fetch GET 200 https://registry.npmjs.org/@walletconnect/sign-client/-/sign-client-2.21.0.tgz 11525ms (cache miss)
6037 warn deprecated @walletconnect/sign-client@2.21.0: Reliability and performance improvements. See: https://github.com/WalletConnect/walletconnect-monorepo/releases
6038 http fetch GET 200 https://registry.npmjs.org/@walletconnect/time/-/time-1.0.2.tgz 11738ms (cache miss)
6039 http fetch GET 200 https://registry.npmjs.org/@walletconnect/sign-client/-/sign-client-2.21.8.tgz 11639ms (cache miss)
6040 http fetch GET 200 https://registry.npmjs.org/@walletconnect/sign-client/-/sign-client-2.21.1.tgz 11588ms (cache miss)
6041 warn deprecated @walletconnect/sign-client@2.21.8: Reliability and performance improvements. See: https://github.com/WalletConnect/walletconnect-monorepo/releases
6042 warn deprecated @walletconnect/sign-client@2.21.1: Reliability and performance improvements. See: https://github.com/WalletConnect/walletconnect-monorepo/releases
6043 http fetch GET 200 https://registry.npmjs.org/@reown/appkit-utils/-/appkit-utils-1.7.8.tgz 11921ms (cache miss)
6044 http fetch GET 200 https://registry.npmjs.org/@ethereumjs/common/-/common-3.2.0.tgz 12142ms (cache miss)
6045 http fetch GET 200 https://registry.npmjs.org/@walletconnect/universal-provider/-/universal-provider-2.21.0.tgz 11890ms (cache miss)
6046 warn deprecated @walletconnect/universal-provider@2.21.0: Reliability and performance improvements. See: https://github.com/WalletConnect/walletconnect-monorepo/releases
6047 http fetch GET 200 https://registry.npmjs.org/@walletconnect/universal-provider/-/universal-provider-2.21.0.tgz 11913ms (cache miss)
6048 warn deprecated @walletconnect/universal-provider@2.21.0: Reliability and performance improvements. See: https://github.com/WalletConnect/walletconnect-monorepo/releases
6049 http fetch GET 200 https://registry.npmjs.org/@walletconnect/universal-provider/-/universal-provider-2.21.0.tgz 11969ms (cache miss)
6050 warn deprecated @walletconnect/universal-provider@2.21.0: Reliability and performance improvements. See: https://github.com/WalletConnect/walletconnect-monorepo/releases
6051 http fetch GET 200 https://registry.npmjs.org/axios/-/axios-1.13.4.tgz 12041ms (cache miss)
6052 http fetch GET 200 https://registry.npmjs.org/valtio/-/valtio-1.13.2.tgz 12306ms (cache miss)
6053 http fetch GET 200 https://registry.npmjs.org/@solana/rpc-api/-/rpc-api-5.5.1.tgz 12145ms (cache miss)
6054 http fetch GET 200 https://registry.npmjs.org/@walletconnect/universal-provider/-/universal-provider-2.21.1.tgz 12041ms (cache miss)
6055 warn deprecated @walletconnect/universal-provider@2.21.1: Reliability and performance improvements. See: https://github.com/WalletConnect/walletconnect-monorepo/releases
6056 http fetch GET 200 https://registry.npmjs.org/react-dom/-/react-dom-19.2.4.tgz 12176ms (cache miss)
6057 http fetch GET 200 https://registry.npmjs.org/@reown/appkit-common/-/appkit-common-1.7.8.tgz 12518ms (cache miss)
6058 http fetch GET 200 https://registry.npmjs.org/@noble/hashes/-/hashes-1.7.1.tgz 12292ms (cache miss)
6059 http fetch GET 200 https://registry.npmjs.org/@noble/hashes/-/hashes-1.7.1.tgz 12300ms (cache miss)
6060 http fetch GET 200 https://registry.npmjs.org/@noble/hashes/-/hashes-1.7.0.tgz 12267ms (cache miss)
6061 http fetch GET 200 https://registry.npmjs.org/@walletconnect/universal-provider/-/universal-provider-2.21.8.tgz 12360ms (cache miss)
6062 warn deprecated @walletconnect/universal-provider@2.21.8: Reliability and performance improvements. See: https://github.com/WalletConnect/walletconnect-monorepo/releases
6063 http fetch GET 200 https://registry.npmjs.org/unstorage/-/unstorage-1.17.4.tgz 12490ms (cache miss)
6064 http fetch GET 200 https://registry.npmjs.org/@noble/hashes/-/hashes-1.7.1.tgz 12328ms (cache miss)
6065 http fetch GET 200 https://registry.npmjs.org/@walletconnect/core/-/core-2.21.8.tgz 12512ms (cache miss)
6066 http fetch GET 200 https://registry.npmjs.org/@noble/hashes/-/hashes-1.7.1.tgz 12366ms (cache miss)
6067 http fetch GET 200 https://registry.npmjs.org/@metamask/utils/-/utils-11.9.0.tgz 12738ms (cache miss)
6068 http fetch GET 200 https://registry.npmjs.org/@noble/hashes/-/hashes-1.7.2.tgz 12491ms (cache miss)
6069 http fetch GET 200 https://registry.npmjs.org/@metamask/utils/-/utils-9.3.0.tgz 12485ms (cache miss)
6070 http fetch GET 200 https://registry.npmjs.org/@solana/rpc-api/-/rpc-api-2.3.0.tgz 12498ms (cache miss)
6071 http fetch GET 200 https://registry.npmjs.org/@metamask/utils/-/utils-9.3.0.tgz 12549ms (cache miss)
6072 http fetch GET 200 https://registry.npmjs.org/@metamask/utils/-/utils-8.5.0.tgz 12572ms (cache miss)
6073 http fetch GET 200 https://registry.npmjs.org/preact/-/preact-10.24.2.tgz 12634ms (cache miss)
6074 http fetch GET 200 https://registry.npmjs.org/@metamask/utils/-/utils-8.5.0.tgz 12588ms (cache miss)
6075 http fetch GET 200 https://registry.npmjs.org/@metamask/utils/-/utils-8.5.0.tgz 12629ms (cache miss)
6076 http fetch GET 200 https://registry.npmjs.org/@metamask/utils/-/utils-8.5.0.tgz 12600ms (cache miss)
6077 http fetch GET 200 https://registry.npmjs.org/@metamask/utils/-/utils-9.3.0.tgz 12635ms (cache miss)
6078 http fetch GET 200 https://registry.npmjs.org/@noble/hashes/-/hashes-1.8.0.tgz 12631ms (cache miss)
6079 http fetch GET 200 https://registry.npmjs.org/@walletconnect/core/-/core-2.21.0.tgz 12680ms (cache miss)
6080 http fetch GET 200 https://registry.npmjs.org/@walletconnect/core/-/core-2.21.0.tgz 12691ms (cache miss)
6081 http fetch GET 200 https://registry.npmjs.org/@noble/hashes/-/hashes-1.8.0.tgz 12687ms (cache miss)
6082 http fetch GET 200 https://registry.npmjs.org/@noble/hashes/-/hashes-1.8.0.tgz 12680ms (cache miss)
6083 http fetch GET 200 https://registry.npmjs.org/@walletconnect/core/-/core-2.21.0.tgz 12726ms (cache miss)
6084 http fetch GET 200 https://registry.npmjs.org/@noble/hashes/-/hashes-1.8.0.tgz 12707ms (cache miss)
6085 http fetch GET 200 https://registry.npmjs.org/@reown/appkit-pay/-/appkit-pay-1.7.8.tgz 13063ms (cache miss)
6086 http fetch GET 200 https://registry.npmjs.org/@noble/hashes/-/hashes-1.8.0.tgz 12712ms (cache miss)
6087 http fetch GET 200 https://registry.npmjs.org/@walletconnect/core/-/core-2.21.1.tgz 12750ms (cache miss)
6088 http fetch GET 200 https://registry.npmjs.org/@noble/hashes/-/hashes-1.8.0.tgz 12794ms (cache miss)
6089 http fetch GET 200 https://registry.npmjs.org/@noble/hashes/-/hashes-1.8.0.tgz 12790ms (cache miss)
6090 http fetch GET 200 https://registry.npmjs.org/@emotion/react/-/react-11.14.0.tgz 12911ms (cache miss)
6091 http fetch GET 200 https://registry.npmjs.org/engine.io-client/-/engine.io-client-6.6.4.tgz 13217ms (cache miss)
6092 http fetch GET 200 https://registry.npmjs.org/jose/-/jose-6.1.3.tgz 12976ms (cache miss)
6093 http fetch GET 200 https://registry.npmjs.org/@lit/reactive-element/-/reactive-element-2.1.2.tgz 13239ms (cache miss)
6094 http fetch GET 200 https://registry.npmjs.org/@metamask/sdk-install-modal-web/-/sdk-install-modal-web-0.32.1.tgz 13220ms (cache miss)
6095 http fetch GET 200 https://registry.npmjs.org/@noble/curves/-/curves-1.4.2.tgz 13012ms (cache miss)
6096 http fetch GET 200 https://registry.npmjs.org/@noble/curves/-/curves-1.8.1.tgz 13207ms (cache miss)
6097 http fetch GET 200 https://registry.npmjs.org/@noble/curves/-/curves-1.8.1.tgz 13214ms (cache miss)
6098 http fetch GET 200 https://registry.npmjs.org/@noble/curves/-/curves-1.8.1.tgz 13211ms (cache miss)
6099 http fetch GET 200 https://registry.npmjs.org/@noble/curves/-/curves-1.8.2.tgz 13253ms (cache miss)
6100 http fetch GET 200 https://registry.npmjs.org/@noble/curves/-/curves-1.8.1.tgz 13219ms (cache miss)
6101 http fetch GET 200 https://registry.npmjs.org/pino/-/pino-7.11.0.tgz 13439ms (cache miss)
6102 http fetch GET 200 https://registry.npmjs.org/@noble/curves/-/curves-1.8.0.tgz 13279ms (cache miss)
6103 http fetch GET 200 https://registry.npmjs.org/@thirdweb-dev/insight/-/insight-1.1.1.tgz 13522ms (cache miss)
6104 http fetch GET 200 https://registry.npmjs.org/@noble/curves/-/curves-1.9.1.tgz 13617ms (cache miss)
6105 http fetch GET 200 https://registry.npmjs.org/@noble/curves/-/curves-1.9.1.tgz 13651ms (cache miss)
6106 http fetch GET 200 https://registry.npmjs.org/@thirdweb-dev/engine/-/engine-3.4.0.tgz 13624ms (cache miss)
6107 http fetch GET 200 https://registry.npmjs.org/@noble/curves/-/curves-1.9.1.tgz 13636ms (cache miss)
6108 http fetch GET 200 https://registry.npmjs.org/@noble/curves/-/curves-1.9.2.tgz 13703ms (cache miss)
6109 http fetch GET 200 https://registry.npmjs.org/@noble/curves/-/curves-1.9.7.tgz 13746ms (cache miss)
6110 http fetch GET 200 https://registry.npmjs.org/@noble/curves/-/curves-1.9.7.tgz 13788ms (cache miss)
6111 http fetch GET 200 https://registry.npmjs.org/@solana-program/token/-/token-0.9.0.tgz 13937ms (cache miss)
6112 http fetch GET 200 https://registry.npmjs.org/@solana-program/token/-/token-0.5.1.tgz 13871ms (cache miss)
6113 http fetch GET 200 https://registry.npmjs.org/@babel/runtime/-/runtime-7.28.6.tgz 14053ms (cache miss)
6114 http fetch GET 200 https://registry.npmjs.org/lit/-/lit-3.3.0.tgz 14397ms (cache miss)
6115 http fetch GET 200 https://registry.npmjs.org/@solana/web3.js/-/web3.js-1.98.4.tgz 14231ms (cache miss)
6116 http fetch GET 200 https://registry.npmjs.org/@reown/appkit/-/appkit-1.7.8.tgz 14562ms (cache miss)
6117 http fetch GET 200 https://registry.npmjs.org/@babel/types/-/types-7.29.0.tgz 14376ms (cache miss)
6118 http fetch GET 200 https://registry.npmjs.org/multiformats/-/multiformats-9.9.0.tgz 14661ms (cache miss)
6119 http fetch GET 200 https://registry.npmjs.org/@safe-global/safe-apps-sdk/-/safe-apps-sdk-9.1.0.tgz 15168ms (cache miss)
6120 http fetch GET 200 https://registry.npmjs.org/@radix-ui/react-icons/-/react-icons-1.3.2.tgz 15187ms (cache miss)
6121 http fetch GET 200 https://registry.npmjs.org/@coinbase/wallet-sdk/-/wallet-sdk-3.9.3.tgz 15574ms (cache miss)
6122 http fetch GET 200 https://registry.npmjs.org/@swc/helpers/-/helpers-0.5.18.tgz 15842ms (cache miss)
6123 http fetch GET 200 https://registry.npmjs.org/x402/-/x402-0.7.0.tgz 16095ms (cache miss)
6124 http fetch GET 200 https://registry.npmjs.org/@types/lodash/-/lodash-4.17.23.tgz 16479ms (cache miss)
6125 http fetch GET 200 https://registry.npmjs.org/lit-html/-/lit-html-3.3.2.tgz 16632ms (cache miss)
6126 http fetch GET 200 https://registry.npmjs.org/@tanstack/query-core/-/query-core-5.81.5.tgz 16536ms (cache miss)
6127 http fetch GET 200 https://registry.npmjs.org/@tanstack/react-query/-/react-query-5.81.5.tgz 16715ms (cache miss)
6128 http fetch GET 200 https://registry.npmjs.org/abitype/-/abitype-1.0.8.tgz 16790ms (cache miss)
6129 http fetch GET 200 https://registry.npmjs.org/abitype/-/abitype-1.0.6.tgz 16797ms (cache miss)
6130 http fetch GET 200 https://registry.npmjs.org/abitype/-/abitype-1.1.0.tgz 16792ms (cache miss)
6131 http fetch GET 200 https://registry.npmjs.org/abitype/-/abitype-1.2.3.tgz 16898ms (cache miss)
6132 http fetch GET 200 https://registry.npmjs.org/dayjs/-/dayjs-1.11.13.tgz 17300ms (cache miss)
6133 http fetch GET 200 https://registry.npmjs.org/lodash/-/lodash-4.17.23.tgz 17262ms (cache miss)
6134 http fetch GET 200 https://registry.npmjs.org/typescript/-/typescript-5.9.3.tgz 17309ms (cache miss)
6135 http fetch GET 200 https://registry.npmjs.org/@coinbase/wallet-sdk/-/wallet-sdk-4.3.0.tgz 17294ms (cache miss)
6136 http fetch GET 200 https://registry.npmjs.org/@solana-program/token-2022/-/token-2022-0.4.2.tgz 17795ms (cache miss)
6137 http fetch GET 200 https://registry.npmjs.org/@reown/appkit-controllers/-/appkit-controllers-1.7.8.tgz 18368ms (cache miss)
6138 http fetch GET 200 https://registry.npmjs.org/wagmi/-/wagmi-2.19.5.tgz 19368ms (cache miss)
6139 http fetch GET 200 https://registry.npmjs.org/@coinbase/wallet-sdk/-/wallet-sdk-4.3.6.tgz 19538ms (cache miss)
6140 http fetch GET 200 https://registry.npmjs.org/zod/-/zod-3.25.75.tgz 20349ms (cache miss)
6141 http fetch GET 200 https://registry.npmjs.org/@base-org/account/-/account-2.4.0.tgz 20313ms (cache miss)
6142 http fetch GET 200 https://registry.npmjs.org/hono/-/hono-4.11.8.tgz 20873ms (cache miss)
6143 http fetch GET 200 https://registry.npmjs.org/zod/-/zod-4.3.6.tgz 21251ms (cache miss)
6144 http fetch GET 200 https://registry.npmjs.org/ox/-/ox-0.6.7.tgz 21307ms (cache miss)
6145 http fetch GET 200 https://registry.npmjs.org/ox/-/ox-0.6.7.tgz 21299ms (cache miss)
6146 http fetch GET 200 https://registry.npmjs.org/@base-org/account/-/account-2.5.0.tgz 21335ms (cache miss)
6147 http fetch GET 200 https://registry.npmjs.org/ox/-/ox-0.6.7.tgz 21324ms (cache miss)
6148 http fetch GET 200 https://registry.npmjs.org/ox/-/ox-0.7.0.tgz 21363ms (cache miss)
6149 http fetch GET 200 https://registry.npmjs.org/ox/-/ox-0.6.7.tgz 21298ms (cache miss)
6150 http fetch GET 200 https://registry.npmjs.org/ox/-/ox-0.6.9.tgz 21340ms (cache miss)
6151 http fetch GET 200 https://registry.npmjs.org/ox/-/ox-0.6.9.tgz 21336ms (cache miss)
6152 http fetch GET 200 https://registry.npmjs.org/ox/-/ox-0.7.1.tgz 21387ms (cache miss)
6153 http fetch GET 200 https://registry.npmjs.org/ox/-/ox-0.9.6.tgz 21802ms (cache miss)
6154 http fetch GET 200 https://registry.npmjs.org/ox/-/ox-0.9.17.tgz 22038ms (cache miss)
6155 http fetch GET 200 https://registry.npmjs.org/@coinbase/cdp-sdk/-/cdp-sdk-1.44.0.tgz 22240ms (cache miss)
6156 http fetch GET 200 https://registry.npmjs.org/@wagmi/core/-/core-2.22.1.tgz 22766ms (cache miss)
6157 http fetch GET 200 https://registry.npmjs.org/porto/-/porto-0.2.35.tgz 23132ms (cache miss)
6158 http fetch GET 200 https://registry.npmjs.org/es-toolkit/-/es-toolkit-1.33.0.tgz 24202ms (cache miss)
6159 http fetch GET 200 https://registry.npmjs.org/es-toolkit/-/es-toolkit-1.33.0.tgz 24217ms (cache miss)
6160 http fetch GET 200 https://registry.npmjs.org/es-toolkit/-/es-toolkit-1.33.0.tgz 24233ms (cache miss)
6161 http fetch GET 200 https://registry.npmjs.org/es-toolkit/-/es-toolkit-1.33.0.tgz 24221ms (cache miss)
6162 http fetch GET 200 https://registry.npmjs.org/@reown/appkit-scaffold-ui/-/appkit-scaffold-ui-1.7.8.tgz 24942ms (cache miss)
6163 http fetch GET 200 https://registry.npmjs.org/@reown/appkit-ui/-/appkit-ui-1.7.8.tgz 26080ms (cache miss)
6164 http fetch GET 200 https://registry.npmjs.org/@metamask/sdk-communication-layer/-/sdk-communication-layer-0.33.1.tgz 26134ms (cache miss)
6165 http fetch GET 200 https://registry.npmjs.org/es-toolkit/-/es-toolkit-1.39.3.tgz 28022ms (cache miss)
6166 http fetch GET 200 https://registry.npmjs.org/@metamask/sdk/-/sdk-0.33.1.tgz 29068ms (cache miss)
6167 http fetch GET 200 https://registry.npmjs.org/date-fns/-/date-fns-2.30.0.tgz 34433ms (cache miss)
6168 http fetch GET 200 https://registry.npmjs.org/viem/-/viem-2.23.2.tgz 41459ms (cache miss)
6169 http fetch GET 200 https://registry.npmjs.org/viem/-/viem-2.23.2.tgz 41511ms (cache miss)
6170 http fetch GET 200 https://registry.npmjs.org/viem/-/viem-2.23.2.tgz 41556ms (cache miss)
6171 http fetch GET 200 https://registry.npmjs.org/viem/-/viem-2.23.2.tgz 41562ms (cache miss)
6172 http fetch GET 200 https://registry.npmjs.org/viem/-/viem-2.31.0.tgz 42205ms (cache miss)
6173 http fetch GET 200 https://registry.npmjs.org/viem/-/viem-2.39.0.tgz 42843ms (cache miss)
6174 http fetch GET 200 https://registry.npmjs.org/thirdweb/-/thirdweb-5.118.1.tgz 117429ms (cache miss)
6175 info run bufferutil@4.1.0 install node_modules/bufferutil node-gyp-build
6176 info run keccak@3.0.4 install node_modules/keccak node-gyp-build || exit 0
6177 info run utf-8-validate@5.0.10 install node_modules/utf-8-validate node-gyp-build
6178 info run utf-8-validate@5.0.10 install { code: 1, signal: null }
6179 info run bufferutil@4.1.0 install { code: 1, signal: null }
6180 info run keccak@3.0.4 install { code: 0, signal: null }
6181 silly unfinished npm timer reify 1770419129116
6182 silly unfinished npm timer reify:build 1770419312639
6183 silly unfinished npm timer build 1770419312642
6184 silly unfinished npm timer build:deps 1770419312643
6185 silly unfinished npm timer build:run:install 1770419312699
6186 silly unfinished npm timer build:run:install:node_modules/bufferutil 1770419312699
6187 silly unfinished npm timer build:run:install:node_modules/utf-8-validate 1770419312828
6188 verbose cwd /data/data/com.termux/files/home
6189 verbose os Linux 6.6.98-android15-8-g4b48560cd07d-ab14239520-4k
6190 verbose node v25.3.0
6191 verbose npm  v11.9.0
6192 verbose exit 1
6193 verbose code 1
