0 verbose cli /data/data/com.termux/files/usr/bin/node /data/data/com.termux/files/usr/bin/npm
1 info using npm@11.9.0
2 info using node@v25.3.0
3 silly config load:file:/data/data/com.termux/files/usr/lib/node_modules/npm/npmrc
4 silly config load:file:/data/data/com.termux/files/home/.npmrc
5 silly config load:file:/data/data/com.termux/files/usr/etc/npmrc
6 verbose title npm install firebase-tools
7 verbose argv "install" "--global" "firebase-tools"
8 verbose logfile logs-max:10 dir:/data/data/com.termux/files/home/.npm/_logs/2026-02-08T17_27_25_887Z-
9 verbose logfile /data/data/com.termux/files/home/.npm/_logs/2026-02-08T17_27_25_887Z-debug-0.log
10 silly packumentCache heap:2248146944 maxSize:562036736 maxEntrySize:281018368
11 silly logfile done cleaning log files
12 silly idealTree buildDeps
13 silly fetch manifest firebase-tools@*
14 silly packumentCache full:https://registry.npmjs.org/firebase-tools cache-miss
15 http fetch GET 200 https://registry.npmjs.org/firebase-tools 475ms (cache miss)
16 silly packumentCache full:https://registry.npmjs.org/firebase-tools set size:undefined disposed:false
17 silly placeDep ROOT firebase-tools@15.5.1 OK for:  want: *
18 silly fetch manifest @apphosting/build@^0.1.6
19 silly packumentCache full:https://registry.npmjs.org/@apphosting%2fbuild cache-miss
20 silly fetch manifest @apphosting/common@^0.0.8
21 silly packumentCache full:https://registry.npmjs.org/@apphosting%2fcommon cache-miss
22 silly fetch manifest @electric-sql/pglite@^0.3.3
23 silly packumentCache full:https://registry.npmjs.org/@electric-sql%2fpglite cache-miss
24 silly fetch manifest @electric-sql/pglite-tools@^0.2.8
25 silly packumentCache full:https://registry.npmjs.org/@electric-sql%2fpglite-tools cache-miss
26 silly fetch manifest @google-cloud/cloud-sql-connector@^1.3.3
27 silly packumentCache full:https://registry.npmjs.org/@google-cloud%2fcloud-sql-connector cache-miss
28 silly fetch manifest @google-cloud/pubsub@^5.2.0
29 silly packumentCache full:https://registry.npmjs.org/@google-cloud%2fpubsub cache-miss
30 http fetch GET 200 https://registry.npmjs.org/@electric-sql%2fpglite-tools 134ms (cache miss)
31 silly packumentCache full:https://registry.npmjs.org/@electric-sql%2fpglite-tools set size:undefined disposed:false
32 silly fetch manifest @inquirer/prompts@^7.10.1
33 silly packumentCache full:https://registry.npmjs.org/@inquirer%2fprompts cache-miss
34 http fetch GET 200 https://registry.npmjs.org/@electric-sql%2fpglite 197ms (cache revalidated)
35 silly packumentCache full:https://registry.npmjs.org/@electric-sql%2fpglite set size:263020 disposed:false
36 silly fetch manifest @modelcontextprotocol/sdk@^1.24.0
37 silly packumentCache full:https://registry.npmjs.org/@modelcontextprotocol%2fsdk cache-miss
38 http fetch GET 200 https://registry.npmjs.org/@apphosting%2fbuild 264ms (cache miss)
39 silly packumentCache full:https://registry.npmjs.org/@apphosting%2fbuild set size:undefined disposed:false
40 silly fetch manifest abort-controller@^3.0.0
41 silly packumentCache full:https://registry.npmjs.org/abort-controller cache-miss
42 http fetch GET 200 https://registry.npmjs.org/@inquirer%2fprompts 142ms (cache miss)
43 silly packumentCache full:https://registry.npmjs.org/@inquirer%2fprompts set size:undefined disposed:false
44 silly fetch manifest ajv@^8.17.1
45 silly packumentCache full:https://registry.npmjs.org/ajv cache-miss
46 http fetch GET 200 https://registry.npmjs.org/abort-controller 53ms (cache miss)
47 silly packumentCache full:https://registry.npmjs.org/abort-controller set size:undefined disposed:false
48 silly fetch manifest ajv-formats@3.0.1
49 silly packumentCache full:https://registry.npmjs.org/ajv-formats cache-miss
50 http fetch GET 200 https://registry.npmjs.org/@apphosting%2fcommon 331ms (cache miss)
51 silly packumentCache full:https://registry.npmjs.org/@apphosting%2fcommon set size:undefined disposed:false
52 silly fetch manifest archiver@^7.0.0
53 silly packumentCache full:https://registry.npmjs.org/archiver cache-miss
54 http fetch GET 200 https://registry.npmjs.org/@modelcontextprotocol%2fsdk 130ms (cache miss)
55 silly packumentCache full:https://registry.npmjs.org/@modelcontextprotocol%2fsdk set size:undefined disposed:false
56 silly fetch manifest async-lock@1.4.1
57 silly packumentCache full:https://registry.npmjs.org/async-lock cache-miss
58 http fetch GET 200 https://registry.npmjs.org/ajv 79ms (cache revalidated)
59 silly packumentCache full:https://registry.npmjs.org/ajv set size:1126055 disposed:false
60 silly fetch manifest body-parser@^1.19.0
61 silly packumentCache full:https://registry.npmjs.org/body-parser cache-miss
62 http fetch GET 200 https://registry.npmjs.org/@google-cloud%2fpubsub 403ms (cache miss)
63 silly packumentCache full:https://registry.npmjs.org/@google-cloud%2fpubsub set size:undefined disposed:false
64 silly fetch manifest chokidar@^3.6.0
65 silly packumentCache full:https://registry.npmjs.org/chokidar cache-miss
66 http fetch GET 200 https://registry.npmjs.org/ajv-formats 119ms (cache miss)
67 silly packumentCache full:https://registry.npmjs.org/ajv-formats set size:undefined disposed:false
68 silly fetch manifest cjson@^0.3.1
69 silly packumentCache full:https://registry.npmjs.org/cjson cache-miss
70 http fetch GET 200 https://registry.npmjs.org/archiver 132ms (cache miss)
71 silly packumentCache full:https://registry.npmjs.org/archiver set size:undefined disposed:false
72 silly fetch manifest cli-table3@0.6.5
73 silly packumentCache full:https://registry.npmjs.org/cli-table3 cache-miss
74 http fetch GET 200 https://registry.npmjs.org/body-parser 88ms (cache miss)
75 silly packumentCache full:https://registry.npmjs.org/body-parser set size:undefined disposed:false
76 silly fetch manifest colorette@^2.0.19
77 silly packumentCache full:https://registry.npmjs.org/colorette cache-miss
78 http fetch GET 200 https://registry.npmjs.org/async-lock 148ms (cache miss)
79 silly packumentCache full:https://registry.npmjs.org/async-lock set size:undefined disposed:false
80 silly fetch manifest commander@^5.1.0
81 silly packumentCache full:https://registry.npmjs.org/commander cache-miss
82 http fetch GET 200 https://registry.npmjs.org/@google-cloud%2fcloud-sql-connector 499ms (cache miss)
83 silly packumentCache full:https://registry.npmjs.org/@google-cloud%2fcloud-sql-connector set size:undefined disposed:false
84 silly fetch manifest configstore@^5.0.1
85 silly packumentCache full:https://registry.npmjs.org/configstore cache-miss
86 http fetch GET 200 https://registry.npmjs.org/chokidar 91ms (cache revalidated)
87 silly packumentCache full:https://registry.npmjs.org/chokidar set size:255902 disposed:false
88 silly fetch manifest cors@^2.8.5
89 silly packumentCache full:https://registry.npmjs.org/cors cache-miss
90 http fetch GET 200 https://registry.npmjs.org/cli-table3 71ms (cache revalidated)
91 silly packumentCache full:https://registry.npmjs.org/cli-table3 set size:40139 disposed:false
92 silly fetch manifest cross-env@^7.0.3
93 silly packumentCache full:https://registry.npmjs.org/cross-env cache-miss
94 http fetch GET 200 https://registry.npmjs.org/colorette 67ms (cache miss)
95 silly packumentCache full:https://registry.npmjs.org/colorette set size:undefined disposed:false
96 silly fetch manifest cross-spawn@^7.0.5
97 silly packumentCache full:https://registry.npmjs.org/cross-spawn cache-miss
98 http fetch GET 200 https://registry.npmjs.org/configstore 64ms (cache miss)
99 silly packumentCache full:https://registry.npmjs.org/configstore set size:undefined disposed:false
100 silly fetch manifest csv-parse@^5.0.4
101 silly packumentCache full:https://registry.npmjs.org/csv-parse cache-miss
102 http fetch GET 200 https://registry.npmjs.org/commander 76ms (cache revalidated)
103 silly packumentCache full:https://registry.npmjs.org/commander set size:348500 disposed:false
104 silly fetch manifest deep-equal-in-any-order@^2.0.6
105 silly packumentCache full:https://registry.npmjs.org/deep-equal-in-any-order cache-miss
106 http fetch GET 200 https://registry.npmjs.org/cors 83ms (cache miss)
107 silly packumentCache full:https://registry.npmjs.org/cors set size:undefined disposed:false
108 silly fetch manifest exegesis@^4.2.0
109 silly packumentCache full:https://registry.npmjs.org/exegesis cache-miss
110 http fetch GET 200 https://registry.npmjs.org/cjson 173ms (cache miss)
111 silly packumentCache full:https://registry.npmjs.org/cjson set size:undefined disposed:false
112 silly fetch manifest exegesis-express@^4.0.0
113 silly packumentCache full:https://registry.npmjs.org/exegesis-express cache-miss
114 http fetch GET 200 https://registry.npmjs.org/cross-env 92ms (cache miss)
115 silly packumentCache full:https://registry.npmjs.org/cross-env set size:undefined disposed:false
116 silly fetch manifest express@^4.16.4
117 silly packumentCache full:https://registry.npmjs.org/express cache-miss
118 http fetch GET 200 https://registry.npmjs.org/cross-spawn 87ms (cache revalidated)
119 silly packumentCache full:https://registry.npmjs.org/cross-spawn set size:109066 disposed:false
120 silly fetch manifest filesize@^6.1.0
121 silly packumentCache full:https://registry.npmjs.org/filesize cache-miss
122 http fetch GET 200 https://registry.npmjs.org/csv-parse 103ms (cache miss)
123 silly packumentCache full:https://registry.npmjs.org/csv-parse set size:undefined disposed:false
124 silly fetch manifest form-data@^4.0.1
125 silly packumentCache full:https://registry.npmjs.org/form-data cache-miss
126 http fetch GET 200 https://registry.npmjs.org/express 63ms (cache revalidated)
127 silly packumentCache full:https://registry.npmjs.org/express set size:801222 disposed:false
128 silly fetch manifest fs-extra@^10.1.0
129 silly packumentCache full:https://registry.npmjs.org/fs-extra cache-miss
130 http fetch GET 200 https://registry.npmjs.org/filesize 89ms (cache miss)
131 silly packumentCache full:https://registry.npmjs.org/filesize set size:undefined disposed:false
132 silly fetch manifest fuzzy@^0.1.3
133 silly packumentCache full:https://registry.npmjs.org/fuzzy cache-miss
134 http fetch GET 200 https://registry.npmjs.org/deep-equal-in-any-order 178ms (cache miss)
135 silly packumentCache full:https://registry.npmjs.org/deep-equal-in-any-order set size:undefined disposed:false
136 silly fetch manifest gaxios@^6.7.0
137 silly packumentCache full:https://registry.npmjs.org/gaxios cache-miss
138 http fetch GET 200 https://registry.npmjs.org/form-data 85ms (cache revalidated)
139 silly packumentCache full:https://registry.npmjs.org/form-data set size:153646 disposed:false
140 silly fetch manifest glob@^10.5.0
141 silly packumentCache full:https://registry.npmjs.org/glob cache-miss
142 http fetch GET 200 https://registry.npmjs.org/exegesis-express 169ms (cache miss)
143 silly packumentCache full:https://registry.npmjs.org/exegesis-express set size:undefined disposed:false
144 silly fetch manifest google-auth-library@^9.11.0
145 silly packumentCache full:https://registry.npmjs.org/google-auth-library cache-miss
146 http fetch GET 200 https://registry.npmjs.org/fuzzy 56ms (cache miss)
147 silly packumentCache full:https://registry.npmjs.org/fuzzy set size:undefined disposed:false
148 silly fetch manifest ignore@^7.0.4
149 silly packumentCache full:https://registry.npmjs.org/ignore cache-miss
150 http fetch GET 200 https://registry.npmjs.org/exegesis 208ms (cache miss)
151 silly packumentCache full:https://registry.npmjs.org/exegesis set size:undefined disposed:false
152 silly fetch manifest js-yaml@^3.14.2
153 silly packumentCache full:https://registry.npmjs.org/js-yaml cache-miss
154 http fetch GET 200 https://registry.npmjs.org/fs-extra 97ms (cache miss)
155 silly packumentCache full:https://registry.npmjs.org/fs-extra set size:undefined disposed:false
156 silly fetch manifest jsonwebtoken@^9.0.2
157 silly packumentCache full:https://registry.npmjs.org/jsonwebtoken cache-miss
158 http fetch GET 200 https://registry.npmjs.org/glob 76ms (cache revalidated)
159 silly packumentCache full:https://registry.npmjs.org/glob set size:452622 disposed:false
160 silly fetch manifest leven@^3.1.0
161 silly packumentCache full:https://registry.npmjs.org/leven cache-miss
162 http fetch GET 200 https://registry.npmjs.org/ignore 65ms (cache miss)
163 silly packumentCache full:https://registry.npmjs.org/ignore set size:undefined disposed:false
164 silly fetch manifest libsodium-wrappers@^0.7.10
165 silly packumentCache full:https://registry.npmjs.org/libsodium-wrappers cache-miss
166 http fetch GET 200 https://registry.npmjs.org/gaxios 120ms (cache miss)
167 silly packumentCache full:https://registry.npmjs.org/gaxios set size:undefined disposed:false
168 silly fetch manifest lodash@^4.17.21
169 silly packumentCache full:https://registry.npmjs.org/lodash cache-miss
170 http fetch GET 200 https://registry.npmjs.org/js-yaml 77ms (cache revalidated)
171 silly packumentCache full:https://registry.npmjs.org/js-yaml set size:152232 disposed:false
172 silly fetch manifest lsofi@1.0.0
173 silly packumentCache full:https://registry.npmjs.org/lsofi cache-miss
174 http fetch GET 200 https://registry.npmjs.org/leven 56ms (cache miss)
175 silly packumentCache full:https://registry.npmjs.org/leven set size:undefined disposed:false
176 silly fetch manifest marked@^13.0.2
177 silly packumentCache full:https://registry.npmjs.org/marked cache-miss
178 http fetch GET 200 https://registry.npmjs.org/google-auth-library 135ms (cache miss)
179 silly packumentCache full:https://registry.npmjs.org/google-auth-library set size:undefined disposed:false
180 silly fetch manifest marked-terminal@^7.0.0
181 silly packumentCache full:https://registry.npmjs.org/marked-terminal cache-miss
182 http fetch GET 200 https://registry.npmjs.org/lodash 61ms (cache revalidated)
183 silly packumentCache full:https://registry.npmjs.org/lodash set size:244244 disposed:false
184 silly fetch manifest mime@^2.5.2
185 silly packumentCache full:https://registry.npmjs.org/mime cache-miss
186 http fetch GET 200 https://registry.npmjs.org/jsonwebtoken 137ms (cache miss)
187 silly packumentCache full:https://registry.npmjs.org/jsonwebtoken set size:undefined disposed:false
188 silly fetch manifest minimatch@^3.0.4
189 silly packumentCache full:https://registry.npmjs.org/minimatch cache-miss
190 http fetch GET 200 https://registry.npmjs.org/marked-terminal 42ms (cache miss)
191 silly packumentCache full:https://registry.npmjs.org/marked-terminal set size:undefined disposed:false
192 silly fetch manifest morgan@^1.10.0
193 silly packumentCache full:https://registry.npmjs.org/morgan cache-miss
194 http fetch GET 200 https://registry.npmjs.org/marked 75ms (cache miss)
195 silly packumentCache full:https://registry.npmjs.org/marked set size:undefined disposed:false
196 silly fetch manifest node-fetch@^2.6.7
197 silly packumentCache full:https://registry.npmjs.org/node-fetch cache-miss
198 http fetch GET 200 https://registry.npmjs.org/minimatch 51ms (cache revalidated)
199 silly packumentCache full:https://registry.npmjs.org/minimatch set size:306302 disposed:false
200 silly fetch manifest open@^6.3.0
201 silly packumentCache full:https://registry.npmjs.org/open cache-miss
202 http fetch GET 200 https://registry.npmjs.org/mime 68ms (cache miss)
203 silly packumentCache full:https://registry.npmjs.org/mime set size:undefined disposed:false
204 silly fetch manifest ora@^5.4.1
205 silly packumentCache full:https://registry.npmjs.org/ora cache-miss
206 http fetch GET 200 https://registry.npmjs.org/libsodium-wrappers 163ms (cache miss)
207 silly packumentCache full:https://registry.npmjs.org/libsodium-wrappers set size:undefined disposed:false
208 silly fetch manifest p-limit@^3.0.1
209 silly packumentCache full:https://registry.npmjs.org/p-limit cache-miss
210 http fetch GET 200 https://registry.npmjs.org/node-fetch 66ms (cache revalidated)
211 silly packumentCache full:https://registry.npmjs.org/node-fetch set size:896010 disposed:false
212 silly fetch manifest pg@^8.11.3
213 silly packumentCache full:https://registry.npmjs.org/pg cache-miss
214 http fetch GET 200 https://registry.npmjs.org/open 77ms (cache revalidated)
215 silly packumentCache full:https://registry.npmjs.org/open set size:136392 disposed:false
216 silly fetch manifest pg-gateway@^0.3.0-beta.4
217 silly packumentCache full:https://registry.npmjs.org/pg-gateway cache-miss
218 http fetch GET 200 https://registry.npmjs.org/ora 81ms (cache revalidated)
219 silly packumentCache full:https://registry.npmjs.org/ora set size:142374 disposed:false
220 silly fetch manifest pglite-2@npm:@electric-sql/pglite@0.2.17
221 silly packumentCache full:https://registry.npmjs.org/@electric-sql%2fpglite cache-hit
222 silly fetch manifest portfinder@^1.0.32
223 silly packumentCache full:https://registry.npmjs.org/portfinder cache-miss
224 http fetch GET 200 https://registry.npmjs.org/p-limit 80ms (cache revalidated)
225 silly packumentCache full:https://registry.npmjs.org/p-limit set size:61867 disposed:false
226 silly fetch manifest progress@^2.0.3
227 silly packumentCache full:https://registry.npmjs.org/progress cache-miss
228 http fetch GET 200 https://registry.npmjs.org/morgan 149ms (cache miss)
229 silly packumentCache full:https://registry.npmjs.org/morgan set size:undefined disposed:false
230 silly fetch manifest proxy-agent@^6.3.0
231 silly packumentCache full:https://registry.npmjs.org/proxy-agent cache-miss
232 http fetch GET 200 https://registry.npmjs.org/lsofi 240ms (cache miss)
233 silly packumentCache full:https://registry.npmjs.org/lsofi set size:undefined disposed:false
234 silly fetch manifest retry@^0.13.1
235 silly packumentCache full:https://registry.npmjs.org/retry cache-miss
236 http fetch GET 200 https://registry.npmjs.org/portfinder 42ms (cache miss)
237 silly packumentCache full:https://registry.npmjs.org/portfinder set size:undefined disposed:false
238 silly fetch manifest semver@^7.5.2
239 silly packumentCache full:https://registry.npmjs.org/semver cache-miss
240 http fetch GET 200 https://registry.npmjs.org/pg 79ms (cache revalidated)
241 silly packumentCache full:https://registry.npmjs.org/pg set size:470757 disposed:false
242 silly fetch manifest sql-formatter@^15.3.0
243 silly packumentCache full:https://registry.npmjs.org/sql-formatter cache-miss
244 http fetch GET 200 https://registry.npmjs.org/progress 71ms (cache revalidated)
245 silly packumentCache full:https://registry.npmjs.org/progress set size:34179 disposed:false
246 silly fetch manifest stream-chain@^2.2.4
247 silly packumentCache full:https://registry.npmjs.org/stream-chain cache-miss
248 http fetch GET 200 https://registry.npmjs.org/retry 64ms (cache miss)
249 silly packumentCache full:https://registry.npmjs.org/retry set size:undefined disposed:false
250 silly fetch manifest stream-json@^1.7.3
251 silly packumentCache full:https://registry.npmjs.org/stream-json cache-miss
252 http fetch GET 200 https://registry.npmjs.org/proxy-agent 76ms (cache miss)
253 silly packumentCache full:https://registry.npmjs.org/proxy-agent set size:undefined disposed:false
254 silly fetch manifest superstatic@^10.0.0
255 silly packumentCache full:https://registry.npmjs.org/superstatic cache-miss
256 http fetch GET 200 https://registry.npmjs.org/semver 70ms (cache revalidated)
257 silly packumentCache full:https://registry.npmjs.org/semver set size:229678 disposed:false
258 silly fetch manifest tcp-port-used@^1.0.2
259 silly packumentCache full:https://registry.npmjs.org/tcp-port-used cache-miss
260 http fetch GET 200 https://registry.npmjs.org/pg-gateway 152ms (cache miss)
261 silly packumentCache full:https://registry.npmjs.org/pg-gateway set size:undefined disposed:false
262 silly fetch manifest tmp@^0.2.3
263 silly packumentCache full:https://registry.npmjs.org/tmp cache-miss
264 http fetch GET 200 https://registry.npmjs.org/stream-json 65ms (cache revalidated)
265 silly packumentCache full:https://registry.npmjs.org/stream-json set size:122555 disposed:false
266 silly fetch manifest triple-beam@^1.3.0
267 silly packumentCache full:https://registry.npmjs.org/triple-beam cache-miss
268 http fetch GET 200 https://registry.npmjs.org/stream-chain 79ms (cache revalidated)
269 silly packumentCache full:https://registry.npmjs.org/stream-chain set size:59873 disposed:false
270 silly fetch manifest universal-analytics@^0.5.3
271 silly packumentCache full:https://registry.npmjs.org/universal-analytics cache-miss
272 http fetch GET 200 https://registry.npmjs.org/tcp-port-used 57ms (cache miss)
273 silly packumentCache full:https://registry.npmjs.org/tcp-port-used set size:undefined disposed:false
274 silly fetch manifest update-notifier-cjs@^5.1.6
275 silly packumentCache full:https://registry.npmjs.org/update-notifier-cjs cache-miss
276 http fetch GET 200 https://registry.npmjs.org/tmp 47ms (cache miss)
277 silly packumentCache full:https://registry.npmjs.org/tmp set size:undefined disposed:false
278 silly fetch manifest uuid@^8.3.2
279 silly packumentCache full:https://registry.npmjs.org/uuid cache-miss
280 http fetch GET 200 https://registry.npmjs.org/triple-beam 44ms (cache miss)
281 silly packumentCache full:https://registry.npmjs.org/triple-beam set size:undefined disposed:false
282 silly fetch manifest winston@^3.0.0
283 silly packumentCache full:https://registry.npmjs.org/winston cache-miss
284 http fetch GET 200 https://registry.npmjs.org/sql-formatter 150ms (cache miss)
285 silly packumentCache full:https://registry.npmjs.org/sql-formatter set size:undefined disposed:false
286 silly fetch manifest winston-transport@^4.4.0
287 silly packumentCache full:https://registry.npmjs.org/winston-transport cache-miss
288 http fetch GET 200 https://registry.npmjs.org/superstatic 157ms (cache miss)
289 silly packumentCache full:https://registry.npmjs.org/superstatic set size:undefined disposed:false
290 silly fetch manifest ws@^7.5.10
291 silly packumentCache full:https://registry.npmjs.org/ws cache-miss
292 http fetch GET 200 https://registry.npmjs.org/winston 81ms (cache miss)
293 silly packumentCache full:https://registry.npmjs.org/winston set size:undefined disposed:false
294 silly fetch manifest yaml@^2.4.1
295 silly packumentCache full:https://registry.npmjs.org/yaml cache-miss
296 http fetch GET 200 https://registry.npmjs.org/uuid 96ms (cache revalidated)
297 silly packumentCache full:https://registry.npmjs.org/uuid set size:224608 disposed:false
298 silly fetch manifest zod@^3.24.3
299 silly packumentCache full:https://registry.npmjs.org/zod cache-miss
300 http fetch GET 200 https://registry.npmjs.org/winston-transport 73ms (cache miss)
301 silly packumentCache full:https://registry.npmjs.org/winston-transport set size:undefined disposed:false
302 silly fetch manifest zod-to-json-schema@^3.24.5
303 silly packumentCache full:https://registry.npmjs.org/zod-to-json-schema cache-miss
304 http fetch GET 200 https://registry.npmjs.org/update-notifier-cjs 122ms (cache miss)
305 silly packumentCache full:https://registry.npmjs.org/update-notifier-cjs set size:undefined disposed:false
306 http fetch GET 200 https://registry.npmjs.org/universal-analytics 154ms (cache miss)
307 silly packumentCache full:https://registry.npmjs.org/universal-analytics set size:undefined disposed:false
308 http fetch GET 200 https://registry.npmjs.org/ws 75ms (cache revalidated)
309 silly packumentCache full:https://registry.npmjs.org/ws set size:413307 disposed:false
310 http fetch GET 200 https://registry.npmjs.org/yaml 79ms (cache revalidated)
311 silly packumentCache full:https://registry.npmjs.org/yaml set size:364997 disposed:false
312 http fetch GET 200 https://registry.npmjs.org/zod-to-json-schema 72ms (cache miss)
313 silly packumentCache full:https://registry.npmjs.org/zod-to-json-schema set size:undefined disposed:false
314 http fetch GET 200 https://registry.npmjs.org/zod 93ms (cache revalidated)
315 silly packumentCache full:https://registry.npmjs.org/zod set size:3489329 disposed:false
316 silly fetch manifest @types/node@>=18
317 silly packumentCache full:https://registry.npmjs.org/@types%2fnode cache-miss
318 http fetch GET 200 https://registry.npmjs.org/@types%2fnode 421ms (cache updated)
319 silly packumentCache full:https://registry.npmjs.org/@types%2fnode set size:undefined disposed:false
320 silly fetch manifest @cfworker/json-schema@^4.1.1
321 silly packumentCache full:https://registry.npmjs.org/@cfworker%2fjson-schema cache-miss
322 http fetch GET 200 https://registry.npmjs.org/@cfworker%2fjson-schema 61ms (cache miss)
323 silly packumentCache full:https://registry.npmjs.org/@cfworker%2fjson-schema set size:undefined disposed:false
324 silly fetch manifest encoding@^0.1.0
325 silly packumentCache full:https://registry.npmjs.org/encoding cache-miss
326 http fetch GET 200 https://registry.npmjs.org/encoding 57ms (cache revalidated)
327 silly packumentCache full:https://registry.npmjs.org/encoding set size:17833 disposed:false
328 silly fetch manifest pg-native@>=3.0.1
329 silly packumentCache full:https://registry.npmjs.org/pg-native cache-miss
330 http fetch GET 200 https://registry.npmjs.org/pg-native 74ms (cache revalidated)
331 silly packumentCache full:https://registry.npmjs.org/pg-native set size:87130 disposed:false
332 silly fetch manifest bufferutil@^4.0.1
333 silly packumentCache full:https://registry.npmjs.org/bufferutil cache-miss
334 http fetch GET 200 https://registry.npmjs.org/bufferutil 48ms (cache revalidated)
335 silly packumentCache full:https://registry.npmjs.org/bufferutil set size:52763 disposed:false
336 silly fetch manifest utf-8-validate@^5.0.2
337 silly packumentCache full:https://registry.npmjs.org/utf-8-validate cache-miss
338 http fetch GET 200 https://registry.npmjs.org/utf-8-validate 69ms (cache revalidated)
339 silly packumentCache full:https://registry.npmjs.org/utf-8-validate set size:77148 disposed:false
340 silly placeDep node_modules/firebase-tools @apphosting/build@0.1.7 OK for: firebase-tools@15.5.1 want: ^0.1.6
341 silly placeDep node_modules/firebase-tools @apphosting/common@0.0.8 OK for: firebase-tools@15.5.1 want: ^0.0.8
342 silly placeDep node_modules/firebase-tools @electric-sql/pglite@0.3.15 OK for: firebase-tools@15.5.1 want: ^0.3.3
343 silly placeDep node_modules/firebase-tools @electric-sql/pglite-tools@0.2.20 OK for: firebase-tools@15.5.1 want: ^0.2.8
344 silly placeDep node_modules/firebase-tools @google-cloud/cloud-sql-connector@1.9.0 OK for: firebase-tools@15.5.1 want: ^1.3.3
345 silly placeDep node_modules/firebase-tools @google-cloud/pubsub@5.2.2 OK for: firebase-tools@15.5.1 want: ^5.2.0
346 silly placeDep node_modules/firebase-tools @inquirer/prompts@7.10.1 OK for: firebase-tools@15.5.1 want: ^7.10.1
347 silly placeDep node_modules/firebase-tools @modelcontextprotocol/sdk@1.26.0 OK for: firebase-tools@15.5.1 want: ^1.24.0
348 silly placeDep node_modules/firebase-tools abort-controller@3.0.0 OK for: firebase-tools@15.5.1 want: ^3.0.0
349 silly placeDep node_modules/firebase-tools ajv@8.17.1 OK for: firebase-tools@15.5.1 want: ^8.17.1
350 silly placeDep node_modules/firebase-tools ajv-formats@3.0.1 OK for: firebase-tools@15.5.1 want: 3.0.1
351 silly placeDep node_modules/firebase-tools archiver@7.0.1 OK for: firebase-tools@15.5.1 want: ^7.0.0
352 silly placeDep node_modules/firebase-tools async-lock@1.4.1 OK for: firebase-tools@15.5.1 want: 1.4.1
353 silly placeDep node_modules/firebase-tools body-parser@1.20.4 OK for: firebase-tools@15.5.1 want: ^1.19.0
354 silly placeDep node_modules/firebase-tools chokidar@3.6.0 OK for: firebase-tools@15.5.1 want: ^3.6.0
355 silly placeDep node_modules/firebase-tools cjson@0.3.3 OK for: firebase-tools@15.5.1 want: ^0.3.1
356 silly placeDep node_modules/firebase-tools cli-table3@0.6.5 OK for: firebase-tools@15.5.1 want: 0.6.5
357 silly placeDep node_modules/firebase-tools colorette@2.0.20 OK for: firebase-tools@15.5.1 want: ^2.0.19
358 silly placeDep node_modules/firebase-tools commander@5.1.0 OK for: firebase-tools@15.5.1 want: ^5.1.0
359 silly placeDep node_modules/firebase-tools configstore@5.0.1 OK for: firebase-tools@15.5.1 want: ^5.0.1
360 silly placeDep node_modules/firebase-tools cors@2.8.6 OK for: firebase-tools@15.5.1 want: ^2.8.5
361 silly placeDep node_modules/firebase-tools cross-env@7.0.3 OK for: firebase-tools@15.5.1 want: ^7.0.3
362 silly placeDep node_modules/firebase-tools cross-spawn@7.0.6 OK for: firebase-tools@15.5.1 want: ^7.0.5
363 silly placeDep node_modules/firebase-tools csv-parse@5.6.0 OK for: firebase-tools@15.5.1 want: ^5.0.4
364 silly placeDep node_modules/firebase-tools deep-equal-in-any-order@2.1.0 OK for: firebase-tools@15.5.1 want: ^2.0.6
365 silly placeDep node_modules/firebase-tools exegesis@4.3.0 OK for: firebase-tools@15.5.1 want: ^4.2.0
366 silly placeDep node_modules/firebase-tools exegesis-express@4.0.0 OK for: firebase-tools@15.5.1 want: ^4.0.0
367 silly placeDep node_modules/firebase-tools express@4.22.1 OK for: firebase-tools@15.5.1 want: ^4.16.4
368 silly placeDep node_modules/firebase-tools filesize@6.4.0 OK for: firebase-tools@15.5.1 want: ^6.1.0
369 silly placeDep node_modules/firebase-tools form-data@4.0.5 OK for: firebase-tools@15.5.1 want: ^4.0.1
370 silly placeDep node_modules/firebase-tools fs-extra@10.1.0 OK for: firebase-tools@15.5.1 want: ^10.1.0
371 silly placeDep node_modules/firebase-tools fuzzy@0.1.3 OK for: firebase-tools@15.5.1 want: ^0.1.3
372 silly placeDep node_modules/firebase-tools gaxios@6.7.1 OK for: firebase-tools@15.5.1 want: ^6.7.0
373 silly placeDep node_modules/firebase-tools glob@10.5.0 OK for: firebase-tools@15.5.1 want: ^10.5.0
374 silly placeDep node_modules/firebase-tools google-auth-library@9.15.1 OK for: firebase-tools@15.5.1 want: ^9.11.0
375 silly placeDep node_modules/firebase-tools ignore@7.0.5 OK for: firebase-tools@15.5.1 want: ^7.0.4
376 silly placeDep node_modules/firebase-tools js-yaml@3.14.2 OK for: firebase-tools@15.5.1 want: ^3.14.2
377 silly placeDep node_modules/firebase-tools jsonwebtoken@9.0.3 OK for: firebase-tools@15.5.1 want: ^9.0.2
378 silly placeDep node_modules/firebase-tools leven@3.1.0 OK for: firebase-tools@15.5.1 want: ^3.1.0
379 silly placeDep node_modules/firebase-tools libsodium-wrappers@0.7.16 OK for: firebase-tools@15.5.1 want: ^0.7.10
380 silly placeDep node_modules/firebase-tools lodash@4.17.23 OK for: firebase-tools@15.5.1 want: ^4.17.21
381 silly placeDep node_modules/firebase-tools lsofi@1.0.0 OK for: firebase-tools@15.5.1 want: 1.0.0
382 silly placeDep node_modules/firebase-tools marked@13.0.3 OK for: firebase-tools@15.5.1 want: ^13.0.2
383 silly placeDep node_modules/firebase-tools marked-terminal@7.3.0 OK for: firebase-tools@15.5.1 want: ^7.0.0
384 silly placeDep node_modules/firebase-tools mime@2.6.0 OK for: firebase-tools@15.5.1 want: ^2.5.2
385 silly placeDep node_modules/firebase-tools minimatch@3.1.2 OK for: firebase-tools@15.5.1 want: ^3.0.4
386 silly placeDep node_modules/firebase-tools morgan@1.10.1 OK for: firebase-tools@15.5.1 want: ^1.10.0
387 silly placeDep node_modules/firebase-tools node-fetch@2.7.0 OK for: firebase-tools@15.5.1 want: ^2.6.7
388 silly placeDep node_modules/firebase-tools open@6.4.0 OK for: firebase-tools@15.5.1 want: ^6.3.0
389 silly placeDep node_modules/firebase-tools ora@5.4.1 OK for: firebase-tools@15.5.1 want: ^5.4.1
390 silly placeDep node_modules/firebase-tools p-limit@3.1.0 OK for: firebase-tools@15.5.1 want: ^3.0.1
391 silly placeDep node_modules/firebase-tools pg@8.18.0 OK for: firebase-tools@15.5.1 want: ^8.11.3
392 silly placeDep node_modules/firebase-tools pg-gateway@0.3.0-beta.4 OK for: firebase-tools@15.5.1 want: ^0.3.0-beta.4
393 silly placeDep node_modules/firebase-tools pglite-2@0.2.17 OK for: firebase-tools@15.5.1 want: npm:@electric-sql/pglite@0.2.17
394 silly placeDep node_modules/firebase-tools portfinder@1.0.38 OK for: firebase-tools@15.5.1 want: ^1.0.32
395 silly placeDep node_modules/firebase-tools progress@2.0.3 OK for: firebase-tools@15.5.1 want: ^2.0.3
396 silly placeDep node_modules/firebase-tools proxy-agent@6.5.0 OK for: firebase-tools@15.5.1 want: ^6.3.0
397 silly placeDep node_modules/firebase-tools retry@0.13.1 OK for: firebase-tools@15.5.1 want: ^0.13.1
398 silly placeDep node_modules/firebase-tools semver@7.7.4 OK for: firebase-tools@15.5.1 want: ^7.5.2
399 silly placeDep node_modules/firebase-tools sql-formatter@15.7.0 OK for: firebase-tools@15.5.1 want: ^15.3.0
400 silly placeDep node_modules/firebase-tools stream-chain@2.2.5 OK for: firebase-tools@15.5.1 want: ^2.2.4
401 silly placeDep node_modules/firebase-tools stream-json@1.9.1 OK for: firebase-tools@15.5.1 want: ^1.7.3
402 silly placeDep node_modules/firebase-tools superstatic@10.0.0 OK for: firebase-tools@15.5.1 want: ^10.0.0
403 silly placeDep node_modules/firebase-tools tcp-port-used@1.0.2 OK for: firebase-tools@15.5.1 want: ^1.0.2
404 silly placeDep node_modules/firebase-tools tmp@0.2.5 OK for: firebase-tools@15.5.1 want: ^0.2.3
405 silly placeDep node_modules/firebase-tools triple-beam@1.4.1 OK for: firebase-tools@15.5.1 want: ^1.3.0
406 silly placeDep node_modules/firebase-tools universal-analytics@0.5.3 OK for: firebase-tools@15.5.1 want: ^0.5.3
407 silly placeDep node_modules/firebase-tools update-notifier-cjs@5.1.7 OK for: firebase-tools@15.5.1 want: ^5.1.6
408 silly placeDep node_modules/firebase-tools uuid@8.3.2 OK for: firebase-tools@15.5.1 want: ^8.3.2
409 silly placeDep node_modules/firebase-tools winston@3.19.0 OK for: firebase-tools@15.5.1 want: ^3.0.0
410 silly placeDep node_modules/firebase-tools winston-transport@4.9.0 OK for: firebase-tools@15.5.1 want: ^4.4.0
411 silly placeDep node_modules/firebase-tools ws@7.5.10 OK for: firebase-tools@15.5.1 want: ^7.5.10
412 silly placeDep node_modules/firebase-tools yaml@2.8.2 OK for: firebase-tools@15.5.1 want: ^2.4.1
413 silly placeDep node_modules/firebase-tools zod@3.25.76 OK for: firebase-tools@15.5.1 want: ^3.24.3
414 silly placeDep node_modules/firebase-tools zod-to-json-schema@3.25.1 OK for: firebase-tools@15.5.1 want: ^3.24.5
415 silly fetch manifest ts-node@^10.9.1
416 silly packumentCache full:https://registry.npmjs.org/ts-node cache-miss
417 silly fetch manifest colorette@^2.0.20
418 silly packumentCache full:https://registry.npmjs.org/colorette cache-miss
419 silly fetch manifest commander@^11.1.0
420 silly packumentCache full:https://registry.npmjs.org/commander cache-hit
421 silly fetch manifest npm-pick-manifest@^9.0.0
422 silly packumentCache full:https://registry.npmjs.org/npm-pick-manifest cache-miss
423 silly fetch manifest @apphosting/common@^0.0.9
424 silly packumentCache full:https://registry.npmjs.org/@apphosting%2fcommon cache-miss
425 silly fetch manifest @npmcli/promise-spawn@^3.0.0
426 silly packumentCache full:https://registry.npmjs.org/@npmcli%2fpromise-spawn cache-miss
427 silly fetch manifest @googleapis/sqladmin@^35.0.0
428 silly packumentCache full:https://registry.npmjs.org/@googleapis%2fsqladmin cache-miss
429 http cache https://registry.npmjs.org/@apphosting%2fcommon 16ms (cache hit)
430 silly packumentCache full:https://registry.npmjs.org/@apphosting%2fcommon set size:66674 disposed:false
431 silly fetch manifest gaxios@^7.1.3
432 silly packumentCache full:https://registry.npmjs.org/gaxios cache-miss
433 http cache https://registry.npmjs.org/colorette 19ms (cache hit)
434 silly packumentCache full:https://registry.npmjs.org/colorette set size:92733 disposed:false
435 silly fetch manifest google-auth-library@^10.5.0
436 silly packumentCache full:https://registry.npmjs.org/google-auth-library cache-miss
437 http cache https://registry.npmjs.org/gaxios 22ms (cache hit)
438 silly packumentCache full:https://registry.npmjs.org/gaxios set size:341801 disposed:false
439 silly fetch manifest p-throttle@^7.0.0
440 silly packumentCache full:https://registry.npmjs.org/p-throttle cache-miss
441 http cache https://registry.npmjs.org/google-auth-library 26ms (cache hit)
442 silly packumentCache full:https://registry.npmjs.org/google-auth-library set size:717468 disposed:false
443 silly fetch manifest @google-cloud/paginator@^6.0.0
444 silly packumentCache full:https://registry.npmjs.org/@google-cloud%2fpaginator cache-miss
445 http fetch GET 200 https://registry.npmjs.org/npm-pick-manifest 68ms (cache miss)
446 silly packumentCache full:https://registry.npmjs.org/npm-pick-manifest set size:undefined disposed:false
447 silly fetch manifest @google-cloud/precise-date@^5.0.0
448 silly packumentCache full:https://registry.npmjs.org/@google-cloud%2fprecise-date cache-miss
449 http fetch GET 200 https://registry.npmjs.org/@npmcli%2fpromise-spawn 73ms (cache miss)
450 silly packumentCache full:https://registry.npmjs.org/@npmcli%2fpromise-spawn set size:undefined disposed:false
451 silly fetch manifest @google-cloud/projectify@^5.0.0
452 silly packumentCache full:https://registry.npmjs.org/@google-cloud%2fprojectify cache-miss
453 http fetch GET 200 https://registry.npmjs.org/p-throttle 46ms (cache miss)
454 silly packumentCache full:https://registry.npmjs.org/p-throttle set size:undefined disposed:false
455 silly fetch manifest @google-cloud/promisify@^5.0.0
456 silly packumentCache full:https://registry.npmjs.org/@google-cloud%2fpromisify cache-miss
457 http fetch GET 200 https://registry.npmjs.org/ts-node 98ms (cache miss)
458 silly packumentCache full:https://registry.npmjs.org/ts-node set size:undefined disposed:false
459 silly fetch manifest @opentelemetry/api@~1.9.0
460 silly packumentCache full:https://registry.npmjs.org/@opentelemetry%2fapi cache-miss
461 http fetch GET 200 https://registry.npmjs.org/@google-cloud%2fpaginator 62ms (cache miss)
462 silly packumentCache full:https://registry.npmjs.org/@google-cloud%2fpaginator set size:undefined disposed:false
463 silly fetch manifest @opentelemetry/core@^1.30.1
464 silly packumentCache full:https://registry.npmjs.org/@opentelemetry%2fcore cache-miss
465 http fetch GET 200 https://registry.npmjs.org/@google-cloud%2fprojectify 50ms (cache miss)
466 silly packumentCache full:https://registry.npmjs.org/@google-cloud%2fprojectify set size:undefined disposed:false
467 silly fetch manifest @opentelemetry/semantic-conventions@~1.34.0
468 silly packumentCache full:https://registry.npmjs.org/@opentelemetry%2fsemantic-conventions cache-miss
469 http fetch GET 200 https://registry.npmjs.org/@google-cloud%2fprecise-date 64ms (cache miss)
470 silly packumentCache full:https://registry.npmjs.org/@google-cloud%2fprecise-date set size:undefined disposed:false
471 silly fetch manifest arrify@^2.0.0
472 silly packumentCache full:https://registry.npmjs.org/arrify cache-miss
473 http fetch GET 200 https://registry.npmjs.org/@google-cloud%2fpromisify 53ms (cache miss)
474 silly packumentCache full:https://registry.npmjs.org/@google-cloud%2fpromisify set size:undefined disposed:false
475 silly fetch manifest extend@^3.0.2
476 silly packumentCache full:https://registry.npmjs.org/extend cache-miss
477 http fetch GET 200 https://registry.npmjs.org/@opentelemetry%2fapi 79ms (cache revalidated)
478 silly packumentCache full:https://registry.npmjs.org/@opentelemetry%2fapi set size:455567 disposed:false
479 silly fetch manifest google-gax@^5.0.5
480 silly packumentCache full:https://registry.npmjs.org/google-gax cache-miss
481 http fetch GET 200 https://registry.npmjs.org/arrify 61ms (cache miss)
482 silly packumentCache full:https://registry.npmjs.org/arrify set size:undefined disposed:false
483 silly fetch manifest heap-js@^2.6.0
484 silly packumentCache full:https://registry.npmjs.org/heap-js cache-miss
485 http fetch GET 200 https://registry.npmjs.org/@opentelemetry%2fsemantic-conventions 82ms (cache miss)
486 silly packumentCache full:https://registry.npmjs.org/@opentelemetry%2fsemantic-conventions set size:undefined disposed:false
487 silly fetch manifest is-stream-ended@^0.1.4
488 silly packumentCache full:https://registry.npmjs.org/is-stream-ended cache-miss
489 http fetch GET 200 https://registry.npmjs.org/extend 74ms (cache revalidated)
490 silly packumentCache full:https://registry.npmjs.org/extend set size:25974 disposed:false
491 silly fetch manifest lodash.snakecase@^4.1.1
492 silly packumentCache full:https://registry.npmjs.org/lodash.snakecase cache-miss
493 http fetch GET 200 https://registry.npmjs.org/@opentelemetry%2fcore 123ms (cache miss)
494 silly packumentCache full:https://registry.npmjs.org/@opentelemetry%2fcore set size:undefined disposed:false
495 silly fetch manifest p-defer@^3.0.0
496 silly packumentCache full:https://registry.npmjs.org/p-defer cache-miss
497 http fetch GET 200 https://registry.npmjs.org/lodash.snakecase 39ms (cache miss)
498 silly packumentCache full:https://registry.npmjs.org/lodash.snakecase set size:undefined disposed:false
499 silly fetch manifest @inquirer/input@^4.3.1
500 silly packumentCache full:https://registry.npmjs.org/@inquirer%2finput cache-miss
501 http fetch GET 200 https://registry.npmjs.org/@googleapis%2fsqladmin 273ms (cache miss)
502 silly packumentCache full:https://registry.npmjs.org/@googleapis%2fsqladmin set size:undefined disposed:false
503 silly fetch manifest @inquirer/editor@^4.2.23
504 silly packumentCache full:https://registry.npmjs.org/@inquirer%2feditor cache-miss
505 http fetch GET 200 https://registry.npmjs.org/p-defer 34ms (cache miss)
506 silly packumentCache full:https://registry.npmjs.org/p-defer set size:undefined disposed:false
507 silly fetch manifest @inquirer/expand@^4.0.23
508 silly packumentCache full:https://registry.npmjs.org/@inquirer%2fexpand cache-miss
509 http fetch GET 200 https://registry.npmjs.org/heap-js 111ms (cache miss)
510 silly packumentCache full:https://registry.npmjs.org/heap-js set size:undefined disposed:false
511 silly fetch manifest @inquirer/number@^3.0.23
512 silly packumentCache full:https://registry.npmjs.org/@inquirer%2fnumber cache-miss
513 http fetch GET 200 https://registry.npmjs.org/@inquirer%2finput 70ms (cache miss)
514 silly packumentCache full:https://registry.npmjs.org/@inquirer%2finput set size:undefined disposed:false
515 silly fetch manifest @inquirer/search@^3.2.2
516 silly packumentCache full:https://registry.npmjs.org/@inquirer%2fsearch cache-miss
517 http fetch GET 200 https://registry.npmjs.org/@inquirer%2feditor 72ms (cache miss)
518 silly packumentCache full:https://registry.npmjs.org/@inquirer%2feditor set size:undefined disposed:false
519 silly fetch manifest @inquirer/select@^4.4.2
520 silly packumentCache full:https://registry.npmjs.org/@inquirer%2fselect cache-miss
521 http fetch GET 200 https://registry.npmjs.org/google-gax 171ms (cache miss)
522 silly packumentCache full:https://registry.npmjs.org/google-gax set size:undefined disposed:false
523 silly fetch manifest @inquirer/confirm@^5.1.21
524 silly packumentCache full:https://registry.npmjs.org/@inquirer%2fconfirm cache-miss
525 http fetch GET 200 https://registry.npmjs.org/is-stream-ended 177ms (cache miss)
526 silly packumentCache full:https://registry.npmjs.org/is-stream-ended set size:undefined disposed:false
527 silly fetch manifest @inquirer/rawlist@^4.1.11
528 silly packumentCache full:https://registry.npmjs.org/@inquirer%2frawlist cache-miss
529 http fetch GET 200 https://registry.npmjs.org/@inquirer%2fexpand 110ms (cache miss)
530 silly packumentCache full:https://registry.npmjs.org/@inquirer%2fexpand set size:undefined disposed:false
531 silly fetch manifest @inquirer/checkbox@^4.3.2
532 silly packumentCache full:https://registry.npmjs.org/@inquirer%2fcheckbox cache-miss
533 http fetch GET 200 https://registry.npmjs.org/@inquirer%2fnumber 102ms (cache miss)
534 silly packumentCache full:https://registry.npmjs.org/@inquirer%2fnumber set size:undefined disposed:false
535 silly fetch manifest @inquirer/password@^4.0.23
536 silly packumentCache full:https://registry.npmjs.org/@inquirer%2fpassword cache-miss
537 http fetch GET 200 https://registry.npmjs.org/@inquirer%2fsearch 74ms (cache miss)
538 silly packumentCache full:https://registry.npmjs.org/@inquirer%2fsearch set size:undefined disposed:false
539 silly fetch manifest zod@^3.25 || ^4.0
540 silly packumentCache full:https://registry.npmjs.org/zod cache-miss
541 http cache https://registry.npmjs.org/zod 27ms (cache hit)
542 silly packumentCache full:https://registry.npmjs.org/zod set size:3489329 disposed:false
543 silly fetch manifest hono@^4.11.4
544 silly packumentCache full:https://registry.npmjs.org/hono cache-miss
545 http fetch GET 200 https://registry.npmjs.org/@inquirer%2fconfirm 115ms (cache miss)
546 silly packumentCache full:https://registry.npmjs.org/@inquirer%2fconfirm set size:undefined disposed:false
547 silly fetch manifest jose@^6.1.3
548 silly packumentCache full:https://registry.npmjs.org/jose cache-miss
549 http fetch GET 200 https://registry.npmjs.org/@inquirer%2frawlist 111ms (cache miss)
550 silly packumentCache full:https://registry.npmjs.org/@inquirer%2frawlist set size:undefined disposed:false
551 silly fetch manifest express@^5.2.1
552 silly packumentCache full:https://registry.npmjs.org/express cache-hit
553 silly fetch manifest raw-body@^3.0.0
554 silly packumentCache full:https://registry.npmjs.org/raw-body cache-miss
555 http fetch GET 200 https://registry.npmjs.org/@inquirer%2fselect 166ms (cache miss)
556 silly packumentCache full:https://registry.npmjs.org/@inquirer%2fselect set size:undefined disposed:false
557 silly fetch manifest ajv-formats@^3.0.1
558 silly packumentCache full:https://registry.npmjs.org/ajv-formats cache-miss
559 http fetch GET 200 https://registry.npmjs.org/@inquirer%2fpassword 118ms (cache miss)
560 silly packumentCache full:https://registry.npmjs.org/@inquirer%2fpassword set size:undefined disposed:false
561 silly fetch manifest eventsource@^3.0.2
562 silly packumentCache full:https://registry.npmjs.org/eventsource cache-miss
563 http cache https://registry.npmjs.org/ajv-formats 49ms (cache hit)
564 silly packumentCache full:https://registry.npmjs.org/ajv-formats set size:141264 disposed:false
565 silly fetch manifest content-type@^1.0.5
566 silly packumentCache full:https://registry.npmjs.org/content-type cache-miss
567 http fetch GET 200 https://registry.npmjs.org/@inquirer%2fcheckbox 181ms (cache miss)
568 silly packumentCache full:https://registry.npmjs.org/@inquirer%2fcheckbox set size:undefined disposed:false
569 silly fetch manifest pkce-challenge@^5.0.0
570 silly packumentCache full:https://registry.npmjs.org/pkce-challenge cache-miss
571 http fetch GET 200 https://registry.npmjs.org/jose 103ms (cache revalidated)
572 silly packumentCache full:https://registry.npmjs.org/jose set size:1390941 disposed:false
573 silly fetch manifest @hono/node-server@^1.19.9
574 silly packumentCache full:https://registry.npmjs.org/@hono%2fnode-server cache-miss
575 http fetch GET 200 https://registry.npmjs.org/raw-body 118ms (cache miss)
576 silly packumentCache full:https://registry.npmjs.org/raw-body set size:undefined disposed:false
577 silly fetch manifest json-schema-typed@^8.0.2
578 silly packumentCache full:https://registry.npmjs.org/json-schema-typed cache-miss
579 http fetch GET 200 https://registry.npmjs.org/eventsource 94ms (cache miss)
580 silly packumentCache full:https://registry.npmjs.org/eventsource set size:undefined disposed:false
581 silly fetch manifest eventsource-parser@^3.0.0
582 silly packumentCache full:https://registry.npmjs.org/eventsource-parser cache-miss
583 http fetch GET 200 https://registry.npmjs.org/content-type 71ms (cache miss)
584 silly packumentCache full:https://registry.npmjs.org/content-type set size:undefined disposed:false
585 silly fetch manifest express-rate-limit@^8.2.1
586 silly packumentCache full:https://registry.npmjs.org/express-rate-limit cache-miss
587 http fetch GET 200 https://registry.npmjs.org/pkce-challenge 59ms (cache miss)
588 silly packumentCache full:https://registry.npmjs.org/pkce-challenge set size:undefined disposed:false
589 silly fetch manifest zod-to-json-schema@^3.25.1
590 silly packumentCache full:https://registry.npmjs.org/zod-to-json-schema cache-miss
591 http cache https://registry.npmjs.org/zod-to-json-schema 10ms (cache hit)
592 silly packumentCache full:https://registry.npmjs.org/zod-to-json-schema set size:301404 disposed:false
593 silly fetch manifest event-target-shim@^5.0.0
594 silly packumentCache full:https://registry.npmjs.org/event-target-shim cache-miss
595 http fetch GET 200 https://registry.npmjs.org/json-schema-typed 49ms (cache miss)
596 silly packumentCache full:https://registry.npmjs.org/json-schema-typed set size:undefined disposed:false
597 silly fetch manifest fast-uri@^3.0.1
598 silly packumentCache full:https://registry.npmjs.org/fast-uri cache-miss
599 http fetch GET 200 https://registry.npmjs.org/eventsource-parser 45ms (cache miss)
600 silly packumentCache full:https://registry.npmjs.org/eventsource-parser set size:undefined disposed:false
601 silly fetch manifest fast-deep-equal@^3.1.3
602 silly packumentCache full:https://registry.npmjs.org/fast-deep-equal cache-miss
603 http fetch GET 200 https://registry.npmjs.org/@hono%2fnode-server 69ms (cache miss)
604 silly packumentCache full:https://registry.npmjs.org/@hono%2fnode-server set size:undefined disposed:false
605 silly fetch manifest require-from-string@^2.0.2
606 silly packumentCache full:https://registry.npmjs.org/require-from-string cache-miss
607 http fetch GET 200 https://registry.npmjs.org/express-rate-limit 65ms (cache miss)
608 silly packumentCache full:https://registry.npmjs.org/express-rate-limit set size:undefined disposed:false
609 silly fetch manifest json-schema-traverse@^1.0.0
610 silly packumentCache full:https://registry.npmjs.org/json-schema-traverse cache-miss
611 http fetch GET 200 https://registry.npmjs.org/fast-uri 43ms (cache miss)
612 silly packumentCache full:https://registry.npmjs.org/fast-uri set size:undefined disposed:false
613 silly fetch manifest archiver-utils@^5.0.2
614 silly packumentCache full:https://registry.npmjs.org/archiver-utils cache-miss
615 http fetch GET 200 https://registry.npmjs.org/event-target-shim 60ms (cache miss)
616 silly packumentCache full:https://registry.npmjs.org/event-target-shim set size:undefined disposed:false
617 silly fetch manifest async@^3.2.4
618 silly packumentCache full:https://registry.npmjs.org/async cache-miss
619 http fetch GET 200 https://registry.npmjs.org/require-from-string 40ms (cache miss)
620 silly packumentCache full:https://registry.npmjs.org/require-from-string set size:undefined disposed:false
621 silly fetch manifest buffer-crc32@^1.0.0
622 silly packumentCache full:https://registry.npmjs.org/buffer-crc32 cache-miss
623 http fetch GET 200 https://registry.npmjs.org/fast-deep-equal 54ms (cache revalidated)
624 silly packumentCache full:https://registry.npmjs.org/fast-deep-equal set size:48634 disposed:false
625 silly fetch manifest readable-stream@^4.0.0
626 silly packumentCache full:https://registry.npmjs.org/readable-stream cache-miss
627 http fetch GET 200 https://registry.npmjs.org/json-schema-traverse 61ms (cache revalidated)
628 silly packumentCache full:https://registry.npmjs.org/json-schema-traverse set size:23537 disposed:false
629 silly fetch manifest readdir-glob@^1.1.2
630 silly packumentCache full:https://registry.npmjs.org/readdir-glob cache-miss
631 http fetch GET 200 https://registry.npmjs.org/readable-stream 43ms (cache revalidated)
632 silly packumentCache full:https://registry.npmjs.org/readable-stream set size:261096 disposed:false
633 silly fetch manifest tar-stream@^3.0.0
634 silly packumentCache full:https://registry.npmjs.org/tar-stream cache-miss
635 http fetch GET 200 https://registry.npmjs.org/buffer-crc32 54ms (cache miss)
636 silly packumentCache full:https://registry.npmjs.org/buffer-crc32 set size:undefined disposed:false
637 silly fetch manifest zip-stream@^6.0.1
638 silly packumentCache full:https://registry.npmjs.org/zip-stream cache-miss
639 http fetch GET 200 https://registry.npmjs.org/async 70ms (cache miss)
640 silly packumentCache full:https://registry.npmjs.org/async set size:undefined disposed:false
641 silly fetch manifest qs@~6.14.0
642 silly packumentCache full:https://registry.npmjs.org/qs cache-miss
643 http fetch GET 200 https://registry.npmjs.org/readdir-glob 47ms (cache miss)
644 silly packumentCache full:https://registry.npmjs.org/readdir-glob set size:undefined disposed:false
645 silly fetch manifest depd@2.0.0
646 silly packumentCache full:https://registry.npmjs.org/depd cache-miss
647 http fetch GET 200 https://registry.npmjs.org/tar-stream 58ms (cache revalidated)
648 silly packumentCache full:https://registry.npmjs.org/tar-stream set size:132352 disposed:false
649 silly fetch manifest bytes@~3.1.2
650 silly packumentCache full:https://registry.npmjs.org/bytes cache-miss
651 http fetch GET 200 https://registry.npmjs.org/qs 49ms (cache revalidated)
652 silly packumentCache full:https://registry.npmjs.org/qs set size:268000 disposed:false
653 silly fetch manifest debug@2.6.9
654 silly packumentCache full:https://registry.npmjs.org/debug cache-miss
655 http fetch GET 200 https://registry.npmjs.org/depd 41ms (cache miss)
656 silly packumentCache full:https://registry.npmjs.org/depd set size:undefined disposed:false
657 silly fetch manifest unpipe@~1.0.0
658 silly packumentCache full:https://registry.npmjs.org/unpipe cache-miss
659 http fetch GET 200 https://registry.npmjs.org/hono 416ms (cache updated)
660 silly packumentCache full:https://registry.npmjs.org/hono set size:undefined disposed:false
661 silly fetch manifest destroy@~1.2.0
662 silly packumentCache full:https://registry.npmjs.org/destroy cache-miss
663 http fetch GET 200 https://registry.npmjs.org/bytes 161ms (cache miss)
664 silly packumentCache full:https://registry.npmjs.org/bytes set size:undefined disposed:false
665 silly fetch manifest type-is@~1.6.18
666 silly packumentCache full:https://registry.npmjs.org/type-is cache-miss
667 http fetch GET 200 https://registry.npmjs.org/archiver-utils 296ms (cache miss)
668 silly packumentCache full:https://registry.npmjs.org/archiver-utils set size:undefined disposed:false
669 silly fetch manifest raw-body@~2.5.3
670 silly packumentCache full:https://registry.npmjs.org/raw-body cache-miss
671 http fetch GET 200 https://registry.npmjs.org/debug 161ms (cache revalidated)
672 silly packumentCache full:https://registry.npmjs.org/debug set size:195840 disposed:false
673 silly fetch manifest iconv-lite@~0.4.24
674 silly packumentCache full:https://registry.npmjs.org/iconv-lite cache-miss
675 http fetch GET 200 https://registry.npmjs.org/unpipe 158ms (cache miss)
676 silly packumentCache full:https://registry.npmjs.org/unpipe set size:undefined disposed:false
677 silly fetch manifest http-errors@~2.0.1
678 silly packumentCache full:https://registry.npmjs.org/http-errors cache-miss
679 http fetch GET 200 https://registry.npmjs.org/zip-stream 249ms (cache miss)
680 silly packumentCache full:https://registry.npmjs.org/zip-stream set size:undefined disposed:false
681 silly fetch manifest on-finished@~2.4.1
682 silly packumentCache full:https://registry.npmjs.org/on-finished cache-miss
683 http fetch GET 200 https://registry.npmjs.org/destroy 85ms (cache miss)
684 silly packumentCache full:https://registry.npmjs.org/destroy set size:undefined disposed:false
685 silly fetch manifest content-type@~1.0.5
686 silly packumentCache full:https://registry.npmjs.org/content-type cache-miss
687 http cache https://registry.npmjs.org/raw-body 32ms (cache hit)
688 silly packumentCache full:https://registry.npmjs.org/raw-body set size:117822 disposed:false
689 silly fetch manifest braces@~3.0.2
690 silly packumentCache full:https://registry.npmjs.org/braces cache-miss
691 http cache https://registry.npmjs.org/content-type 16ms (cache hit)
692 silly packumentCache full:https://registry.npmjs.org/content-type set size:17311 disposed:false
693 silly fetch manifest is-glob@~4.0.1
694 silly packumentCache full:https://registry.npmjs.org/is-glob cache-miss
695 http fetch GET 200 https://registry.npmjs.org/type-is 62ms (cache miss)
696 silly packumentCache full:https://registry.npmjs.org/type-is set size:undefined disposed:false
697 silly fetch manifest anymatch@~3.1.2
698 silly packumentCache full:https://registry.npmjs.org/anymatch cache-miss
699 http fetch GET 200 https://registry.npmjs.org/on-finished 48ms (cache miss)
700 silly packumentCache full:https://registry.npmjs.org/on-finished set size:undefined disposed:false
701 silly fetch manifest readdirp@~3.6.0
702 silly packumentCache full:https://registry.npmjs.org/readdirp cache-miss
703 http fetch GET 200 https://registry.npmjs.org/http-errors 63ms (cache miss)
704 silly packumentCache full:https://registry.npmjs.org/http-errors set size:undefined disposed:false
705 silly fetch manifest glob-parent@~5.1.2
706 silly packumentCache full:https://registry.npmjs.org/glob-parent cache-miss
707 http fetch GET 200 https://registry.npmjs.org/iconv-lite 77ms (cache miss)
708 silly packumentCache full:https://registry.npmjs.org/iconv-lite set size:undefined disposed:false
709 silly fetch manifest is-binary-path@~2.1.0
710 silly packumentCache full:https://registry.npmjs.org/is-binary-path cache-miss
711 http fetch GET 200 https://registry.npmjs.org/braces 71ms (cache miss)
712 silly packumentCache full:https://registry.npmjs.org/braces set size:undefined disposed:false
713 silly fetch manifest normalize-path@~3.0.0
714 silly packumentCache full:https://registry.npmjs.org/normalize-path cache-miss
715 http fetch GET 200 https://registry.npmjs.org/is-glob 66ms (cache miss)
716 silly packumentCache full:https://registry.npmjs.org/is-glob set size:undefined disposed:false
717 silly fetch manifest fsevents@~2.3.2
718 silly packumentCache full:https://registry.npmjs.org/fsevents cache-miss
719 http fetch GET 200 https://registry.npmjs.org/anymatch 66ms (cache revalidated)
720 silly packumentCache full:https://registry.npmjs.org/anymatch set size:42974 disposed:false
721 silly fetch manifest json-parse-helpfulerror@^1.0.3
722 silly packumentCache full:https://registry.npmjs.org/json-parse-helpfulerror cache-miss
723 http fetch GET 200 https://registry.npmjs.org/glob-parent 53ms (cache miss)
724 silly packumentCache full:https://registry.npmjs.org/glob-parent set size:undefined disposed:false
725 silly fetch manifest string-width@^4.2.0
726 silly packumentCache full:https://registry.npmjs.org/string-width cache-miss
727 http fetch GET 200 https://registry.npmjs.org/readdirp 65ms (cache revalidated)
728 silly packumentCache full:https://registry.npmjs.org/readdirp set size:107589 disposed:false
729 silly fetch manifest @colors/colors@1.5.0
730 silly packumentCache full:https://registry.npmjs.org/@colors%2fcolors cache-miss
731 http fetch GET 200 https://registry.npmjs.org/is-binary-path 97ms (cache miss)
732 silly packumentCache full:https://registry.npmjs.org/is-binary-path set size:undefined disposed:false
733 silly fetch manifest dot-prop@^5.2.0
734 silly packumentCache full:https://registry.npmjs.org/dot-prop cache-miss
735 http fetch GET 200 https://registry.npmjs.org/normalize-path 101ms (cache revalidated)
736 silly packumentCache full:https://registry.npmjs.org/normalize-path set size:28713 disposed:false
737 silly fetch manifest make-dir@^3.0.0
738 silly packumentCache full:https://registry.npmjs.org/make-dir cache-miss
739 http fetch GET 200 https://registry.npmjs.org/fsevents 114ms (cache miss)
740 silly packumentCache full:https://registry.npmjs.org/fsevents set size:undefined disposed:false
741 silly fetch manifest graceful-fs@^4.1.2
742 silly packumentCache full:https://registry.npmjs.org/graceful-fs cache-miss
743 http fetch GET 200 https://registry.npmjs.org/string-width 110ms (cache revalidated)
744 silly packumentCache full:https://registry.npmjs.org/string-width set size:66232 disposed:false
745 silly fetch manifest xdg-basedir@^4.0.0
746 silly packumentCache full:https://registry.npmjs.org/xdg-basedir cache-miss
747 http fetch GET 200 https://registry.npmjs.org/@colors%2fcolors 117ms (cache miss)
748 silly packumentCache full:https://registry.npmjs.org/@colors%2fcolors set size:undefined disposed:false
749 silly fetch manifest unique-string@^2.0.0
750 silly packumentCache full:https://registry.npmjs.org/unique-string cache-miss
751 http fetch GET 200 https://registry.npmjs.org/dot-prop 79ms (cache miss)
752 silly packumentCache full:https://registry.npmjs.org/dot-prop set size:undefined disposed:false
753 silly fetch manifest write-file-atomic@^3.0.0
754 silly packumentCache full:https://registry.npmjs.org/write-file-atomic cache-miss
755 http fetch GET 200 https://registry.npmjs.org/json-parse-helpfulerror 153ms (cache miss)
756 silly packumentCache full:https://registry.npmjs.org/json-parse-helpfulerror set size:undefined disposed:false
757 silly fetch manifest object-assign@^4
758 silly packumentCache full:https://registry.npmjs.org/object-assign cache-miss
759 http fetch GET 200 https://registry.npmjs.org/make-dir 77ms (cache miss)
760 silly packumentCache full:https://registry.npmjs.org/make-dir set size:undefined disposed:false
761 silly fetch manifest vary@^1
762 silly packumentCache full:https://registry.npmjs.org/vary cache-miss
763 http fetch GET 200 https://registry.npmjs.org/graceful-fs 67ms (cache revalidated)
764 silly packumentCache full:https://registry.npmjs.org/graceful-fs set size:124285 disposed:false
765 silly fetch manifest cross-spawn@^7.0.1
766 silly packumentCache full:https://registry.npmjs.org/cross-spawn cache-hit
767 silly fetch manifest which@^2.0.1
768 silly packumentCache full:https://registry.npmjs.org/which cache-miss
769 http fetch GET 200 https://registry.npmjs.org/xdg-basedir 75ms (cache miss)
770 silly packumentCache full:https://registry.npmjs.org/xdg-basedir set size:undefined disposed:false
771 silly fetch manifest path-key@^3.1.0
772 silly packumentCache full:https://registry.npmjs.org/path-key cache-miss
773 http fetch GET 200 https://registry.npmjs.org/unique-string 67ms (cache miss)
774 silly packumentCache full:https://registry.npmjs.org/unique-string set size:undefined disposed:false
775 silly fetch manifest shebang-command@^2.0.0
776 silly packumentCache full:https://registry.npmjs.org/shebang-command cache-miss
777 http fetch GET 200 https://registry.npmjs.org/object-assign 55ms (cache miss)
778 silly packumentCache full:https://registry.npmjs.org/object-assign set size:undefined disposed:false
779 silly fetch manifest lodash.mapvalues@^4.6.0
780 silly packumentCache full:https://registry.npmjs.org/lodash.mapvalues cache-miss
781 http fetch GET 200 https://registry.npmjs.org/vary 50ms (cache miss)
782 silly packumentCache full:https://registry.npmjs.org/vary set size:undefined disposed:false
783 silly fetch manifest sort-any@^2.0.0
784 silly packumentCache full:https://registry.npmjs.org/sort-any cache-miss
785 http fetch GET 200 https://registry.npmjs.org/write-file-atomic 77ms (cache miss)
786 silly packumentCache full:https://registry.npmjs.org/write-file-atomic set size:undefined disposed:false
787 silly fetch manifest @apidevtools/json-schema-ref-parser@^9.0.3
788 silly packumentCache full:https://registry.npmjs.org/@apidevtools%2fjson-schema-ref-parser cache-miss
789 http fetch GET 200 https://registry.npmjs.org/which 65ms (cache revalidated)
790 silly packumentCache full:https://registry.npmjs.org/which set size:65264 disposed:false
791 silly fetch manifest ajv-formats@^2.1.0
792 silly packumentCache full:https://registry.npmjs.org/ajv-formats cache-hit
793 silly fetch manifest content-type@^1.0.4
794 silly packumentCache full:https://registry.npmjs.org/content-type cache-hit
795 silly fetch manifest deep-freeze@0.0.1
796 silly packumentCache full:https://registry.npmjs.org/deep-freeze cache-miss
797 http fetch GET 200 https://registry.npmjs.org/lodash.mapvalues 51ms (cache miss)
798 silly packumentCache full:https://registry.npmjs.org/lodash.mapvalues set size:undefined disposed:false
799 silly fetch manifest events-listener@^1.1.0
800 silly packumentCache full:https://registry.npmjs.org/events-listener cache-miss
801 http fetch GET 200 https://registry.npmjs.org/shebang-command 66ms (cache revalidated)
802 silly packumentCache full:https://registry.npmjs.org/shebang-command set size:8525 disposed:false
803 silly fetch manifest glob@^10.3.10
804 silly packumentCache full:https://registry.npmjs.org/glob cache-hit
805 silly fetch manifest json-ptr@^3.0.1
806 silly packumentCache full:https://registry.npmjs.org/json-ptr cache-miss
807 http fetch GET 200 https://registry.npmjs.org/path-key 91ms (cache revalidated)
808 silly packumentCache full:https://registry.npmjs.org/path-key set size:16975 disposed:false
809 silly fetch manifest lodash@^4.17.11
810 silly packumentCache full:https://registry.npmjs.org/lodash cache-hit
811 silly fetch manifest openapi3-ts@^3.1.1
812 silly packumentCache full:https://registry.npmjs.org/openapi3-ts cache-miss
813 http fetch GET 200 https://registry.npmjs.org/deep-freeze 40ms (cache miss)
814 silly packumentCache full:https://registry.npmjs.org/deep-freeze set size:undefined disposed:false
815 silly fetch manifest promise-breaker@^6.0.0
816 silly packumentCache full:https://registry.npmjs.org/promise-breaker cache-miss
817 http fetch GET 200 https://registry.npmjs.org/@apidevtools%2fjson-schema-ref-parser 93ms (cache miss)
818 silly packumentCache full:https://registry.npmjs.org/@apidevtools%2fjson-schema-ref-parser set size:undefined disposed:false
819 silly fetch manifest qs@^6.6.0
820 silly packumentCache full:https://registry.npmjs.org/qs cache-hit
821 silly fetch manifest raw-body@^2.3.3
822 silly packumentCache full:https://registry.npmjs.org/raw-body cache-hit
823 silly fetch manifest semver@^7.0.0
824 silly packumentCache full:https://registry.npmjs.org/semver cache-hit
825 silly fetch manifest etag@~1.8.1
826 silly packumentCache full:https://registry.npmjs.org/etag cache-miss
827 http fetch GET 200 https://registry.npmjs.org/sort-any 129ms (cache miss)
828 silly packumentCache full:https://registry.npmjs.org/sort-any set size:undefined disposed:false
829 silly fetch manifest send@~0.19.0
830 silly packumentCache full:https://registry.npmjs.org/send cache-miss
831 http fetch GET 200 https://registry.npmjs.org/events-listener 104ms (cache miss)
832 silly packumentCache full:https://registry.npmjs.org/events-listener set size:undefined disposed:false
833 silly fetch manifest vary@~1.1.2
834 silly packumentCache full:https://registry.npmjs.org/vary cache-miss
835 http fetch GET 200 https://registry.npmjs.org/etag 42ms (cache miss)
836 silly packumentCache full:https://registry.npmjs.org/etag set size:undefined disposed:false
837 silly fetch manifest fresh@~0.5.2
838 silly packumentCache full:https://registry.npmjs.org/fresh cache-miss
839 http cache https://registry.npmjs.org/vary 24ms (cache hit)
840 silly packumentCache full:https://registry.npmjs.org/vary set size:16018 disposed:false
841 silly fetch manifest cookie@~0.7.1
842 silly packumentCache full:https://registry.npmjs.org/cookie cache-miss
843 http fetch GET 200 https://registry.npmjs.org/send 58ms (cache miss)
844 silly packumentCache full:https://registry.npmjs.org/send set size:undefined disposed:false
845 silly fetch manifest accepts@~1.3.8
846 silly packumentCache full:https://registry.npmjs.org/accepts cache-miss
847 http fetch GET 200 https://registry.npmjs.org/fresh 56ms (cache miss)
848 silly packumentCache full:https://registry.npmjs.org/fresh set size:undefined disposed:false
849 silly fetch manifest methods@~1.1.2
850 silly packumentCache full:https://registry.npmjs.org/methods cache-miss
851 http fetch GET 200 https://registry.npmjs.org/openapi3-ts 147ms (cache miss)
852 silly packumentCache full:https://registry.npmjs.org/openapi3-ts set size:undefined disposed:false
853 silly fetch manifest parseurl@~1.3.3
854 silly packumentCache full:https://registry.npmjs.org/parseurl cache-miss
855 http fetch GET 200 https://registry.npmjs.org/cookie 56ms (cache miss)
856 silly packumentCache full:https://registry.npmjs.org/cookie set size:undefined disposed:false
857 silly fetch manifest statuses@~2.0.1
858 silly packumentCache full:https://registry.npmjs.org/statuses cache-miss
859 http fetch GET 200 https://registry.npmjs.org/accepts 49ms (cache miss)
860 silly packumentCache full:https://registry.npmjs.org/accepts set size:undefined disposed:false
861 silly fetch manifest encodeurl@~2.0.0
862 silly packumentCache full:https://registry.npmjs.org/encodeurl cache-miss
863 http fetch GET 200 https://registry.npmjs.org/methods 43ms (cache miss)
864 silly packumentCache full:https://registry.npmjs.org/methods set size:undefined disposed:false
865 silly fetch manifest proxy-addr@~2.0.7
866 silly packumentCache full:https://registry.npmjs.org/proxy-addr cache-miss
867 http fetch GET 200 https://registry.npmjs.org/json-ptr 230ms (cache miss)
868 silly packumentCache full:https://registry.npmjs.org/json-ptr set size:undefined disposed:false
869 silly fetch manifest escape-html@~1.0.3
870 silly packumentCache full:https://registry.npmjs.org/escape-html cache-miss
871 http fetch GET 200 https://registry.npmjs.org/parseurl 118ms (cache miss)
872 silly packumentCache full:https://registry.npmjs.org/parseurl set size:undefined disposed:false
873 silly fetch manifest http-errors@~2.0.0
874 silly packumentCache full:https://registry.npmjs.org/http-errors cache-miss
875 http fetch GET 200 https://registry.npmjs.org/statuses 119ms (cache miss)
876 silly packumentCache full:https://registry.npmjs.org/statuses set size:undefined disposed:false
877 silly fetch manifest safe-buffer@5.2.1
878 silly packumentCache full:https://registry.npmjs.org/safe-buffer cache-miss
879 http fetch GET 200 https://registry.npmjs.org/encodeurl 111ms (cache miss)
880 silly packumentCache full:https://registry.npmjs.org/encodeurl set size:undefined disposed:false
881 silly fetch manifest utils-merge@1.0.1
882 silly packumentCache full:https://registry.npmjs.org/utils-merge cache-miss
883 http fetch GET 200 https://registry.npmjs.org/escape-html 90ms (cache miss)
884 silly packumentCache full:https://registry.npmjs.org/escape-html set size:undefined disposed:false
885 silly fetch manifest content-type@~1.0.4
886 silly packumentCache full:https://registry.npmjs.org/content-type cache-hit
887 silly fetch manifest finalhandler@~1.3.1
888 silly packumentCache full:https://registry.npmjs.org/finalhandler cache-miss
889 http fetch GET 200 https://registry.npmjs.org/promise-breaker 320ms (cache miss)
890 silly packumentCache full:https://registry.npmjs.org/promise-breaker set size:undefined disposed:false
891 silly fetch manifest range-parser@~1.2.1
892 silly packumentCache full:https://registry.npmjs.org/range-parser cache-miss
893 http fetch GET 200 https://registry.npmjs.org/proxy-addr 141ms (cache miss)
894 silly packumentCache full:https://registry.npmjs.org/proxy-addr set size:undefined disposed:false
895 silly fetch manifest serve-static@~1.16.2
896 silly packumentCache full:https://registry.npmjs.org/serve-static cache-miss
897 http cache https://registry.npmjs.org/http-errors 58ms (cache hit)
898 silly packumentCache full:https://registry.npmjs.org/http-errors set size:71987 disposed:false
899 silly fetch manifest array-flatten@1.1.1
900 silly packumentCache full:https://registry.npmjs.org/array-flatten cache-miss
901 http fetch GET 200 https://registry.npmjs.org/utils-merge 54ms (cache miss)
902 silly packumentCache full:https://registry.npmjs.org/utils-merge set size:undefined disposed:false
903 silly fetch manifest path-to-regexp@~0.1.12
904 silly packumentCache full:https://registry.npmjs.org/path-to-regexp cache-miss
905 http fetch GET 200 https://registry.npmjs.org/safe-buffer 85ms (cache revalidated)
906 silly packumentCache full:https://registry.npmjs.org/safe-buffer set size:41183 disposed:false
907 silly fetch manifest setprototypeof@1.2.0
908 silly packumentCache full:https://registry.npmjs.org/setprototypeof cache-miss
909 http fetch GET 200 https://registry.npmjs.org/range-parser 51ms (cache miss)
910 silly packumentCache full:https://registry.npmjs.org/range-parser set size:undefined disposed:false
911 silly fetch manifest cookie-signature@~1.0.6
912 silly packumentCache full:https://registry.npmjs.org/cookie-signature cache-miss
913 http fetch GET 200 https://registry.npmjs.org/finalhandler 68ms (cache miss)
914 silly packumentCache full:https://registry.npmjs.org/finalhandler set size:undefined disposed:false
915 silly fetch manifest merge-descriptors@1.0.3
916 silly packumentCache full:https://registry.npmjs.org/merge-descriptors cache-miss
917 http fetch GET 200 https://registry.npmjs.org/array-flatten 56ms (cache miss)
918 silly packumentCache full:https://registry.npmjs.org/array-flatten set size:undefined disposed:false
919 silly fetch manifest content-disposition@~0.5.4
920 silly packumentCache full:https://registry.npmjs.org/content-disposition cache-miss
921 http fetch GET 200 https://registry.npmjs.org/serve-static 67ms (cache miss)
922 silly packumentCache full:https://registry.npmjs.org/serve-static set size:undefined disposed:false
923 silly fetch manifest asynckit@^0.4.0
924 silly packumentCache full:https://registry.npmjs.org/asynckit cache-miss
925 http fetch GET 200 https://registry.npmjs.org/cookie-signature 47ms (cache miss)
926 silly packumentCache full:https://registry.npmjs.org/cookie-signature set size:undefined disposed:false
927 silly fetch manifest combined-stream@^1.0.8
928 silly packumentCache full:https://registry.npmjs.org/combined-stream cache-miss
929 http fetch GET 200 https://registry.npmjs.org/path-to-regexp 84ms (cache miss)
930 silly packumentCache full:https://registry.npmjs.org/path-to-regexp set size:undefined disposed:false
931 silly fetch manifest es-set-tostringtag@^2.1.0
932 silly packumentCache full:https://registry.npmjs.org/es-set-tostringtag cache-miss
933 http fetch GET 200 https://registry.npmjs.org/setprototypeof 66ms (cache miss)
934 silly packumentCache full:https://registry.npmjs.org/setprototypeof set size:undefined disposed:false
935 silly fetch manifest hasown@^2.0.2
936 silly packumentCache full:https://registry.npmjs.org/hasown cache-miss
937 http fetch GET 200 https://registry.npmjs.org/merge-descriptors 60ms (cache miss)
938 silly packumentCache full:https://registry.npmjs.org/merge-descriptors set size:undefined disposed:false
939 silly fetch manifest mime-types@^2.1.12
940 silly packumentCache full:https://registry.npmjs.org/mime-types cache-miss
941 http fetch GET 200 https://registry.npmjs.org/content-disposition 62ms (cache miss)
942 silly packumentCache full:https://registry.npmjs.org/content-disposition set size:undefined disposed:false
943 silly fetch manifest jsonfile@^6.0.1
944 silly packumentCache full:https://registry.npmjs.org/jsonfile cache-miss
945 http fetch GET 200 https://registry.npmjs.org/asynckit 68ms (cache revalidated)
946 silly packumentCache full:https://registry.npmjs.org/asynckit set size:18932 disposed:false
947 silly fetch manifest graceful-fs@^4.2.0
948 silly packumentCache full:https://registry.npmjs.org/graceful-fs cache-hit
949 silly fetch manifest universalify@^2.0.0
950 silly packumentCache full:https://registry.npmjs.org/universalify cache-miss
951 http fetch GET 200 https://registry.npmjs.org/jsonfile 42ms (cache miss)
952 silly packumentCache full:https://registry.npmjs.org/jsonfile set size:undefined disposed:false
953 silly fetch manifest uuid@^9.0.1
954 silly packumentCache full:https://registry.npmjs.org/uuid cache-hit
955 silly fetch manifest is-stream@^2.0.0
956 silly packumentCache full:https://registry.npmjs.org/is-stream cache-miss
957 http fetch GET 200 https://registry.npmjs.org/hasown 66ms (cache revalidated)
958 silly packumentCache full:https://registry.npmjs.org/hasown set size:12476 disposed:false
959 silly fetch manifest node-fetch@^2.6.9
960 silly packumentCache full:https://registry.npmjs.org/node-fetch cache-hit
961 silly fetch manifest https-proxy-agent@^7.0.1
962 silly packumentCache full:https://registry.npmjs.org/https-proxy-agent cache-miss
963 http fetch GET 200 https://registry.npmjs.org/combined-stream 93ms (cache revalidated)
964 silly packumentCache full:https://registry.npmjs.org/combined-stream set size:40337 disposed:false
965 silly fetch manifest minipass@^7.1.2
966 silly packumentCache full:https://registry.npmjs.org/minipass cache-miss
967 http fetch GET 200 https://registry.npmjs.org/es-set-tostringtag 86ms (cache revalidated)
968 silly packumentCache full:https://registry.npmjs.org/es-set-tostringtag set size:22094 disposed:false
969 silly fetch manifest jackspeak@^3.1.2
970 silly packumentCache full:https://registry.npmjs.org/jackspeak cache-miss
971 http fetch GET 200 https://registry.npmjs.org/mime-types 76ms (cache revalidated)
972 silly packumentCache full:https://registry.npmjs.org/mime-types set size:139110 disposed:false
973 silly fetch manifest minimatch@^9.0.4
974 silly packumentCache full:https://registry.npmjs.org/minimatch cache-hit
975 silly fetch manifest path-scurry@^1.11.1
976 silly packumentCache full:https://registry.npmjs.org/path-scurry cache-miss
977 http fetch GET 200 https://registry.npmjs.org/universalify 68ms (cache miss)
978 silly packumentCache full:https://registry.npmjs.org/universalify set size:undefined disposed:false
979 silly fetch manifest foreground-child@^3.1.0
980 silly packumentCache full:https://registry.npmjs.org/foreground-child cache-miss
981 http fetch GET 200 https://registry.npmjs.org/https-proxy-agent 46ms (cache miss)
982 silly packumentCache full:https://registry.npmjs.org/https-proxy-agent set size:undefined disposed:false
983 silly fetch manifest package-json-from-dist@^1.0.0
984 silly packumentCache full:https://registry.npmjs.org/package-json-from-dist cache-miss
985 http fetch GET 200 https://registry.npmjs.org/is-stream 77ms (cache revalidated)
986 silly packumentCache full:https://registry.npmjs.org/is-stream set size:18582 disposed:false
987 silly fetch manifest jws@^4.0.0
988 silly packumentCache full:https://registry.npmjs.org/jws cache-miss
989 http fetch GET 200 https://registry.npmjs.org/path-scurry 56ms (cache miss)
990 silly packumentCache full:https://registry.npmjs.org/path-scurry set size:undefined disposed:false
991 silly fetch manifest gtoken@^7.0.0
992 silly packumentCache full:https://registry.npmjs.org/gtoken cache-miss
993 http fetch GET 200 https://registry.npmjs.org/foreground-child 54ms (cache miss)
994 silly packumentCache full:https://registry.npmjs.org/foreground-child set size:undefined disposed:false
995 silly fetch manifest base64-js@^1.3.0
996 silly packumentCache full:https://registry.npmjs.org/base64-js cache-miss
997 http fetch GET 200 https://registry.npmjs.org/jackspeak 80ms (cache miss)
998 silly packumentCache full:https://registry.npmjs.org/jackspeak set size:undefined disposed:false
999 silly fetch manifest gcp-metadata@^6.1.0
1000 silly packumentCache full:https://registry.npmjs.org/gcp-metadata cache-miss
1001 http fetch GET 200 https://registry.npmjs.org/package-json-from-dist 61ms (cache miss)
1002 silly packumentCache full:https://registry.npmjs.org/package-json-from-dist set size:undefined disposed:false
1003 silly fetch manifest ecdsa-sig-formatter@^1.0.11
1004 silly packumentCache full:https://registry.npmjs.org/ecdsa-sig-formatter cache-miss
1005 http fetch GET 200 https://registry.npmjs.org/minipass 132ms (cache miss)
1006 silly packumentCache full:https://registry.npmjs.org/minipass set size:undefined disposed:false
1007 silly fetch manifest esprima@^4.0.0
1008 silly packumentCache full:https://registry.npmjs.org/esprima cache-miss
1009 http fetch GET 200 https://registry.npmjs.org/jws 87ms (cache miss)
1010 silly packumentCache full:https://registry.npmjs.org/jws set size:undefined disposed:false
1011 silly fetch manifest argparse@^1.0.7
1012 silly packumentCache full:https://registry.npmjs.org/argparse cache-miss
1013 http fetch GET 200 https://registry.npmjs.org/gtoken 95ms (cache miss)
1014 silly packumentCache full:https://registry.npmjs.org/gtoken set size:undefined disposed:false
1015 silly fetch manifest ms@^2.1.1
1016 silly packumentCache full:https://registry.npmjs.org/ms cache-miss
1017 http fetch GET 200 https://registry.npmjs.org/base64-js 105ms (cache revalidated)
1018 silly packumentCache full:https://registry.npmjs.org/base64-js set size:41270 disposed:false
1019 silly fetch manifest jws@^4.0.1
1020 silly packumentCache full:https://registry.npmjs.org/jws cache-miss
1021 http fetch GET 200 https://registry.npmjs.org/ecdsa-sig-formatter 86ms (cache miss)
1022 silly packumentCache full:https://registry.npmjs.org/ecdsa-sig-formatter set size:undefined disposed:false
1023 silly fetch manifest semver@^7.5.4
1024 silly packumentCache full:https://registry.npmjs.org/semver cache-hit
1025 silly fetch manifest lodash.once@^4.0.0
1026 silly packumentCache full:https://registry.npmjs.org/lodash.once cache-miss
1027 http fetch GET 200 https://registry.npmjs.org/gcp-metadata 106ms (cache miss)
1028 silly packumentCache full:https://registry.npmjs.org/gcp-metadata set size:undefined disposed:false
1029 silly fetch manifest lodash.includes@^4.3.0
1030 silly packumentCache full:https://registry.npmjs.org/lodash.includes cache-miss
1031 http cache https://registry.npmjs.org/jws 41ms (cache hit)
1032 silly packumentCache full:https://registry.npmjs.org/jws set size:48919 disposed:false
1033 silly fetch manifest lodash.isnumber@^3.0.3
1034 silly packumentCache full:https://registry.npmjs.org/lodash.isnumber cache-miss
1035 http fetch GET 200 https://registry.npmjs.org/esprima 93ms (cache miss)
1036 silly packumentCache full:https://registry.npmjs.org/esprima set size:undefined disposed:false
1037 silly fetch manifest lodash.isstring@^4.0.1
1038 silly packumentCache full:https://registry.npmjs.org/lodash.isstring cache-miss
1039 http fetch GET 200 https://registry.npmjs.org/lodash.includes 53ms (cache miss)
1040 silly packumentCache full:https://registry.npmjs.org/lodash.includes set size:undefined disposed:false
1041 silly fetch manifest lodash.isboolean@^3.0.3
1042 silly packumentCache full:https://registry.npmjs.org/lodash.isboolean cache-miss
1043 http fetch GET 200 https://registry.npmjs.org/ms 82ms (cache revalidated)
1044 silly packumentCache full:https://registry.npmjs.org/ms set size:92208 disposed:false
1045 silly fetch manifest lodash.isinteger@^4.0.4
1046 silly packumentCache full:https://registry.npmjs.org/lodash.isinteger cache-miss
1047 http fetch GET 200 https://registry.npmjs.org/lodash.once 80ms (cache miss)
1048 silly packumentCache full:https://registry.npmjs.org/lodash.once set size:undefined disposed:false
1049 silly fetch manifest lodash.isplainobject@^4.0.6
1050 silly packumentCache full:https://registry.npmjs.org/lodash.isplainobject cache-miss
1051 http fetch GET 200 https://registry.npmjs.org/argparse 124ms (cache revalidated)
1052 silly packumentCache full:https://registry.npmjs.org/argparse set size:49266 disposed:false
1053 silly fetch manifest libsodium@^0.7.16
1054 silly packumentCache full:https://registry.npmjs.org/libsodium cache-miss
1055 http fetch GET 200 https://registry.npmjs.org/lodash.isnumber 61ms (cache miss)
1056 silly packumentCache full:https://registry.npmjs.org/lodash.isnumber set size:undefined disposed:false
1057 silly fetch manifest is-number@^2.1.0
1058 silly packumentCache full:https://registry.npmjs.org/is-number cache-miss
1059 http fetch GET 200 https://registry.npmjs.org/lodash.isstring 57ms (cache miss)
1060 silly packumentCache full:https://registry.npmjs.org/lodash.isstring set size:undefined disposed:false
1061 silly fetch manifest through2@^2.0.1
1062 silly packumentCache full:https://registry.npmjs.org/through2 cache-miss
1063 http fetch GET 200 https://registry.npmjs.org/lodash.isboolean 66ms (cache miss)
1064 silly packumentCache full:https://registry.npmjs.org/lodash.isboolean set size:undefined disposed:false
1065 silly fetch manifest ansi-escapes@^7.0.0
1066 silly packumentCache full:https://registry.npmjs.org/ansi-escapes cache-miss
1067 http fetch GET 200 https://registry.npmjs.org/lodash.isplainobject 56ms (cache miss)
1068 silly packumentCache full:https://registry.npmjs.org/lodash.isplainobject set size:undefined disposed:false
1069 silly fetch manifest ansi-regex@^6.1.0
1070 silly packumentCache full:https://registry.npmjs.org/ansi-regex cache-miss
1071 http fetch GET 200 https://registry.npmjs.org/lodash.isinteger 75ms (cache miss)
1072 silly packumentCache full:https://registry.npmjs.org/lodash.isinteger set size:undefined disposed:false
1073 silly fetch manifest chalk@^5.4.1
1074 silly packumentCache full:https://registry.npmjs.org/chalk cache-miss
1075 http fetch GET 200 https://registry.npmjs.org/is-number 69ms (cache miss)
1076 silly packumentCache full:https://registry.npmjs.org/is-number set size:undefined disposed:false
1077 silly fetch manifest cli-highlight@^2.1.11
1078 silly packumentCache full:https://registry.npmjs.org/cli-highlight cache-miss
1079 http fetch GET 200 https://registry.npmjs.org/through2 75ms (cache miss)
1080 silly packumentCache full:https://registry.npmjs.org/through2 set size:undefined disposed:false
1081 silly fetch manifest node-emoji@^2.2.0
1082 silly packumentCache full:https://registry.npmjs.org/node-emoji cache-miss
1083 http fetch GET 200 https://registry.npmjs.org/ansi-escapes 64ms (cache miss)
1084 silly packumentCache full:https://registry.npmjs.org/ansi-escapes set size:undefined disposed:false
1085 silly fetch manifest supports-hyperlinks@^3.1.0
1086 silly packumentCache full:https://registry.npmjs.org/supports-hyperlinks cache-miss
1087 http fetch GET 200 https://registry.npmjs.org/libsodium 123ms (cache miss)
1088 silly packumentCache full:https://registry.npmjs.org/libsodium set size:undefined disposed:false
1089 silly fetch manifest brace-expansion@^1.1.7
1090 silly packumentCache full:https://registry.npmjs.org/brace-expansion cache-miss
1091 http fetch GET 200 https://registry.npmjs.org/ansi-regex 74ms (cache revalidated)
1092 silly packumentCache full:https://registry.npmjs.org/ansi-regex set size:43572 disposed:false
1093 silly fetch manifest basic-auth@~2.0.1
1094 silly packumentCache full:https://registry.npmjs.org/basic-auth cache-miss
1095 http fetch GET 200 https://registry.npmjs.org/chalk 68ms (cache revalidated)
1096 silly packumentCache full:https://registry.npmjs.org/chalk set size:117861 disposed:false
1097 silly fetch manifest depd@~2.0.0
1098 silly packumentCache full:https://registry.npmjs.org/depd cache-miss
1099 http cache https://registry.npmjs.org/depd 19ms (cache hit)
1100 silly packumentCache full:https://registry.npmjs.org/depd set size:40182 disposed:false
1101 silly fetch manifest on-finished@~2.3.0
1102 silly packumentCache full:https://registry.npmjs.org/on-finished cache-miss
1103 http fetch GET 200 https://registry.npmjs.org/cli-highlight 69ms (cache miss)
1104 silly packumentCache full:https://registry.npmjs.org/cli-highlight set size:undefined disposed:false
1105 silly fetch manifest on-headers@~1.1.0
1106 silly packumentCache full:https://registry.npmjs.org/on-headers cache-miss
1107 http fetch GET 200 https://registry.npmjs.org/node-emoji 62ms (cache miss)
1108 silly packumentCache full:https://registry.npmjs.org/node-emoji set size:undefined disposed:false
1109 silly fetch manifest whatwg-url@^5.0.0
1110 silly packumentCache full:https://registry.npmjs.org/whatwg-url cache-miss
1111 http fetch GET 200 https://registry.npmjs.org/supports-hyperlinks 52ms (cache miss)
1112 silly packumentCache full:https://registry.npmjs.org/supports-hyperlinks set size:undefined disposed:false
1113 silly fetch manifest is-wsl@^1.1.0
1114 silly packumentCache full:https://registry.npmjs.org/is-wsl cache-miss
1115 http fetch GET 200 https://registry.npmjs.org/brace-expansion 59ms (cache revalidated)
1116 silly packumentCache full:https://registry.npmjs.org/brace-expansion set size:46250 disposed:false
1117 silly fetch manifest bl@^4.1.0
1118 silly packumentCache full:https://registry.npmjs.org/bl cache-miss
1119 http cache https://registry.npmjs.org/on-finished 30ms (cache hit)
1120 silly packumentCache full:https://registry.npmjs.org/on-finished set size:23212 disposed:false
1121 silly fetch manifest chalk@^4.1.0
1122 silly packumentCache full:https://registry.npmjs.org/chalk cache-hit
1123 silly fetch manifest wcwidth@^1.0.1
1124 silly packumentCache full:https://registry.npmjs.org/wcwidth cache-miss
1125 http fetch GET 200 https://registry.npmjs.org/basic-auth 69ms (cache miss)
1126 silly packumentCache full:https://registry.npmjs.org/basic-auth set size:undefined disposed:false
1127 silly fetch manifest cli-cursor@^3.1.0
1128 silly packumentCache full:https://registry.npmjs.org/cli-cursor cache-miss
1129 http fetch GET 200 https://registry.npmjs.org/on-headers 47ms (cache miss)
1130 silly packumentCache full:https://registry.npmjs.org/on-headers set size:undefined disposed:false
1131 silly fetch manifest strip-ansi@^6.0.0
1132 silly packumentCache full:https://registry.npmjs.org/strip-ansi cache-miss
1133 http fetch GET 200 https://registry.npmjs.org/is-wsl 50ms (cache revalidated)
1134 silly packumentCache full:https://registry.npmjs.org/is-wsl set size:18741 disposed:false
1135 silly fetch manifest log-symbols@^4.1.0
1136 silly packumentCache full:https://registry.npmjs.org/log-symbols cache-miss
1137 http fetch GET 200 https://registry.npmjs.org/wcwidth 44ms (cache miss)
1138 silly packumentCache full:https://registry.npmjs.org/wcwidth set size:undefined disposed:false
1139 silly fetch manifest cli-spinners@^2.5.0
1140 silly packumentCache full:https://registry.npmjs.org/cli-spinners cache-miss
1141 http fetch GET 200 https://registry.npmjs.org/whatwg-url 73ms (cache revalidated)
1142 silly packumentCache full:https://registry.npmjs.org/whatwg-url set size:168036 disposed:false
1143 silly fetch manifest is-interactive@^1.0.0
1144 silly packumentCache full:https://registry.npmjs.org/is-interactive cache-miss
1145 http fetch GET 200 https://registry.npmjs.org/cli-cursor 61ms (cache revalidated)
1146 silly packumentCache full:https://registry.npmjs.org/cli-cursor set size:18913 disposed:false
1147 silly fetch manifest is-unicode-supported@^0.1.0
1148 silly packumentCache full:https://registry.npmjs.org/is-unicode-supported cache-miss
1149 http fetch GET 200 https://registry.npmjs.org/bl 78ms (cache revalidated)
1150 silly packumentCache full:https://registry.npmjs.org/bl set size:188910 disposed:false
1151 silly fetch manifest yocto-queue@^0.1.0
1152 silly packumentCache full:https://registry.npmjs.org/yocto-queue cache-miss
1153 http fetch GET 200 https://registry.npmjs.org/strip-ansi 79ms (cache revalidated)
1154 silly packumentCache full:https://registry.npmjs.org/strip-ansi set size:41855 disposed:false
1155 silly fetch manifest pg-connection-string@^2.11.0
1156 silly packumentCache full:https://registry.npmjs.org/pg-connection-string cache-miss
1157 http fetch GET 200 https://registry.npmjs.org/log-symbols 73ms (cache revalidated)
1158 silly packumentCache full:https://registry.npmjs.org/log-symbols set size:31977 disposed:false
1159 silly fetch manifest pg-pool@^3.11.0
1160 silly packumentCache full:https://registry.npmjs.org/pg-pool cache-miss
1161 http fetch GET 200 https://registry.npmjs.org/cli-spinners 68ms (cache revalidated)
1162 silly packumentCache full:https://registry.npmjs.org/cli-spinners set size:67473 disposed:false
1163 silly fetch manifest pg-protocol@^1.11.0
1164 silly packumentCache full:https://registry.npmjs.org/pg-protocol cache-miss
1165 http fetch GET 200 https://registry.npmjs.org/is-interactive 73ms (cache revalidated)
1166 silly packumentCache full:https://registry.npmjs.org/is-interactive set size:10692 disposed:false
1167 silly fetch manifest pg-types@2.2.0
1168 silly packumentCache full:https://registry.npmjs.org/pg-types cache-miss
1169 http fetch GET 200 https://registry.npmjs.org/is-unicode-supported 90ms (cache revalidated)
1170 silly packumentCache full:https://registry.npmjs.org/is-unicode-supported set size:19461 disposed:false
1171 silly fetch manifest pgpass@1.0.5
1172 silly packumentCache full:https://registry.npmjs.org/pgpass cache-miss
1173 http fetch GET 200 https://registry.npmjs.org/yocto-queue 96ms (cache miss)
1174 silly packumentCache full:https://registry.npmjs.org/yocto-queue set size:undefined disposed:false
1175 silly fetch manifest pg-cloudflare@^1.3.0
1176 silly packumentCache full:https://registry.npmjs.org/pg-cloudflare cache-miss
1177 http fetch GET 200 https://registry.npmjs.org/pg-connection-string 85ms (cache miss)
1178 silly packumentCache full:https://registry.npmjs.org/pg-connection-string set size:undefined disposed:false
1179 silly fetch manifest async@^3.2.6
1180 silly packumentCache full:https://registry.npmjs.org/async cache-miss
1181 http fetch GET 200 https://registry.npmjs.org/pg-types 64ms (cache miss)
1182 silly packumentCache full:https://registry.npmjs.org/pg-types set size:undefined disposed:false
1183 silly fetch manifest debug@^4.3.6
1184 silly packumentCache full:https://registry.npmjs.org/debug cache-hit
1185 silly fetch manifest agent-base@^7.1.2
1186 silly packumentCache full:https://registry.npmjs.org/agent-base cache-miss
1187 http fetch GET 200 https://registry.npmjs.org/pg-protocol 79ms (cache miss)
1188 silly packumentCache full:https://registry.npmjs.org/pg-protocol set size:undefined disposed:false
1189 silly fetch manifest debug@^4.3.4
1190 silly packumentCache full:https://registry.npmjs.org/debug cache-hit
1191 silly fetch manifest http-proxy-agent@^7.0.1
1192 silly packumentCache full:https://registry.npmjs.org/http-proxy-agent cache-miss
1193 http fetch GET 200 https://registry.npmjs.org/pg-pool 99ms (cache miss)
1194 silly packumentCache full:https://registry.npmjs.org/pg-pool set size:undefined disposed:false
1195 silly fetch manifest https-proxy-agent@^7.0.6
1196 silly packumentCache full:https://registry.npmjs.org/https-proxy-agent cache-miss
1197 http cache https://registry.npmjs.org/async 23ms (cache hit)
1198 silly packumentCache full:https://registry.npmjs.org/async set size:230496 disposed:false
1199 silly fetch manifest lru-cache@^7.14.1
1200 silly packumentCache full:https://registry.npmjs.org/lru-cache cache-miss
1201 http cache https://registry.npmjs.org/https-proxy-agent 21ms (cache hit)
1202 silly packumentCache full:https://registry.npmjs.org/https-proxy-agent set size:76241 disposed:false
1203 silly fetch manifest pac-proxy-agent@^7.1.0
1204 silly packumentCache full:https://registry.npmjs.org/pac-proxy-agent cache-miss
1205 http fetch GET 200 https://registry.npmjs.org/agent-base 51ms (cache miss)
1206 silly packumentCache full:https://registry.npmjs.org/agent-base set size:undefined disposed:false
1207 silly fetch manifest proxy-from-env@^1.1.0
1208 silly packumentCache full:https://registry.npmjs.org/proxy-from-env cache-miss
1209 http fetch GET 200 https://registry.npmjs.org/http-proxy-agent 50ms (cache miss)
1210 silly packumentCache full:https://registry.npmjs.org/http-proxy-agent set size:undefined disposed:false
1211 silly fetch manifest socks-proxy-agent@^8.0.5
1212 silly packumentCache full:https://registry.npmjs.org/socks-proxy-agent cache-miss
1213 http fetch GET 200 https://registry.npmjs.org/lru-cache 53ms (cache revalidated)
1214 silly packumentCache full:https://registry.npmjs.org/lru-cache set size:410669 disposed:false
1215 silly fetch manifest argparse@^2.0.1
1216 silly packumentCache full:https://registry.npmjs.org/argparse cache-hit
1217 silly fetch manifest nearley@^2.20.1
1218 silly packumentCache full:https://registry.npmjs.org/nearley cache-miss
1219 http fetch GET 200 https://registry.npmjs.org/pac-proxy-agent 66ms (cache miss)
1220 silly packumentCache full:https://registry.npmjs.org/pac-proxy-agent set size:undefined disposed:false
1221 silly fetch manifest basic-auth-connect@^1.1.0
1222 silly packumentCache full:https://registry.npmjs.org/basic-auth-connect cache-miss
1223 http fetch GET 200 https://registry.npmjs.org/pgpass 140ms (cache miss)
1224 silly packumentCache full:https://registry.npmjs.org/pgpass set size:undefined disposed:false
1225 silly fetch manifest commander@^10.0.0
1226 silly packumentCache full:https://registry.npmjs.org/commander cache-hit
1227 silly fetch manifest compression@^1.7.0
1228 silly packumentCache full:https://registry.npmjs.org/compression cache-miss
1229 http fetch GET 200 https://registry.npmjs.org/proxy-from-env 64ms (cache revalidated)
1230 silly packumentCache full:https://registry.npmjs.org/proxy-from-env set size:15831 disposed:false
1231 silly fetch manifest connect@^3.7.0
1232 silly packumentCache full:https://registry.npmjs.org/connect cache-miss
1233 http fetch GET 200 https://registry.npmjs.org/pg-cloudflare 145ms (cache miss)
1234 silly packumentCache full:https://registry.npmjs.org/pg-cloudflare set size:undefined disposed:false
1235 silly fetch manifest destroy@^1.0.4
1236 silly packumentCache full:https://registry.npmjs.org/destroy cache-miss
1237 http fetch GET 200 https://registry.npmjs.org/socks-proxy-agent 70ms (cache miss)
1238 silly packumentCache full:https://registry.npmjs.org/socks-proxy-agent set size:undefined disposed:false
1239 silly fetch manifest glob-slasher@^1.0.1
1240 silly packumentCache full:https://registry.npmjs.org/glob-slasher cache-miss
1241 http cache https://registry.npmjs.org/destroy 18ms (cache hit)
1242 silly packumentCache full:https://registry.npmjs.org/destroy set size:15738 disposed:false
1243 silly fetch manifest is-url@^1.2.2
1244 silly packumentCache full:https://registry.npmjs.org/is-url cache-miss
1245 http fetch GET 200 https://registry.npmjs.org/nearley 58ms (cache miss)
1246 silly packumentCache full:https://registry.npmjs.org/nearley set size:undefined disposed:false
1247 silly fetch manifest join-path@^1.1.1
1248 silly packumentCache full:https://registry.npmjs.org/join-path cache-miss
1249 http fetch GET 200 https://registry.npmjs.org/compression 62ms (cache miss)
1250 silly packumentCache full:https://registry.npmjs.org/compression set size:undefined disposed:false
1251 silly fetch manifest mime-types@^2.1.35
1252 silly packumentCache full:https://registry.npmjs.org/mime-types cache-hit
1253 silly fetch manifest minimatch@^6.1.6
1254 silly packumentCache full:https://registry.npmjs.org/minimatch cache-hit
1255 silly fetch manifest on-finished@^2.2.0
1256 silly packumentCache full:https://registry.npmjs.org/on-finished cache-hit
1257 silly fetch manifest on-headers@^1.0.0
1258 silly packumentCache full:https://registry.npmjs.org/on-headers cache-miss
1259 http cache https://registry.npmjs.org/on-headers 10ms (cache hit)
1260 silly packumentCache full:https://registry.npmjs.org/on-headers set size:13226 disposed:false
1261 silly fetch manifest path-to-regexp@^1.9.0
1262 silly packumentCache full:https://registry.npmjs.org/path-to-regexp cache-miss
1263 http fetch GET 200 https://registry.npmjs.org/is-url 55ms (cache miss)
1264 silly packumentCache full:https://registry.npmjs.org/is-url set size:undefined disposed:false
1265 silly fetch manifest router@^2.0.0
1266 silly packumentCache full:https://registry.npmjs.org/router cache-miss
1267 http cache https://registry.npmjs.org/path-to-regexp 21ms (cache hit)
1268 silly packumentCache full:https://registry.npmjs.org/path-to-regexp set size:207142 disposed:false
1269 silly fetch manifest re2@^1.17.7
1270 silly packumentCache full:https://registry.npmjs.org/re2 cache-miss
1271 http fetch GET 200 https://registry.npmjs.org/connect 110ms (cache miss)
1272 silly packumentCache full:https://registry.npmjs.org/connect set size:undefined disposed:false
1273 silly fetch manifest debug@4.3.1
1274 silly packumentCache full:https://registry.npmjs.org/debug cache-hit
1275 silly fetch manifest is2@^2.0.6
1276 silly packumentCache full:https://registry.npmjs.org/is2 cache-miss
1277 http fetch GET 200 https://registry.npmjs.org/glob-slasher 121ms (cache miss)
1278 silly packumentCache full:https://registry.npmjs.org/glob-slasher set size:undefined disposed:false
1279 silly fetch manifest uuid@^8.0.0
1280 silly packumentCache full:https://registry.npmjs.org/uuid cache-hit
1281 silly fetch manifest debug@^4.3.1
1282 silly packumentCache full:https://registry.npmjs.org/debug cache-hit
1283 silly fetch manifest boxen@^5.0.0
1284 silly packumentCache full:https://registry.npmjs.org/boxen cache-miss
1285 http fetch GET 200 https://registry.npmjs.org/basic-auth-connect 157ms (cache miss)
1286 silly packumentCache full:https://registry.npmjs.org/basic-auth-connect set size:undefined disposed:false
1287 silly fetch manifest has-yarn@^2.1.0
1288 silly packumentCache full:https://registry.npmjs.org/has-yarn cache-miss
1289 http fetch GET 200 https://registry.npmjs.org/router 63ms (cache miss)
1290 silly packumentCache full:https://registry.npmjs.org/router set size:undefined disposed:false
1291 silly fetch manifest import-lazy@^2.1.0
1292 silly packumentCache full:https://registry.npmjs.org/import-lazy cache-miss
1293 http fetch GET 200 https://registry.npmjs.org/is2 52ms (cache miss)
1294 silly packumentCache full:https://registry.npmjs.org/is2 set size:undefined disposed:false
1295 silly fetch manifest is-ci@^2.0.0
1296 silly packumentCache full:https://registry.npmjs.org/is-ci cache-miss
1297 http fetch GET 200 https://registry.npmjs.org/boxen 50ms (cache miss)
1298 silly packumentCache full:https://registry.npmjs.org/boxen set size:undefined disposed:false
1299 silly fetch manifest is-installed-globally@^0.4.0
1300 silly packumentCache full:https://registry.npmjs.org/is-installed-globally cache-miss
1301 http fetch GET 200 https://registry.npmjs.org/has-yarn 50ms (cache miss)
1302 silly packumentCache full:https://registry.npmjs.org/has-yarn set size:undefined disposed:false
1303 silly fetch manifest is-npm@^5.0.0
1304 silly packumentCache full:https://registry.npmjs.org/is-npm cache-miss
1305 http fetch GET 200 https://registry.npmjs.org/import-lazy 52ms (cache miss)
1306 silly packumentCache full:https://registry.npmjs.org/import-lazy set size:undefined disposed:false
1307 silly fetch manifest is-yarn-global@^0.3.0
1308 silly packumentCache full:https://registry.npmjs.org/is-yarn-global cache-miss
1309 http fetch GET 200 https://registry.npmjs.org/is-ci 53ms (cache miss)
1310 silly packumentCache full:https://registry.npmjs.org/is-ci set size:undefined disposed:false
1311 silly fetch manifest isomorphic-fetch@^3.0.0
1312 silly packumentCache full:https://registry.npmjs.org/isomorphic-fetch cache-miss
1313 http fetch GET 200 https://registry.npmjs.org/is-installed-globally 104ms (cache miss)
1314 silly packumentCache full:https://registry.npmjs.org/is-installed-globally set size:undefined disposed:false
1315 silly fetch manifest pupa@^2.1.1
1316 silly packumentCache full:https://registry.npmjs.org/pupa cache-miss
1317 http fetch GET 200 https://registry.npmjs.org/re2 204ms (cache miss)
1318 silly packumentCache full:https://registry.npmjs.org/re2 set size:undefined disposed:false
1319 silly fetch manifest registry-auth-token@^5.0.1
1320 silly packumentCache full:https://registry.npmjs.org/registry-auth-token cache-miss
1321 http fetch GET 200 https://registry.npmjs.org/is-npm 119ms (cache miss)
1322 silly packumentCache full:https://registry.npmjs.org/is-npm set size:undefined disposed:false
1323 silly fetch manifest registry-url@^5.1.0
1324 silly packumentCache full:https://registry.npmjs.org/registry-url cache-miss
1325 http fetch GET 200 https://registry.npmjs.org/is-yarn-global 126ms (cache miss)
1326 silly packumentCache full:https://registry.npmjs.org/is-yarn-global set size:undefined disposed:false
1327 silly fetch manifest semver-diff@^3.1.1
1328 silly packumentCache full:https://registry.npmjs.org/semver-diff cache-miss
1329 http fetch GET 200 https://registry.npmjs.org/join-path 297ms (cache miss)
1330 silly packumentCache full:https://registry.npmjs.org/join-path set size:undefined disposed:false
1331 silly fetch manifest @dabh/diagnostics@^2.0.8
1332 silly packumentCache full:https://registry.npmjs.org/@dabh%2fdiagnostics cache-miss
1333 http fetch GET 200 https://registry.npmjs.org/isomorphic-fetch 113ms (cache miss)
1334 silly packumentCache full:https://registry.npmjs.org/isomorphic-fetch set size:undefined disposed:false
1335 silly fetch manifest @colors/colors@^1.6.0
1336 silly packumentCache full:https://registry.npmjs.org/@colors%2fcolors cache-miss
1337 http fetch GET 200 https://registry.npmjs.org/pupa 66ms (cache miss)
1338 silly packumentCache full:https://registry.npmjs.org/pupa set size:undefined disposed:false
1339 silly fetch manifest async@^3.2.3
1340 silly packumentCache full:https://registry.npmjs.org/async cache-hit
1341 silly fetch manifest logform@^2.7.0
1342 silly packumentCache full:https://registry.npmjs.org/logform cache-miss
1343 http cache https://registry.npmjs.org/@colors%2fcolors 31ms (cache hit)
1344 silly packumentCache full:https://registry.npmjs.org/@colors%2fcolors set size:12042 disposed:false
1345 silly fetch manifest one-time@^1.0.0
1346 silly packumentCache full:https://registry.npmjs.org/one-time cache-miss
1347 http fetch GET 200 https://registry.npmjs.org/registry-auth-token 69ms (cache miss)
1348 silly packumentCache full:https://registry.npmjs.org/registry-auth-token set size:undefined disposed:false
1349 silly fetch manifest readable-stream@^3.4.0
1350 silly packumentCache full:https://registry.npmjs.org/readable-stream cache-hit
1351 silly fetch manifest safe-stable-stringify@^2.3.1
1352 silly packumentCache full:https://registry.npmjs.org/safe-stable-stringify cache-miss
1353 http fetch GET 200 https://registry.npmjs.org/registry-url 78ms (cache miss)
1354 silly packumentCache full:https://registry.npmjs.org/registry-url set size:undefined disposed:false
1355 silly fetch manifest stack-trace@0.0.x
1356 silly packumentCache full:https://registry.npmjs.org/stack-trace cache-miss
1357 http fetch GET 200 https://registry.npmjs.org/semver-diff 76ms (cache miss)
1358 silly packumentCache full:https://registry.npmjs.org/semver-diff set size:undefined disposed:false
1359 silly fetch manifest winston-transport@^4.9.0
1360 silly packumentCache full:https://registry.npmjs.org/winston-transport cache-miss
1361 http fetch GET 200 https://registry.npmjs.org/@dabh%2fdiagnostics 84ms (cache miss)
1362 silly packumentCache full:https://registry.npmjs.org/@dabh%2fdiagnostics set size:undefined disposed:false
1363 silly fetch manifest logform@^2.7.0
1364 silly packumentCache full:https://registry.npmjs.org/logform cache-miss
1365 http fetch GET 200 https://registry.npmjs.org/logform 63ms (cache miss)
1366 silly packumentCache full:https://registry.npmjs.org/logform set size:undefined disposed:false
1367 silly fetch manifest readable-stream@^3.6.2
1368 silly packumentCache full:https://registry.npmjs.org/readable-stream cache-hit
1369 http cache https://registry.npmjs.org/winston-transport 31ms (cache hit)
1370 silly packumentCache full:https://registry.npmjs.org/winston-transport set size:60135 disposed:false
1371 http fetch GET 200 https://registry.npmjs.org/one-time 65ms (cache miss)
1372 silly packumentCache full:https://registry.npmjs.org/one-time set size:undefined disposed:false
1373 http fetch GET 200 https://registry.npmjs.org/stack-trace 56ms (cache miss)
1374 silly packumentCache full:https://registry.npmjs.org/stack-trace set size:undefined disposed:false
1375 http fetch GET 200 https://registry.npmjs.org/safe-stable-stringify 70ms (cache revalidated)
1376 silly packumentCache full:https://registry.npmjs.org/safe-stable-stringify set size:45091 disposed:false
1377 http fetch GET 200 https://registry.npmjs.org/logform 52ms (cache miss)
1378 silly packumentCache full:https://registry.npmjs.org/logform set size:undefined disposed:false
1379 silly fetch manifest @swc/core@>=1.2.50
1380 silly packumentCache full:https://registry.npmjs.org/@swc%2fcore cache-miss
1381 http fetch GET 200 https://registry.npmjs.org/@swc%2fcore 453ms (cache miss)
1382 silly packumentCache full:https://registry.npmjs.org/@swc%2fcore set size:undefined disposed:false
1383 silly fetch manifest @swc/helpers@>=0.5.17
1384 silly packumentCache full:https://registry.npmjs.org/@swc%2fhelpers cache-miss
1385 http fetch GET 200 https://registry.npmjs.org/@swc%2fhelpers 128ms (cache revalidated)
1386 silly packumentCache full:https://registry.npmjs.org/@swc%2fhelpers set size:655395 disposed:false
1387 silly fetch manifest @swc/wasm@>=1.2.50
1388 silly packumentCache full:https://registry.npmjs.org/@swc%2fwasm cache-miss
1389 http fetch GET 200 https://registry.npmjs.org/@swc%2fwasm 145ms (cache miss)
1390 silly packumentCache full:https://registry.npmjs.org/@swc%2fwasm set size:undefined disposed:false
1391 silly fetch manifest @types/node@*
1392 silly packumentCache full:https://registry.npmjs.org/@types%2fnode cache-miss
1393 http cache https://registry.npmjs.org/@types%2fnode 121ms (cache hit)
1394 silly packumentCache full:https://registry.npmjs.org/@types%2fnode set size:10847993 disposed:false
1395 silly fetch manifest typescript@>=2.7
1396 silly packumentCache full:https://registry.npmjs.org/typescript cache-miss
1397 http fetch GET 200 https://registry.npmjs.org/typescript 665ms (cache updated)
1398 silly packumentCache full:https://registry.npmjs.org/typescript set size:undefined disposed:false
1399 silly placeDep node_modules/firebase-tools/node_modules/@apphosting/build @apphosting/common@0.0.9 OK for: @apphosting/build@0.1.7 want: ^0.0.9
1400 silly placeDep node_modules/firebase-tools @npmcli/promise-spawn@3.0.0 OK for: @apphosting/build@0.1.7 want: ^3.0.0
1401 silly placeDep node_modules/firebase-tools/node_modules/@apphosting/build commander@11.1.0 OK for: @apphosting/build@0.1.7 want: ^11.1.0
1402 silly placeDep node_modules/firebase-tools npm-pick-manifest@9.1.0 OK for: @apphosting/build@0.1.7 want: ^9.0.0
1403 silly placeDep node_modules/firebase-tools ts-node@10.9.2 OK for: @apphosting/build@0.1.7 want: ^10.9.1
1404 silly placeDep node_modules/firebase-tools typescript@5.9.3 OK for: ts-node@10.9.2 want: >=2.7
1405 silly placeDep node_modules/firebase-tools @types/node@25.2.2 OK for: ts-node@10.9.2 want: *
1406 silly fetch manifest infer-owner@^1.0.4
1407 silly packumentCache full:https://registry.npmjs.org/infer-owner cache-miss
1408 silly fetch manifest npm-package-arg@^11.0.0
1409 silly packumentCache full:https://registry.npmjs.org/npm-package-arg cache-miss
1410 silly fetch manifest npm-install-checks@^6.0.0
1411 silly packumentCache full:https://registry.npmjs.org/npm-install-checks cache-miss
1412 silly fetch manifest npm-normalize-package-bin@^3.0.0
1413 silly packumentCache full:https://registry.npmjs.org/npm-normalize-package-bin cache-miss
1414 silly fetch manifest yn@3.1.1
1415 silly packumentCache full:https://registry.npmjs.org/yn cache-miss
1416 silly fetch manifest arg@^4.1.0
1417 silly packumentCache full:https://registry.npmjs.org/arg cache-miss
1418 http fetch GET 200 https://registry.npmjs.org/npm-install-checks 63ms (cache miss)
1419 silly packumentCache full:https://registry.npmjs.org/npm-install-checks set size:undefined disposed:false
1420 silly fetch manifest diff@^4.0.1
1421 silly packumentCache full:https://registry.npmjs.org/diff cache-miss
1422 http fetch GET 200 https://registry.npmjs.org/npm-normalize-package-bin 73ms (cache miss)
1423 silly packumentCache full:https://registry.npmjs.org/npm-normalize-package-bin set size:undefined disposed:false
1424 silly fetch manifest acorn@^8.4.1
1425 silly packumentCache full:https://registry.npmjs.org/acorn cache-miss
1426 http fetch GET 200 https://registry.npmjs.org/arg 81ms (cache miss)
1427 silly packumentCache full:https://registry.npmjs.org/arg set size:undefined disposed:false
1428 silly fetch manifest acorn-walk@^8.1.1
1429 silly packumentCache full:https://registry.npmjs.org/acorn-walk cache-miss
1430 http fetch GET 200 https://registry.npmjs.org/npm-package-arg 90ms (cache miss)
1431 silly packumentCache full:https://registry.npmjs.org/npm-package-arg set size:undefined disposed:false
1432 silly fetch manifest make-error@^1.1.1
1433 silly packumentCache full:https://registry.npmjs.org/make-error cache-miss
1434 http fetch GET 200 https://registry.npmjs.org/infer-owner 113ms (cache miss)
1435 silly packumentCache full:https://registry.npmjs.org/infer-owner set size:undefined disposed:false
1436 silly fetch manifest create-require@^1.1.0
1437 silly packumentCache full:https://registry.npmjs.org/create-require cache-miss
1438 http fetch GET 200 https://registry.npmjs.org/diff 65ms (cache miss)
1439 silly packumentCache full:https://registry.npmjs.org/diff set size:undefined disposed:false
1440 silly fetch manifest @tsconfig/node10@^1.0.7
1441 silly packumentCache full:https://registry.npmjs.org/@tsconfig%2fnode10 cache-miss
1442 http fetch GET 200 https://registry.npmjs.org/yn 152ms (cache miss)
1443 silly packumentCache full:https://registry.npmjs.org/yn set size:undefined disposed:false
1444 silly fetch manifest @tsconfig/node12@^1.0.7
1445 silly packumentCache full:https://registry.npmjs.org/@tsconfig%2fnode12 cache-miss
1446 http fetch GET 200 https://registry.npmjs.org/acorn 84ms (cache miss)
1447 silly packumentCache full:https://registry.npmjs.org/acorn set size:undefined disposed:false
1448 silly fetch manifest @tsconfig/node14@^1.0.0
1449 silly packumentCache full:https://registry.npmjs.org/@tsconfig%2fnode14 cache-miss
1450 http fetch GET 200 https://registry.npmjs.org/make-error 83ms (cache miss)
1451 silly packumentCache full:https://registry.npmjs.org/make-error set size:undefined disposed:false
1452 silly fetch manifest @tsconfig/node16@^1.0.2
1453 silly packumentCache full:https://registry.npmjs.org/@tsconfig%2fnode16 cache-miss
1454 http fetch GET 200 https://registry.npmjs.org/acorn-walk 97ms (cache miss)
1455 silly packumentCache full:https://registry.npmjs.org/acorn-walk set size:undefined disposed:false
1456 silly fetch manifest v8-compile-cache-lib@^3.0.1
1457 silly packumentCache full:https://registry.npmjs.org/v8-compile-cache-lib cache-miss
1458 http fetch GET 200 https://registry.npmjs.org/create-require 74ms (cache miss)
1459 silly packumentCache full:https://registry.npmjs.org/create-require set size:undefined disposed:false
1460 silly fetch manifest @cspotcode/source-map-support@^0.8.0
1461 silly packumentCache full:https://registry.npmjs.org/@cspotcode%2fsource-map-support cache-miss
1462 http fetch GET 200 https://registry.npmjs.org/@tsconfig%2fnode10 62ms (cache miss)
1463 silly packumentCache full:https://registry.npmjs.org/@tsconfig%2fnode10 set size:undefined disposed:false
1464 silly fetch manifest undici-types@~7.16.0
1465 silly packumentCache full:https://registry.npmjs.org/undici-types cache-miss
1466 http fetch GET 200 https://registry.npmjs.org/@tsconfig%2fnode12 55ms (cache miss)
1467 silly packumentCache full:https://registry.npmjs.org/@tsconfig%2fnode12 set size:undefined disposed:false
1468 http fetch GET 200 https://registry.npmjs.org/v8-compile-cache-lib 54ms (cache miss)
1469 silly packumentCache full:https://registry.npmjs.org/v8-compile-cache-lib set size:undefined disposed:false
1470 http fetch GET 200 https://registry.npmjs.org/@tsconfig%2fnode14 69ms (cache miss)
1471 silly packumentCache full:https://registry.npmjs.org/@tsconfig%2fnode14 set size:undefined disposed:false
1472 http fetch GET 200 https://registry.npmjs.org/@cspotcode%2fsource-map-support 62ms (cache miss)
1473 silly packumentCache full:https://registry.npmjs.org/@cspotcode%2fsource-map-support set size:undefined disposed:false
1474 http fetch GET 200 https://registry.npmjs.org/undici-types 59ms (cache revalidated)
1475 silly packumentCache full:https://registry.npmjs.org/undici-types set size:169496 disposed:false
1476 http fetch GET 200 https://registry.npmjs.org/@tsconfig%2fnode16 158ms (cache miss)
1477 silly packumentCache full:https://registry.npmjs.org/@tsconfig%2fnode16 set size:undefined disposed:false
1478 silly placeDep node_modules/firebase-tools @googleapis/sqladmin@35.2.0 OK for: @google-cloud/cloud-sql-connector@1.9.0 want: ^35.0.0
1479 silly placeDep node_modules/firebase-tools/node_modules/@google-cloud/cloud-sql-connector gaxios@7.1.3 OK for: @google-cloud/cloud-sql-connector@1.9.0 want: ^7.1.3
1480 silly placeDep node_modules/firebase-tools/node_modules/@google-cloud/cloud-sql-connector google-auth-library@10.5.0 OK for: @google-cloud/cloud-sql-connector@1.9.0 want: ^10.5.0
1481 silly placeDep node_modules/firebase-tools p-throttle@7.0.0 OK for: @google-cloud/cloud-sql-connector@1.9.0 want: ^7.0.0
1482 silly fetch manifest googleapis-common@^8.0.0
1483 silly packumentCache full:https://registry.npmjs.org/googleapis-common cache-miss
1484 silly fetch manifest node-fetch@^3.3.2
1485 silly packumentCache full:https://registry.npmjs.org/node-fetch cache-hit
1486 silly fetch manifest rimraf@^5.0.1
1487 silly packumentCache full:https://registry.npmjs.org/rimraf cache-miss
1488 silly fetch manifest gcp-metadata@^8.0.0
1489 silly packumentCache full:https://registry.npmjs.org/gcp-metadata cache-miss
1490 silly fetch manifest google-logging-utils@^1.0.0
1491 silly packumentCache full:https://registry.npmjs.org/google-logging-utils cache-miss
1492 silly fetch manifest gtoken@^8.0.0
1493 silly packumentCache full:https://registry.npmjs.org/gtoken cache-miss
1494 http cache https://registry.npmjs.org/gcp-metadata 27ms (cache hit)
1495 silly packumentCache full:https://registry.npmjs.org/gcp-metadata set size:191448 disposed:false
1496 http cache https://registry.npmjs.org/gtoken 57ms (cache hit)
1497 silly packumentCache full:https://registry.npmjs.org/gtoken set size:155604 disposed:false
1498 http fetch GET 200 https://registry.npmjs.org/google-logging-utils 98ms (cache miss)
1499 silly packumentCache full:https://registry.npmjs.org/google-logging-utils set size:undefined disposed:false
1500 http fetch GET 200 https://registry.npmjs.org/rimraf 120ms (cache revalidated)
1501 silly packumentCache full:https://registry.npmjs.org/rimraf set size:208943 disposed:false
1502 http fetch GET 200 https://registry.npmjs.org/googleapis-common 145ms (cache miss)
1503 silly packumentCache full:https://registry.npmjs.org/googleapis-common set size:undefined disposed:false
1504 silly placeDep node_modules/firebase-tools @google-cloud/paginator@6.0.0 OK for: @google-cloud/pubsub@5.2.2 want: ^6.0.0
1505 silly placeDep node_modules/firebase-tools @google-cloud/precise-date@5.0.0 OK for: @google-cloud/pubsub@5.2.2 want: ^5.0.0
1506 silly placeDep node_modules/firebase-tools @google-cloud/projectify@5.0.0 OK for: @google-cloud/pubsub@5.2.2 want: ^5.0.0
1507 silly placeDep node_modules/firebase-tools @google-cloud/promisify@5.0.0 OK for: @google-cloud/pubsub@5.2.2 want: ^5.0.0
1508 silly placeDep node_modules/firebase-tools @opentelemetry/api@1.9.0 OK for: @google-cloud/pubsub@5.2.2 want: ~1.9.0
1509 silly placeDep node_modules/firebase-tools @opentelemetry/core@1.30.1 OK for: @google-cloud/pubsub@5.2.2 want: ^1.30.1
1510 silly placeDep node_modules/firebase-tools @opentelemetry/semantic-conventions@1.34.0 OK for: @google-cloud/pubsub@5.2.2 want: ~1.34.0
1511 silly placeDep node_modules/firebase-tools arrify@2.0.1 OK for: @google-cloud/pubsub@5.2.2 want: ^2.0.0
1512 silly placeDep node_modules/firebase-tools extend@3.0.2 OK for: @google-cloud/pubsub@5.2.2 want: ^3.0.2
1513 silly placeDep node_modules/firebase-tools/node_modules/@google-cloud/pubsub google-auth-library@10.5.0 OK for: @google-cloud/pubsub@5.2.2 want: ^10.5.0
1514 silly placeDep node_modules/firebase-tools google-gax@5.0.6 OK for: @google-cloud/pubsub@5.2.2 want: ^5.0.5
1515 silly placeDep node_modules/firebase-tools heap-js@2.7.1 OK for: @google-cloud/pubsub@5.2.2 want: ^2.6.0
1516 silly placeDep node_modules/firebase-tools is-stream-ended@0.1.4 OK for: @google-cloud/pubsub@5.2.2 want: ^0.1.4
1517 silly placeDep node_modules/firebase-tools lodash.snakecase@4.1.1 OK for: @google-cloud/pubsub@5.2.2 want: ^4.1.1
1518 silly placeDep node_modules/firebase-tools p-defer@3.0.0 OK for: @google-cloud/pubsub@5.2.2 want: ^3.0.0
1519 silly fetch manifest @opentelemetry/semantic-conventions@1.28.0
1520 silly packumentCache full:https://registry.npmjs.org/@opentelemetry%2fsemantic-conventions cache-miss
1521 silly fetch manifest gaxios@^7.0.0
1522 silly packumentCache full:https://registry.npmjs.org/gaxios cache-hit
1523 silly fetch manifest @grpc/grpc-js@^1.12.6
1524 silly packumentCache full:https://registry.npmjs.org/@grpc%2fgrpc-js cache-miss
1525 silly fetch manifest @grpc/proto-loader@^0.8.0
1526 silly packumentCache full:https://registry.npmjs.org/@grpc%2fproto-loader cache-miss
1527 silly fetch manifest duplexify@^4.1.3
1528 silly packumentCache full:https://registry.npmjs.org/duplexify cache-miss
1529 silly fetch manifest google-auth-library@^10.1.0
1530 silly packumentCache full:https://registry.npmjs.org/google-auth-library cache-hit
1531 silly fetch manifest google-logging-utils@^1.1.1
1532 silly packumentCache full:https://registry.npmjs.org/google-logging-utils cache-miss
1533 silly fetch manifest object-hash@^3.0.0
1534 silly packumentCache full:https://registry.npmjs.org/object-hash cache-miss
1535 http cache https://registry.npmjs.org/google-logging-utils 18ms (cache hit)
1536 silly packumentCache full:https://registry.npmjs.org/google-logging-utils set size:21694 disposed:false
1537 silly fetch manifest proto3-json-serializer@^3.0.0
1538 silly packumentCache full:https://registry.npmjs.org/proto3-json-serializer cache-miss
1539 http cache https://registry.npmjs.org/@opentelemetry%2fsemantic-conventions 31ms (cache hit)
1540 silly packumentCache full:https://registry.npmjs.org/@opentelemetry%2fsemantic-conventions set size:414628 disposed:false
1541 silly fetch manifest protobufjs@^7.5.3
1542 silly packumentCache full:https://registry.npmjs.org/protobufjs cache-miss
1543 http fetch GET 200 https://registry.npmjs.org/@grpc%2fproto-loader 115ms (cache miss)
1544 silly packumentCache full:https://registry.npmjs.org/@grpc%2fproto-loader set size:undefined disposed:false
1545 silly fetch manifest retry-request@^8.0.0
1546 silly packumentCache full:https://registry.npmjs.org/retry-request cache-miss
1547 http fetch GET 200 https://registry.npmjs.org/object-hash 123ms (cache miss)
1548 silly packumentCache full:https://registry.npmjs.org/object-hash set size:undefined disposed:false
1549 http fetch GET 200 https://registry.npmjs.org/duplexify 135ms (cache revalidated)
1550 silly packumentCache full:https://registry.npmjs.org/duplexify set size:73064 disposed:false
1551 http fetch GET 200 https://registry.npmjs.org/proto3-json-serializer 115ms (cache miss)
1552 silly packumentCache full:https://registry.npmjs.org/proto3-json-serializer set size:undefined disposed:false
1553 http fetch GET 200 https://registry.npmjs.org/@grpc%2fgrpc-js 166ms (cache miss)
1554 silly packumentCache full:https://registry.npmjs.org/@grpc%2fgrpc-js set size:undefined disposed:false
1555 http fetch GET 200 https://registry.npmjs.org/protobufjs 147ms (cache miss)
1556 silly packumentCache full:https://registry.npmjs.org/protobufjs set size:undefined disposed:false
1557 http fetch GET 200 https://registry.npmjs.org/retry-request 81ms (cache miss)
1558 silly packumentCache full:https://registry.npmjs.org/retry-request set size:undefined disposed:false
1559 silly placeDep node_modules/firebase-tools googleapis-common@8.0.1 OK for: @googleapis/sqladmin@35.2.0 want: ^8.0.0
1560 silly fetch manifest gaxios@^7.0.0-rc.4
1561 silly packumentCache full:https://registry.npmjs.org/gaxios cache-hit
1562 silly fetch manifest qs@^6.7.0
1563 silly packumentCache full:https://registry.npmjs.org/qs cache-hit
1564 silly fetch manifest url-template@^2.0.8
1565 silly packumentCache full:https://registry.npmjs.org/url-template cache-miss
1566 http fetch GET 200 https://registry.npmjs.org/url-template 44ms (cache miss)
1567 silly packumentCache full:https://registry.npmjs.org/url-template set size:undefined disposed:false
1568 silly placeDep node_modules/firebase-tools @inquirer/checkbox@4.3.2 OK for: @inquirer/prompts@7.10.1 want: ^4.3.2
1569 silly placeDep node_modules/firebase-tools @inquirer/confirm@5.1.21 OK for: @inquirer/prompts@7.10.1 want: ^5.1.21
1570 silly placeDep node_modules/firebase-tools @inquirer/editor@4.2.23 OK for: @inquirer/prompts@7.10.1 want: ^4.2.23
1571 silly placeDep node_modules/firebase-tools @inquirer/expand@4.0.23 OK for: @inquirer/prompts@7.10.1 want: ^4.0.23
1572 silly placeDep node_modules/firebase-tools @inquirer/input@4.3.1 OK for: @inquirer/prompts@7.10.1 want: ^4.3.1
1573 silly placeDep node_modules/firebase-tools @inquirer/number@3.0.23 OK for: @inquirer/prompts@7.10.1 want: ^3.0.23
1574 silly placeDep node_modules/firebase-tools @inquirer/password@4.0.23 OK for: @inquirer/prompts@7.10.1 want: ^4.0.23
1575 silly placeDep node_modules/firebase-tools @inquirer/rawlist@4.1.11 OK for: @inquirer/prompts@7.10.1 want: ^4.1.11
1576 silly placeDep node_modules/firebase-tools @inquirer/search@3.2.2 OK for: @inquirer/prompts@7.10.1 want: ^3.2.2
1577 silly placeDep node_modules/firebase-tools @inquirer/select@4.4.2 OK for: @inquirer/prompts@7.10.1 want: ^4.4.2
1578 silly fetch manifest @inquirer/ansi@^1.0.2
1579 silly packumentCache full:https://registry.npmjs.org/@inquirer%2fansi cache-miss
1580 silly fetch manifest @inquirer/core@^10.3.2
1581 silly packumentCache full:https://registry.npmjs.org/@inquirer%2fcore cache-miss
1582 silly fetch manifest @inquirer/type@^3.0.10
1583 silly packumentCache full:https://registry.npmjs.org/@inquirer%2ftype cache-miss
1584 silly fetch manifest yoctocolors-cjs@^2.1.3
1585 silly packumentCache full:https://registry.npmjs.org/yoctocolors-cjs cache-miss
1586 silly fetch manifest @inquirer/figures@^1.0.15
1587 silly packumentCache full:https://registry.npmjs.org/@inquirer%2ffigures cache-miss
1588 silly fetch manifest @inquirer/core@^10.3.2
1589 silly packumentCache full:https://registry.npmjs.org/@inquirer%2fcore cache-miss
1590 http fetch GET 200 https://registry.npmjs.org/@inquirer%2ffigures 80ms (cache miss)
1591 silly packumentCache full:https://registry.npmjs.org/@inquirer%2ffigures set size:undefined disposed:false
1592 silly fetch manifest @inquirer/type@^3.0.10
1593 silly packumentCache full:https://registry.npmjs.org/@inquirer%2ftype cache-miss
1594 http fetch GET 200 https://registry.npmjs.org/yoctocolors-cjs 99ms (cache miss)
1595 silly packumentCache full:https://registry.npmjs.org/yoctocolors-cjs set size:undefined disposed:false
1596 silly fetch manifest @inquirer/core@^10.3.2
1597 silly packumentCache full:https://registry.npmjs.org/@inquirer%2fcore cache-miss
1598 http fetch GET 200 https://registry.npmjs.org/@inquirer%2fansi 114ms (cache miss)
1599 silly packumentCache full:https://registry.npmjs.org/@inquirer%2fansi set size:undefined disposed:false
1600 silly fetch manifest @inquirer/type@^3.0.10
1601 silly packumentCache full:https://registry.npmjs.org/@inquirer%2ftype cache-miss
1602 http fetch GET 200 https://registry.npmjs.org/@inquirer%2ftype 124ms (cache miss)
1603 silly packumentCache full:https://registry.npmjs.org/@inquirer%2ftype set size:undefined disposed:false
1604 silly fetch manifest @inquirer/external-editor@^1.0.3
1605 silly packumentCache full:https://registry.npmjs.org/@inquirer%2fexternal-editor cache-miss
1606 http fetch GET 200 https://registry.npmjs.org/@inquirer%2fcore 149ms (cache miss)
1607 silly packumentCache full:https://registry.npmjs.org/@inquirer%2fcore set size:undefined disposed:false
1608 http fetch GET 200 https://registry.npmjs.org/@inquirer%2fcore 171ms (cache miss)
1609 silly packumentCache full:https://registry.npmjs.org/@inquirer%2fcore set size:undefined disposed:false
1610 http fetch GET 200 https://registry.npmjs.org/@inquirer%2ftype 108ms (cache miss)
1611 silly packumentCache full:https://registry.npmjs.org/@inquirer%2ftype set size:undefined disposed:false
1612 http fetch GET 200 https://registry.npmjs.org/@inquirer%2fexternal-editor 81ms (cache miss)
1613 silly packumentCache full:https://registry.npmjs.org/@inquirer%2fexternal-editor set size:undefined disposed:false
1614 http fetch GET 200 https://registry.npmjs.org/@inquirer%2ftype 100ms (cache miss)
1615 silly packumentCache full:https://registry.npmjs.org/@inquirer%2ftype set size:undefined disposed:false
1616 http fetch GET 200 https://registry.npmjs.org/@inquirer%2fcore 125ms (cache miss)
1617 silly packumentCache full:https://registry.npmjs.org/@inquirer%2fcore set size:undefined disposed:false
1618 silly placeDep node_modules/firebase-tools @inquirer/ansi@1.0.2 OK for: @inquirer/checkbox@4.3.2 want: ^1.0.2
1619 silly placeDep node_modules/firebase-tools @inquirer/core@10.3.2 OK for: @inquirer/checkbox@4.3.2 want: ^10.3.2
1620 silly placeDep node_modules/firebase-tools @inquirer/figures@1.0.15 OK for: @inquirer/checkbox@4.3.2 want: ^1.0.15
1621 silly placeDep node_modules/firebase-tools @inquirer/type@3.0.10 OK for: @inquirer/checkbox@4.3.2 want: ^3.0.10
1622 silly placeDep node_modules/firebase-tools yoctocolors-cjs@2.1.3 OK for: @inquirer/checkbox@4.3.2 want: ^2.1.3
1623 silly fetch manifest cli-width@^4.1.0
1624 silly packumentCache full:https://registry.npmjs.org/cli-width cache-miss
1625 silly fetch manifest wrap-ansi@^6.2.0
1626 silly packumentCache full:https://registry.npmjs.org/wrap-ansi cache-miss
1627 silly fetch manifest mute-stream@^2.0.0
1628 silly packumentCache full:https://registry.npmjs.org/mute-stream cache-miss
1629 silly fetch manifest signal-exit@^4.1.0
1630 silly packumentCache full:https://registry.npmjs.org/signal-exit cache-miss
1631 http fetch GET 200 https://registry.npmjs.org/wrap-ansi 48ms (cache revalidated)
1632 silly packumentCache full:https://registry.npmjs.org/wrap-ansi set size:51195 disposed:false
1633 http fetch GET 200 https://registry.npmjs.org/mute-stream 55ms (cache revalidated)
1634 silly packumentCache full:https://registry.npmjs.org/mute-stream set size:21918 disposed:false
1635 http fetch GET 200 https://registry.npmjs.org/signal-exit 57ms (cache revalidated)
1636 silly packumentCache full:https://registry.npmjs.org/signal-exit set size:53489 disposed:false
1637 http fetch GET 200 https://registry.npmjs.org/cli-width 63ms (cache miss)
1638 silly packumentCache full:https://registry.npmjs.org/cli-width set size:undefined disposed:false
1639 silly placeDep node_modules/firebase-tools cli-width@4.1.0 OK for: @inquirer/core@10.3.2 want: ^4.1.0
1640 silly placeDep node_modules/firebase-tools mute-stream@2.0.0 OK for: @inquirer/core@10.3.2 want: ^2.0.0
1641 silly placeDep node_modules/firebase-tools signal-exit@4.1.0 OK for: @inquirer/core@10.3.2 want: ^4.1.0
1642 silly placeDep node_modules/firebase-tools wrap-ansi@6.2.0 OK for: @inquirer/core@10.3.2 want: ^6.2.0
1643 silly fetch manifest ansi-styles@^4.0.0
1644 silly packumentCache full:https://registry.npmjs.org/ansi-styles cache-miss
1645 silly fetch manifest string-width@^4.1.0
1646 silly packumentCache full:https://registry.npmjs.org/string-width cache-hit
1647 http fetch GET 200 https://registry.npmjs.org/ansi-styles 63ms (cache revalidated)
1648 silly packumentCache full:https://registry.npmjs.org/ansi-styles set size:63233 disposed:false
1649 silly placeDep node_modules/firebase-tools @inquirer/external-editor@1.0.3 OK for: @inquirer/editor@4.2.23 want: ^1.0.3
1650 silly fetch manifest chardet@^2.1.1
1651 silly packumentCache full:https://registry.npmjs.org/chardet cache-miss
1652 silly fetch manifest iconv-lite@^0.7.0
1653 silly packumentCache full:https://registry.npmjs.org/iconv-lite cache-miss
1654 http cache https://registry.npmjs.org/iconv-lite 17ms (cache hit)
1655 silly packumentCache full:https://registry.npmjs.org/iconv-lite set size:120557 disposed:false
1656 http fetch GET 200 https://registry.npmjs.org/chardet 58ms (cache miss)
1657 silly packumentCache full:https://registry.npmjs.org/chardet set size:undefined disposed:false
1658 silly placeDep node_modules/firebase-tools chardet@2.1.1 OK for: @inquirer/external-editor@1.0.3 want: ^2.1.1
1659 silly placeDep node_modules/firebase-tools iconv-lite@0.7.2 OK for: @inquirer/external-editor@1.0.3 want: ^0.7.0
1660 silly fetch manifest safer-buffer@>= 2.1.2 < 3.0.0
1661 silly packumentCache full:https://registry.npmjs.org/safer-buffer cache-miss
1662 http fetch GET 200 https://registry.npmjs.org/safer-buffer 67ms (cache revalidated)
1663 silly packumentCache full:https://registry.npmjs.org/safer-buffer set size:18521 disposed:false
1664 silly placeDep node_modules/firebase-tools @hono/node-server@1.19.9 OK for: @modelcontextprotocol/sdk@1.26.0 want: ^1.19.9
1665 silly placeDep node_modules/firebase-tools hono@4.11.9 OK for: @hono/node-server@1.19.9 want: ^4
1666 silly placeDep node_modules/firebase-tools content-type@1.0.5 OK for: @modelcontextprotocol/sdk@1.26.0 want: ^1.0.5
1667 silly placeDep node_modules/firebase-tools eventsource@3.0.7 OK for: @modelcontextprotocol/sdk@1.26.0 want: ^3.0.2
1668 silly placeDep node_modules/firebase-tools eventsource-parser@3.0.6 OK for: @modelcontextprotocol/sdk@1.26.0 want: ^3.0.0
1669 silly placeDep node_modules/firebase-tools/node_modules/@modelcontextprotocol/sdk express@5.2.1 OK for: @modelcontextprotocol/sdk@1.26.0 want: ^5.2.1
1670 silly placeDep node_modules/firebase-tools express-rate-limit@8.2.1 OK for: @modelcontextprotocol/sdk@1.26.0 want: ^8.2.1
1671 silly placeDep node_modules/firebase-tools jose@6.1.3 OK for: @modelcontextprotocol/sdk@1.26.0 want: ^6.1.3
1672 silly placeDep node_modules/firebase-tools json-schema-typed@8.0.2 OK for: @modelcontextprotocol/sdk@1.26.0 want: ^8.0.2
1673 silly placeDep node_modules/firebase-tools pkce-challenge@5.0.1 OK for: @modelcontextprotocol/sdk@1.26.0 want: ^5.0.0
1674 silly placeDep node_modules/firebase-tools raw-body@3.0.2 OK for: @modelcontextprotocol/sdk@1.26.0 want: ^3.0.0
1675 silly fetch manifest eventsource-parser@^3.0.1
1676 silly packumentCache full:https://registry.npmjs.org/eventsource-parser cache-miss
1677 silly fetch manifest qs@^6.14.0
1678 silly packumentCache full:https://registry.npmjs.org/qs cache-hit
1679 silly fetch manifest depd@^2.0.0
1680 silly packumentCache full:https://registry.npmjs.org/depd cache-hit
1681 silly fetch manifest etag@^1.8.1
1682 silly packumentCache full:https://registry.npmjs.org/etag cache-miss
1683 silly fetch manifest once@^1.4.0
1684 silly packumentCache full:https://registry.npmjs.org/once cache-miss
1685 silly fetch manifest send@^1.1.0
1686 silly packumentCache full:https://registry.npmjs.org/send cache-miss
1687 silly fetch manifest vary@^1.1.2
1688 silly packumentCache full:https://registry.npmjs.org/vary cache-hit
1689 silly fetch manifest debug@^4.4.0
1690 silly packumentCache full:https://registry.npmjs.org/debug cache-hit
1691 silly fetch manifest fresh@^2.0.0
1692 silly packumentCache full:https://registry.npmjs.org/fresh cache-miss
1693 silly fetch manifest cookie@^0.7.1
1694 silly packumentCache full:https://registry.npmjs.org/cookie cache-miss
1695 http cache https://registry.npmjs.org/eventsource-parser 37ms (cache hit)
1696 silly packumentCache full:https://registry.npmjs.org/eventsource-parser set size:66053 disposed:false
1697 silly fetch manifest router@^2.2.0
1698 silly packumentCache full:https://registry.npmjs.org/router cache-miss
1699 http cache https://registry.npmjs.org/send 44ms (cache hit)
1700 silly packumentCache full:https://registry.npmjs.org/send set size:152810 disposed:false
1701 silly fetch manifest accepts@^2.0.0
1702 silly packumentCache full:https://registry.npmjs.org/accepts cache-miss
1703 http cache https://registry.npmjs.org/cookie 52ms (cache hit)
1704 silly packumentCache full:https://registry.npmjs.org/cookie set size:72891 disposed:false
1705 silly fetch manifest type-is@^2.0.1
1706 silly packumentCache full:https://registry.npmjs.org/type-is cache-miss
1707 http cache https://registry.npmjs.org/etag 68ms (cache hit)
1708 silly packumentCache full:https://registry.npmjs.org/etag set size:30032 disposed:false
1709 silly fetch manifest parseurl@^1.3.3
1710 silly packumentCache full:https://registry.npmjs.org/parseurl cache-miss
1711 http cache https://registry.npmjs.org/fresh 69ms (cache hit)
1712 silly packumentCache full:https://registry.npmjs.org/fresh set size:25427 disposed:false
1713 silly fetch manifest statuses@^2.0.1
1714 silly packumentCache full:https://registry.npmjs.org/statuses cache-miss
1715 http cache https://registry.npmjs.org/accepts 48ms (cache hit)
1716 silly packumentCache full:https://registry.npmjs.org/accepts set size:77054 disposed:false
1717 silly fetch manifest encodeurl@^2.0.0
1718 silly packumentCache full:https://registry.npmjs.org/encodeurl cache-miss
1719 http cache https://registry.npmjs.org/router 71ms (cache hit)
1720 silly packumentCache full:https://registry.npmjs.org/router set size:116499 disposed:false
1721 silly fetch manifest mime-types@^3.0.0
1722 silly packumentCache full:https://registry.npmjs.org/mime-types cache-hit
1723 silly fetch manifest proxy-addr@^2.0.7
1724 silly packumentCache full:https://registry.npmjs.org/proxy-addr cache-miss
1725 http cache https://registry.npmjs.org/parseurl 56ms (cache hit)
1726 silly packumentCache full:https://registry.npmjs.org/parseurl set size:24148 disposed:false
1727 silly fetch manifest body-parser@^2.2.1
1728 silly packumentCache full:https://registry.npmjs.org/body-parser cache-miss
1729 http cache https://registry.npmjs.org/type-is 69ms (cache hit)
1730 silly packumentCache full:https://registry.npmjs.org/type-is set size:86196 disposed:false
1731 silly fetch manifest escape-html@^1.0.3
1732 silly packumentCache full:https://registry.npmjs.org/escape-html cache-miss
1733 http cache https://registry.npmjs.org/statuses 61ms (cache hit)
1734 silly packumentCache full:https://registry.npmjs.org/statuses set size:37117 disposed:false
1735 silly fetch manifest http-errors@^2.0.0
1736 silly packumentCache full:https://registry.npmjs.org/http-errors cache-hit
1737 silly fetch manifest on-finished@^2.4.1
1738 silly packumentCache full:https://registry.npmjs.org/on-finished cache-hit
1739 silly fetch manifest finalhandler@^2.1.0
1740 silly packumentCache full:https://registry.npmjs.org/finalhandler cache-miss
1741 http fetch GET 200 https://registry.npmjs.org/once 162ms (cache revalidated)
1742 silly packumentCache full:https://registry.npmjs.org/once set size:11768 disposed:false
1743 silly fetch manifest range-parser@^1.2.1
1744 silly packumentCache full:https://registry.npmjs.org/range-parser cache-miss
1745 http cache https://registry.npmjs.org/proxy-addr 53ms (cache hit)
1746 silly packumentCache full:https://registry.npmjs.org/proxy-addr set size:61619 disposed:false
1747 silly fetch manifest serve-static@^2.2.0
1748 silly packumentCache full:https://registry.npmjs.org/serve-static cache-miss
1749 http cache https://registry.npmjs.org/encodeurl 71ms (cache hit)
1750 silly packumentCache full:https://registry.npmjs.org/encodeurl set size:12296 disposed:false
1751 silly fetch manifest cookie-signature@^1.2.1
1752 silly packumentCache full:https://registry.npmjs.org/cookie-signature cache-miss
1753 http cache https://registry.npmjs.org/escape-html 52ms (cache hit)
1754 silly packumentCache full:https://registry.npmjs.org/escape-html set size:7345 disposed:false
1755 silly fetch manifest merge-descriptors@^2.0.0
1756 silly packumentCache full:https://registry.npmjs.org/merge-descriptors cache-miss
1757 http cache https://registry.npmjs.org/body-parser 62ms (cache hit)
1758 silly packumentCache full:https://registry.npmjs.org/body-parser set size:216830 disposed:false
1759 silly fetch manifest content-disposition@^1.0.0
1760 silly packumentCache full:https://registry.npmjs.org/content-disposition cache-miss
1761 http cache https://registry.npmjs.org/finalhandler 58ms (cache hit)
1762 silly packumentCache full:https://registry.npmjs.org/finalhandler set size:79291 disposed:false
1763 silly fetch manifest ip-address@10.0.1
1764 silly packumentCache full:https://registry.npmjs.org/ip-address cache-miss
1765 http cache https://registry.npmjs.org/range-parser 61ms (cache hit)
1766 silly packumentCache full:https://registry.npmjs.org/range-parser set size:22228 disposed:false
1767 http cache https://registry.npmjs.org/serve-static 54ms (cache hit)
1768 silly packumentCache full:https://registry.npmjs.org/serve-static set size:150391 disposed:false
1769 http cache https://registry.npmjs.org/merge-descriptors 51ms (cache hit)
1770 silly packumentCache full:https://registry.npmjs.org/merge-descriptors set size:16527 disposed:false
1771 http cache https://registry.npmjs.org/cookie-signature 60ms (cache hit)
1772 silly packumentCache full:https://registry.npmjs.org/cookie-signature set size:21777 disposed:false
1773 http cache https://registry.npmjs.org/content-disposition 49ms (cache hit)
1774 silly packumentCache full:https://registry.npmjs.org/content-disposition set size:34469 disposed:false
1775 http fetch GET 200 https://registry.npmjs.org/ip-address 71ms (cache miss)
1776 silly packumentCache full:https://registry.npmjs.org/ip-address set size:undefined disposed:false
1777 silly placeDep node_modules/firebase-tools infer-owner@1.0.4 OK for: @npmcli/promise-spawn@3.0.0 want: ^1.0.4
1778 silly placeDep node_modules/firebase-tools/node_modules/@opentelemetry/core @opentelemetry/semantic-conventions@1.28.0 OK for: @opentelemetry/core@1.30.1 want: 1.28.0
1779 silly placeDep node_modules/firebase-tools undici-types@7.16.0 OK for: @types/node@25.2.2 want: ~7.16.0
1780 silly placeDep node_modules/firebase-tools event-target-shim@5.0.1 OK for: abort-controller@3.0.0 want: ^5.0.0
1781 silly placeDep node_modules/firebase-tools fast-deep-equal@3.1.3 OK for: ajv@8.17.1 want: ^3.1.3
1782 silly placeDep node_modules/firebase-tools fast-uri@3.1.0 OK for: ajv@8.17.1 want: ^3.0.1
1783 silly placeDep node_modules/firebase-tools json-schema-traverse@1.0.0 OK for: ajv@8.17.1 want: ^1.0.0
1784 silly placeDep node_modules/firebase-tools require-from-string@2.0.2 OK for: ajv@8.17.1 want: ^2.0.2
1785 silly placeDep node_modules/firebase-tools archiver-utils@5.0.2 OK for: archiver@7.0.1 want: ^5.0.2
1786 silly placeDep node_modules/firebase-tools async@3.2.6 OK for: archiver@7.0.1 want: ^3.2.4
1787 silly placeDep node_modules/firebase-tools buffer-crc32@1.0.0 OK for: archiver@7.0.1 want: ^1.0.0
1788 silly placeDep node_modules/firebase-tools readable-stream@4.7.0 OK for: archiver@7.0.1 want: ^4.0.0
1789 silly placeDep node_modules/firebase-tools readdir-glob@1.1.3 OK for: archiver@7.0.1 want: ^1.1.2
1790 silly placeDep node_modules/firebase-tools tar-stream@3.1.7 OK for: archiver@7.0.1 want: ^3.0.0
1791 silly placeDep node_modules/firebase-tools zip-stream@6.0.1 OK for: archiver@7.0.1 want: ^6.0.1
1792 silly fetch manifest is-stream@^2.0.1
1793 silly packumentCache full:https://registry.npmjs.org/is-stream cache-hit
1794 silly fetch manifest lazystream@^1.0.0
1795 silly packumentCache full:https://registry.npmjs.org/lazystream cache-miss
1796 silly fetch manifest normalize-path@^3.0.0
1797 silly packumentCache full:https://registry.npmjs.org/normalize-path cache-hit
1798 silly fetch manifest buffer@^6.0.3
1799 silly packumentCache full:https://registry.npmjs.org/buffer cache-miss
1800 silly fetch manifest events@^3.3.0
1801 silly packumentCache full:https://registry.npmjs.org/events cache-miss
1802 silly fetch manifest process@^0.11.10
1803 silly packumentCache full:https://registry.npmjs.org/process cache-miss
1804 silly fetch manifest string_decoder@^1.3.0
1805 silly packumentCache full:https://registry.npmjs.org/string_decoder cache-miss
1806 silly fetch manifest minimatch@^5.1.0
1807 silly packumentCache full:https://registry.npmjs.org/minimatch cache-hit
1808 silly fetch manifest b4a@^1.6.4
1809 silly packumentCache full:https://registry.npmjs.org/b4a cache-miss
1810 http fetch GET 200 https://registry.npmjs.org/events 55ms (cache revalidated)
1811 silly packumentCache full:https://registry.npmjs.org/events set size:35240 disposed:false
1812 silly fetch manifest streamx@^2.15.0
1813 silly packumentCache full:https://registry.npmjs.org/streamx cache-miss
1814 http fetch GET 200 https://registry.npmjs.org/string_decoder 59ms (cache revalidated)
1815 silly packumentCache full:https://registry.npmjs.org/string_decoder set size:28441 disposed:false
1816 silly fetch manifest fast-fifo@^1.2.0
1817 silly packumentCache full:https://registry.npmjs.org/fast-fifo cache-miss
1818 http fetch GET 200 https://registry.npmjs.org/lazystream 72ms (cache miss)
1819 silly packumentCache full:https://registry.npmjs.org/lazystream set size:undefined disposed:false
1820 silly fetch manifest compress-commons@^6.0.2
1821 silly packumentCache full:https://registry.npmjs.org/compress-commons cache-miss
1822 http fetch GET 200 https://registry.npmjs.org/buffer 76ms (cache revalidated)
1823 silly packumentCache full:https://registry.npmjs.org/buffer set size:280480 disposed:false
1824 http fetch GET 200 https://registry.npmjs.org/process 107ms (cache miss)
1825 silly packumentCache full:https://registry.npmjs.org/process set size:undefined disposed:false
1826 http fetch GET 200 https://registry.npmjs.org/b4a 110ms (cache miss)
1827 silly packumentCache full:https://registry.npmjs.org/b4a set size:undefined disposed:false
1828 http fetch GET 200 https://registry.npmjs.org/fast-fifo 62ms (cache miss)
1829 silly packumentCache full:https://registry.npmjs.org/fast-fifo set size:undefined disposed:false
1830 http fetch GET 200 https://registry.npmjs.org/streamx 74ms (cache miss)
1831 silly packumentCache full:https://registry.npmjs.org/streamx set size:undefined disposed:false
1832 http fetch GET 200 https://registry.npmjs.org/compress-commons 124ms (cache miss)
1833 silly packumentCache full:https://registry.npmjs.org/compress-commons set size:undefined disposed:false
1834 silly placeDep node_modules/firebase-tools graceful-fs@4.2.11 OK for: archiver-utils@5.0.2 want: ^4.2.0
1835 silly placeDep node_modules/firebase-tools is-stream@2.0.1 OK for: archiver-utils@5.0.2 want: ^2.0.1
1836 silly placeDep node_modules/firebase-tools lazystream@1.0.1 OK for: archiver-utils@5.0.2 want: ^1.0.0
1837 silly placeDep node_modules/firebase-tools normalize-path@3.0.0 OK for: archiver-utils@5.0.2 want: ^3.0.0
1838 silly fetch manifest readable-stream@^2.0.5
1839 silly packumentCache full:https://registry.npmjs.org/readable-stream cache-hit
1840 silly placeDep node_modules/firebase-tools bytes@3.1.2 OK for: body-parser@1.20.4 want: ~3.1.2
1841 silly placeDep node_modules/firebase-tools debug@2.6.9 OK for: body-parser@1.20.4 want: 2.6.9
1842 silly placeDep node_modules/firebase-tools depd@2.0.0 OK for: body-parser@1.20.4 want: 2.0.0
1843 silly placeDep node_modules/firebase-tools destroy@1.2.0 OK for: body-parser@1.20.4 want: ~1.2.0
1844 silly placeDep node_modules/firebase-tools http-errors@2.0.1 OK for: body-parser@1.20.4 want: ~2.0.1
1845 silly placeDep node_modules/firebase-tools/node_modules/body-parser iconv-lite@0.4.24 OK for: body-parser@1.20.4 want: ~0.4.24
1846 silly placeDep node_modules/firebase-tools on-finished@2.4.1 OK for: body-parser@1.20.4 want: ~2.4.1
1847 silly placeDep node_modules/firebase-tools qs@6.14.1 OK for: body-parser@1.20.4 want: ~6.14.0
1848 silly placeDep node_modules/firebase-tools/node_modules/body-parser raw-body@2.5.3 OK for: body-parser@1.20.4 want: ~2.5.3
1849 silly placeDep node_modules/firebase-tools type-is@1.6.18 OK for: body-parser@1.20.4 want: ~1.6.18
1850 silly placeDep node_modules/firebase-tools unpipe@1.0.0 OK for: body-parser@1.20.4 want: ~1.0.0
1851 silly fetch manifest ms@2.0.0
1852 silly packumentCache full:https://registry.npmjs.org/ms cache-hit
1853 silly fetch manifest inherits@~2.0.4
1854 silly packumentCache full:https://registry.npmjs.org/inherits cache-miss
1855 silly fetch manifest setprototypeof@~1.2.0
1856 silly packumentCache full:https://registry.npmjs.org/setprototypeof cache-miss
1857 silly fetch manifest statuses@~2.0.2
1858 silly packumentCache full:https://registry.npmjs.org/statuses cache-hit
1859 silly fetch manifest toidentifier@~1.0.1
1860 silly packumentCache full:https://registry.npmjs.org/toidentifier cache-miss
1861 silly fetch manifest safer-buffer@>= 2.1.2 < 3
1862 silly packumentCache full:https://registry.npmjs.org/safer-buffer cache-hit
1863 silly fetch manifest ee-first@1.1.1
1864 silly packumentCache full:https://registry.npmjs.org/ee-first cache-miss
1865 silly fetch manifest side-channel@^1.1.0
1866 silly packumentCache full:https://registry.npmjs.org/side-channel cache-miss
1867 silly fetch manifest mime-types@~2.1.24
1868 silly packumentCache full:https://registry.npmjs.org/mime-types cache-hit
1869 silly fetch manifest media-typer@0.3.0
1870 silly packumentCache full:https://registry.npmjs.org/media-typer cache-miss
1871 http cache https://registry.npmjs.org/setprototypeof 34ms (cache hit)
1872 silly packumentCache full:https://registry.npmjs.org/setprototypeof set size:14532 disposed:false
1873 http fetch GET 200 https://registry.npmjs.org/inherits 66ms (cache revalidated)
1874 silly packumentCache full:https://registry.npmjs.org/inherits set size:12925 disposed:false
1875 http fetch GET 200 https://registry.npmjs.org/toidentifier 67ms (cache miss)
1876 silly packumentCache full:https://registry.npmjs.org/toidentifier set size:undefined disposed:false
1877 http fetch GET 200 https://registry.npmjs.org/ee-first 65ms (cache miss)
1878 silly packumentCache full:https://registry.npmjs.org/ee-first set size:undefined disposed:false
1879 http fetch GET 200 https://registry.npmjs.org/media-typer 62ms (cache miss)
1880 silly packumentCache full:https://registry.npmjs.org/media-typer set size:undefined disposed:false
1881 http fetch GET 200 https://registry.npmjs.org/side-channel 76ms (cache miss)
1882 silly packumentCache full:https://registry.npmjs.org/side-channel set size:undefined disposed:false
1883 silly placeDep node_modules/firebase-tools anymatch@3.1.3 OK for: chokidar@3.6.0 want: ~3.1.2
1884 silly placeDep node_modules/firebase-tools braces@3.0.3 OK for: chokidar@3.6.0 want: ~3.0.2
1885 silly placeDep node_modules/firebase-tools fsevents@2.3.3 OK for: chokidar@3.6.0 want: ~2.3.2
1886 silly placeDep node_modules/firebase-tools glob-parent@5.1.2 OK for: chokidar@3.6.0 want: ~5.1.2
1887 silly placeDep node_modules/firebase-tools is-binary-path@2.1.0 OK for: chokidar@3.6.0 want: ~2.1.0
1888 silly placeDep node_modules/firebase-tools is-glob@4.0.3 OK for: chokidar@3.6.0 want: ~4.0.1
1889 silly placeDep node_modules/firebase-tools readdirp@3.6.0 OK for: chokidar@3.6.0 want: ~3.6.0
1890 silly fetch manifest picomatch@^2.0.4
1891 silly packumentCache full:https://registry.npmjs.org/picomatch cache-miss
1892 silly fetch manifest fill-range@^7.1.1
1893 silly packumentCache full:https://registry.npmjs.org/fill-range cache-miss
1894 silly fetch manifest is-glob@^4.0.1
1895 silly packumentCache full:https://registry.npmjs.org/is-glob cache-miss
1896 silly fetch manifest binary-extensions@^2.0.0
1897 silly packumentCache full:https://registry.npmjs.org/binary-extensions cache-miss
1898 silly fetch manifest is-extglob@^2.1.1
1899 silly packumentCache full:https://registry.npmjs.org/is-extglob cache-miss
1900 silly fetch manifest picomatch@^2.2.1
1901 silly packumentCache full:https://registry.npmjs.org/picomatch cache-miss
1902 http cache https://registry.npmjs.org/is-glob 25ms (cache hit)
1903 silly packumentCache full:https://registry.npmjs.org/is-glob set size:40530 disposed:false
1904 http fetch GET 200 https://registry.npmjs.org/is-extglob 52ms (cache miss)
1905 silly packumentCache full:https://registry.npmjs.org/is-extglob set size:undefined disposed:false
1906 http fetch GET 200 https://registry.npmjs.org/picomatch 61ms (cache revalidated)
1907 silly packumentCache full:https://registry.npmjs.org/picomatch set size:118818 disposed:false
1908 http fetch GET 200 https://registry.npmjs.org/picomatch 64ms (cache revalidated)
1909 silly packumentCache full:https://registry.npmjs.org/picomatch set size:118818 disposed:false
1910 silly packumentCache full:https://registry.npmjs.org/picomatch dispose
1911 http fetch GET 200 https://registry.npmjs.org/binary-extensions 72ms (cache miss)
1912 silly packumentCache full:https://registry.npmjs.org/binary-extensions set size:undefined disposed:false
1913 http fetch GET 200 https://registry.npmjs.org/fill-range 77ms (cache miss)
1914 silly packumentCache full:https://registry.npmjs.org/fill-range set size:undefined disposed:false
1915 silly placeDep node_modules/firebase-tools picomatch@2.3.1 OK for: anymatch@3.1.3 want: ^2.0.4
1916 silly placeDep node_modules/firebase-tools fill-range@7.1.1 OK for: braces@3.0.3 want: ^7.1.1
1917 silly fetch manifest to-regex-range@^5.0.1
1918 silly packumentCache full:https://registry.npmjs.org/to-regex-range cache-miss
1919 http fetch GET 200 https://registry.npmjs.org/to-regex-range 56ms (cache miss)
1920 silly packumentCache full:https://registry.npmjs.org/to-regex-range set size:undefined disposed:false
1921 silly placeDep node_modules/firebase-tools json-parse-helpfulerror@1.0.3 OK for: cjson@0.3.3 want: ^1.0.3
1922 silly fetch manifest jju@^1.1.0
1923 silly packumentCache full:https://registry.npmjs.org/jju cache-miss
1924 http fetch GET 200 https://registry.npmjs.org/jju 57ms (cache miss)
1925 silly packumentCache full:https://registry.npmjs.org/jju set size:undefined disposed:false
1926 silly placeDep node_modules/firebase-tools @colors/colors@1.5.0 OK for: cli-table3@0.6.5 want: 1.5.0
1927 silly placeDep node_modules/firebase-tools string-width@4.2.3 OK for: cli-table3@0.6.5 want: ^4.2.0
1928 silly fetch manifest strip-ansi@^6.0.1
1929 silly packumentCache full:https://registry.npmjs.org/strip-ansi cache-hit
1930 silly fetch manifest emoji-regex@^8.0.0
1931 silly packumentCache full:https://registry.npmjs.org/emoji-regex cache-miss
1932 silly fetch manifest is-fullwidth-code-point@^3.0.0
1933 silly packumentCache full:https://registry.npmjs.org/is-fullwidth-code-point cache-miss
1934 http fetch GET 200 https://registry.npmjs.org/emoji-regex 76ms (cache revalidated)
1935 silly packumentCache full:https://registry.npmjs.org/emoji-regex set size:89088 disposed:false
1936 http fetch GET 200 https://registry.npmjs.org/is-fullwidth-code-point 90ms (cache revalidated)
1937 silly packumentCache full:https://registry.npmjs.org/is-fullwidth-code-point set size:14578 disposed:false
1938 silly placeDep node_modules/firebase-tools dot-prop@5.3.0 OK for: configstore@5.0.1 want: ^5.2.0
1939 silly placeDep node_modules/firebase-tools make-dir@3.1.0 OK for: configstore@5.0.1 want: ^3.0.0
1940 silly placeDep node_modules/firebase-tools unique-string@2.0.0 OK for: configstore@5.0.1 want: ^2.0.0
1941 silly placeDep node_modules/firebase-tools write-file-atomic@3.0.3 OK for: configstore@5.0.1 want: ^3.0.0
1942 silly placeDep node_modules/firebase-tools xdg-basedir@4.0.0 OK for: configstore@5.0.1 want: ^4.0.0
1943 silly fetch manifest is-obj@^2.0.0
1944 silly packumentCache full:https://registry.npmjs.org/is-obj cache-miss
1945 silly fetch manifest semver@^6.0.0
1946 silly packumentCache full:https://registry.npmjs.org/semver cache-hit
1947 silly fetch manifest crypto-random-string@^2.0.0
1948 silly packumentCache full:https://registry.npmjs.org/crypto-random-string cache-miss
1949 silly fetch manifest imurmurhash@^0.1.4
1950 silly packumentCache full:https://registry.npmjs.org/imurmurhash cache-miss
1951 silly fetch manifest signal-exit@^3.0.2
1952 silly packumentCache full:https://registry.npmjs.org/signal-exit cache-hit
1953 silly fetch manifest is-typedarray@^1.0.0
1954 silly packumentCache full:https://registry.npmjs.org/is-typedarray cache-miss
1955 silly fetch manifest typedarray-to-buffer@^3.1.5
1956 silly packumentCache full:https://registry.npmjs.org/typedarray-to-buffer cache-miss
1957 http fetch GET 200 https://registry.npmjs.org/is-typedarray 112ms (cache revalidated)
1958 silly packumentCache full:https://registry.npmjs.org/is-typedarray set size:3992 disposed:false
1959 http fetch GET 200 https://registry.npmjs.org/typedarray-to-buffer 134ms (cache miss)
1960 silly packumentCache full:https://registry.npmjs.org/typedarray-to-buffer set size:undefined disposed:false
1961 http fetch GET 200 https://registry.npmjs.org/imurmurhash 147ms (cache miss)
1962 silly packumentCache full:https://registry.npmjs.org/imurmurhash set size:undefined disposed:false
1963 http fetch GET 200 https://registry.npmjs.org/is-obj 159ms (cache miss)
1964 silly packumentCache full:https://registry.npmjs.org/is-obj set size:undefined disposed:false
1965 http fetch GET 200 https://registry.npmjs.org/crypto-random-string 172ms (cache miss)
1966 silly packumentCache full:https://registry.npmjs.org/crypto-random-string set size:undefined disposed:false
1967 silly placeDep node_modules/firebase-tools object-assign@4.1.1 OK for: cors@2.8.6 want: ^4
1968 silly placeDep node_modules/firebase-tools vary@1.1.2 OK for: cors@2.8.6 want: ^1
1969 silly placeDep node_modules/firebase-tools path-key@3.1.1 OK for: cross-spawn@7.0.6 want: ^3.1.0
1970 silly placeDep node_modules/firebase-tools shebang-command@2.0.0 OK for: cross-spawn@7.0.6 want: ^2.0.0
1971 silly placeDep node_modules/firebase-tools which@2.0.2 OK for: cross-spawn@7.0.6 want: ^2.0.1
1972 silly fetch manifest shebang-regex@^3.0.0
1973 silly packumentCache full:https://registry.npmjs.org/shebang-regex cache-miss
1974 silly fetch manifest isexe@^2.0.0
1975 silly packumentCache full:https://registry.npmjs.org/isexe cache-miss
1976 http fetch GET 200 https://registry.npmjs.org/shebang-regex 91ms (cache revalidated)
1977 silly packumentCache full:https://registry.npmjs.org/shebang-regex set size:9763 disposed:false
1978 http fetch GET 200 https://registry.npmjs.org/isexe 97ms (cache updated)
1979 silly packumentCache full:https://registry.npmjs.org/isexe set size:undefined disposed:false
1980 silly placeDep node_modules/firebase-tools ms@2.0.0 OK for: debug@2.6.9 want: 2.0.0
1981 silly placeDep node_modules/firebase-tools lodash.mapvalues@4.6.0 OK for: deep-equal-in-any-order@2.1.0 want: ^4.6.0
1982 silly placeDep node_modules/firebase-tools sort-any@2.0.0 OK for: deep-equal-in-any-order@2.1.0 want: ^2.0.0
1983 silly placeDep node_modules/firebase-tools is-obj@2.0.0 OK for: dot-prop@5.3.0 want: ^2.0.0
1984 silly placeDep node_modules/firebase-tools @apidevtools/json-schema-ref-parser@9.1.2 OK for: exegesis@4.3.0 want: ^9.0.3
1985 silly placeDep node_modules/firebase-tools/node_modules/exegesis ajv-formats@2.1.1 OK for: exegesis@4.3.0 want: ^2.1.0
1986 silly placeDep node_modules/firebase-tools deep-freeze@0.0.1 OK for: exegesis@4.3.0 want: 0.0.1
1987 silly placeDep node_modules/firebase-tools events-listener@1.1.0 OK for: exegesis@4.3.0 want: ^1.1.0
1988 silly placeDep node_modules/firebase-tools json-ptr@3.1.1 OK for: exegesis@4.3.0 want: ^3.0.1
1989 silly placeDep node_modules/firebase-tools openapi3-ts@3.2.0 OK for: exegesis@4.3.0 want: ^3.1.1
1990 silly placeDep node_modules/firebase-tools promise-breaker@6.0.0 OK for: exegesis@4.3.0 want: ^6.0.0
1991 silly placeDep node_modules/firebase-tools/node_modules/exegesis raw-body@2.5.3 OK for: exegesis@4.3.0 want: ^2.3.3
1992 silly fetch manifest js-yaml@^4.1.0
1993 silly packumentCache full:https://registry.npmjs.org/js-yaml cache-hit
1994 silly fetch manifest call-me-maybe@^1.0.1
1995 silly packumentCache full:https://registry.npmjs.org/call-me-maybe cache-miss
1996 silly fetch manifest @jsdevtools/ono@^7.1.3
1997 silly packumentCache full:https://registry.npmjs.org/@jsdevtools%2fono cache-miss
1998 silly fetch manifest @types/json-schema@^7.0.6
1999 silly packumentCache full:https://registry.npmjs.org/@types%2fjson-schema cache-miss
2000 http fetch GET 200 https://registry.npmjs.org/call-me-maybe 47ms (cache miss)
2001 silly packumentCache full:https://registry.npmjs.org/call-me-maybe set size:undefined disposed:false
2002 http fetch GET 200 https://registry.npmjs.org/@jsdevtools%2fono 56ms (cache revalidated)
2003 silly packumentCache full:https://registry.npmjs.org/@jsdevtools%2fono set size:45695 disposed:false
2004 http fetch GET 200 https://registry.npmjs.org/@types%2fjson-schema 65ms (cache revalidated)
2005 silly packumentCache full:https://registry.npmjs.org/@types%2fjson-schema set size:44704 disposed:false
2006 silly placeDep node_modules/firebase-tools @jsdevtools/ono@7.1.3 OK for: @apidevtools/json-schema-ref-parser@9.1.2 want: ^7.1.3
2007 silly placeDep node_modules/firebase-tools @types/json-schema@7.0.15 OK for: @apidevtools/json-schema-ref-parser@9.1.2 want: ^7.0.6
2008 silly placeDep node_modules/firebase-tools call-me-maybe@1.0.2 OK for: @apidevtools/json-schema-ref-parser@9.1.2 want: ^1.0.1
2009 silly placeDep node_modules/firebase-tools/node_modules/@apidevtools/json-schema-ref-parser js-yaml@4.1.1 OK for: @apidevtools/json-schema-ref-parser@9.1.2 want: ^4.1.0
2010 silly placeDep node_modules/firebase-tools accepts@1.3.8 OK for: express@4.22.1 want: ~1.3.8
2011 silly placeDep node_modules/firebase-tools array-flatten@1.1.1 OK for: express@4.22.1 want: 1.1.1
2012 silly placeDep node_modules/firebase-tools content-disposition@0.5.4 OK for: express@4.22.1 want: ~0.5.4
2013 silly placeDep node_modules/firebase-tools cookie@0.7.2 OK for: express@4.22.1 want: ~0.7.1
2014 silly placeDep node_modules/firebase-tools cookie-signature@1.0.7 OK for: express@4.22.1 want: ~1.0.6
2015 silly placeDep node_modules/firebase-tools encodeurl@2.0.0 OK for: express@4.22.1 want: ~2.0.0
2016 silly placeDep node_modules/firebase-tools escape-html@1.0.3 OK for: express@4.22.1 want: ~1.0.3
2017 silly placeDep node_modules/firebase-tools etag@1.8.1 OK for: express@4.22.1 want: ~1.8.1
2018 silly placeDep node_modules/firebase-tools finalhandler@1.3.2 OK for: express@4.22.1 want: ~1.3.1
2019 silly placeDep node_modules/firebase-tools fresh@0.5.2 OK for: express@4.22.1 want: ~0.5.2
2020 silly placeDep node_modules/firebase-tools merge-descriptors@1.0.3 OK for: express@4.22.1 want: 1.0.3
2021 silly placeDep node_modules/firebase-tools methods@1.1.2 OK for: express@4.22.1 want: ~1.1.2
2022 silly placeDep node_modules/firebase-tools parseurl@1.3.3 OK for: express@4.22.1 want: ~1.3.3
2023 silly placeDep node_modules/firebase-tools path-to-regexp@0.1.12 OK for: express@4.22.1 want: ~0.1.12
2024 silly placeDep node_modules/firebase-tools proxy-addr@2.0.7 OK for: express@4.22.1 want: ~2.0.7
2025 silly placeDep node_modules/firebase-tools range-parser@1.2.1 OK for: express@4.22.1 want: ~1.2.1
2026 silly placeDep node_modules/firebase-tools safe-buffer@5.2.1 OK for: express@4.22.1 want: 5.2.1
2027 silly placeDep node_modules/firebase-tools send@0.19.2 OK for: express@4.22.1 want: ~0.19.0
2028 silly placeDep node_modules/firebase-tools serve-static@1.16.3 OK for: express@4.22.1 want: ~1.16.2
2029 silly placeDep node_modules/firebase-tools setprototypeof@1.2.0 OK for: express@4.22.1 want: 1.2.0
2030 silly placeDep node_modules/firebase-tools statuses@2.0.2 OK for: express@4.22.1 want: ~2.0.1
2031 silly placeDep node_modules/firebase-tools utils-merge@1.0.1 OK for: express@4.22.1 want: 1.0.1
2032 silly fetch manifest mime-types@~2.1.34
2033 silly packumentCache full:https://registry.npmjs.org/mime-types cache-hit
2034 silly fetch manifest negotiator@0.6.3
2035 silly packumentCache full:https://registry.npmjs.org/negotiator cache-miss
2036 silly fetch manifest forwarded@0.2.0
2037 silly packumentCache full:https://registry.npmjs.org/forwarded cache-miss
2038 silly fetch manifest ipaddr.js@1.9.1
2039 silly packumentCache full:https://registry.npmjs.org/ipaddr.js cache-miss
2040 silly fetch manifest ms@2.1.3
2041 silly packumentCache full:https://registry.npmjs.org/ms cache-hit
2042 silly fetch manifest mime@1.6.0
2043 silly packumentCache full:https://registry.npmjs.org/mime cache-miss
2044 http cache https://registry.npmjs.org/mime 14ms (cache hit)
2045 silly packumentCache full:https://registry.npmjs.org/mime set size:119236 disposed:false
2046 http fetch GET 200 https://registry.npmjs.org/forwarded 46ms (cache miss)
2047 silly packumentCache full:https://registry.npmjs.org/forwarded set size:undefined disposed:false
2048 http fetch GET 200 https://registry.npmjs.org/negotiator 50ms (cache miss)
2049 silly packumentCache full:https://registry.npmjs.org/negotiator set size:undefined disposed:false
2050 http fetch GET 200 https://registry.npmjs.org/ipaddr.js 54ms (cache miss)
2051 silly packumentCache full:https://registry.npmjs.org/ipaddr.js set size:undefined disposed:false
2052 silly placeDep node_modules/firebase-tools mime-types@2.1.35 OK for: accepts@1.3.8 want: ~2.1.34
2053 silly placeDep node_modules/firebase-tools negotiator@0.6.3 OK for: accepts@1.3.8 want: 0.6.3
2054 silly fetch manifest mime-db@1.52.0
2055 silly packumentCache full:https://registry.npmjs.org/mime-db cache-miss
2056 http fetch GET 200 https://registry.npmjs.org/mime-db 63ms (cache revalidated)
2057 silly packumentCache full:https://registry.npmjs.org/mime-db set size:164953 disposed:false
2058 silly placeDep node_modules/firebase-tools ip-address@10.0.1 OK for: express-rate-limit@8.2.1 want: 10.0.1
2059 silly placeDep node_modules/firebase-tools to-regex-range@5.0.1 OK for: fill-range@7.1.1 want: ^5.0.1
2060 silly fetch manifest is-number@^7.0.0
2061 silly packumentCache full:https://registry.npmjs.org/is-number cache-miss
2062 http cache https://registry.npmjs.org/is-number 12ms (cache hit)
2063 silly packumentCache full:https://registry.npmjs.org/is-number set size:36183 disposed:false
2064 silly placeDep node_modules/firebase-tools asynckit@0.4.0 OK for: form-data@4.0.5 want: ^0.4.0
2065 silly placeDep node_modules/firebase-tools combined-stream@1.0.8 OK for: form-data@4.0.5 want: ^1.0.8
2066 silly placeDep node_modules/firebase-tools es-set-tostringtag@2.1.0 OK for: form-data@4.0.5 want: ^2.1.0
2067 silly placeDep node_modules/firebase-tools hasown@2.0.2 OK for: form-data@4.0.5 want: ^2.0.2
2068 silly fetch manifest delayed-stream@~1.0.0
2069 silly packumentCache full:https://registry.npmjs.org/delayed-stream cache-miss
2070 silly fetch manifest es-errors@^1.3.0
2071 silly packumentCache full:https://registry.npmjs.org/es-errors cache-miss
2072 silly fetch manifest get-intrinsic@^1.2.6
2073 silly packumentCache full:https://registry.npmjs.org/get-intrinsic cache-miss
2074 silly fetch manifest has-tostringtag@^1.0.2
2075 silly packumentCache full:https://registry.npmjs.org/has-tostringtag cache-miss
2076 silly fetch manifest function-bind@^1.1.2
2077 silly packumentCache full:https://registry.npmjs.org/function-bind cache-miss
2078 http fetch GET 200 https://registry.npmjs.org/get-intrinsic 76ms (cache revalidated)
2079 silly packumentCache full:https://registry.npmjs.org/get-intrinsic set size:60985 disposed:false
2080 http fetch GET 200 https://registry.npmjs.org/es-errors 97ms (cache revalidated)
2081 silly packumentCache full:https://registry.npmjs.org/es-errors set size:16918 disposed:false
2082 http fetch GET 200 https://registry.npmjs.org/function-bind 98ms (cache revalidated)
2083 silly packumentCache full:https://registry.npmjs.org/function-bind set size:15733 disposed:false
2084 http fetch GET 200 https://registry.npmjs.org/has-tostringtag 102ms (cache revalidated)
2085 silly packumentCache full:https://registry.npmjs.org/has-tostringtag set size:13945 disposed:false
2086 http fetch GET 200 https://registry.npmjs.org/delayed-stream 109ms (cache revalidated)
2087 silly packumentCache full:https://registry.npmjs.org/delayed-stream set size:15820 disposed:false
2088 silly placeDep node_modules/firebase-tools delayed-stream@1.0.0 OK for: combined-stream@1.0.8 want: ~1.0.0
2089 silly placeDep node_modules/firebase-tools es-errors@1.3.0 OK for: es-set-tostringtag@2.1.0 want: ^1.3.0
2090 silly placeDep node_modules/firebase-tools get-intrinsic@1.3.0 OK for: es-set-tostringtag@2.1.0 want: ^1.2.6
2091 silly placeDep node_modules/firebase-tools has-tostringtag@1.0.2 OK for: es-set-tostringtag@2.1.0 want: ^1.0.2
2092 silly fetch manifest gopd@^1.2.0
2093 silly packumentCache full:https://registry.npmjs.org/gopd cache-miss
2094 silly fetch manifest get-proto@^1.0.1
2095 silly packumentCache full:https://registry.npmjs.org/get-proto cache-miss
2096 silly fetch manifest has-symbols@^1.1.0
2097 silly packumentCache full:https://registry.npmjs.org/has-symbols cache-miss
2098 silly fetch manifest es-object-atoms@^1.1.1
2099 silly packumentCache full:https://registry.npmjs.org/es-object-atoms cache-miss
2100 silly fetch manifest math-intrinsics@^1.1.0
2101 silly packumentCache full:https://registry.npmjs.org/math-intrinsics cache-miss
2102 silly fetch manifest es-define-property@^1.0.1
2103 silly packumentCache full:https://registry.npmjs.org/es-define-property cache-miss
2104 http fetch GET 200 https://registry.npmjs.org/gopd 75ms (cache revalidated)
2105 silly packumentCache full:https://registry.npmjs.org/gopd set size:11458 disposed:false
2106 silly fetch manifest call-bind-apply-helpers@^1.0.2
2107 silly packumentCache full:https://registry.npmjs.org/call-bind-apply-helpers cache-miss
2108 http fetch GET 200 https://registry.npmjs.org/es-object-atoms 81ms (cache revalidated)
2109 silly packumentCache full:https://registry.npmjs.org/es-object-atoms set size:15304 disposed:false
2110 silly fetch manifest has-symbols@^1.0.3
2111 silly packumentCache full:https://registry.npmjs.org/has-symbols cache-miss
2112 http fetch GET 200 https://registry.npmjs.org/math-intrinsics 100ms (cache revalidated)
2113 silly packumentCache full:https://registry.npmjs.org/math-intrinsics set size:9265 disposed:false
2114 http fetch GET 200 https://registry.npmjs.org/has-symbols 107ms (cache revalidated)
2115 silly packumentCache full:https://registry.npmjs.org/has-symbols set size:21550 disposed:false
2116 http fetch GET 200 https://registry.npmjs.org/get-proto 112ms (cache revalidated)
2117 silly packumentCache full:https://registry.npmjs.org/get-proto set size:8300 disposed:false
2118 http fetch GET 200 https://registry.npmjs.org/has-symbols 79ms (cache revalidated)
2119 silly packumentCache full:https://registry.npmjs.org/has-symbols set size:21550 disposed:false
2120 silly packumentCache full:https://registry.npmjs.org/has-symbols dispose
2121 http fetch GET 200 https://registry.npmjs.org/es-define-property 173ms (cache revalidated)
2122 silly packumentCache full:https://registry.npmjs.org/es-define-property set size:8542 disposed:false
2123 http fetch GET 200 https://registry.npmjs.org/call-bind-apply-helpers 101ms (cache revalidated)
2124 silly packumentCache full:https://registry.npmjs.org/call-bind-apply-helpers set size:12744 disposed:false
2125 silly placeDep node_modules/firebase-tools jsonfile@6.2.0 OK for: fs-extra@10.1.0 want: ^6.0.1
2126 silly placeDep node_modules/firebase-tools universalify@2.0.1 OK for: fs-extra@10.1.0 want: ^2.0.0
2127 silly placeDep node_modules/firebase-tools https-proxy-agent@7.0.6 OK for: gaxios@6.7.1 want: ^7.0.1
2128 silly placeDep node_modules/firebase-tools/node_modules/gaxios uuid@9.0.1 OK for: gaxios@6.7.1 want: ^9.0.1
2129 silly fetch manifest debug@4
2130 silly packumentCache full:https://registry.npmjs.org/debug cache-hit
2131 silly placeDep node_modules/firebase-tools call-bind-apply-helpers@1.0.2 OK for: get-intrinsic@1.3.0 want: ^1.0.2
2132 silly placeDep node_modules/firebase-tools es-define-property@1.0.1 OK for: get-intrinsic@1.3.0 want: ^1.0.1
2133 silly placeDep node_modules/firebase-tools es-object-atoms@1.1.1 OK for: get-intrinsic@1.3.0 want: ^1.1.1
2134 silly placeDep node_modules/firebase-tools function-bind@1.1.2 OK for: get-intrinsic@1.3.0 want: ^1.1.2
2135 silly placeDep node_modules/firebase-tools get-proto@1.0.1 OK for: get-intrinsic@1.3.0 want: ^1.0.1
2136 silly placeDep node_modules/firebase-tools gopd@1.2.0 OK for: get-intrinsic@1.3.0 want: ^1.2.0
2137 silly placeDep node_modules/firebase-tools has-symbols@1.1.0 OK for: get-intrinsic@1.3.0 want: ^1.1.0
2138 silly placeDep node_modules/firebase-tools math-intrinsics@1.1.0 OK for: get-intrinsic@1.3.0 want: ^1.1.0
2139 silly fetch manifest dunder-proto@^1.0.1
2140 silly packumentCache full:https://registry.npmjs.org/dunder-proto cache-miss
2141 http fetch GET 200 https://registry.npmjs.org/dunder-proto 106ms (cache revalidated)
2142 silly packumentCache full:https://registry.npmjs.org/dunder-proto set size:8256 disposed:false
2143 silly placeDep node_modules/firebase-tools dunder-proto@1.0.1 OK for: get-proto@1.0.1 want: ^1.0.1
2144 silly placeDep node_modules/firebase-tools foreground-child@3.3.1 OK for: glob@10.5.0 want: ^3.1.0
2145 silly placeDep node_modules/firebase-tools jackspeak@3.4.3 OK for: glob@10.5.0 want: ^3.1.2
2146 silly placeDep node_modules/firebase-tools/node_modules/glob minimatch@9.0.5 OK for: glob@10.5.0 want: ^9.0.4
2147 silly placeDep node_modules/firebase-tools minipass@7.1.2 OK for: glob@10.5.0 want: ^7.1.2
2148 silly placeDep node_modules/firebase-tools package-json-from-dist@1.0.1 OK for: glob@10.5.0 want: ^1.0.0
2149 silly placeDep node_modules/firebase-tools path-scurry@1.11.1 OK for: glob@10.5.0 want: ^1.11.1
2150 silly fetch manifest @isaacs/cliui@^8.0.2
2151 silly packumentCache full:https://registry.npmjs.org/@isaacs%2fcliui cache-miss
2152 silly fetch manifest @pkgjs/parseargs@^0.11.0
2153 silly packumentCache full:https://registry.npmjs.org/@pkgjs%2fparseargs cache-miss
2154 silly fetch manifest brace-expansion@^2.0.1
2155 silly packumentCache full:https://registry.npmjs.org/brace-expansion cache-hit
2156 silly fetch manifest lru-cache@^10.2.0
2157 silly packumentCache full:https://registry.npmjs.org/lru-cache cache-hit
2158 http fetch GET 200 https://registry.npmjs.org/@pkgjs%2fparseargs 72ms (cache miss)
2159 silly packumentCache full:https://registry.npmjs.org/@pkgjs%2fparseargs set size:undefined disposed:false
2160 http fetch GET 200 https://registry.npmjs.org/@isaacs%2fcliui 82ms (cache miss)
2161 silly packumentCache full:https://registry.npmjs.org/@isaacs%2fcliui set size:undefined disposed:false
2162 silly placeDep node_modules/firebase-tools base64-js@1.5.1 OK for: google-auth-library@9.15.1 want: ^1.3.0
2163 silly placeDep node_modules/firebase-tools ecdsa-sig-formatter@1.0.11 OK for: google-auth-library@9.15.1 want: ^1.0.11
2164 silly placeDep node_modules/firebase-tools gcp-metadata@6.1.1 OK for: google-auth-library@9.15.1 want: ^6.1.0
2165 silly placeDep node_modules/firebase-tools gtoken@7.1.0 OK for: google-auth-library@9.15.1 want: ^7.0.0
2166 silly placeDep node_modules/firebase-tools jws@4.0.1 OK for: google-auth-library@9.15.1 want: ^4.0.0
2167 silly fetch manifest json-bigint@^1.0.0
2168 silly packumentCache full:https://registry.npmjs.org/json-bigint cache-miss
2169 silly fetch manifest google-logging-utils@^0.0.2
2170 silly packumentCache full:https://registry.npmjs.org/google-logging-utils cache-hit
2171 silly fetch manifest jwa@^2.0.1
2172 silly packumentCache full:https://registry.npmjs.org/jwa cache-miss
2173 http fetch GET 200 https://registry.npmjs.org/json-bigint 58ms (cache miss)
2174 silly packumentCache full:https://registry.npmjs.org/json-bigint set size:undefined disposed:false
2175 http fetch GET 200 https://registry.npmjs.org/jwa 68ms (cache miss)
2176 silly packumentCache full:https://registry.npmjs.org/jwa set size:undefined disposed:false
2177 silly placeDep node_modules/firebase-tools google-logging-utils@0.0.2 OK for: gcp-metadata@6.1.1 want: ^0.0.2
2178 silly placeDep node_modules/firebase-tools json-bigint@1.0.0 OK for: gcp-metadata@6.1.1 want: ^1.0.0
2179 silly fetch manifest bignumber.js@^9.0.0
2180 silly packumentCache full:https://registry.npmjs.org/bignumber.js cache-miss
2181 http fetch GET 200 https://registry.npmjs.org/bignumber.js 67ms (cache miss)
2182 silly packumentCache full:https://registry.npmjs.org/bignumber.js set size:undefined disposed:false
2183 silly placeDep node_modules/firebase-tools @grpc/grpc-js@1.14.3 OK for: google-gax@5.0.6 want: ^1.12.6
2184 silly placeDep node_modules/firebase-tools @grpc/proto-loader@0.8.0 OK for: google-gax@5.0.6 want: ^0.8.0
2185 silly placeDep node_modules/firebase-tools duplexify@4.1.3 OK for: google-gax@5.0.6 want: ^4.1.3
2186 silly placeDep node_modules/firebase-tools/node_modules/google-gax google-auth-library@10.5.0 OK for: google-gax@5.0.6 want: ^10.1.0
2187 silly placeDep node_modules/firebase-tools/node_modules/google-gax google-logging-utils@1.1.3 OK for: google-gax@5.0.6 want: ^1.1.1
2188 silly placeDep node_modules/firebase-tools/node_modules/google-gax node-fetch@3.3.2 OK for: google-gax@5.0.6 want: ^3.3.2
2189 silly placeDep node_modules/firebase-tools object-hash@3.0.0 OK for: google-gax@5.0.6 want: ^3.0.0
2190 silly placeDep node_modules/firebase-tools proto3-json-serializer@3.0.4 OK for: google-gax@5.0.6 want: ^3.0.0
2191 silly placeDep node_modules/firebase-tools protobufjs@7.5.4 OK for: google-gax@5.0.6 want: ^7.5.3
2192 silly placeDep node_modules/firebase-tools retry-request@8.0.2 OK for: google-gax@5.0.6 want: ^8.0.0
2193 silly placeDep node_modules/firebase-tools rimraf@5.0.10 OK for: google-gax@5.0.6 want: ^5.0.1
2194 silly fetch manifest @js-sdsl/ordered-map@^4.4.2
2195 silly packumentCache full:https://registry.npmjs.org/@js-sdsl%2fordered-map cache-miss
2196 silly fetch manifest lodash.camelcase@^4.3.0
2197 silly packumentCache full:https://registry.npmjs.org/lodash.camelcase cache-miss
2198 silly fetch manifest long@^5.0.0
2199 silly packumentCache full:https://registry.npmjs.org/long cache-miss
2200 silly fetch manifest yargs@^17.7.2
2201 silly packumentCache full:https://registry.npmjs.org/yargs cache-miss
2202 silly fetch manifest end-of-stream@^1.4.1
2203 silly packumentCache full:https://registry.npmjs.org/end-of-stream cache-miss
2204 silly fetch manifest inherits@^2.0.3
2205 silly packumentCache full:https://registry.npmjs.org/inherits cache-hit
2206 silly fetch manifest readable-stream@^3.1.1
2207 silly packumentCache full:https://registry.npmjs.org/readable-stream cache-hit
2208 silly fetch manifest stream-shift@^1.0.2
2209 silly packumentCache full:https://registry.npmjs.org/stream-shift cache-miss
2210 http fetch GET 200 https://registry.npmjs.org/lodash.camelcase 71ms (cache miss)
2211 silly packumentCache full:https://registry.npmjs.org/lodash.camelcase set size:undefined disposed:false
2212 silly fetch manifest data-uri-to-buffer@^4.0.0
2213 silly packumentCache full:https://registry.npmjs.org/data-uri-to-buffer cache-miss
2214 http fetch GET 200 https://registry.npmjs.org/long 82ms (cache miss)
2215 silly packumentCache full:https://registry.npmjs.org/long set size:undefined disposed:false
2216 silly fetch manifest fetch-blob@^3.1.4
2217 silly packumentCache full:https://registry.npmjs.org/fetch-blob cache-miss
2218 http fetch GET 200 https://registry.npmjs.org/@js-sdsl%2fordered-map 101ms (cache miss)
2219 silly packumentCache full:https://registry.npmjs.org/@js-sdsl%2fordered-map set size:undefined disposed:false
2220 silly fetch manifest formdata-polyfill@^4.0.10
2221 silly packumentCache full:https://registry.npmjs.org/formdata-polyfill cache-miss
2222 http fetch GET 200 https://registry.npmjs.org/stream-shift 111ms (cache revalidated)
2223 silly packumentCache full:https://registry.npmjs.org/stream-shift set size:8066 disposed:false
2224 silly fetch manifest protobufjs@^7.4.0
2225 silly packumentCache full:https://registry.npmjs.org/protobufjs cache-miss
2226 http fetch GET 200 https://registry.npmjs.org/end-of-stream 120ms (cache revalidated)
2227 silly packumentCache full:https://registry.npmjs.org/end-of-stream set size:27842 disposed:false
2228 silly fetch manifest @protobufjs/path@^1.1.2
2229 silly packumentCache full:https://registry.npmjs.org/@protobufjs%2fpath cache-miss
2230 http fetch GET 200 https://registry.npmjs.org/yargs 128ms (cache revalidated)
2231 silly packumentCache full:https://registry.npmjs.org/yargs set size:743056 disposed:false
2232 silly fetch manifest @protobufjs/pool@^1.1.0
2233 silly packumentCache full:https://registry.npmjs.org/@protobufjs%2fpool cache-miss
2234 http fetch GET 200 https://registry.npmjs.org/data-uri-to-buffer 95ms (cache miss)
2235 silly packumentCache full:https://registry.npmjs.org/data-uri-to-buffer set size:undefined disposed:false
2236 silly fetch manifest @protobufjs/utf8@^1.1.0
2237 silly packumentCache full:https://registry.npmjs.org/@protobufjs%2futf8 cache-miss
2238 http cache https://registry.npmjs.org/protobufjs 63ms (cache hit)
2239 silly packumentCache full:https://registry.npmjs.org/protobufjs set size:635352 disposed:false
2240 silly fetch manifest @protobufjs/fetch@^1.1.0
2241 silly packumentCache full:https://registry.npmjs.org/@protobufjs%2ffetch cache-miss
2242 http fetch GET 200 https://registry.npmjs.org/fetch-blob 138ms (cache miss)
2243 silly packumentCache full:https://registry.npmjs.org/fetch-blob set size:undefined disposed:false
2244 silly fetch manifest @protobufjs/float@^1.0.2
2245 silly packumentCache full:https://registry.npmjs.org/@protobufjs%2ffloat cache-miss
2246 http fetch GET 200 https://registry.npmjs.org/formdata-polyfill 136ms (cache miss)
2247 silly packumentCache full:https://registry.npmjs.org/formdata-polyfill set size:undefined disposed:false
2248 silly fetch manifest @protobufjs/base64@^1.1.2
2249 silly packumentCache full:https://registry.npmjs.org/@protobufjs%2fbase64 cache-miss
2250 http fetch GET 200 https://registry.npmjs.org/@protobufjs%2fpath 125ms (cache miss)
2251 silly packumentCache full:https://registry.npmjs.org/@protobufjs%2fpath set size:undefined disposed:false
2252 silly fetch manifest @protobufjs/codegen@^2.0.4
2253 silly packumentCache full:https://registry.npmjs.org/@protobufjs%2fcodegen cache-miss
2254 http fetch GET 200 https://registry.npmjs.org/@protobufjs%2fpool 104ms (cache miss)
2255 silly packumentCache full:https://registry.npmjs.org/@protobufjs%2fpool set size:undefined disposed:false
2256 silly fetch manifest @protobufjs/inquire@^1.1.0
2257 silly packumentCache full:https://registry.npmjs.org/@protobufjs%2finquire cache-miss
2258 http fetch GET 200 https://registry.npmjs.org/@protobufjs%2futf8 93ms (cache miss)
2259 silly packumentCache full:https://registry.npmjs.org/@protobufjs%2futf8 set size:undefined disposed:false
2260 silly fetch manifest @protobufjs/aspromise@^1.1.2
2261 silly packumentCache full:https://registry.npmjs.org/@protobufjs%2faspromise cache-miss
2262 http fetch GET 200 https://registry.npmjs.org/@protobufjs%2ffetch 74ms (cache miss)
2263 silly packumentCache full:https://registry.npmjs.org/@protobufjs%2ffetch set size:undefined disposed:false
2264 silly fetch manifest @protobufjs/eventemitter@^1.1.0
2265 silly packumentCache full:https://registry.npmjs.org/@protobufjs%2feventemitter cache-miss
2266 http fetch GET 200 https://registry.npmjs.org/@protobufjs%2ffloat 72ms (cache miss)
2267 silly packumentCache full:https://registry.npmjs.org/@protobufjs%2ffloat set size:undefined disposed:false
2268 silly fetch manifest teeny-request@^10.0.0
2269 silly packumentCache full:https://registry.npmjs.org/teeny-request cache-miss
2270 http fetch GET 200 https://registry.npmjs.org/@protobufjs%2finquire 64ms (cache miss)
2271 silly packumentCache full:https://registry.npmjs.org/@protobufjs%2finquire set size:undefined disposed:false
2272 http fetch GET 200 https://registry.npmjs.org/@protobufjs%2fbase64 76ms (cache miss)
2273 silly packumentCache full:https://registry.npmjs.org/@protobufjs%2fbase64 set size:undefined disposed:false
2274 http fetch GET 200 https://registry.npmjs.org/@protobufjs%2fcodegen 72ms (cache miss)
2275 silly packumentCache full:https://registry.npmjs.org/@protobufjs%2fcodegen set size:undefined disposed:false
2276 http fetch GET 200 https://registry.npmjs.org/@protobufjs%2faspromise 82ms (cache miss)
2277 silly packumentCache full:https://registry.npmjs.org/@protobufjs%2faspromise set size:undefined disposed:false
2278 http fetch GET 200 https://registry.npmjs.org/@protobufjs%2feventemitter 75ms (cache miss)
2279 silly packumentCache full:https://registry.npmjs.org/@protobufjs%2feventemitter set size:undefined disposed:false
2280 http fetch GET 200 https://registry.npmjs.org/teeny-request 61ms (cache miss)
2281 silly packumentCache full:https://registry.npmjs.org/teeny-request set size:undefined disposed:false
2282 silly placeDep node_modules/firebase-tools @js-sdsl/ordered-map@4.4.2 OK for: @grpc/grpc-js@1.14.3 want: ^4.4.2
2283 silly placeDep node_modules/firebase-tools lodash.camelcase@4.3.0 OK for: @grpc/proto-loader@0.8.0 want: ^4.3.0
2284 silly placeDep node_modules/firebase-tools long@5.3.2 OK for: @grpc/proto-loader@0.8.0 want: ^5.0.0
2285 silly placeDep node_modules/firebase-tools yargs@17.7.2 OK for: @grpc/proto-loader@0.8.0 want: ^17.7.2
2286 silly fetch manifest y18n@^5.0.5
2287 silly packumentCache full:https://registry.npmjs.org/y18n cache-miss
2288 silly fetch manifest cliui@^8.0.1
2289 silly packumentCache full:https://registry.npmjs.org/cliui cache-miss
2290 silly fetch manifest escalade@^3.1.1
2291 silly packumentCache full:https://registry.npmjs.org/escalade cache-miss
2292 silly fetch manifest yargs-parser@^21.1.1
2293 silly packumentCache full:https://registry.npmjs.org/yargs-parser cache-miss
2294 silly fetch manifest get-caller-file@^2.0.5
2295 silly packumentCache full:https://registry.npmjs.org/get-caller-file cache-miss
2296 silly fetch manifest require-directory@^2.1.1
2297 silly packumentCache full:https://registry.npmjs.org/require-directory cache-miss
2298 http fetch GET 200 https://registry.npmjs.org/escalade 51ms (cache miss)
2299 silly packumentCache full:https://registry.npmjs.org/escalade set size:undefined disposed:false
2300 http fetch GET 200 https://registry.npmjs.org/cliui 60ms (cache revalidated)
2301 silly packumentCache full:https://registry.npmjs.org/cliui set size:69089 disposed:false
2302 http fetch GET 200 https://registry.npmjs.org/yargs-parser 76ms (cache revalidated)
2303 silly packumentCache full:https://registry.npmjs.org/yargs-parser set size:238630 disposed:false
2304 http fetch GET 200 https://registry.npmjs.org/require-directory 87ms (cache revalidated)
2305 silly packumentCache full:https://registry.npmjs.org/require-directory set size:26866 disposed:false
2306 http fetch GET 200 https://registry.npmjs.org/get-caller-file 92ms (cache revalidated)
2307 silly packumentCache full:https://registry.npmjs.org/get-caller-file set size:26456 disposed:false
2308 http fetch GET 200 https://registry.npmjs.org/y18n 102ms (cache revalidated)
2309 silly packumentCache full:https://registry.npmjs.org/y18n set size:76155 disposed:false
2310 silly placeDep node_modules/firebase-tools end-of-stream@1.4.5 OK for: duplexify@4.1.3 want: ^1.4.1
2311 silly placeDep node_modules/firebase-tools inherits@2.0.4 OK for: duplexify@4.1.3 want: ^2.0.3
2312 silly placeDep node_modules/firebase-tools/node_modules/duplexify readable-stream@3.6.2 OK for: duplexify@4.1.3 want: ^3.1.1
2313 silly placeDep node_modules/firebase-tools stream-shift@1.0.3 OK for: duplexify@4.1.3 want: ^1.0.2
2314 silly fetch manifest string_decoder@^1.1.1
2315 silly packumentCache full:https://registry.npmjs.org/string_decoder cache-hit
2316 silly fetch manifest util-deprecate@^1.0.1
2317 silly packumentCache full:https://registry.npmjs.org/util-deprecate cache-miss
2318 http fetch GET 200 https://registry.npmjs.org/util-deprecate 58ms (cache revalidated)
2319 silly packumentCache full:https://registry.npmjs.org/util-deprecate set size:6674 disposed:false
2320 silly placeDep node_modules/firebase-tools once@1.4.0 OK for: end-of-stream@1.4.5 want: ^1.4.0
2321 silly fetch manifest wrappy@1
2322 silly packumentCache full:https://registry.npmjs.org/wrappy cache-miss
2323 http fetch GET 200 https://registry.npmjs.org/wrappy 61ms (cache revalidated)
2324 silly packumentCache full:https://registry.npmjs.org/wrappy set size:7682 disposed:false
2325 silly placeDep node_modules/firebase-tools/node_modules/googleapis-common gaxios@7.1.3 OK for: googleapis-common@8.0.1 want: ^7.0.0-rc.4
2326 silly placeDep node_modules/firebase-tools/node_modules/googleapis-common google-auth-library@10.5.0 OK for: googleapis-common@8.0.1 want: ^10.1.0
2327 silly placeDep node_modules/firebase-tools url-template@2.0.8 OK for: googleapis-common@8.0.1 want: ^2.0.8
2328 silly placeDep node_modules/firebase-tools toidentifier@1.0.1 OK for: http-errors@2.0.1 want: ~1.0.1
2329 silly placeDep node_modules/firebase-tools agent-base@7.1.4 OK for: https-proxy-agent@7.0.6 want: ^7.1.2
2330 silly placeDep node_modules/firebase-tools/node_modules/https-proxy-agent debug@4.4.3 OK for: https-proxy-agent@7.0.6 want: 4
2331 silly fetch manifest ms@^2.1.3
2332 silly packumentCache full:https://registry.npmjs.org/ms cache-hit
2333 silly placeDep node_modules/firebase-tools safer-buffer@2.1.2 OK for: iconv-lite@0.7.2 want: >= 2.1.2 < 3.0.0
2334 silly placeDep node_modules/firebase-tools binary-extensions@2.3.0 OK for: is-binary-path@2.1.0 want: ^2.0.0
2335 silly placeDep node_modules/firebase-tools is-extglob@2.1.1 OK for: is-glob@4.0.3 want: ^2.1.1
2336 silly placeDep node_modules/firebase-tools @isaacs/cliui@8.0.2 OK for: jackspeak@3.4.3 want: ^8.0.2
2337 silly placeDep node_modules/firebase-tools @pkgjs/parseargs@0.11.0 OK for: jackspeak@3.4.3 want: ^0.11.0
2338 silly fetch manifest wrap-ansi@^8.1.0
2339 silly packumentCache full:https://registry.npmjs.org/wrap-ansi cache-hit
2340 silly fetch manifest strip-ansi@^7.0.1
2341 silly packumentCache full:https://registry.npmjs.org/strip-ansi cache-hit
2342 silly fetch manifest string-width@^5.1.2
2343 silly packumentCache full:https://registry.npmjs.org/string-width cache-hit
2344 silly fetch manifest wrap-ansi-cjs@npm:wrap-ansi@^7.0.0
2345 silly packumentCache full:https://registry.npmjs.org/wrap-ansi cache-hit
2346 silly fetch manifest strip-ansi-cjs@npm:strip-ansi@^6.0.1
2347 silly packumentCache full:https://registry.npmjs.org/strip-ansi cache-hit
2348 silly fetch manifest string-width-cjs@npm:string-width@^4.2.0
2349 silly packumentCache full:https://registry.npmjs.org/string-width cache-hit
2350 silly placeDep node_modules/firebase-tools/node_modules/@isaacs/cliui string-width@5.1.2 OK for: @isaacs/cliui@8.0.2 want: ^5.1.2
2351 silly placeDep node_modules/firebase-tools string-width-cjs@4.2.3 OK for: @isaacs/cliui@8.0.2 want: npm:string-width@^4.2.0
2352 silly placeDep node_modules/firebase-tools strip-ansi@7.1.2 OK for: @isaacs/cliui@8.0.2 want: ^7.0.1
2353 silly placeDep node_modules/firebase-tools strip-ansi-cjs@6.0.1 OK for: @isaacs/cliui@8.0.2 want: npm:strip-ansi@^6.0.1
2354 silly placeDep node_modules/firebase-tools/node_modules/@isaacs/cliui wrap-ansi@8.1.0 OK for: @isaacs/cliui@8.0.2 want: ^8.1.0
2355 silly placeDep node_modules/firebase-tools wrap-ansi-cjs@7.0.0 OK for: @isaacs/cliui@8.0.2 want: npm:wrap-ansi@^7.0.0
2356 silly fetch manifest emoji-regex@^9.2.2
2357 silly packumentCache full:https://registry.npmjs.org/emoji-regex cache-hit
2358 silly fetch manifest eastasianwidth@^0.2.0
2359 silly packumentCache full:https://registry.npmjs.org/eastasianwidth cache-miss
2360 silly fetch manifest ansi-regex@^6.0.1
2361 silly packumentCache full:https://registry.npmjs.org/ansi-regex cache-hit
2362 silly fetch manifest ansi-regex@^5.0.1
2363 silly packumentCache full:https://registry.npmjs.org/ansi-regex cache-hit
2364 silly fetch manifest ansi-styles@^6.1.0
2365 silly packumentCache full:https://registry.npmjs.org/ansi-styles cache-hit
2366 http fetch GET 200 https://registry.npmjs.org/eastasianwidth 55ms (cache miss)
2367 silly packumentCache full:https://registry.npmjs.org/eastasianwidth set size:undefined disposed:false
2368 silly placeDep node_modules/firebase-tools argparse@1.0.10 OK for: js-yaml@3.14.2 want: ^1.0.7
2369 silly placeDep node_modules/firebase-tools esprima@4.0.1 OK for: js-yaml@3.14.2 want: ^4.0.0
2370 silly fetch manifest sprintf-js@~1.0.2
2371 silly packumentCache full:https://registry.npmjs.org/sprintf-js cache-miss
2372 http fetch GET 200 https://registry.npmjs.org/sprintf-js 45ms (cache miss)
2373 silly packumentCache full:https://registry.npmjs.org/sprintf-js set size:undefined disposed:false
2374 silly placeDep node_modules/firebase-tools sprintf-js@1.0.3 OK for: argparse@1.0.10 want: ~1.0.2
2375 silly placeDep node_modules/firebase-tools bignumber.js@9.3.1 OK for: json-bigint@1.0.0 want: ^9.0.0
2376 silly placeDep node_modules/firebase-tools jju@1.4.0 OK for: json-parse-helpfulerror@1.0.3 want: ^1.1.0
2377 silly placeDep node_modules/firebase-tools lodash.includes@4.3.0 OK for: jsonwebtoken@9.0.3 want: ^4.3.0
2378 silly placeDep node_modules/firebase-tools lodash.isboolean@3.0.3 OK for: jsonwebtoken@9.0.3 want: ^3.0.3
2379 silly placeDep node_modules/firebase-tools lodash.isinteger@4.0.4 OK for: jsonwebtoken@9.0.3 want: ^4.0.4
2380 silly placeDep node_modules/firebase-tools lodash.isnumber@3.0.3 OK for: jsonwebtoken@9.0.3 want: ^3.0.3
2381 silly placeDep node_modules/firebase-tools lodash.isplainobject@4.0.6 OK for: jsonwebtoken@9.0.3 want: ^4.0.6
2382 silly placeDep node_modules/firebase-tools lodash.isstring@4.0.1 OK for: jsonwebtoken@9.0.3 want: ^4.0.1
2383 silly placeDep node_modules/firebase-tools lodash.once@4.1.1 OK for: jsonwebtoken@9.0.3 want: ^4.0.0
2384 silly placeDep node_modules/firebase-tools/node_modules/jsonwebtoken ms@2.1.3 OK for: jsonwebtoken@9.0.3 want: ^2.1.1
2385 silly placeDep node_modules/firebase-tools jwa@2.0.1 OK for: jws@4.0.1 want: ^2.0.1
2386 silly fetch manifest buffer-equal-constant-time@^1.0.1
2387 silly packumentCache full:https://registry.npmjs.org/buffer-equal-constant-time cache-miss
2388 http fetch GET 200 https://registry.npmjs.org/buffer-equal-constant-time 61ms (cache miss)
2389 silly packumentCache full:https://registry.npmjs.org/buffer-equal-constant-time set size:undefined disposed:false
2390 silly placeDep node_modules/firebase-tools buffer-equal-constant-time@1.0.1 OK for: jwa@2.0.1 want: ^1.0.1
2391 silly placeDep node_modules/firebase-tools/node_modules/lazystream readable-stream@2.3.8 OK for: lazystream@1.0.1 want: ^2.0.5
2392 silly fetch manifest isarray@~1.0.0
2393 silly packumentCache full:https://registry.npmjs.org/isarray cache-miss
2394 silly fetch manifest safe-buffer@~5.1.1
2395 silly packumentCache full:https://registry.npmjs.org/safe-buffer cache-hit
2396 silly fetch manifest core-util-is@~1.0.0
2397 silly packumentCache full:https://registry.npmjs.org/core-util-is cache-miss
2398 silly fetch manifest string_decoder@~1.1.1
2399 silly packumentCache full:https://registry.npmjs.org/string_decoder cache-hit
2400 silly fetch manifest util-deprecate@~1.0.1
2401 silly packumentCache full:https://registry.npmjs.org/util-deprecate cache-hit
2402 silly fetch manifest process-nextick-args@~2.0.0
2403 silly packumentCache full:https://registry.npmjs.org/process-nextick-args cache-miss
2404 http fetch GET 200 https://registry.npmjs.org/isarray 72ms (cache revalidated)
2405 silly packumentCache full:https://registry.npmjs.org/isarray set size:17392 disposed:false
2406 http fetch GET 200 https://registry.npmjs.org/core-util-is 77ms (cache revalidated)
2407 silly packumentCache full:https://registry.npmjs.org/core-util-is set size:7163 disposed:false
2408 http fetch GET 200 https://registry.npmjs.org/process-nextick-args 88ms (cache revalidated)
2409 silly packumentCache full:https://registry.npmjs.org/process-nextick-args set size:15428 disposed:false
2410 silly placeDep node_modules/firebase-tools libsodium@0.7.16 OK for: libsodium-wrappers@0.7.16 want: ^0.7.16
2411 silly placeDep node_modules/firebase-tools is-number@2.1.0 OK for: lsofi@1.0.0 want: ^2.1.0
2412 silly placeDep node_modules/firebase-tools through2@2.0.5 OK for: lsofi@1.0.0 want: ^2.0.1
2413 silly fetch manifest kind-of@^3.0.2
2414 silly packumentCache full:https://registry.npmjs.org/kind-of cache-miss
2415 silly fetch manifest readable-stream@~2.3.6
2416 silly packumentCache full:https://registry.npmjs.org/readable-stream cache-hit
2417 silly fetch manifest xtend@~4.0.1
2418 silly packumentCache full:https://registry.npmjs.org/xtend cache-miss
2419 http fetch GET 200 https://registry.npmjs.org/xtend 57ms (cache revalidated)
2420 silly packumentCache full:https://registry.npmjs.org/xtend set size:28314 disposed:false
2421 http fetch GET 200 https://registry.npmjs.org/kind-of 66ms (cache miss)
2422 silly packumentCache full:https://registry.npmjs.org/kind-of set size:undefined disposed:false
2423 silly placeDep node_modules/firebase-tools kind-of@3.2.2 OK for: is-number@2.1.0 want: ^3.0.2
2424 silly fetch manifest is-buffer@^1.1.5
2425 silly packumentCache full:https://registry.npmjs.org/is-buffer cache-miss
2426 http fetch GET 200 https://registry.npmjs.org/is-buffer 67ms (cache revalidated)
2427 silly packumentCache full:https://registry.npmjs.org/is-buffer set size:34803 disposed:false
2428 silly placeDep node_modules/firebase-tools is-buffer@1.1.6 OK for: kind-of@3.2.2 want: ^1.1.5
2429 silly placeDep node_modules/firebase-tools/node_modules/make-dir semver@6.3.1 OK for: make-dir@3.1.0 want: ^6.0.0
2430 silly placeDep node_modules/firebase-tools ansi-escapes@7.3.0 OK for: marked-terminal@7.3.0 want: ^7.0.0
2431 silly placeDep node_modules/firebase-tools ansi-regex@6.2.2 OK for: marked-terminal@7.3.0 want: ^6.1.0
2432 silly placeDep node_modules/firebase-tools chalk@5.6.2 OK for: marked-terminal@7.3.0 want: ^5.4.1
2433 silly placeDep node_modules/firebase-tools cli-highlight@2.1.11 OK for: marked-terminal@7.3.0 want: ^2.1.11
2434 silly placeDep node_modules/firebase-tools node-emoji@2.2.0 OK for: marked-terminal@7.3.0 want: ^2.2.0
2435 silly placeDep node_modules/firebase-tools supports-hyperlinks@3.2.0 OK for: marked-terminal@7.3.0 want: ^3.1.0
2436 silly fetch manifest environment@^1.0.0
2437 silly packumentCache full:https://registry.npmjs.org/environment cache-miss
2438 silly fetch manifest chalk@^4.0.0
2439 silly packumentCache full:https://registry.npmjs.org/chalk cache-hit
2440 silly fetch manifest highlight.js@^10.7.1
2441 silly packumentCache full:https://registry.npmjs.org/highlight.js cache-miss
2442 silly fetch manifest mz@^2.4.0
2443 silly packumentCache full:https://registry.npmjs.org/mz cache-miss
2444 silly fetch manifest parse5@^5.1.1
2445 silly packumentCache full:https://registry.npmjs.org/parse5 cache-miss
2446 silly fetch manifest parse5-htmlparser2-tree-adapter@^6.0.0
2447 silly packumentCache full:https://registry.npmjs.org/parse5-htmlparser2-tree-adapter cache-miss
2448 silly fetch manifest yargs@^16.0.0
2449 silly packumentCache full:https://registry.npmjs.org/yargs cache-hit
2450 silly fetch manifest @sindresorhus/is@^4.6.0
2451 silly packumentCache full:https://registry.npmjs.org/@sindresorhus%2fis cache-miss
2452 http fetch GET 200 https://registry.npmjs.org/environment 95ms (cache miss)
2453 silly packumentCache full:https://registry.npmjs.org/environment set size:undefined disposed:false
2454 silly fetch manifest char-regex@^1.0.2
2455 silly packumentCache full:https://registry.npmjs.org/char-regex cache-miss
2456 http fetch GET 200 https://registry.npmjs.org/parse5-htmlparser2-tree-adapter 96ms (cache miss)
2457 silly packumentCache full:https://registry.npmjs.org/parse5-htmlparser2-tree-adapter set size:undefined disposed:false
2458 silly fetch manifest emojilib@^2.4.0
2459 silly packumentCache full:https://registry.npmjs.org/emojilib cache-miss
2460 http fetch GET 200 https://registry.npmjs.org/mz 107ms (cache miss)
2461 silly packumentCache full:https://registry.npmjs.org/mz set size:undefined disposed:false
2462 silly fetch manifest skin-tone@^2.0.0
2463 silly packumentCache full:https://registry.npmjs.org/skin-tone cache-miss
2464 http fetch GET 200 https://registry.npmjs.org/parse5 118ms (cache miss)
2465 silly packumentCache full:https://registry.npmjs.org/parse5 set size:undefined disposed:false
2466 silly fetch manifest has-flag@^4.0.0
2467 silly packumentCache full:https://registry.npmjs.org/has-flag cache-miss
2468 http fetch GET 200 https://registry.npmjs.org/@sindresorhus%2fis 128ms (cache miss)
2469 silly packumentCache full:https://registry.npmjs.org/@sindresorhus%2fis set size:undefined disposed:false
2470 silly fetch manifest supports-color@^7.0.0
2471 silly packumentCache full:https://registry.npmjs.org/supports-color cache-miss
2472 http fetch GET 200 https://registry.npmjs.org/char-regex 74ms (cache miss)
2473 silly packumentCache full:https://registry.npmjs.org/char-regex set size:undefined disposed:false
2474 http fetch GET 200 https://registry.npmjs.org/skin-tone 66ms (cache miss)
2475 silly packumentCache full:https://registry.npmjs.org/skin-tone set size:undefined disposed:false
2476 http fetch GET 200 https://registry.npmjs.org/emojilib 87ms (cache miss)
2477 silly packumentCache full:https://registry.npmjs.org/emojilib set size:undefined disposed:false
2478 http fetch GET 200 https://registry.npmjs.org/has-flag 66ms (cache miss)
2479 silly packumentCache full:https://registry.npmjs.org/has-flag set size:undefined disposed:false
2480 http fetch GET 200 https://registry.npmjs.org/supports-color 58ms (cache miss)
2481 silly packumentCache full:https://registry.npmjs.org/supports-color set size:undefined disposed:false
2482 http fetch GET 200 https://registry.npmjs.org/highlight.js 225ms (cache miss)
2483 silly packumentCache full:https://registry.npmjs.org/highlight.js set size:undefined disposed:false
2484 silly placeDep node_modules/firebase-tools environment@1.1.0 OK for: ansi-escapes@7.3.0 want: ^1.0.0
2485 silly placeDep node_modules/firebase-tools/node_modules/cli-highlight chalk@4.1.2 OK for: cli-highlight@2.1.11 want: ^4.0.0
2486 silly placeDep node_modules/firebase-tools highlight.js@10.7.3 OK for: cli-highlight@2.1.11 want: ^10.7.1
2487 silly placeDep node_modules/firebase-tools mz@2.7.0 OK for: cli-highlight@2.1.11 want: ^2.4.0
2488 silly placeDep node_modules/firebase-tools parse5@5.1.1 OK for: cli-highlight@2.1.11 want: ^5.1.1
2489 silly placeDep node_modules/firebase-tools parse5-htmlparser2-tree-adapter@6.0.1 OK for: cli-highlight@2.1.11 want: ^6.0.0
2490 silly placeDep node_modules/firebase-tools/node_modules/cli-highlight yargs@16.2.0 OK for: cli-highlight@2.1.11 want: ^16.0.0
2491 silly fetch manifest ansi-styles@^4.1.0
2492 silly packumentCache full:https://registry.npmjs.org/ansi-styles cache-hit
2493 silly fetch manifest supports-color@^7.1.0
2494 silly packumentCache full:https://registry.npmjs.org/supports-color cache-miss
2495 silly fetch manifest any-promise@^1.0.0
2496 silly packumentCache full:https://registry.npmjs.org/any-promise cache-miss
2497 silly fetch manifest thenify-all@^1.0.0
2498 silly packumentCache full:https://registry.npmjs.org/thenify-all cache-miss
2499 silly fetch manifest parse5@^6.0.1
2500 silly packumentCache full:https://registry.npmjs.org/parse5 cache-miss
2501 silly fetch manifest cliui@^7.0.2
2502 silly packumentCache full:https://registry.npmjs.org/cliui cache-hit
2503 silly fetch manifest yargs-parser@^20.2.2
2504 silly packumentCache full:https://registry.npmjs.org/yargs-parser cache-hit
2505 http cache https://registry.npmjs.org/parse5 13ms (cache hit)
2506 silly packumentCache full:https://registry.npmjs.org/parse5 set size:120809 disposed:false
2507 http cache https://registry.npmjs.org/supports-color 20ms (cache hit)
2508 silly packumentCache full:https://registry.npmjs.org/supports-color set size:118680 disposed:false
2509 http fetch GET 200 https://registry.npmjs.org/thenify-all 49ms (cache miss)
2510 silly packumentCache full:https://registry.npmjs.org/thenify-all set size:undefined disposed:false
2511 http fetch GET 200 https://registry.npmjs.org/any-promise 61ms (cache miss)
2512 silly packumentCache full:https://registry.npmjs.org/any-promise set size:undefined disposed:false
2513 silly placeDep node_modules/firebase-tools mime-db@1.52.0 OK for: mime-types@2.1.35 want: 1.52.0
2514 silly placeDep node_modules/firebase-tools brace-expansion@1.1.12 OK for: minimatch@3.1.2 want: ^1.1.7
2515 silly fetch manifest balanced-match@^1.0.0
2516 silly packumentCache full:https://registry.npmjs.org/balanced-match cache-miss
2517 silly fetch manifest concat-map@0.0.1
2518 silly packumentCache full:https://registry.npmjs.org/concat-map cache-miss
2519 http fetch GET 200 https://registry.npmjs.org/balanced-match 89ms (cache revalidated)
2520 silly packumentCache full:https://registry.npmjs.org/balanced-match set size:33860 disposed:false
2521 http fetch GET 200 https://registry.npmjs.org/concat-map 116ms (cache revalidated)
2522 silly packumentCache full:https://registry.npmjs.org/concat-map set size:9290 disposed:false
2523 silly placeDep node_modules/firebase-tools balanced-match@1.0.2 OK for: brace-expansion@1.1.12 want: ^1.0.0
2524 silly placeDep node_modules/firebase-tools concat-map@0.0.1 OK for: brace-expansion@1.1.12 want: 0.0.1
2525 silly placeDep node_modules/firebase-tools basic-auth@2.0.1 OK for: morgan@1.10.1 want: ~2.0.1
2526 silly placeDep node_modules/firebase-tools/node_modules/morgan on-finished@2.3.0 OK for: morgan@1.10.1 want: ~2.3.0
2527 silly placeDep node_modules/firebase-tools on-headers@1.1.0 OK for: morgan@1.10.1 want: ~1.1.0
2528 silly fetch manifest safe-buffer@5.1.2
2529 silly packumentCache full:https://registry.npmjs.org/safe-buffer cache-hit
2530 silly placeDep node_modules/firebase-tools/node_modules/basic-auth safe-buffer@5.1.2 OK for: basic-auth@2.0.1 want: 5.1.2
2531 silly placeDep node_modules/firebase-tools any-promise@1.3.0 OK for: mz@2.7.0 want: ^1.0.0
2532 silly placeDep node_modules/firebase-tools thenify-all@1.6.0 OK for: mz@2.7.0 want: ^1.0.0
2533 silly fetch manifest thenify@>= 3.1.0 < 4
2534 silly packumentCache full:https://registry.npmjs.org/thenify cache-miss
2535 http fetch GET 200 https://registry.npmjs.org/thenify 54ms (cache miss)
2536 silly packumentCache full:https://registry.npmjs.org/thenify set size:undefined disposed:false
2537 silly placeDep node_modules/firebase-tools @sindresorhus/is@4.6.0 OK for: node-emoji@2.2.0 want: ^4.6.0
2538 silly placeDep node_modules/firebase-tools char-regex@1.0.2 OK for: node-emoji@2.2.0 want: ^1.0.2
2539 silly placeDep node_modules/firebase-tools emojilib@2.4.0 OK for: node-emoji@2.2.0 want: ^2.4.0
2540 silly placeDep node_modules/firebase-tools skin-tone@2.0.0 OK for: node-emoji@2.2.0 want: ^2.0.0
2541 silly fetch manifest unicode-emoji-modifier-base@^1.0.0
2542 silly packumentCache full:https://registry.npmjs.org/unicode-emoji-modifier-base cache-miss
2543 http fetch GET 200 https://registry.npmjs.org/unicode-emoji-modifier-base 57ms (cache miss)
2544 silly packumentCache full:https://registry.npmjs.org/unicode-emoji-modifier-base set size:undefined disposed:false
2545 silly placeDep node_modules/firebase-tools whatwg-url@5.0.0 OK for: node-fetch@2.7.0 want: ^5.0.0
2546 silly fetch manifest tr46@~0.0.3
2547 silly packumentCache full:https://registry.npmjs.org/tr46 cache-miss
2548 silly fetch manifest webidl-conversions@^3.0.0
2549 silly packumentCache full:https://registry.npmjs.org/webidl-conversions cache-miss
2550 http fetch GET 200 https://registry.npmjs.org/tr46 59ms (cache revalidated)
2551 silly packumentCache full:https://registry.npmjs.org/tr46 set size:47377 disposed:false
2552 http fetch GET 200 https://registry.npmjs.org/webidl-conversions 69ms (cache revalidated)
2553 silly packumentCache full:https://registry.npmjs.org/webidl-conversions set size:46073 disposed:false
2554 silly placeDep node_modules/firebase-tools npm-install-checks@6.3.0 OK for: npm-pick-manifest@9.1.0 want: ^6.0.0
2555 silly placeDep node_modules/firebase-tools npm-normalize-package-bin@3.0.1 OK for: npm-pick-manifest@9.1.0 want: ^3.0.0
2556 silly placeDep node_modules/firebase-tools npm-package-arg@11.0.3 OK for: npm-pick-manifest@9.1.0 want: ^11.0.0
2557 silly fetch manifest proc-log@^4.0.0
2558 silly packumentCache full:https://registry.npmjs.org/proc-log cache-miss
2559 silly fetch manifest hosted-git-info@^7.0.0
2560 silly packumentCache full:https://registry.npmjs.org/hosted-git-info cache-miss
2561 silly fetch manifest validate-npm-package-name@^5.0.0
2562 silly packumentCache full:https://registry.npmjs.org/validate-npm-package-name cache-miss
2563 http fetch GET 200 https://registry.npmjs.org/validate-npm-package-name 76ms (cache miss)
2564 silly packumentCache full:https://registry.npmjs.org/validate-npm-package-name set size:undefined disposed:false
2565 http fetch GET 200 https://registry.npmjs.org/proc-log 90ms (cache miss)
2566 silly packumentCache full:https://registry.npmjs.org/proc-log set size:undefined disposed:false
2567 http fetch GET 200 https://registry.npmjs.org/hosted-git-info 104ms (cache miss)
2568 silly packumentCache full:https://registry.npmjs.org/hosted-git-info set size:undefined disposed:false
2569 silly placeDep node_modules/firebase-tools hosted-git-info@7.0.2 OK for: npm-package-arg@11.0.3 want: ^7.0.0
2570 silly placeDep node_modules/firebase-tools proc-log@4.2.0 OK for: npm-package-arg@11.0.3 want: ^4.0.0
2571 silly placeDep node_modules/firebase-tools validate-npm-package-name@5.0.1 OK for: npm-package-arg@11.0.3 want: ^5.0.0
2572 silly fetch manifest lru-cache@^10.0.1
2573 silly packumentCache full:https://registry.npmjs.org/lru-cache cache-hit
2574 silly placeDep node_modules/firebase-tools lru-cache@10.4.3 OK for: hosted-git-info@7.0.2 want: ^10.0.1
2575 silly placeDep node_modules/firebase-tools ee-first@1.1.1 OK for: on-finished@2.4.1 want: 1.1.1
2576 silly placeDep node_modules/firebase-tools wrappy@1.0.2 OK for: once@1.4.0 want: 1
2577 silly placeDep node_modules/firebase-tools is-wsl@1.1.0 OK for: open@6.4.0 want: ^1.1.0
2578 silly placeDep node_modules/firebase-tools bl@4.1.0 OK for: ora@5.4.1 want: ^4.1.0
2579 silly placeDep node_modules/firebase-tools/node_modules/ora chalk@4.1.2 OK for: ora@5.4.1 want: ^4.1.0
2580 silly placeDep node_modules/firebase-tools cli-cursor@3.1.0 OK for: ora@5.4.1 want: ^3.1.0
2581 silly placeDep node_modules/firebase-tools cli-spinners@2.9.2 OK for: ora@5.4.1 want: ^2.5.0
2582 silly placeDep node_modules/firebase-tools is-interactive@1.0.0 OK for: ora@5.4.1 want: ^1.0.0
2583 silly placeDep node_modules/firebase-tools is-unicode-supported@0.1.0 OK for: ora@5.4.1 want: ^0.1.0
2584 silly placeDep node_modules/firebase-tools log-symbols@4.1.0 OK for: ora@5.4.1 want: ^4.1.0
2585 silly placeDep node_modules/firebase-tools/node_modules/ora strip-ansi@6.0.1 OK for: ora@5.4.1 want: ^6.0.0
2586 silly placeDep node_modules/firebase-tools wcwidth@1.0.1 OK for: ora@5.4.1 want: ^1.0.1
2587 silly fetch manifest buffer@^5.5.0
2588 silly packumentCache full:https://registry.npmjs.org/buffer cache-hit
2589 silly fetch manifest restore-cursor@^3.1.0
2590 silly packumentCache full:https://registry.npmjs.org/restore-cursor cache-miss
2591 silly fetch manifest defaults@^1.0.3
2592 silly packumentCache full:https://registry.npmjs.org/defaults cache-miss
2593 http fetch GET 200 https://registry.npmjs.org/defaults 47ms (cache miss)
2594 silly packumentCache full:https://registry.npmjs.org/defaults set size:undefined disposed:false
2595 http fetch GET 200 https://registry.npmjs.org/restore-cursor 65ms (cache revalidated)
2596 silly packumentCache full:https://registry.npmjs.org/restore-cursor set size:17895 disposed:false
2597 silly placeDep node_modules/firebase-tools buffer@5.7.1 OK for: bl@4.1.0 want: ^5.5.0
2598 silly placeDep node_modules/firebase-tools/node_modules/bl readable-stream@3.6.2 OK for: bl@4.1.0 want: ^3.4.0
2599 silly fetch manifest ieee754@^1.1.13
2600 silly packumentCache full:https://registry.npmjs.org/ieee754 cache-miss
2601 http fetch GET 200 https://registry.npmjs.org/ieee754 69ms (cache revalidated)
2602 silly packumentCache full:https://registry.npmjs.org/ieee754 set size:34910 disposed:false
2603 silly placeDep node_modules/firebase-tools ieee754@1.2.1 OK for: buffer@5.7.1 want: ^1.1.13
2604 silly placeDep node_modules/firebase-tools restore-cursor@3.1.0 OK for: cli-cursor@3.1.0 want: ^3.1.0
2605 silly fetch manifest onetime@^5.1.0
2606 silly packumentCache full:https://registry.npmjs.org/onetime cache-miss
2607 http fetch GET 200 https://registry.npmjs.org/onetime 91ms (cache revalidated)
2608 silly packumentCache full:https://registry.npmjs.org/onetime set size:32314 disposed:false
2609 silly placeDep node_modules/firebase-tools/node_modules/log-symbols chalk@4.1.2 OK for: log-symbols@4.1.0 want: ^4.1.0
2610 silly placeDep node_modules/firebase-tools yocto-queue@0.1.0 OK for: p-limit@3.1.0 want: ^0.1.0
2611 silly placeDep node_modules/firebase-tools/node_modules/parse5-htmlparser2-tree-adapter parse5@6.0.1 OK for: parse5-htmlparser2-tree-adapter@6.0.1 want: ^6.0.1
2612 silly fetch manifest pg@>=8.0
2613 silly packumentCache full:https://registry.npmjs.org/pg cache-hit
2614 silly placeDep node_modules/firebase-tools pg-cloudflare@1.3.0 OK for: pg@8.18.0 want: ^1.3.0
2615 silly placeDep node_modules/firebase-tools pg-connection-string@2.11.0 OK for: pg@8.18.0 want: ^2.11.0
2616 silly placeDep node_modules/firebase-tools pg-pool@3.11.0 OK for: pg@8.18.0 want: ^3.11.0
2617 silly placeDep node_modules/firebase-tools pg-protocol@1.11.0 OK for: pg@8.18.0 want: ^1.11.0
2618 silly placeDep node_modules/firebase-tools pg-types@2.2.0 OK for: pg@8.18.0 want: 2.2.0
2619 silly placeDep node_modules/firebase-tools pgpass@1.0.5 OK for: pg@8.18.0 want: 1.0.5
2620 silly fetch manifest pg-int8@1.0.1
2621 silly packumentCache full:https://registry.npmjs.org/pg-int8 cache-miss
2622 silly fetch manifest postgres-date@~1.0.4
2623 silly packumentCache full:https://registry.npmjs.org/postgres-date cache-miss
2624 silly fetch manifest postgres-array@~2.0.0
2625 silly packumentCache full:https://registry.npmjs.org/postgres-array cache-miss
2626 silly fetch manifest postgres-bytea@~1.0.0
2627 silly packumentCache full:https://registry.npmjs.org/postgres-bytea cache-miss
2628 silly fetch manifest postgres-interval@^1.1.0
2629 silly packumentCache full:https://registry.npmjs.org/postgres-interval cache-miss
2630 silly fetch manifest split2@^4.1.0
2631 silly packumentCache full:https://registry.npmjs.org/split2 cache-miss
2632 http fetch GET 200 https://registry.npmjs.org/postgres-bytea 107ms (cache miss)
2633 silly packumentCache full:https://registry.npmjs.org/postgres-bytea set size:undefined disposed:false
2634 http fetch GET 200 https://registry.npmjs.org/pg-int8 125ms (cache miss)
2635 silly packumentCache full:https://registry.npmjs.org/pg-int8 set size:undefined disposed:false
2636 http fetch GET 200 https://registry.npmjs.org/postgres-array 126ms (cache miss)
2637 silly packumentCache full:https://registry.npmjs.org/postgres-array set size:undefined disposed:false
2638 http fetch GET 200 https://registry.npmjs.org/postgres-interval 129ms (cache miss)
2639 silly packumentCache full:https://registry.npmjs.org/postgres-interval set size:undefined disposed:false
2640 http fetch GET 200 https://registry.npmjs.org/split2 152ms (cache revalidated)
2641 silly packumentCache full:https://registry.npmjs.org/split2 set size:47438 disposed:false
2642 http fetch GET 200 https://registry.npmjs.org/postgres-date 171ms (cache miss)
2643 silly packumentCache full:https://registry.npmjs.org/postgres-date set size:undefined disposed:false
2644 silly placeDep node_modules/firebase-tools pg-int8@1.0.1 OK for: pg-types@2.2.0 want: 1.0.1
2645 silly placeDep node_modules/firebase-tools postgres-array@2.0.0 OK for: pg-types@2.2.0 want: ~2.0.0
2646 silly placeDep node_modules/firebase-tools postgres-bytea@1.0.1 OK for: pg-types@2.2.0 want: ~1.0.0
2647 silly placeDep node_modules/firebase-tools postgres-date@1.0.7 OK for: pg-types@2.2.0 want: ~1.0.4
2648 silly placeDep node_modules/firebase-tools postgres-interval@1.2.0 OK for: pg-types@2.2.0 want: ^1.1.0
2649 silly fetch manifest xtend@^4.0.0
2650 silly packumentCache full:https://registry.npmjs.org/xtend cache-hit
2651 silly placeDep node_modules/firebase-tools split2@4.2.0 OK for: pgpass@1.0.5 want: ^4.1.0
2652 silly placeDep node_modules/firebase-tools/node_modules/portfinder debug@4.4.3 OK for: portfinder@1.0.38 want: ^4.3.6
2653 silly placeDep node_modules/firebase-tools xtend@4.0.2 OK for: postgres-interval@1.2.0 want: ^4.0.0
2654 silly placeDep node_modules/firebase-tools @protobufjs/aspromise@1.1.2 OK for: protobufjs@7.5.4 want: ^1.1.2
2655 silly placeDep node_modules/firebase-tools @protobufjs/base64@1.1.2 OK for: protobufjs@7.5.4 want: ^1.1.2
2656 silly placeDep node_modules/firebase-tools @protobufjs/codegen@2.0.4 OK for: protobufjs@7.5.4 want: ^2.0.4
2657 silly placeDep node_modules/firebase-tools @protobufjs/eventemitter@1.1.0 OK for: protobufjs@7.5.4 want: ^1.1.0
2658 silly placeDep node_modules/firebase-tools @protobufjs/fetch@1.1.0 OK for: protobufjs@7.5.4 want: ^1.1.0
2659 silly placeDep node_modules/firebase-tools @protobufjs/float@1.0.2 OK for: protobufjs@7.5.4 want: ^1.0.2
2660 silly placeDep node_modules/firebase-tools @protobufjs/inquire@1.1.0 OK for: protobufjs@7.5.4 want: ^1.1.0
2661 silly placeDep node_modules/firebase-tools @protobufjs/path@1.1.2 OK for: protobufjs@7.5.4 want: ^1.1.2
2662 silly placeDep node_modules/firebase-tools @protobufjs/pool@1.1.0 OK for: protobufjs@7.5.4 want: ^1.1.0
2663 silly placeDep node_modules/firebase-tools @protobufjs/utf8@1.1.0 OK for: protobufjs@7.5.4 want: ^1.1.0
2664 silly placeDep node_modules/firebase-tools forwarded@0.2.0 OK for: proxy-addr@2.0.7 want: 0.2.0
2665 silly placeDep node_modules/firebase-tools ipaddr.js@1.9.1 OK for: proxy-addr@2.0.7 want: 1.9.1
2666 silly placeDep node_modules/firebase-tools/node_modules/proxy-agent debug@4.4.3 OK for: proxy-agent@6.5.0 want: ^4.3.4
2667 silly placeDep node_modules/firebase-tools http-proxy-agent@7.0.2 OK for: proxy-agent@6.5.0 want: ^7.0.1
2668 silly placeDep node_modules/firebase-tools/node_modules/proxy-agent lru-cache@7.18.3 OK for: proxy-agent@6.5.0 want: ^7.14.1
2669 silly placeDep node_modules/firebase-tools pac-proxy-agent@7.2.0 OK for: proxy-agent@6.5.0 want: ^7.1.0
2670 silly placeDep node_modules/firebase-tools proxy-from-env@1.1.0 OK for: proxy-agent@6.5.0 want: ^1.1.0
2671 silly placeDep node_modules/firebase-tools socks-proxy-agent@8.0.5 OK for: proxy-agent@6.5.0 want: ^8.0.5
2672 silly fetch manifest @tootallnate/quickjs-emscripten@^0.23.0
2673 silly packumentCache full:https://registry.npmjs.org/@tootallnate%2fquickjs-emscripten cache-miss
2674 silly fetch manifest get-uri@^6.0.1
2675 silly packumentCache full:https://registry.npmjs.org/get-uri cache-miss
2676 silly fetch manifest pac-resolver@^7.0.1
2677 silly packumentCache full:https://registry.npmjs.org/pac-resolver cache-miss
2678 silly fetch manifest socks@^2.8.3
2679 silly packumentCache full:https://registry.npmjs.org/socks cache-miss
2680 http fetch GET 200 https://registry.npmjs.org/get-uri 63ms (cache miss)
2681 silly packumentCache full:https://registry.npmjs.org/get-uri set size:undefined disposed:false
2682 http fetch GET 200 https://registry.npmjs.org/@tootallnate%2fquickjs-emscripten 72ms (cache miss)
2683 silly packumentCache full:https://registry.npmjs.org/@tootallnate%2fquickjs-emscripten set size:undefined disposed:false
2684 http fetch GET 200 https://registry.npmjs.org/pac-resolver 76ms (cache miss)
2685 silly packumentCache full:https://registry.npmjs.org/pac-resolver set size:undefined disposed:false
2686 http fetch GET 200 https://registry.npmjs.org/socks 85ms (cache miss)
2687 silly packumentCache full:https://registry.npmjs.org/socks set size:undefined disposed:false
2688 silly placeDep node_modules/firebase-tools/node_modules/http-proxy-agent debug@4.4.3 OK for: http-proxy-agent@7.0.2 want: ^4.3.4
2689 silly placeDep node_modules/firebase-tools @tootallnate/quickjs-emscripten@0.23.0 OK for: pac-proxy-agent@7.2.0 want: ^0.23.0
2690 silly placeDep node_modules/firebase-tools/node_modules/pac-proxy-agent debug@4.4.3 OK for: pac-proxy-agent@7.2.0 want: ^4.3.4
2691 silly placeDep node_modules/firebase-tools get-uri@6.0.5 OK for: pac-proxy-agent@7.2.0 want: ^6.0.1
2692 silly placeDep node_modules/firebase-tools pac-resolver@7.0.1 OK for: pac-proxy-agent@7.2.0 want: ^7.0.1
2693 silly fetch manifest basic-ftp@^5.0.2
2694 silly packumentCache full:https://registry.npmjs.org/basic-ftp cache-miss
2695 silly fetch manifest data-uri-to-buffer@^6.0.2
2696 silly packumentCache full:https://registry.npmjs.org/data-uri-to-buffer cache-miss
2697 silly fetch manifest degenerator@^5.0.0
2698 silly packumentCache full:https://registry.npmjs.org/degenerator cache-miss
2699 silly fetch manifest netmask@^2.0.2
2700 silly packumentCache full:https://registry.npmjs.org/netmask cache-miss
2701 http cache https://registry.npmjs.org/data-uri-to-buffer 29ms (cache hit)
2702 silly packumentCache full:https://registry.npmjs.org/data-uri-to-buffer set size:43253 disposed:false
2703 http fetch GET 200 https://registry.npmjs.org/netmask 66ms (cache miss)
2704 silly packumentCache full:https://registry.npmjs.org/netmask set size:undefined disposed:false
2705 http fetch GET 200 https://registry.npmjs.org/degenerator 81ms (cache miss)
2706 silly packumentCache full:https://registry.npmjs.org/degenerator set size:undefined disposed:false
2707 http fetch GET 200 https://registry.npmjs.org/basic-ftp 92ms (cache miss)
2708 silly packumentCache full:https://registry.npmjs.org/basic-ftp set size:undefined disposed:false
2709 silly placeDep node_modules/firebase-tools basic-ftp@5.1.0 OK for: get-uri@6.0.5 want: ^5.0.2
2710 silly placeDep node_modules/firebase-tools data-uri-to-buffer@6.0.2 OK for: get-uri@6.0.5 want: ^6.0.2
2711 silly placeDep node_modules/firebase-tools/node_modules/get-uri debug@4.4.3 OK for: get-uri@6.0.5 want: ^4.3.4
2712 silly placeDep node_modules/firebase-tools degenerator@5.0.1 OK for: pac-resolver@7.0.1 want: ^5.0.0
2713 silly placeDep node_modules/firebase-tools netmask@2.0.2 OK for: pac-resolver@7.0.1 want: ^2.0.2
2714 silly fetch manifest ast-types@^0.13.4
2715 silly packumentCache full:https://registry.npmjs.org/ast-types cache-miss
2716 silly fetch manifest escodegen@^2.1.0
2717 silly packumentCache full:https://registry.npmjs.org/escodegen cache-miss
2718 http fetch GET 200 https://registry.npmjs.org/escodegen 69ms (cache miss)
2719 silly packumentCache full:https://registry.npmjs.org/escodegen set size:undefined disposed:false
2720 http fetch GET 200 https://registry.npmjs.org/ast-types 96ms (cache miss)
2721 silly packumentCache full:https://registry.npmjs.org/ast-types set size:undefined disposed:false
2722 silly placeDep node_modules/firebase-tools ast-types@0.13.4 OK for: degenerator@5.0.1 want: ^0.13.4
2723 silly placeDep node_modules/firebase-tools escodegen@2.1.0 OK for: degenerator@5.0.1 want: ^2.1.0
2724 silly fetch manifest tslib@^2.0.1
2725 silly packumentCache full:https://registry.npmjs.org/tslib cache-miss
2726 silly fetch manifest estraverse@^5.2.0
2727 silly packumentCache full:https://registry.npmjs.org/estraverse cache-miss
2728 silly fetch manifest esutils@^2.0.2
2729 silly packumentCache full:https://registry.npmjs.org/esutils cache-miss
2730 silly fetch manifest source-map@~0.6.1
2731 silly packumentCache full:https://registry.npmjs.org/source-map cache-miss
2732 http fetch GET 200 https://registry.npmjs.org/esutils 54ms (cache miss)
2733 silly packumentCache full:https://registry.npmjs.org/esutils set size:undefined disposed:false
2734 http fetch GET 200 https://registry.npmjs.org/estraverse 65ms (cache miss)
2735 silly packumentCache full:https://registry.npmjs.org/estraverse set size:undefined disposed:false
2736 http fetch GET 200 https://registry.npmjs.org/tslib 81ms (cache revalidated)
2737 silly packumentCache full:https://registry.npmjs.org/tslib set size:108760 disposed:false
2738 http fetch GET 200 https://registry.npmjs.org/source-map 88ms (cache revalidated)
2739 silly packumentCache full:https://registry.npmjs.org/source-map set size:226141 disposed:false
2740 silly placeDep node_modules/firebase-tools tslib@2.8.1 OK for: ast-types@0.13.4 want: ^2.0.1
2741 silly placeDep node_modules/firebase-tools estraverse@5.3.0 OK for: escodegen@2.1.0 want: ^5.2.0
2742 silly placeDep node_modules/firebase-tools esutils@2.0.3 OK for: escodegen@2.1.0 want: ^2.0.2
2743 silly placeDep node_modules/firebase-tools source-map@0.6.1 OK for: escodegen@2.1.0 want: ~0.6.1
2744 silly placeDep node_modules/firebase-tools side-channel@1.1.0 OK for: qs@6.14.1 want: ^1.1.0
2745 silly fetch manifest object-inspect@^1.13.3
2746 silly packumentCache full:https://registry.npmjs.org/object-inspect cache-miss
2747 silly fetch manifest side-channel-list@^1.0.0
2748 silly packumentCache full:https://registry.npmjs.org/side-channel-list cache-miss
2749 silly fetch manifest side-channel-map@^1.0.1
2750 silly packumentCache full:https://registry.npmjs.org/side-channel-map cache-miss
2751 silly fetch manifest side-channel-weakmap@^1.0.2
2752 silly packumentCache full:https://registry.npmjs.org/side-channel-weakmap cache-miss
2753 http fetch GET 200 https://registry.npmjs.org/side-channel-map 61ms (cache miss)
2754 silly packumentCache full:https://registry.npmjs.org/side-channel-map set size:undefined disposed:false
2755 http fetch GET 200 https://registry.npmjs.org/side-channel-list 68ms (cache miss)
2756 silly packumentCache full:https://registry.npmjs.org/side-channel-list set size:undefined disposed:false
2757 http fetch GET 200 https://registry.npmjs.org/object-inspect 76ms (cache miss)
2758 silly packumentCache full:https://registry.npmjs.org/object-inspect set size:undefined disposed:false
2759 http fetch GET 200 https://registry.npmjs.org/side-channel-weakmap 84ms (cache miss)
2760 silly packumentCache full:https://registry.npmjs.org/side-channel-weakmap set size:undefined disposed:false
2761 silly placeDep node_modules/firebase-tools/node_modules/readable-stream buffer@6.0.3 OK for: readable-stream@4.7.0 want: ^6.0.3
2762 silly placeDep node_modules/firebase-tools events@3.3.0 OK for: readable-stream@4.7.0 want: ^3.3.0
2763 silly placeDep node_modules/firebase-tools process@0.11.10 OK for: readable-stream@4.7.0 want: ^0.11.10
2764 silly placeDep node_modules/firebase-tools string_decoder@1.3.0 OK for: readable-stream@4.7.0 want: ^1.3.0
2765 silly placeDep node_modules/firebase-tools/node_modules/readdir-glob minimatch@5.1.6 OK for: readdir-glob@1.1.3 want: ^5.1.0
2766 silly placeDep node_modules/firebase-tools onetime@5.1.2 OK for: restore-cursor@3.1.0 want: ^5.1.0
2767 silly placeDep node_modules/firebase-tools/node_modules/restore-cursor signal-exit@3.0.7 OK for: restore-cursor@3.1.0 want: ^3.0.2
2768 silly fetch manifest mimic-fn@^2.1.0
2769 silly packumentCache full:https://registry.npmjs.org/mimic-fn cache-miss
2770 http fetch GET 200 https://registry.npmjs.org/mimic-fn 48ms (cache miss)
2771 silly packumentCache full:https://registry.npmjs.org/mimic-fn set size:undefined disposed:false
2772 silly placeDep node_modules/firebase-tools mimic-fn@2.1.0 OK for: onetime@5.1.2 want: ^2.1.0
2773 silly placeDep node_modules/firebase-tools teeny-request@10.1.0 OK for: retry-request@8.0.2 want: ^10.0.0
2774 silly fetch manifest http-proxy-agent@^5.0.0
2775 silly packumentCache full:https://registry.npmjs.org/http-proxy-agent cache-miss
2776 silly fetch manifest https-proxy-agent@^5.0.0
2777 silly packumentCache full:https://registry.npmjs.org/https-proxy-agent cache-hit
2778 silly fetch manifest stream-events@^1.0.5
2779 silly packumentCache full:https://registry.npmjs.org/stream-events cache-miss
2780 http cache https://registry.npmjs.org/http-proxy-agent 22ms (cache hit)
2781 silly packumentCache full:https://registry.npmjs.org/http-proxy-agent set size:50096 disposed:false
2782 http fetch GET 200 https://registry.npmjs.org/stream-events 46ms (cache miss)
2783 silly packumentCache full:https://registry.npmjs.org/stream-events set size:undefined disposed:false
2784 silly placeDep node_modules/firebase-tools/node_modules/send mime@1.6.0 OK for: send@0.19.2 want: 1.6.0
2785 silly placeDep node_modules/firebase-tools/node_modules/send ms@2.1.3 OK for: send@0.19.2 want: 2.1.3
2786 silly placeDep node_modules/firebase-tools shebang-regex@3.0.0 OK for: shebang-command@2.0.0 want: ^3.0.0
2787 silly placeDep node_modules/firebase-tools object-inspect@1.13.4 OK for: side-channel@1.1.0 want: ^1.13.3
2788 silly placeDep node_modules/firebase-tools side-channel-list@1.0.0 OK for: side-channel@1.1.0 want: ^1.0.0
2789 silly placeDep node_modules/firebase-tools side-channel-map@1.0.1 OK for: side-channel@1.1.0 want: ^1.0.1
2790 silly placeDep node_modules/firebase-tools side-channel-weakmap@1.0.2 OK for: side-channel@1.1.0 want: ^1.0.2
2791 silly fetch manifest call-bound@^1.0.2
2792 silly packumentCache full:https://registry.npmjs.org/call-bound cache-miss
2793 silly fetch manifest call-bound@^1.0.2
2794 silly packumentCache full:https://registry.npmjs.org/call-bound cache-miss
2795 http fetch GET 200 https://registry.npmjs.org/call-bound 63ms (cache revalidated)
2796 silly packumentCache full:https://registry.npmjs.org/call-bound set size:15317 disposed:false
2797 http fetch GET 200 https://registry.npmjs.org/call-bound 70ms (cache revalidated)
2798 silly packumentCache full:https://registry.npmjs.org/call-bound set size:15317 disposed:false
2799 silly packumentCache full:https://registry.npmjs.org/call-bound dispose
2800 silly placeDep node_modules/firebase-tools call-bound@1.0.4 OK for: side-channel-map@1.0.1 want: ^1.0.2
2801 silly placeDep node_modules/firebase-tools unicode-emoji-modifier-base@1.0.0 OK for: skin-tone@2.0.0 want: ^1.0.0
2802 silly placeDep node_modules/firebase-tools/node_modules/socks-proxy-agent debug@4.4.3 OK for: socks-proxy-agent@8.0.5 want: ^4.3.4
2803 silly placeDep node_modules/firebase-tools socks@2.8.7 OK for: socks-proxy-agent@8.0.5 want: ^2.8.3
2804 silly fetch manifest smart-buffer@^4.2.0
2805 silly packumentCache full:https://registry.npmjs.org/smart-buffer cache-miss
2806 http fetch GET 200 https://registry.npmjs.org/smart-buffer 59ms (cache miss)
2807 silly packumentCache full:https://registry.npmjs.org/smart-buffer set size:undefined disposed:false
2808 silly placeDep node_modules/firebase-tools smart-buffer@4.2.0 OK for: socks@2.8.7 want: ^4.2.0
2809 silly placeDep node_modules/firebase-tools/node_modules/sql-formatter argparse@2.0.1 OK for: sql-formatter@15.7.0 want: ^2.0.1
2810 silly placeDep node_modules/firebase-tools nearley@2.20.1 OK for: sql-formatter@15.7.0 want: ^2.20.1
2811 silly fetch manifest commander@^2.19.0
2812 silly packumentCache full:https://registry.npmjs.org/commander cache-hit
2813 silly fetch manifest moo@^0.5.0
2814 silly packumentCache full:https://registry.npmjs.org/moo cache-miss
2815 silly fetch manifest railroad-diagrams@^1.0.0
2816 silly packumentCache full:https://registry.npmjs.org/railroad-diagrams cache-miss
2817 silly fetch manifest randexp@0.4.6
2818 silly packumentCache full:https://registry.npmjs.org/randexp cache-miss
2819 http fetch GET 200 https://registry.npmjs.org/railroad-diagrams 70ms (cache miss)
2820 silly packumentCache full:https://registry.npmjs.org/railroad-diagrams set size:undefined disposed:false
2821 http fetch GET 200 https://registry.npmjs.org/moo 78ms (cache miss)
2822 silly packumentCache full:https://registry.npmjs.org/moo set size:undefined disposed:false
2823 http fetch GET 200 https://registry.npmjs.org/randexp 83ms (cache miss)
2824 silly packumentCache full:https://registry.npmjs.org/randexp set size:undefined disposed:false
2825 silly placeDep node_modules/firebase-tools/node_modules/nearley commander@2.20.3 OK for: nearley@2.20.1 want: ^2.19.0
2826 silly placeDep node_modules/firebase-tools moo@0.5.2 OK for: nearley@2.20.1 want: ^0.5.0
2827 silly placeDep node_modules/firebase-tools railroad-diagrams@1.0.0 OK for: nearley@2.20.1 want: ^1.0.0
2828 silly placeDep node_modules/firebase-tools randexp@0.4.6 OK for: nearley@2.20.1 want: 0.4.6
2829 silly fetch manifest discontinuous-range@1.0.0
2830 silly packumentCache full:https://registry.npmjs.org/discontinuous-range cache-miss
2831 silly fetch manifest ret@~0.1.10
2832 silly packumentCache full:https://registry.npmjs.org/ret cache-miss
2833 http fetch GET 200 https://registry.npmjs.org/ret 59ms (cache miss)
2834 silly packumentCache full:https://registry.npmjs.org/ret set size:undefined disposed:false
2835 http fetch GET 200 https://registry.npmjs.org/discontinuous-range 76ms (cache miss)
2836 silly packumentCache full:https://registry.npmjs.org/discontinuous-range set size:undefined disposed:false
2837 silly placeDep node_modules/firebase-tools discontinuous-range@1.0.0 OK for: randexp@0.4.6 want: 1.0.0
2838 silly placeDep node_modules/firebase-tools ret@0.1.15 OK for: randexp@0.4.6 want: ~0.1.10
2839 silly placeDep node_modules/firebase-tools emoji-regex@8.0.0 OK for: string-width@4.2.3 want: ^8.0.0
2840 silly placeDep node_modules/firebase-tools is-fullwidth-code-point@3.0.0 OK for: string-width@4.2.3 want: ^3.0.0
2841 silly placeDep node_modules/firebase-tools/node_modules/string-width strip-ansi@6.0.1 OK for: string-width@4.2.3 want: ^6.0.1
2842 silly placeDep node_modules/firebase-tools/node_modules/string-width-cjs strip-ansi@6.0.1 OK for: string-width@4.2.3 want: ^6.0.1
2843 silly placeDep node_modules/firebase-tools/node_modules/strip-ansi-cjs ansi-regex@5.0.1 OK for: strip-ansi@6.0.1 want: ^5.0.1
2844 silly placeDep node_modules/firebase-tools basic-auth-connect@1.1.0 OK for: superstatic@10.0.0 want: ^1.1.0
2845 silly placeDep node_modules/firebase-tools/node_modules/superstatic commander@10.0.1 OK for: superstatic@10.0.0 want: ^10.0.0
2846 silly placeDep node_modules/firebase-tools compression@1.8.1 OK for: superstatic@10.0.0 want: ^1.7.0
2847 silly placeDep node_modules/firebase-tools connect@3.7.0 OK for: superstatic@10.0.0 want: ^3.7.0
2848 silly placeDep node_modules/firebase-tools glob-slasher@1.0.1 OK for: superstatic@10.0.0 want: ^1.0.1
2849 silly placeDep node_modules/firebase-tools is-url@1.2.4 OK for: superstatic@10.0.0 want: ^1.2.2
2850 silly placeDep node_modules/firebase-tools join-path@1.1.1 OK for: superstatic@10.0.0 want: ^1.1.1
2851 silly placeDep node_modules/firebase-tools/node_modules/superstatic minimatch@6.2.0 OK for: superstatic@10.0.0 want: ^6.1.6
2852 silly placeDep node_modules/firebase-tools/node_modules/superstatic path-to-regexp@1.9.0 OK for: superstatic@10.0.0 want: ^1.9.0
2853 silly placeDep node_modules/firebase-tools re2@1.23.2 OK for: superstatic@10.0.0 want: ^1.17.7
2854 silly placeDep node_modules/firebase-tools router@2.2.0 OK for: superstatic@10.0.0 want: ^2.0.0
2855 silly fetch manifest tsscmp@^1.0.6
2856 silly packumentCache full:https://registry.npmjs.org/tsscmp cache-miss
2857 silly fetch manifest compressible@~2.0.18
2858 silly packumentCache full:https://registry.npmjs.org/compressible cache-miss
2859 silly fetch manifest negotiator@~0.6.4
2860 silly packumentCache full:https://registry.npmjs.org/negotiator cache-miss
2861 silly fetch manifest finalhandler@1.1.2
2862 silly packumentCache full:https://registry.npmjs.org/finalhandler cache-hit
2863 silly fetch manifest glob-slash@^1.0.0
2864 silly packumentCache full:https://registry.npmjs.org/glob-slash cache-miss
2865 silly fetch manifest lodash.isobject@^2.4.1
2866 silly packumentCache full:https://registry.npmjs.org/lodash.isobject cache-miss
2867 silly fetch manifest toxic@^1.0.0
2868 silly packumentCache full:https://registry.npmjs.org/toxic cache-miss
2869 http cache https://registry.npmjs.org/negotiator 51ms (cache hit)
2870 silly packumentCache full:https://registry.npmjs.org/negotiator set size:48046 disposed:false
2871 silly fetch manifest as-array@^2.0.0
2872 silly packumentCache full:https://registry.npmjs.org/as-array cache-miss
2873 http fetch GET 200 https://registry.npmjs.org/compressible 73ms (cache miss)
2874 silly packumentCache full:https://registry.npmjs.org/compressible set size:undefined disposed:false
2875 silly fetch manifest valid-url@^1
2876 silly packumentCache full:https://registry.npmjs.org/valid-url cache-miss
2877 http fetch GET 200 https://registry.npmjs.org/toxic 170ms (cache miss)
2878 silly packumentCache full:https://registry.npmjs.org/toxic set size:undefined disposed:false
2879 silly fetch manifest url-join@0.0.1
2880 silly packumentCache full:https://registry.npmjs.org/url-join cache-miss
2881 http fetch GET 200 https://registry.npmjs.org/tsscmp 182ms (cache miss)
2882 silly packumentCache full:https://registry.npmjs.org/tsscmp set size:undefined disposed:false
2883 silly fetch manifest isarray@0.0.1
2884 silly packumentCache full:https://registry.npmjs.org/isarray cache-hit
2885 silly fetch manifest install-artifact-from-github@^1.4.0
2886 silly packumentCache full:https://registry.npmjs.org/install-artifact-from-github cache-miss
2887 http fetch GET 200 https://registry.npmjs.org/glob-slash 199ms (cache miss)
2888 silly packumentCache full:https://registry.npmjs.org/glob-slash set size:undefined disposed:false
2889 silly fetch manifest nan@^2.24.0
2890 silly packumentCache full:https://registry.npmjs.org/nan cache-miss
2891 http fetch GET 200 https://registry.npmjs.org/as-array 160ms (cache miss)
2892 silly packumentCache full:https://registry.npmjs.org/as-array set size:undefined disposed:false
2893 silly fetch manifest node-gyp@^12.1.0
2894 silly packumentCache full:https://registry.npmjs.org/node-gyp cache-miss
2895 http fetch GET 200 https://registry.npmjs.org/valid-url 156ms (cache miss)
2896 silly packumentCache full:https://registry.npmjs.org/valid-url set size:undefined disposed:false
2897 silly fetch manifest is-promise@^4.0.0
2898 silly packumentCache full:https://registry.npmjs.org/is-promise cache-miss
2899 http fetch GET 200 https://registry.npmjs.org/url-join 74ms (cache miss)
2900 silly packumentCache full:https://registry.npmjs.org/url-join set size:undefined disposed:false
2901 silly fetch manifest path-to-regexp@^8.0.0
2902 silly packumentCache full:https://registry.npmjs.org/path-to-regexp cache-hit
2903 http fetch GET 200 https://registry.npmjs.org/lodash.isobject 261ms (cache miss)
2904 silly packumentCache full:https://registry.npmjs.org/lodash.isobject set size:undefined disposed:false
2905 http fetch GET 200 https://registry.npmjs.org/nan 72ms (cache revalidated)
2906 silly packumentCache full:https://registry.npmjs.org/nan set size:233214 disposed:false
2907 http fetch GET 200 https://registry.npmjs.org/is-promise 54ms (cache miss)
2908 silly packumentCache full:https://registry.npmjs.org/is-promise set size:undefined disposed:false
2909 http fetch GET 200 https://registry.npmjs.org/node-gyp 81ms (cache miss)
2910 silly packumentCache full:https://registry.npmjs.org/node-gyp set size:undefined disposed:false
2911 http fetch GET 200 https://registry.npmjs.org/install-artifact-from-github 133ms (cache miss)
2912 silly packumentCache full:https://registry.npmjs.org/install-artifact-from-github set size:undefined disposed:false
2913 silly placeDep node_modules/firebase-tools tsscmp@1.0.6 OK for: basic-auth-connect@1.1.0 want: ^1.0.6
2914 silly placeDep node_modules/firebase-tools compressible@2.0.18 OK for: compression@1.8.1 want: ~2.0.18
2915 silly placeDep node_modules/firebase-tools/node_modules/compression negotiator@0.6.4 OK for: compression@1.8.1 want: ~0.6.4
2916 silly placeDep node_modules/firebase-tools/node_modules/connect finalhandler@1.1.2 OK for: connect@3.7.0 want: 1.1.2
2917 silly fetch manifest statuses@~1.5.0
2918 silly packumentCache full:https://registry.npmjs.org/statuses cache-hit
2919 silly fetch manifest encodeurl@~1.0.2
2920 silly packumentCache full:https://registry.npmjs.org/encodeurl cache-hit
2921 silly placeDep node_modules/firebase-tools glob-slash@1.0.0 OK for: glob-slasher@1.0.1 want: ^1.0.0
2922 silly placeDep node_modules/firebase-tools lodash.isobject@2.4.1 OK for: glob-slasher@1.0.1 want: ^2.4.1
2923 silly placeDep node_modules/firebase-tools toxic@1.0.1 OK for: glob-slasher@1.0.1 want: ^1.0.0
2924 silly fetch manifest lodash._objecttypes@~2.4.1
2925 silly packumentCache full:https://registry.npmjs.org/lodash._objecttypes cache-miss
2926 http fetch GET 200 https://registry.npmjs.org/lodash._objecttypes 38ms (cache miss)
2927 silly packumentCache full:https://registry.npmjs.org/lodash._objecttypes set size:undefined disposed:false
2928 silly placeDep node_modules/firebase-tools as-array@2.0.0 OK for: join-path@1.1.1 want: ^2.0.0
2929 silly placeDep node_modules/firebase-tools url-join@0.0.1 OK for: join-path@1.1.1 want: 0.0.1
2930 silly placeDep node_modules/firebase-tools valid-url@1.0.9 OK for: join-path@1.1.1 want: ^1
2931 silly placeDep node_modules/firebase-tools lodash._objecttypes@2.4.1 OK for: lodash.isobject@2.4.1 want: ~2.4.1
2932 silly placeDep node_modules/firebase-tools install-artifact-from-github@1.4.0 OK for: re2@1.23.2 want: ^1.4.0
2933 silly placeDep node_modules/firebase-tools nan@2.25.0 OK for: re2@1.23.2 want: ^2.24.0
2934 silly placeDep node_modules/firebase-tools node-gyp@12.2.0 OK for: re2@1.23.2 want: ^12.1.0
2935 silly fetch manifest env-paths@^2.2.0
2936 silly packumentCache full:https://registry.npmjs.org/env-paths cache-miss
2937 silly fetch manifest exponential-backoff@^3.1.1
2938 silly packumentCache full:https://registry.npmjs.org/exponential-backoff cache-miss
2939 silly fetch manifest make-fetch-happen@^15.0.0
2940 silly packumentCache full:https://registry.npmjs.org/make-fetch-happen cache-miss
2941 silly fetch manifest nopt@^9.0.0
2942 silly packumentCache full:https://registry.npmjs.org/nopt cache-miss
2943 silly fetch manifest proc-log@^6.0.0
2944 silly packumentCache full:https://registry.npmjs.org/proc-log cache-miss
2945 silly fetch manifest tar@^7.5.4
2946 silly packumentCache full:https://registry.npmjs.org/tar cache-miss
2947 http cache https://registry.npmjs.org/proc-log 24ms (cache hit)
2948 silly packumentCache full:https://registry.npmjs.org/proc-log set size:33588 disposed:false
2949 silly fetch manifest tinyglobby@^0.2.12
2950 silly packumentCache full:https://registry.npmjs.org/tinyglobby cache-miss
2951 http fetch GET 200 https://registry.npmjs.org/exponential-backoff 70ms (cache miss)
2952 silly packumentCache full:https://registry.npmjs.org/exponential-backoff set size:undefined disposed:false
2953 silly fetch manifest which@^6.0.0
2954 silly packumentCache full:https://registry.npmjs.org/which cache-hit
2955 http fetch GET 200 https://registry.npmjs.org/env-paths 78ms (cache miss)
2956 silly packumentCache full:https://registry.npmjs.org/env-paths set size:undefined disposed:false
2957 http fetch GET 200 https://registry.npmjs.org/nopt 77ms (cache miss)
2958 silly packumentCache full:https://registry.npmjs.org/nopt set size:undefined disposed:false
2959 http fetch GET 200 https://registry.npmjs.org/tinyglobby 56ms (cache miss)
2960 silly packumentCache full:https://registry.npmjs.org/tinyglobby set size:undefined disposed:false
2961 http fetch GET 200 https://registry.npmjs.org/make-fetch-happen 97ms (cache miss)
2962 silly packumentCache full:https://registry.npmjs.org/make-fetch-happen set size:undefined disposed:false
2963 http fetch GET 200 https://registry.npmjs.org/tar 111ms (cache miss)
2964 silly packumentCache full:https://registry.npmjs.org/tar set size:undefined disposed:false
2965 silly placeDep node_modules/firebase-tools env-paths@2.2.1 OK for: node-gyp@12.2.0 want: ^2.2.0
2966 silly placeDep node_modules/firebase-tools exponential-backoff@3.1.3 OK for: node-gyp@12.2.0 want: ^3.1.1
2967 silly placeDep node_modules/firebase-tools make-fetch-happen@15.0.3 OK for: node-gyp@12.2.0 want: ^15.0.0
2968 silly placeDep node_modules/firebase-tools nopt@9.0.0 OK for: node-gyp@12.2.0 want: ^9.0.0
2969 silly placeDep node_modules/firebase-tools/node_modules/node-gyp proc-log@6.1.0 OK for: node-gyp@12.2.0 want: ^6.0.0
2970 silly placeDep node_modules/firebase-tools tar@7.5.7 OK for: node-gyp@12.2.0 want: ^7.5.4
2971 silly placeDep node_modules/firebase-tools tinyglobby@0.2.15 OK for: node-gyp@12.2.0 want: ^0.2.12
2972 silly placeDep node_modules/firebase-tools/node_modules/node-gyp which@6.0.0 OK for: node-gyp@12.2.0 want: ^6.0.0
2973 silly fetch manifest @npmcli/agent@^4.0.0
2974 silly packumentCache full:https://registry.npmjs.org/@npmcli%2fagent cache-miss
2975 silly fetch manifest cacache@^20.0.1
2976 silly packumentCache full:https://registry.npmjs.org/cacache cache-miss
2977 silly fetch manifest http-cache-semantics@^4.1.1
2978 silly packumentCache full:https://registry.npmjs.org/http-cache-semantics cache-miss
2979 silly fetch manifest minipass-fetch@^5.0.0
2980 silly packumentCache full:https://registry.npmjs.org/minipass-fetch cache-miss
2981 silly fetch manifest minipass-flush@^1.0.5
2982 silly packumentCache full:https://registry.npmjs.org/minipass-flush cache-miss
2983 silly fetch manifest minipass-pipeline@^1.2.4
2984 silly packumentCache full:https://registry.npmjs.org/minipass-pipeline cache-miss
2985 http fetch GET 200 https://registry.npmjs.org/@npmcli%2fagent 77ms (cache miss)
2986 silly packumentCache full:https://registry.npmjs.org/@npmcli%2fagent set size:undefined disposed:false
2987 silly fetch manifest negotiator@^1.0.0
2988 silly packumentCache full:https://registry.npmjs.org/negotiator cache-hit
2989 silly fetch manifest promise-retry@^2.0.1
2990 silly packumentCache full:https://registry.npmjs.org/promise-retry cache-miss
2991 http fetch GET 200 https://registry.npmjs.org/minipass-pipeline 83ms (cache miss)
2992 silly packumentCache full:https://registry.npmjs.org/minipass-pipeline set size:undefined disposed:false
2993 silly fetch manifest ssri@^13.0.0
2994 silly packumentCache full:https://registry.npmjs.org/ssri cache-miss
2995 http fetch GET 200 https://registry.npmjs.org/http-cache-semantics 91ms (cache miss)
2996 silly packumentCache full:https://registry.npmjs.org/http-cache-semantics set size:undefined disposed:false
2997 silly fetch manifest abbrev@^4.0.0
2998 silly packumentCache full:https://registry.npmjs.org/abbrev cache-miss
2999 http fetch GET 200 https://registry.npmjs.org/minipass-flush 94ms (cache miss)
3000 silly packumentCache full:https://registry.npmjs.org/minipass-flush set size:undefined disposed:false
3001 silly fetch manifest chownr@^3.0.0
3002 silly packumentCache full:https://registry.npmjs.org/chownr cache-miss
3003 http fetch GET 200 https://registry.npmjs.org/minipass-fetch 103ms (cache miss)
3004 silly packumentCache full:https://registry.npmjs.org/minipass-fetch set size:undefined disposed:false
3005 silly fetch manifest yallist@^5.0.0
3006 silly packumentCache full:https://registry.npmjs.org/yallist cache-miss
3007 http fetch GET 200 https://registry.npmjs.org/cacache 142ms (cache miss)
3008 silly packumentCache full:https://registry.npmjs.org/cacache set size:undefined disposed:false
3009 silly fetch manifest minizlib@^3.1.0
3010 silly packumentCache full:https://registry.npmjs.org/minizlib cache-miss
3011 http fetch GET 200 https://registry.npmjs.org/promise-retry 78ms (cache miss)
3012 silly packumentCache full:https://registry.npmjs.org/promise-retry set size:undefined disposed:false
3013 silly fetch manifest @isaacs/fs-minipass@^4.0.0
3014 silly packumentCache full:https://registry.npmjs.org/@isaacs%2ffs-minipass cache-miss
3015 http fetch GET 200 https://registry.npmjs.org/ssri 101ms (cache miss)
3016 silly packumentCache full:https://registry.npmjs.org/ssri set size:undefined disposed:false
3017 silly fetch manifest fdir@^6.5.0
3018 silly packumentCache full:https://registry.npmjs.org/fdir cache-miss
3019 http fetch GET 200 https://registry.npmjs.org/abbrev 102ms (cache miss)
3020 silly packumentCache full:https://registry.npmjs.org/abbrev set size:undefined disposed:false
3021 silly fetch manifest picomatch@^4.0.3
3022 silly packumentCache full:https://registry.npmjs.org/picomatch cache-hit
3023 silly fetch manifest isexe@^3.1.1
3024 silly packumentCache full:https://registry.npmjs.org/isexe cache-miss
3025 http fetch GET 200 https://registry.npmjs.org/yallist 101ms (cache miss)
3026 silly packumentCache full:https://registry.npmjs.org/yallist set size:undefined disposed:false
3027 http cache https://registry.npmjs.org/isexe 21ms (cache hit)
3028 silly packumentCache full:https://registry.npmjs.org/isexe set size:26713 disposed:false
3029 http fetch GET 200 https://registry.npmjs.org/chownr 127ms (cache revalidated)
3030 silly packumentCache full:https://registry.npmjs.org/chownr set size:22157 disposed:false
3031 http fetch GET 200 https://registry.npmjs.org/minizlib 75ms (cache miss)
3032 silly packumentCache full:https://registry.npmjs.org/minizlib set size:undefined disposed:false
3033 http fetch GET 200 https://registry.npmjs.org/@isaacs%2ffs-minipass 79ms (cache miss)
3034 silly packumentCache full:https://registry.npmjs.org/@isaacs%2ffs-minipass set size:undefined disposed:false
3035 http fetch GET 200 https://registry.npmjs.org/fdir 50ms (cache miss)
3036 silly packumentCache full:https://registry.npmjs.org/fdir set size:undefined disposed:false
3037 silly placeDep node_modules/firebase-tools @npmcli/agent@4.0.0 OK for: make-fetch-happen@15.0.3 want: ^4.0.0
3038 silly placeDep node_modules/firebase-tools cacache@20.0.3 OK for: make-fetch-happen@15.0.3 want: ^20.0.1
3039 silly placeDep node_modules/firebase-tools http-cache-semantics@4.2.0 OK for: make-fetch-happen@15.0.3 want: ^4.1.1
3040 silly placeDep node_modules/firebase-tools minipass-fetch@5.0.1 OK for: make-fetch-happen@15.0.3 want: ^5.0.0
3041 silly placeDep node_modules/firebase-tools minipass-flush@1.0.5 OK for: make-fetch-happen@15.0.3 want: ^1.0.5
3042 silly placeDep node_modules/firebase-tools minipass-pipeline@1.2.4 OK for: make-fetch-happen@15.0.3 want: ^1.2.4
3043 silly placeDep node_modules/firebase-tools/node_modules/make-fetch-happen negotiator@1.0.0 OK for: make-fetch-happen@15.0.3 want: ^1.0.0
3044 silly placeDep node_modules/firebase-tools/node_modules/make-fetch-happen proc-log@6.1.0 OK for: make-fetch-happen@15.0.3 want: ^6.0.0
3045 silly placeDep node_modules/firebase-tools promise-retry@2.0.1 OK for: make-fetch-happen@15.0.3 want: ^2.0.1
3046 silly placeDep node_modules/firebase-tools ssri@13.0.0 OK for: make-fetch-happen@15.0.3 want: ^13.0.0
3047 silly fetch manifest lru-cache@^11.2.1
3048 silly packumentCache full:https://registry.npmjs.org/lru-cache cache-hit
3049 silly fetch manifest @npmcli/fs@^5.0.0
3050 silly packumentCache full:https://registry.npmjs.org/@npmcli%2ffs cache-miss
3051 silly fetch manifest fs-minipass@^3.0.0
3052 silly packumentCache full:https://registry.npmjs.org/fs-minipass cache-miss
3053 silly fetch manifest glob@^13.0.0
3054 silly packumentCache full:https://registry.npmjs.org/glob cache-hit
3055 silly fetch manifest lru-cache@^11.1.0
3056 silly packumentCache full:https://registry.npmjs.org/lru-cache cache-hit
3057 silly fetch manifest minipass-collect@^2.0.1
3058 silly packumentCache full:https://registry.npmjs.org/minipass-collect cache-miss
3059 silly fetch manifest p-map@^7.0.2
3060 silly packumentCache full:https://registry.npmjs.org/p-map cache-miss
3061 silly fetch manifest unique-filename@^5.0.0
3062 silly packumentCache full:https://registry.npmjs.org/unique-filename cache-miss
3063 silly fetch manifest minipass-sized@^2.0.0
3064 silly packumentCache full:https://registry.npmjs.org/minipass-sized cache-miss
3065 http fetch GET 200 https://registry.npmjs.org/unique-filename 51ms (cache miss)
3066 silly packumentCache full:https://registry.npmjs.org/unique-filename set size:undefined disposed:false
3067 silly fetch manifest minizlib@^3.0.1
3068 silly packumentCache full:https://registry.npmjs.org/minizlib cache-miss
3069 http fetch GET 200 https://registry.npmjs.org/minipass-sized 55ms (cache miss)
3070 silly packumentCache full:https://registry.npmjs.org/minipass-sized set size:undefined disposed:false
3071 silly fetch manifest encoding@^0.1.13
3072 silly packumentCache full:https://registry.npmjs.org/encoding cache-hit
3073 silly fetch manifest minipass@^3.0.0
3074 silly packumentCache full:https://registry.npmjs.org/minipass cache-miss
3075 http fetch GET 200 https://registry.npmjs.org/minipass-collect 64ms (cache miss)
3076 silly packumentCache full:https://registry.npmjs.org/minipass-collect set size:undefined disposed:false
3077 silly fetch manifest minipass@^3.0.0
3078 silly packumentCache full:https://registry.npmjs.org/minipass cache-miss
3079 http fetch GET 200 https://registry.npmjs.org/@npmcli%2ffs 72ms (cache miss)
3080 silly packumentCache full:https://registry.npmjs.org/@npmcli%2ffs set size:undefined disposed:false
3081 silly fetch manifest err-code@^2.0.2
3082 silly packumentCache full:https://registry.npmjs.org/err-code cache-miss
3083 http fetch GET 200 https://registry.npmjs.org/fs-minipass 76ms (cache miss)
3084 silly packumentCache full:https://registry.npmjs.org/fs-minipass set size:undefined disposed:false
3085 silly fetch manifest retry@^0.12.0
3086 silly packumentCache full:https://registry.npmjs.org/retry cache-miss
3087 http fetch GET 200 https://registry.npmjs.org/p-map 78ms (cache miss)
3088 silly packumentCache full:https://registry.npmjs.org/p-map set size:undefined disposed:false
3089 http cache https://registry.npmjs.org/minizlib 35ms (cache hit)
3090 silly packumentCache full:https://registry.npmjs.org/minizlib set size:62862 disposed:false
3091 http cache https://registry.npmjs.org/minipass 32ms (cache hit)
3092 silly packumentCache full:https://registry.npmjs.org/minipass set size:490195 disposed:false
3093 http cache https://registry.npmjs.org/minipass 54ms (cache hit)
3094 silly packumentCache full:https://registry.npmjs.org/minipass set size:490195 disposed:false
3095 silly packumentCache full:https://registry.npmjs.org/minipass dispose
3096 http cache https://registry.npmjs.org/retry 55ms (cache hit)
3097 silly packumentCache full:https://registry.npmjs.org/retry set size:31161 disposed:false
3098 http fetch GET 200 https://registry.npmjs.org/err-code 66ms (cache miss)
3099 silly packumentCache full:https://registry.npmjs.org/err-code set size:undefined disposed:false
3100 silly placeDep node_modules/firebase-tools/node_modules/@npmcli/agent lru-cache@11.2.5 OK for: @npmcli/agent@4.0.0 want: ^11.2.1
3101 silly placeDep node_modules/firebase-tools @npmcli/fs@5.0.0 OK for: cacache@20.0.3 want: ^5.0.0
3102 silly placeDep node_modules/firebase-tools fs-minipass@3.0.3 OK for: cacache@20.0.3 want: ^3.0.0
3103 silly placeDep node_modules/firebase-tools/node_modules/cacache glob@13.0.1 OK for: cacache@20.0.3 want: ^13.0.0
3104 silly placeDep node_modules/firebase-tools/node_modules/cacache lru-cache@11.2.5 OK for: cacache@20.0.3 want: ^11.1.0
3105 silly placeDep node_modules/firebase-tools minipass-collect@2.0.1 OK for: cacache@20.0.3 want: ^2.0.1
3106 silly placeDep node_modules/firebase-tools p-map@7.0.4 OK for: cacache@20.0.3 want: ^7.0.2
3107 silly placeDep node_modules/firebase-tools unique-filename@5.0.0 OK for: cacache@20.0.3 want: ^5.0.0
3108 silly fetch manifest minimatch@^10.1.2
3109 silly packumentCache full:https://registry.npmjs.org/minimatch cache-hit
3110 silly fetch manifest path-scurry@^2.0.0
3111 silly packumentCache full:https://registry.npmjs.org/path-scurry cache-miss
3112 silly fetch manifest unique-slug@^6.0.0
3113 silly packumentCache full:https://registry.npmjs.org/unique-slug cache-miss
3114 http cache https://registry.npmjs.org/path-scurry 16ms (cache hit)
3115 silly packumentCache full:https://registry.npmjs.org/path-scurry set size:115160 disposed:false
3116 http fetch GET 200 https://registry.npmjs.org/unique-slug 44ms (cache miss)
3117 silly packumentCache full:https://registry.npmjs.org/unique-slug set size:undefined disposed:false
3118 silly placeDep node_modules/firebase-tools encoding@0.1.13 OK for: minipass-fetch@5.0.1 want: ^0.1.13
3119 silly placeDep node_modules/firebase-tools minipass-sized@2.0.0 OK for: minipass-fetch@5.0.1 want: ^2.0.0
3120 silly placeDep node_modules/firebase-tools minizlib@3.1.0 OK for: minipass-fetch@5.0.1 want: ^3.0.1
3121 silly fetch manifest iconv-lite@^0.6.2
3122 silly packumentCache full:https://registry.npmjs.org/iconv-lite cache-hit
3123 silly placeDep node_modules/firebase-tools/node_modules/encoding iconv-lite@0.6.3 OK for: encoding@0.1.13 want: ^0.6.2
3124 silly placeDep node_modules/firebase-tools/node_modules/minipass-flush minipass@3.3.6 OK for: minipass-flush@1.0.5 want: ^3.0.0
3125 silly fetch manifest yallist@^4.0.0
3126 silly packumentCache full:https://registry.npmjs.org/yallist cache-miss
3127 http cache https://registry.npmjs.org/yallist 33ms (cache hit)
3128 silly packumentCache full:https://registry.npmjs.org/yallist set size:34610 disposed:false
3129 silly placeDep node_modules/firebase-tools/node_modules/minipass-pipeline minipass@3.3.6 OK for: minipass-pipeline@1.2.4 want: ^3.0.0
3130 silly placeDep node_modules/firebase-tools abbrev@4.0.0 OK for: nopt@9.0.0 want: ^4.0.0
3131 silly placeDep node_modules/firebase-tools err-code@2.0.3 OK for: promise-retry@2.0.1 want: ^2.0.2
3132 silly placeDep node_modules/firebase-tools/node_modules/promise-retry retry@0.12.0 OK for: promise-retry@2.0.1 want: ^0.12.0
3133 silly placeDep node_modules/firebase-tools/node_modules/router debug@4.4.3 OK for: router@2.2.0 want: ^4.4.0
3134 silly placeDep node_modules/firebase-tools is-promise@4.0.0 OK for: router@2.2.0 want: ^4.0.0
3135 silly placeDep node_modules/firebase-tools/node_modules/router path-to-regexp@8.3.0 OK for: router@2.2.0 want: ^8.0.0
3136 silly placeDep node_modules/firebase-tools has-flag@4.0.0 OK for: supports-hyperlinks@3.2.0 want: ^4.0.0
3137 silly placeDep node_modules/firebase-tools supports-color@7.2.0 OK for: supports-hyperlinks@3.2.0 want: ^7.0.0
3138 silly placeDep node_modules/firebase-tools @isaacs/fs-minipass@4.0.1 OK for: tar@7.5.7 want: ^4.0.0
3139 silly placeDep node_modules/firebase-tools chownr@3.0.0 OK for: tar@7.5.7 want: ^3.0.0
3140 silly placeDep node_modules/firebase-tools yallist@5.0.0 OK for: tar@7.5.7 want: ^5.0.0
3141 silly fetch manifest react-native-b4a@*
3142 silly packumentCache full:https://registry.npmjs.org/react-native-b4a cache-miss
3143 http fetch GET 200 https://registry.npmjs.org/react-native-b4a 49ms (cache miss)
3144 silly packumentCache full:https://registry.npmjs.org/react-native-b4a set size:undefined disposed:false
3145 silly fetch manifest react@*
3146 silly packumentCache full:https://registry.npmjs.org/react cache-miss
3147 http fetch GET 200 https://registry.npmjs.org/react 167ms (cache revalidated)
3148 silly packumentCache full:https://registry.npmjs.org/react set size:6466562 disposed:false
3149 silly fetch manifest react-native@*
3150 silly packumentCache full:https://registry.npmjs.org/react-native cache-miss
3151 http fetch GET 200 https://registry.npmjs.org/react-native 184ms (cache updated)
3152 silly packumentCache full:https://registry.npmjs.org/react-native set size:undefined disposed:false
3153 silly fetch manifest @types/react@^19.1.1
3154 silly packumentCache full:https://registry.npmjs.org/@types%2freact cache-miss
3155 http fetch GET 200 https://registry.npmjs.org/@types%2freact 60ms (cache revalidated)
3156 silly packumentCache full:https://registry.npmjs.org/@types%2freact set size:2584421 disposed:false
3157 silly placeDep node_modules/firebase-tools b4a@1.7.3 OK for: tar-stream@3.1.7 want: ^1.6.4
3158 silly placeDep node_modules/firebase-tools fast-fifo@1.3.2 OK for: tar-stream@3.1.7 want: ^1.2.0
3159 silly placeDep node_modules/firebase-tools streamx@2.23.0 OK for: tar-stream@3.1.7 want: ^2.15.0
3160 silly fetch manifest events-universal@^1.0.0
3161 silly packumentCache full:https://registry.npmjs.org/events-universal cache-miss
3162 silly fetch manifest text-decoder@^1.1.0
3163 silly packumentCache full:https://registry.npmjs.org/text-decoder cache-miss
3164 http fetch GET 200 https://registry.npmjs.org/events-universal 41ms (cache miss)
3165 silly packumentCache full:https://registry.npmjs.org/events-universal set size:undefined disposed:false
3166 http fetch GET 200 https://registry.npmjs.org/text-decoder 45ms (cache miss)
3167 silly packumentCache full:https://registry.npmjs.org/text-decoder set size:undefined disposed:false
3168 silly placeDep node_modules/firebase-tools events-universal@1.0.1 OK for: streamx@2.23.0 want: ^1.0.0
3169 silly placeDep node_modules/firebase-tools text-decoder@1.2.3 OK for: streamx@2.23.0 want: ^1.1.0
3170 silly fetch manifest bare-events@^2.7.0
3171 silly packumentCache full:https://registry.npmjs.org/bare-events cache-miss
3172 http fetch GET 200 https://registry.npmjs.org/bare-events 35ms (cache miss)
3173 silly packumentCache full:https://registry.npmjs.org/bare-events set size:undefined disposed:false
3174 silly fetch manifest bare-abort-controller@*
3175 silly packumentCache full:https://registry.npmjs.org/bare-abort-controller cache-miss
3176 http fetch GET 200 https://registry.npmjs.org/bare-abort-controller 36ms (cache miss)
3177 silly packumentCache full:https://registry.npmjs.org/bare-abort-controller set size:undefined disposed:false
3178 silly placeDep node_modules/firebase-tools bare-events@2.8.2 OK for: events-universal@1.0.1 want: ^2.7.0
3179 silly placeDep node_modules/firebase-tools/node_modules/tcp-port-used debug@4.3.1 OK for: tcp-port-used@1.0.2 want: 4.3.1
3180 silly placeDep node_modules/firebase-tools is2@2.0.9 OK for: tcp-port-used@1.0.2 want: ^2.0.6
3181 silly fetch manifest ms@2.1.2
3182 silly packumentCache full:https://registry.npmjs.org/ms cache-hit
3183 silly fetch manifest deep-is@^0.1.3
3184 silly packumentCache full:https://registry.npmjs.org/deep-is cache-miss
3185 silly fetch manifest ip-regex@^4.1.0
3186 silly packumentCache full:https://registry.npmjs.org/ip-regex cache-miss
3187 http fetch GET 200 https://registry.npmjs.org/ip-regex 31ms (cache miss)
3188 silly packumentCache full:https://registry.npmjs.org/ip-regex set size:undefined disposed:false
3189 http fetch GET 200 https://registry.npmjs.org/deep-is 34ms (cache miss)
3190 silly packumentCache full:https://registry.npmjs.org/deep-is set size:undefined disposed:false
3191 silly placeDep node_modules/firebase-tools deep-is@0.1.4 OK for: is2@2.0.9 want: ^0.1.3
3192 silly placeDep node_modules/firebase-tools ip-regex@4.3.0 OK for: is2@2.0.9 want: ^4.1.0
3193 silly placeDep node_modules/firebase-tools/node_modules/teeny-request http-proxy-agent@5.0.0 OK for: teeny-request@10.1.0 want: ^5.0.0
3194 silly placeDep node_modules/firebase-tools/node_modules/teeny-request https-proxy-agent@5.0.1 OK for: teeny-request@10.1.0 want: ^5.0.0
3195 silly placeDep node_modules/firebase-tools/node_modules/teeny-request node-fetch@3.3.2 OK for: teeny-request@10.1.0 want: ^3.3.2
3196 silly placeDep node_modules/firebase-tools stream-events@1.0.5 OK for: teeny-request@10.1.0 want: ^1.0.5
3197 silly fetch manifest @tootallnate/once@2
3198 silly packumentCache full:https://registry.npmjs.org/@tootallnate%2fonce cache-miss
3199 silly fetch manifest agent-base@6
3200 silly packumentCache full:https://registry.npmjs.org/agent-base cache-miss
3201 silly fetch manifest agent-base@6
3202 silly packumentCache full:https://registry.npmjs.org/agent-base cache-miss
3203 silly fetch manifest stubs@^3.0.0
3204 silly packumentCache full:https://registry.npmjs.org/stubs cache-miss
3205 http cache https://registry.npmjs.org/agent-base 8ms (cache hit)
3206 silly packumentCache full:https://registry.npmjs.org/agent-base set size:67460 disposed:false
3207 http cache https://registry.npmjs.org/agent-base 9ms (cache hit)
3208 silly packumentCache full:https://registry.npmjs.org/agent-base set size:67460 disposed:false
3209 silly packumentCache full:https://registry.npmjs.org/agent-base dispose
3210 http fetch GET 200 https://registry.npmjs.org/stubs 33ms (cache miss)
3211 silly packumentCache full:https://registry.npmjs.org/stubs set size:undefined disposed:false
3212 http fetch GET 200 https://registry.npmjs.org/@tootallnate%2fonce 43ms (cache miss)
3213 silly packumentCache full:https://registry.npmjs.org/@tootallnate%2fonce set size:undefined disposed:false
3214 silly placeDep node_modules/firebase-tools stubs@3.0.0 OK for: stream-events@1.0.5 want: ^3.0.0
3215 silly placeDep node_modules/firebase-tools thenify@3.3.1 OK for: thenify-all@1.6.0 want: >= 3.1.0 < 4
3216 silly placeDep node_modules/firebase-tools/node_modules/through2 readable-stream@2.3.8 OK for: through2@2.0.5 want: ~2.3.6
3217 silly placeDep node_modules/firebase-tools/node_modules/tinyglobby fdir@6.5.0 OK for: tinyglobby@0.2.15 want: ^6.5.0
3218 silly placeDep node_modules/firebase-tools/node_modules/tinyglobby picomatch@4.0.3 OK for: fdir@6.5.0 want: ^3 || ^4
3219 silly placeDep node_modules/firebase-tools/node_modules/to-regex-range is-number@7.0.0 OK for: to-regex-range@5.0.1 want: ^7.0.0
3220 silly placeDep node_modules/firebase-tools @cspotcode/source-map-support@0.8.1 OK for: ts-node@10.9.2 want: ^0.8.0
3221 silly placeDep node_modules/firebase-tools @tsconfig/node10@1.0.12 OK for: ts-node@10.9.2 want: ^1.0.7
3222 silly placeDep node_modules/firebase-tools @tsconfig/node12@1.0.11 OK for: ts-node@10.9.2 want: ^1.0.7
3223 silly placeDep node_modules/firebase-tools @tsconfig/node14@1.0.3 OK for: ts-node@10.9.2 want: ^1.0.0
3224 silly placeDep node_modules/firebase-tools @tsconfig/node16@1.0.4 OK for: ts-node@10.9.2 want: ^1.0.2
3225 silly placeDep node_modules/firebase-tools acorn@8.15.0 OK for: ts-node@10.9.2 want: ^8.4.1
3226 silly placeDep node_modules/firebase-tools acorn-walk@8.3.4 OK for: ts-node@10.9.2 want: ^8.1.1
3227 silly placeDep node_modules/firebase-tools arg@4.1.3 OK for: ts-node@10.9.2 want: ^4.1.0
3228 silly placeDep node_modules/firebase-tools create-require@1.1.1 OK for: ts-node@10.9.2 want: ^1.1.0
3229 silly placeDep node_modules/firebase-tools diff@4.0.4 OK for: ts-node@10.9.2 want: ^4.0.1
3230 silly placeDep node_modules/firebase-tools make-error@1.3.6 OK for: ts-node@10.9.2 want: ^1.1.1
3231 silly placeDep node_modules/firebase-tools v8-compile-cache-lib@3.0.1 OK for: ts-node@10.9.2 want: ^3.0.1
3232 silly placeDep node_modules/firebase-tools yn@3.1.1 OK for: ts-node@10.9.2 want: 3.1.1
3233 silly fetch manifest @jridgewell/trace-mapping@0.3.9
3234 silly packumentCache full:https://registry.npmjs.org/@jridgewell%2ftrace-mapping cache-miss
3235 http fetch GET 200 https://registry.npmjs.org/@jridgewell%2ftrace-mapping 45ms (cache revalidated)
3236 silly packumentCache full:https://registry.npmjs.org/@jridgewell%2ftrace-mapping set size:170909 disposed:false
3237 silly placeDep node_modules/firebase-tools @jridgewell/trace-mapping@0.3.9 OK for: @cspotcode/source-map-support@0.8.1 want: 0.3.9
3238 silly fetch manifest @jridgewell/resolve-uri@^3.0.3
3239 silly packumentCache full:https://registry.npmjs.org/@jridgewell%2fresolve-uri cache-miss
3240 silly fetch manifest @jridgewell/sourcemap-codec@^1.4.10
3241 silly packumentCache full:https://registry.npmjs.org/@jridgewell%2fsourcemap-codec cache-miss
3242 http fetch GET 200 https://registry.npmjs.org/@jridgewell%2fresolve-uri 57ms (cache revalidated)
3243 silly packumentCache full:https://registry.npmjs.org/@jridgewell%2fresolve-uri set size:57361 disposed:false
3244 http fetch GET 200 https://registry.npmjs.org/@jridgewell%2fsourcemap-codec 59ms (cache revalidated)
3245 silly packumentCache full:https://registry.npmjs.org/@jridgewell%2fsourcemap-codec set size:59275 disposed:false
3246 silly placeDep node_modules/firebase-tools @jridgewell/resolve-uri@3.1.2 OK for: @jridgewell/trace-mapping@0.3.9 want: ^3.0.3
3247 silly placeDep node_modules/firebase-tools @jridgewell/sourcemap-codec@1.5.5 OK for: @jridgewell/trace-mapping@0.3.9 want: ^1.4.10
3248 silly placeDep node_modules/firebase-tools media-typer@0.3.0 OK for: type-is@1.6.18 want: 0.3.0
3249 silly placeDep node_modules/firebase-tools unique-slug@6.0.0 OK for: unique-filename@5.0.0 want: ^6.0.0
3250 silly placeDep node_modules/firebase-tools imurmurhash@0.1.4 OK for: unique-slug@6.0.0 want: ^0.1.4
3251 silly placeDep node_modules/firebase-tools crypto-random-string@2.0.0 OK for: unique-string@2.0.0 want: ^2.0.0
3252 silly placeDep node_modules/firebase-tools/node_modules/universal-analytics debug@4.4.3 OK for: universal-analytics@0.5.3 want: ^4.3.1
3253 silly placeDep node_modules/firebase-tools boxen@5.1.2 OK for: update-notifier-cjs@5.1.7 want: ^5.0.0
3254 silly placeDep node_modules/firebase-tools/node_modules/update-notifier-cjs chalk@4.1.2 OK for: update-notifier-cjs@5.1.7 want: ^4.1.0
3255 silly placeDep node_modules/firebase-tools has-yarn@2.1.0 OK for: update-notifier-cjs@5.1.7 want: ^2.1.0
3256 silly placeDep node_modules/firebase-tools import-lazy@2.1.0 OK for: update-notifier-cjs@5.1.7 want: ^2.1.0
3257 silly placeDep node_modules/firebase-tools is-ci@2.0.0 OK for: update-notifier-cjs@5.1.7 want: ^2.0.0
3258 silly placeDep node_modules/firebase-tools is-installed-globally@0.4.0 OK for: update-notifier-cjs@5.1.7 want: ^0.4.0
3259 silly placeDep node_modules/firebase-tools is-npm@5.0.0 OK for: update-notifier-cjs@5.1.7 want: ^5.0.0
3260 silly placeDep node_modules/firebase-tools is-yarn-global@0.3.0 OK for: update-notifier-cjs@5.1.7 want: ^0.3.0
3261 silly placeDep node_modules/firebase-tools isomorphic-fetch@3.0.0 OK for: update-notifier-cjs@5.1.7 want: ^3.0.0
3262 silly placeDep node_modules/firebase-tools pupa@2.1.1 OK for: update-notifier-cjs@5.1.7 want: ^2.1.1
3263 silly placeDep node_modules/firebase-tools registry-auth-token@5.1.1 OK for: update-notifier-cjs@5.1.7 want: ^5.0.1
3264 silly placeDep node_modules/firebase-tools registry-url@5.1.0 OK for: update-notifier-cjs@5.1.7 want: ^5.1.0
3265 silly placeDep node_modules/firebase-tools semver-diff@3.1.1 OK for: update-notifier-cjs@5.1.7 want: ^3.1.1
3266 silly fetch manifest camelcase@^6.2.0
3267 silly packumentCache full:https://registry.npmjs.org/camelcase cache-miss
3268 silly fetch manifest cli-boxes@^2.2.1
3269 silly packumentCache full:https://registry.npmjs.org/cli-boxes cache-miss
3270 silly fetch manifest type-fest@^0.20.2
3271 silly packumentCache full:https://registry.npmjs.org/type-fest cache-miss
3272 silly fetch manifest wrap-ansi@^7.0.0
3273 silly packumentCache full:https://registry.npmjs.org/wrap-ansi cache-hit
3274 silly fetch manifest ansi-align@^3.0.0
3275 silly packumentCache full:https://registry.npmjs.org/ansi-align cache-miss
3276 silly fetch manifest widest-line@^3.1.0
3277 silly packumentCache full:https://registry.npmjs.org/widest-line cache-miss
3278 silly fetch manifest ci-info@^2.0.0
3279 silly packumentCache full:https://registry.npmjs.org/ci-info cache-miss
3280 http fetch GET 200 https://registry.npmjs.org/cli-boxes 37ms (cache miss)
3281 silly packumentCache full:https://registry.npmjs.org/cli-boxes set size:undefined disposed:false
3282 silly fetch manifest global-dirs@^3.0.0
3283 silly packumentCache full:https://registry.npmjs.org/global-dirs cache-miss
3284 http fetch GET 200 https://registry.npmjs.org/camelcase 48ms (cache revalidated)
3285 silly packumentCache full:https://registry.npmjs.org/camelcase set size:60255 disposed:false
3286 silly fetch manifest is-path-inside@^3.0.2
3287 silly packumentCache full:https://registry.npmjs.org/is-path-inside cache-miss
3288 http fetch GET 200 https://registry.npmjs.org/ansi-align 52ms (cache miss)
3289 silly packumentCache full:https://registry.npmjs.org/ansi-align set size:undefined disposed:false
3290 silly fetch manifest whatwg-fetch@^3.4.1
3291 silly packumentCache full:https://registry.npmjs.org/whatwg-fetch cache-miss
3292 http fetch GET 200 https://registry.npmjs.org/widest-line 53ms (cache miss)
3293 silly packumentCache full:https://registry.npmjs.org/widest-line set size:undefined disposed:false
3294 silly fetch manifest escape-goat@^2.0.0
3295 silly packumentCache full:https://registry.npmjs.org/escape-goat cache-miss
3296 http fetch GET 200 https://registry.npmjs.org/ci-info 56ms (cache miss)
3297 silly packumentCache full:https://registry.npmjs.org/ci-info set size:undefined disposed:false
3298 silly fetch manifest @pnpm/npm-conf@^3.0.2
3299 silly packumentCache full:https://registry.npmjs.org/@pnpm%2fnpm-conf cache-miss
3300 http fetch GET 200 https://registry.npmjs.org/global-dirs 30ms (cache miss)
3301 silly packumentCache full:https://registry.npmjs.org/global-dirs set size:undefined disposed:false
3302 silly fetch manifest rc@^1.2.8
3303 silly packumentCache full:https://registry.npmjs.org/rc cache-miss
3304 http fetch GET 200 https://registry.npmjs.org/type-fest 73ms (cache miss)
3305 silly packumentCache full:https://registry.npmjs.org/type-fest set size:undefined disposed:false
3306 silly fetch manifest semver@^6.3.0
3307 silly packumentCache full:https://registry.npmjs.org/semver cache-hit
3308 http fetch GET 200 https://registry.npmjs.org/is-path-inside 38ms (cache miss)
3309 silly packumentCache full:https://registry.npmjs.org/is-path-inside set size:undefined disposed:false
3310 http fetch GET 200 https://registry.npmjs.org/@pnpm%2fnpm-conf 33ms (cache miss)
3311 silly packumentCache full:https://registry.npmjs.org/@pnpm%2fnpm-conf set size:undefined disposed:false
3312 http fetch GET 200 https://registry.npmjs.org/rc 48ms (cache revalidated)
3313 silly packumentCache full:https://registry.npmjs.org/rc set size:70417 disposed:false
3314 http fetch GET 200 https://registry.npmjs.org/whatwg-fetch 125ms (cache miss)
3315 silly packumentCache full:https://registry.npmjs.org/whatwg-fetch set size:undefined disposed:false
3316 http fetch GET 200 https://registry.npmjs.org/escape-goat 129ms (cache miss)
3317 silly packumentCache full:https://registry.npmjs.org/escape-goat set size:undefined disposed:false
3318 silly placeDep node_modules/firebase-tools ansi-align@3.0.1 OK for: boxen@5.1.2 want: ^3.0.0
3319 silly placeDep node_modules/firebase-tools camelcase@6.3.0 OK for: boxen@5.1.2 want: ^6.2.0
3320 silly placeDep node_modules/firebase-tools/node_modules/boxen chalk@4.1.2 OK for: boxen@5.1.2 want: ^4.1.0
3321 silly placeDep node_modules/firebase-tools cli-boxes@2.2.1 OK for: boxen@5.1.2 want: ^2.2.1
3322 silly placeDep node_modules/firebase-tools type-fest@0.20.2 OK for: boxen@5.1.2 want: ^0.20.2
3323 silly placeDep node_modules/firebase-tools widest-line@3.1.0 OK for: boxen@5.1.2 want: ^3.1.0
3324 silly placeDep node_modules/firebase-tools/node_modules/boxen wrap-ansi@7.0.0 OK for: boxen@5.1.2 want: ^7.0.0
3325 silly placeDep node_modules/firebase-tools ci-info@2.0.0 OK for: is-ci@2.0.0 want: ^2.0.0
3326 silly placeDep node_modules/firebase-tools global-dirs@3.0.1 OK for: is-installed-globally@0.4.0 want: ^3.0.0
3327 silly placeDep node_modules/firebase-tools is-path-inside@3.0.3 OK for: is-installed-globally@0.4.0 want: ^3.0.2
3328 silly fetch manifest ini@2.0.0
3329 silly packumentCache full:https://registry.npmjs.org/ini cache-miss
3330 http fetch GET 200 https://registry.npmjs.org/ini 41ms (cache revalidated)
3331 silly packumentCache full:https://registry.npmjs.org/ini set size:57019 disposed:false
3332 silly placeDep node_modules/firebase-tools ini@2.0.0 OK for: global-dirs@3.0.1 want: 2.0.0
3333 silly placeDep node_modules/firebase-tools whatwg-fetch@3.6.20 OK for: isomorphic-fetch@3.0.0 want: ^3.4.1
3334 silly placeDep node_modules/firebase-tools escape-goat@2.1.1 OK for: pupa@2.1.1 want: ^2.0.0
3335 silly placeDep node_modules/firebase-tools @pnpm/npm-conf@3.0.2 OK for: registry-auth-token@5.1.1 want: ^3.0.2
3336 silly fetch manifest @pnpm/config.env-replace@^1.1.0
3337 silly packumentCache full:https://registry.npmjs.org/@pnpm%2fconfig.env-replace cache-miss
3338 silly fetch manifest @pnpm/network.ca-file@^1.0.1
3339 silly packumentCache full:https://registry.npmjs.org/@pnpm%2fnetwork.ca-file cache-miss
3340 silly fetch manifest config-chain@^1.1.11
3341 silly packumentCache full:https://registry.npmjs.org/config-chain cache-miss
3342 http fetch GET 200 https://registry.npmjs.org/config-chain 52ms (cache miss)
3343 silly packumentCache full:https://registry.npmjs.org/config-chain set size:undefined disposed:false
3344 http fetch GET 200 https://registry.npmjs.org/@pnpm%2fconfig.env-replace 60ms (cache miss)
3345 silly packumentCache full:https://registry.npmjs.org/@pnpm%2fconfig.env-replace set size:undefined disposed:false
3346 http fetch GET 200 https://registry.npmjs.org/@pnpm%2fnetwork.ca-file 62ms (cache miss)
3347 silly packumentCache full:https://registry.npmjs.org/@pnpm%2fnetwork.ca-file set size:undefined disposed:false
3348 silly placeDep node_modules/firebase-tools @pnpm/config.env-replace@1.1.0 OK for: @pnpm/npm-conf@3.0.2 want: ^1.1.0
3349 silly placeDep node_modules/firebase-tools @pnpm/network.ca-file@1.0.2 OK for: @pnpm/npm-conf@3.0.2 want: ^1.0.1
3350 silly placeDep node_modules/firebase-tools config-chain@1.1.13 OK for: @pnpm/npm-conf@3.0.2 want: ^1.1.11
3351 silly fetch manifest graceful-fs@4.2.10
3352 silly packumentCache full:https://registry.npmjs.org/graceful-fs cache-hit
3353 silly fetch manifest proto-list@~1.2.1
3354 silly packumentCache full:https://registry.npmjs.org/proto-list cache-miss
3355 silly fetch manifest ini@^1.3.4
3356 silly packumentCache full:https://registry.npmjs.org/ini cache-hit
3357 http fetch GET 200 https://registry.npmjs.org/proto-list 41ms (cache miss)
3358 silly packumentCache full:https://registry.npmjs.org/proto-list set size:undefined disposed:false
3359 silly placeDep node_modules/firebase-tools/node_modules/@pnpm/network.ca-file graceful-fs@4.2.10 OK for: @pnpm/network.ca-file@1.0.2 want: 4.2.10
3360 silly placeDep node_modules/firebase-tools/node_modules/config-chain ini@1.3.8 OK for: config-chain@1.1.13 want: ^1.3.4
3361 silly placeDep node_modules/firebase-tools proto-list@1.2.4 OK for: config-chain@1.1.13 want: ~1.2.1
3362 silly placeDep node_modules/firebase-tools rc@1.2.8 OK for: registry-url@5.1.0 want: ^1.2.8
3363 silly fetch manifest ini@~1.3.0
3364 silly packumentCache full:https://registry.npmjs.org/ini cache-hit
3365 silly fetch manifest minimist@^1.2.0
3366 silly packumentCache full:https://registry.npmjs.org/minimist cache-miss
3367 silly fetch manifest deep-extend@^0.6.0
3368 silly packumentCache full:https://registry.npmjs.org/deep-extend cache-miss
3369 silly fetch manifest strip-json-comments@~2.0.1
3370 silly packumentCache full:https://registry.npmjs.org/strip-json-comments cache-miss
3371 http fetch GET 200 https://registry.npmjs.org/minimist 60ms (cache revalidated)
3372 silly packumentCache full:https://registry.npmjs.org/minimist set size:77082 disposed:false
3373 http fetch GET 200 https://registry.npmjs.org/deep-extend 70ms (cache revalidated)
3374 silly packumentCache full:https://registry.npmjs.org/deep-extend set size:34472 disposed:false
3375 http fetch GET 200 https://registry.npmjs.org/strip-json-comments 83ms (cache revalidated)
3376 silly packumentCache full:https://registry.npmjs.org/strip-json-comments set size:43569 disposed:false
3377 silly placeDep node_modules/firebase-tools deep-extend@0.6.0 OK for: rc@1.2.8 want: ^0.6.0
3378 silly placeDep node_modules/firebase-tools/node_modules/rc ini@1.3.8 OK for: rc@1.2.8 want: ~1.3.0
3379 silly placeDep node_modules/firebase-tools minimist@1.2.8 OK for: rc@1.2.8 want: ^1.2.0
3380 silly placeDep node_modules/firebase-tools strip-json-comments@2.0.1 OK for: rc@1.2.8 want: ~2.0.1
3381 silly placeDep node_modules/firebase-tools/node_modules/semver-diff semver@6.3.1 OK for: semver-diff@3.1.1 want: ^6.3.0
3382 silly placeDep node_modules/firebase-tools defaults@1.0.4 OK for: wcwidth@1.0.1 want: ^1.0.3
3383 silly fetch manifest clone@^1.0.2
3384 silly packumentCache full:https://registry.npmjs.org/clone cache-miss
3385 http fetch GET 200 https://registry.npmjs.org/clone 37ms (cache miss)
3386 silly packumentCache full:https://registry.npmjs.org/clone set size:undefined disposed:false
3387 silly placeDep node_modules/firebase-tools clone@1.0.4 OK for: defaults@1.0.4 want: ^1.0.2
3388 silly placeDep node_modules/firebase-tools tr46@0.0.3 OK for: whatwg-url@5.0.0 want: ~0.0.3
3389 silly placeDep node_modules/firebase-tools webidl-conversions@3.0.1 OK for: whatwg-url@5.0.0 want: ^3.0.0
3390 silly placeDep node_modules/firebase-tools isexe@2.0.0 OK for: which@2.0.2 want: ^2.0.0
3391 silly placeDep node_modules/firebase-tools/node_modules/winston @colors/colors@1.6.0 OK for: winston@3.19.0 want: ^1.6.0
3392 silly placeDep node_modules/firebase-tools @dabh/diagnostics@2.0.8 OK for: winston@3.19.0 want: ^2.0.8
3393 silly placeDep node_modules/firebase-tools logform@2.7.0 OK for: winston@3.19.0 want: ^2.7.0
3394 silly placeDep node_modules/firebase-tools one-time@1.0.0 OK for: winston@3.19.0 want: ^1.0.0
3395 silly placeDep node_modules/firebase-tools/node_modules/winston readable-stream@3.6.2 OK for: winston@3.19.0 want: ^3.4.0
3396 silly placeDep node_modules/firebase-tools safe-stable-stringify@2.5.0 OK for: winston@3.19.0 want: ^2.3.1
3397 silly placeDep node_modules/firebase-tools stack-trace@0.0.10 OK for: winston@3.19.0 want: 0.0.x
3398 silly fetch manifest @so-ric/colorspace@^1.1.6
3399 silly packumentCache full:https://registry.npmjs.org/@so-ric%2fcolorspace cache-miss
3400 silly fetch manifest enabled@2.0.x
3401 silly packumentCache full:https://registry.npmjs.org/enabled cache-miss
3402 silly fetch manifest kuler@^2.0.0
3403 silly packumentCache full:https://registry.npmjs.org/kuler cache-miss
3404 silly fetch manifest @colors/colors@1.6.0
3405 silly packumentCache full:https://registry.npmjs.org/@colors%2fcolors cache-hit
3406 silly fetch manifest @types/triple-beam@^1.3.2
3407 silly packumentCache full:https://registry.npmjs.org/@types%2ftriple-beam cache-miss
3408 silly fetch manifest fecha@^4.2.0
3409 silly packumentCache full:https://registry.npmjs.org/fecha cache-miss
3410 silly fetch manifest fn.name@1.x.x
3411 silly packumentCache full:https://registry.npmjs.org/fn.name cache-miss
3412 http fetch GET 200 https://registry.npmjs.org/kuler 50ms (cache miss)
3413 silly packumentCache full:https://registry.npmjs.org/kuler set size:undefined disposed:false
3414 http fetch GET 200 https://registry.npmjs.org/@so-ric%2fcolorspace 53ms (cache miss)
3415 silly packumentCache full:https://registry.npmjs.org/@so-ric%2fcolorspace set size:undefined disposed:false
3416 http fetch GET 200 https://registry.npmjs.org/enabled 56ms (cache miss)
3417 silly packumentCache full:https://registry.npmjs.org/enabled set size:undefined disposed:false
3418 http fetch GET 200 https://registry.npmjs.org/@types%2ftriple-beam 58ms (cache miss)
3419 silly packumentCache full:https://registry.npmjs.org/@types%2ftriple-beam set size:undefined disposed:false
3420 http fetch GET 200 https://registry.npmjs.org/fn.name 83ms (cache miss)
3421 silly packumentCache full:https://registry.npmjs.org/fn.name set size:undefined disposed:false
3422 http fetch GET 200 https://registry.npmjs.org/fecha 88ms (cache miss)
3423 silly packumentCache full:https://registry.npmjs.org/fecha set size:undefined disposed:false
3424 silly placeDep node_modules/firebase-tools @so-ric/colorspace@1.1.6 OK for: @dabh/diagnostics@2.0.8 want: ^1.1.6
3425 silly placeDep node_modules/firebase-tools enabled@2.0.0 OK for: @dabh/diagnostics@2.0.8 want: 2.0.x
3426 silly placeDep node_modules/firebase-tools kuler@2.0.0 OK for: @dabh/diagnostics@2.0.8 want: ^2.0.0
3427 silly fetch manifest color@^5.0.2
3428 silly packumentCache full:https://registry.npmjs.org/color cache-miss
3429 silly fetch manifest text-hex@1.0.x
3430 silly packumentCache full:https://registry.npmjs.org/text-hex cache-miss
3431 http fetch GET 200 https://registry.npmjs.org/text-hex 57ms (cache miss)
3432 silly packumentCache full:https://registry.npmjs.org/text-hex set size:undefined disposed:false
3433 http fetch GET 200 https://registry.npmjs.org/color 60ms (cache miss)
3434 silly packumentCache full:https://registry.npmjs.org/color set size:undefined disposed:false
3435 silly placeDep node_modules/firebase-tools color@5.0.3 OK for: @so-ric/colorspace@1.1.6 want: ^5.0.2
3436 silly placeDep node_modules/firebase-tools text-hex@1.0.0 OK for: @so-ric/colorspace@1.1.6 want: 1.0.x
3437 silly fetch manifest color-convert@^3.1.3
3438 silly packumentCache full:https://registry.npmjs.org/color-convert cache-miss
3439 silly fetch manifest color-string@^2.1.3
3440 silly packumentCache full:https://registry.npmjs.org/color-string cache-miss
3441 http fetch GET 200 https://registry.npmjs.org/color-string 40ms (cache miss)
3442 silly packumentCache full:https://registry.npmjs.org/color-string set size:undefined disposed:false
3443 http fetch GET 200 https://registry.npmjs.org/color-convert 48ms (cache revalidated)
3444 silly packumentCache full:https://registry.npmjs.org/color-convert set size:72663 disposed:false
3445 silly placeDep node_modules/firebase-tools color-convert@3.1.3 OK for: color@5.0.3 want: ^3.1.3
3446 silly placeDep node_modules/firebase-tools color-string@2.1.4 OK for: color@5.0.3 want: ^2.1.3
3447 silly fetch manifest color-name@^2.0.0
3448 silly packumentCache full:https://registry.npmjs.org/color-name cache-miss
3449 silly fetch manifest color-name@^2.0.0
3450 silly packumentCache full:https://registry.npmjs.org/color-name cache-miss
3451 http fetch GET 200 https://registry.npmjs.org/color-name 33ms (cache revalidated)
3452 silly packumentCache full:https://registry.npmjs.org/color-name set size:19467 disposed:false
3453 http fetch GET 200 https://registry.npmjs.org/color-name 42ms (cache revalidated)
3454 silly packumentCache full:https://registry.npmjs.org/color-name set size:19467 disposed:false
3455 silly packumentCache full:https://registry.npmjs.org/color-name dispose
3456 silly placeDep node_modules/firebase-tools color-name@2.1.0 OK for: color-convert@3.1.3 want: ^2.0.0
3457 silly placeDep node_modules/firebase-tools/node_modules/logform @colors/colors@1.6.0 OK for: logform@2.7.0 want: 1.6.0
3458 silly placeDep node_modules/firebase-tools @types/triple-beam@1.3.5 OK for: logform@2.7.0 want: ^1.3.2
3459 silly placeDep node_modules/firebase-tools fecha@4.2.3 OK for: logform@2.7.0 want: ^4.2.0
3460 silly placeDep node_modules/firebase-tools/node_modules/logform ms@2.1.3 OK for: logform@2.7.0 want: ^2.1.1
3461 silly placeDep node_modules/firebase-tools fn.name@1.1.0 OK for: one-time@1.0.0 want: 1.x.x
3462 silly placeDep node_modules/firebase-tools/node_modules/winston-transport readable-stream@3.6.2 OK for: winston-transport@4.9.0 want: ^3.6.2
3463 silly placeDep node_modules/firebase-tools ansi-styles@4.3.0 OK for: wrap-ansi@6.2.0 want: ^4.0.0
3464 silly placeDep node_modules/firebase-tools/node_modules/wrap-ansi strip-ansi@6.0.1 OK for: wrap-ansi@6.2.0 want: ^6.0.0
3465 silly fetch manifest color-convert@^2.0.1
3466 silly packumentCache full:https://registry.npmjs.org/color-convert cache-hit
3467 silly placeDep node_modules/firebase-tools/node_modules/ansi-styles color-convert@2.0.1 OK for: ansi-styles@4.3.0 want: ^2.0.1
3468 silly fetch manifest color-name@~1.1.4
3469 silly packumentCache full:https://registry.npmjs.org/color-name cache-hit
3470 silly placeDep node_modules/firebase-tools/node_modules/wrap-ansi-cjs strip-ansi@6.0.1 OK for: wrap-ansi@7.0.0 want: ^6.0.0
3471 silly placeDep node_modules/firebase-tools is-typedarray@1.0.0 OK for: write-file-atomic@3.0.3 want: ^1.0.0
3472 silly placeDep node_modules/firebase-tools/node_modules/write-file-atomic signal-exit@3.0.7 OK for: write-file-atomic@3.0.3 want: ^3.0.2
3473 silly placeDep node_modules/firebase-tools typedarray-to-buffer@3.1.5 OK for: write-file-atomic@3.0.3 want: ^3.1.5
3474 silly placeDep node_modules/firebase-tools cliui@8.0.1 OK for: yargs@17.7.2 want: ^8.0.1
3475 silly placeDep node_modules/firebase-tools escalade@3.2.0 OK for: yargs@17.7.2 want: ^3.1.1
3476 silly placeDep node_modules/firebase-tools get-caller-file@2.0.5 OK for: yargs@17.7.2 want: ^2.0.5
3477 silly placeDep node_modules/firebase-tools require-directory@2.1.1 OK for: yargs@17.7.2 want: ^2.1.1
3478 silly placeDep node_modules/firebase-tools y18n@5.0.8 OK for: yargs@17.7.2 want: ^5.0.5
3479 silly placeDep node_modules/firebase-tools yargs-parser@21.1.1 OK for: yargs@17.7.2 want: ^21.1.1
3480 silly placeDep node_modules/firebase-tools/node_modules/cliui strip-ansi@6.0.1 OK for: cliui@8.0.1 want: ^6.0.1
3481 silly placeDep node_modules/firebase-tools/node_modules/cliui wrap-ansi@7.0.0 OK for: cliui@8.0.1 want: ^7.0.0
3482 silly placeDep node_modules/firebase-tools compress-commons@6.0.2 OK for: zip-stream@6.0.1 want: ^6.0.2
3483 silly fetch manifest crc-32@^1.2.0
3484 silly packumentCache full:https://registry.npmjs.org/crc-32 cache-miss
3485 silly fetch manifest crc32-stream@^6.0.0
3486 silly packumentCache full:https://registry.npmjs.org/crc32-stream cache-miss
3487 http fetch GET 200 https://registry.npmjs.org/crc-32 36ms (cache revalidated)
3488 silly packumentCache full:https://registry.npmjs.org/crc-32 set size:32170 disposed:false
3489 http fetch GET 200 https://registry.npmjs.org/crc32-stream 39ms (cache miss)
3490 silly packumentCache full:https://registry.npmjs.org/crc32-stream set size:undefined disposed:false
3491 silly placeDep node_modules/firebase-tools crc-32@1.2.2 OK for: compress-commons@6.0.2 want: ^1.2.0
3492 silly placeDep node_modules/firebase-tools crc32-stream@6.0.0 OK for: compress-commons@6.0.2 want: ^6.0.0
3493 silly placeDep node_modules/firebase-tools/node_modules/@apidevtools/json-schema-ref-parser argparse@2.0.1 OK for: js-yaml@4.1.1 want: ^2.0.1
3494 silly placeDep node_modules/firebase-tools/node_modules/@google-cloud/cloud-sql-connector node-fetch@3.3.2 OK for: gaxios@7.1.3 want: ^3.3.2
3495 silly placeDep node_modules/firebase-tools/node_modules/@google-cloud/cloud-sql-connector gcp-metadata@8.1.2 OK for: google-auth-library@10.5.0 want: ^8.0.0
3496 silly placeDep node_modules/firebase-tools/node_modules/@google-cloud/cloud-sql-connector google-logging-utils@1.1.3 OK for: google-auth-library@10.5.0 want: ^1.0.0
3497 silly placeDep node_modules/firebase-tools/node_modules/@google-cloud/cloud-sql-connector gtoken@8.0.0 OK for: google-auth-library@10.5.0 want: ^8.0.0
3498 silly placeDep node_modules/firebase-tools/node_modules/@google-cloud/cloud-sql-connector data-uri-to-buffer@4.0.1 OK for: node-fetch@3.3.2 want: ^4.0.0
3499 silly placeDep node_modules/firebase-tools fetch-blob@3.2.0 OK for: node-fetch@3.3.2 want: ^3.1.4
3500 silly placeDep node_modules/firebase-tools formdata-polyfill@4.0.10 OK for: node-fetch@3.3.2 want: ^4.0.10
3501 silly fetch manifest node-domexception@^1.0.0
3502 silly packumentCache full:https://registry.npmjs.org/node-domexception cache-miss
3503 silly fetch manifest web-streams-polyfill@^3.0.3
3504 silly packumentCache full:https://registry.npmjs.org/web-streams-polyfill cache-miss
3505 http fetch GET 200 https://registry.npmjs.org/node-domexception 42ms (cache miss)
3506 silly packumentCache full:https://registry.npmjs.org/node-domexception set size:undefined disposed:false
3507 http fetch GET 200 https://registry.npmjs.org/web-streams-polyfill 48ms (cache miss)
3508 silly packumentCache full:https://registry.npmjs.org/web-streams-polyfill set size:undefined disposed:false
3509 silly placeDep node_modules/firebase-tools node-domexception@1.0.0 OK for: fetch-blob@3.2.0 want: ^1.0.0
3510 silly placeDep node_modules/firebase-tools web-streams-polyfill@3.3.3 OK for: fetch-blob@3.2.0 want: ^3.0.3
3511 silly placeDep node_modules/firebase-tools/node_modules/@google-cloud/pubsub gaxios@7.1.3 OK for: google-auth-library@10.5.0 want: ^7.0.0
3512 silly placeDep node_modules/firebase-tools/node_modules/@google-cloud/pubsub gcp-metadata@8.1.2 OK for: google-auth-library@10.5.0 want: ^8.0.0
3513 silly placeDep node_modules/firebase-tools/node_modules/@google-cloud/pubsub google-logging-utils@1.1.3 OK for: google-auth-library@10.5.0 want: ^1.0.0
3514 silly placeDep node_modules/firebase-tools/node_modules/@google-cloud/pubsub gtoken@8.0.0 OK for: google-auth-library@10.5.0 want: ^8.0.0
3515 silly placeDep node_modules/firebase-tools/node_modules/@google-cloud/pubsub node-fetch@3.3.2 OK for: gaxios@7.1.3 want: ^3.3.2
3516 silly placeDep node_modules/firebase-tools/node_modules/@google-cloud/pubsub data-uri-to-buffer@4.0.1 OK for: node-fetch@3.3.2 want: ^4.0.0
3517 silly placeDep node_modules/firebase-tools eastasianwidth@0.2.0 OK for: string-width@5.1.2 want: ^0.2.0
3518 silly placeDep node_modules/firebase-tools/node_modules/@isaacs/cliui emoji-regex@9.2.2 OK for: string-width@5.1.2 want: ^9.2.2
3519 silly placeDep node_modules/firebase-tools/node_modules/@isaacs/cliui ansi-styles@6.2.3 OK for: wrap-ansi@8.1.0 want: ^6.1.0
3520 silly placeDep node_modules/firebase-tools/node_modules/@modelcontextprotocol/sdk accepts@2.0.0 OK for: express@5.2.1 want: ^2.0.0
3521 silly placeDep node_modules/firebase-tools/node_modules/@modelcontextprotocol/sdk body-parser@2.2.2 OK for: express@5.2.1 want: ^2.2.1
3522 silly placeDep node_modules/firebase-tools/node_modules/@modelcontextprotocol/sdk content-disposition@1.0.1 OK for: express@5.2.1 want: ^1.0.0
3523 silly placeDep node_modules/firebase-tools/node_modules/@modelcontextprotocol/sdk cookie-signature@1.2.2 OK for: express@5.2.1 want: ^1.2.1
3524 silly placeDep node_modules/firebase-tools/node_modules/@modelcontextprotocol/sdk debug@4.4.3 OK for: express@5.2.1 want: ^4.4.0
3525 silly placeDep node_modules/firebase-tools/node_modules/@modelcontextprotocol/sdk finalhandler@2.1.1 OK for: express@5.2.1 want: ^2.1.0
3526 silly placeDep node_modules/firebase-tools/node_modules/@modelcontextprotocol/sdk fresh@2.0.0 OK for: express@5.2.1 want: ^2.0.0
3527 silly placeDep node_modules/firebase-tools/node_modules/@modelcontextprotocol/sdk merge-descriptors@2.0.0 OK for: express@5.2.1 want: ^2.0.0
3528 silly placeDep node_modules/firebase-tools/node_modules/@modelcontextprotocol/sdk mime-types@3.0.2 OK for: express@5.2.1 want: ^3.0.0
3529 silly placeDep node_modules/firebase-tools/node_modules/@modelcontextprotocol/sdk send@1.2.1 OK for: express@5.2.1 want: ^1.1.0
3530 silly placeDep node_modules/firebase-tools/node_modules/@modelcontextprotocol/sdk serve-static@2.2.1 OK for: express@5.2.1 want: ^2.2.0
3531 silly placeDep node_modules/firebase-tools/node_modules/@modelcontextprotocol/sdk type-is@2.0.1 OK for: express@5.2.1 want: ^2.0.1
3532 silly fetch manifest debug@^4.4.3
3533 silly packumentCache full:https://registry.npmjs.org/debug cache-hit
3534 silly fetch manifest mime-db@^1.54.0
3535 silly packumentCache full:https://registry.npmjs.org/mime-db cache-hit
3536 silly fetch manifest media-typer@^1.1.0
3537 silly packumentCache full:https://registry.npmjs.org/media-typer cache-miss
3538 http cache https://registry.npmjs.org/media-typer 7ms (cache hit)
3539 silly packumentCache full:https://registry.npmjs.org/media-typer set size:20873 disposed:false
3540 silly placeDep node_modules/firebase-tools/node_modules/@modelcontextprotocol/sdk negotiator@1.0.0 OK for: accepts@2.0.0 want: ^1.0.0
3541 silly placeDep node_modules/firebase-tools/node_modules/@modelcontextprotocol/sdk ms@2.1.3 OK for: debug@4.4.3 want: ^2.1.3
3542 silly placeDep node_modules/firebase-tools/node_modules/@modelcontextprotocol/sdk mime-db@1.54.0 OK for: mime-types@3.0.2 want: ^1.54.0
3543 silly placeDep node_modules/firebase-tools/node_modules/@modelcontextprotocol/sdk media-typer@1.1.0 OK for: type-is@2.0.1 want: ^1.1.0
3544 silly placeDep node_modules/firebase-tools/node_modules/ansi-styles color-name@1.1.4 OK for: color-convert@2.0.1 want: ~1.1.4
3545 silly placeDep node_modules/firebase-tools util-deprecate@1.0.2 OK for: readable-stream@3.6.2 want: ^1.0.1
3546 silly placeDep node_modules/firebase-tools/node_modules/boxen strip-ansi@6.0.1 OK for: wrap-ansi@7.0.0 want: ^6.0.0
3547 silly placeDep node_modules/firebase-tools/node_modules/boxen ansi-regex@5.0.1 OK for: strip-ansi@6.0.1 want: ^5.0.1
3548 silly placeDep node_modules/firebase-tools/node_modules/cacache minimatch@10.1.2 OK for: glob@13.0.1 want: ^10.1.2
3549 silly placeDep node_modules/firebase-tools/node_modules/cacache path-scurry@2.0.1 OK for: glob@13.0.1 want: ^2.0.0
3550 silly fetch manifest @isaacs/brace-expansion@^5.0.1
3551 silly packumentCache full:https://registry.npmjs.org/@isaacs%2fbrace-expansion cache-miss
3552 http fetch GET 200 https://registry.npmjs.org/@isaacs%2fbrace-expansion 50ms (cache miss)
3553 silly packumentCache full:https://registry.npmjs.org/@isaacs%2fbrace-expansion set size:undefined disposed:false
3554 silly placeDep node_modules/firebase-tools @isaacs/brace-expansion@5.0.1 OK for: minimatch@10.1.2 want: ^5.0.1
3555 silly fetch manifest @isaacs/balanced-match@^4.0.1
3556 silly packumentCache full:https://registry.npmjs.org/@isaacs%2fbalanced-match cache-miss
3557 http fetch GET 200 https://registry.npmjs.org/@isaacs%2fbalanced-match 48ms (cache miss)
3558 silly packumentCache full:https://registry.npmjs.org/@isaacs%2fbalanced-match set size:undefined disposed:false
3559 silly placeDep node_modules/firebase-tools @isaacs/balanced-match@4.0.1 OK for: @isaacs/brace-expansion@5.0.1 want: ^4.0.1
3560 silly placeDep node_modules/firebase-tools/node_modules/cli-highlight cliui@7.0.4 OK for: yargs@16.2.0 want: ^7.0.2
3561 silly placeDep node_modules/firebase-tools/node_modules/cli-highlight yargs-parser@20.2.9 OK for: yargs@16.2.0 want: ^20.2.2
3562 silly placeDep node_modules/firebase-tools/node_modules/cli-highlight strip-ansi@6.0.1 OK for: cliui@7.0.4 want: ^6.0.0
3563 silly placeDep node_modules/firebase-tools/node_modules/cli-highlight wrap-ansi@7.0.0 OK for: cliui@7.0.4 want: ^7.0.0
3564 silly placeDep node_modules/firebase-tools/node_modules/cli-highlight ansi-regex@5.0.1 OK for: strip-ansi@6.0.1 want: ^5.0.1
3565 silly placeDep node_modules/firebase-tools/node_modules/cliui ansi-regex@5.0.1 OK for: strip-ansi@6.0.1 want: ^5.0.1
3566 silly placeDep node_modules/firebase-tools/node_modules/connect encodeurl@1.0.2 OK for: finalhandler@1.1.2 want: ~1.0.2
3567 silly placeDep node_modules/firebase-tools/node_modules/connect on-finished@2.3.0 OK for: finalhandler@1.1.2 want: ~2.3.0
3568 silly placeDep node_modules/firebase-tools/node_modules/connect statuses@1.5.0 OK for: finalhandler@1.1.2 want: ~1.5.0
3569 silly placeDep node_modules/firebase-tools/node_modules/exegesis iconv-lite@0.4.24 OK for: raw-body@2.5.3 want: ~0.4.24
3570 silly placeDep node_modules/firebase-tools/node_modules/get-uri ms@2.1.3 OK for: debug@4.4.3 want: ^2.1.3
3571 silly placeDep node_modules/firebase-tools/node_modules/glob brace-expansion@2.0.2 OK for: minimatch@9.0.5 want: ^2.0.1
3572 silly placeDep node_modules/firebase-tools/node_modules/google-gax gaxios@7.1.3 OK for: google-auth-library@10.5.0 want: ^7.0.0
3573 silly placeDep node_modules/firebase-tools/node_modules/google-gax gcp-metadata@8.1.2 OK for: google-auth-library@10.5.0 want: ^8.0.0
3574 silly placeDep node_modules/firebase-tools/node_modules/google-gax gtoken@8.0.0 OK for: google-auth-library@10.5.0 want: ^8.0.0
3575 silly placeDep node_modules/firebase-tools/node_modules/google-gax data-uri-to-buffer@4.0.1 OK for: node-fetch@3.3.2 want: ^4.0.0
3576 silly placeDep node_modules/firebase-tools/node_modules/googleapis-common node-fetch@3.3.2 OK for: gaxios@7.1.3 want: ^3.3.2
3577 silly placeDep node_modules/firebase-tools/node_modules/googleapis-common gcp-metadata@8.1.2 OK for: google-auth-library@10.5.0 want: ^8.0.0
3578 silly placeDep node_modules/firebase-tools/node_modules/googleapis-common google-logging-utils@1.1.3 OK for: google-auth-library@10.5.0 want: ^1.0.0
3579 silly placeDep node_modules/firebase-tools/node_modules/googleapis-common gtoken@8.0.0 OK for: google-auth-library@10.5.0 want: ^8.0.0
3580 silly placeDep node_modules/firebase-tools/node_modules/googleapis-common data-uri-to-buffer@4.0.1 OK for: node-fetch@3.3.2 want: ^4.0.0
3581 silly placeDep node_modules/firebase-tools/node_modules/http-proxy-agent ms@2.1.3 OK for: debug@4.4.3 want: ^2.1.3
3582 silly placeDep node_modules/firebase-tools/node_modules/https-proxy-agent ms@2.1.3 OK for: debug@4.4.3 want: ^2.1.3
3583 silly placeDep node_modules/firebase-tools core-util-is@1.0.3 OK for: readable-stream@2.3.8 want: ~1.0.0
3584 silly placeDep node_modules/firebase-tools isarray@1.0.0 OK for: readable-stream@2.3.8 want: ~1.0.0
3585 silly placeDep node_modules/firebase-tools process-nextick-args@2.0.1 OK for: readable-stream@2.3.8 want: ~2.0.0
3586 silly placeDep node_modules/firebase-tools/node_modules/lazystream safe-buffer@5.1.2 OK for: readable-stream@2.3.8 want: ~5.1.1
3587 silly placeDep node_modules/firebase-tools/node_modules/lazystream string_decoder@1.1.1 OK for: readable-stream@2.3.8 want: ~1.1.1
3588 silly placeDep node_modules/firebase-tools/node_modules/minipass-flush yallist@4.0.0 OK for: minipass@3.3.6 want: ^4.0.0
3589 silly placeDep node_modules/firebase-tools/node_modules/minipass-pipeline yallist@4.0.0 OK for: minipass@3.3.6 want: ^4.0.0
3590 silly placeDep node_modules/firebase-tools/node_modules/node-gyp isexe@3.1.4 OK for: which@6.0.0 want: ^3.1.1
3591 silly placeDep node_modules/firebase-tools/node_modules/ora ansi-regex@5.0.1 OK for: strip-ansi@6.0.1 want: ^5.0.1
3592 silly placeDep node_modules/firebase-tools/node_modules/pac-proxy-agent ms@2.1.3 OK for: debug@4.4.3 want: ^2.1.3
3593 silly placeDep node_modules/firebase-tools/node_modules/portfinder ms@2.1.3 OK for: debug@4.4.3 want: ^2.1.3
3594 silly placeDep node_modules/firebase-tools/node_modules/proxy-agent ms@2.1.3 OK for: debug@4.4.3 want: ^2.1.3
3595 silly placeDep node_modules/firebase-tools/node_modules/readdir-glob brace-expansion@2.0.2 OK for: minimatch@5.1.6 want: ^2.0.1
3596 silly placeDep node_modules/firebase-tools/node_modules/router ms@2.1.3 OK for: debug@4.4.3 want: ^2.1.3
3597 silly placeDep node_modules/firebase-tools/node_modules/socks-proxy-agent ms@2.1.3 OK for: debug@4.4.3 want: ^2.1.3
3598 silly placeDep node_modules/firebase-tools/node_modules/string-width-cjs ansi-regex@5.0.1 OK for: strip-ansi@6.0.1 want: ^5.0.1
3599 silly placeDep node_modules/firebase-tools/node_modules/string-width ansi-regex@5.0.1 OK for: strip-ansi@6.0.1 want: ^5.0.1
3600 silly placeDep node_modules/firebase-tools/node_modules/superstatic brace-expansion@2.0.2 OK for: minimatch@6.2.0 want: ^2.0.1
3601 silly placeDep node_modules/firebase-tools/node_modules/superstatic isarray@0.0.1 OK for: path-to-regexp@1.9.0 want: 0.0.1
3602 silly placeDep node_modules/firebase-tools/node_modules/tcp-port-used ms@2.1.2 OK for: debug@4.3.1 want: 2.1.2
3603 silly placeDep node_modules/firebase-tools @tootallnate/once@2.0.0 OK for: http-proxy-agent@5.0.0 want: 2
3604 silly placeDep node_modules/firebase-tools/node_modules/teeny-request agent-base@6.0.2 OK for: http-proxy-agent@5.0.0 want: 6
3605 silly placeDep node_modules/firebase-tools/node_modules/teeny-request debug@4.4.3 OK for: http-proxy-agent@5.0.0 want: 4
3606 silly placeDep node_modules/firebase-tools/node_modules/teeny-request ms@2.1.3 OK for: debug@4.4.3 want: ^2.1.3
3607 silly placeDep node_modules/firebase-tools/node_modules/teeny-request data-uri-to-buffer@4.0.1 OK for: node-fetch@3.3.2 want: ^4.0.0
3608 silly placeDep node_modules/firebase-tools/node_modules/through2 safe-buffer@5.1.2 OK for: readable-stream@2.3.8 want: ~5.1.1
3609 silly placeDep node_modules/firebase-tools/node_modules/through2 string_decoder@1.1.1 OK for: readable-stream@2.3.8 want: ~1.1.1
3610 silly placeDep node_modules/firebase-tools/node_modules/universal-analytics ms@2.1.3 OK for: debug@4.4.3 want: ^2.1.3
3611 silly placeDep node_modules/firebase-tools/node_modules/wrap-ansi-cjs ansi-regex@5.0.1 OK for: strip-ansi@6.0.1 want: ^5.0.1
3612 silly placeDep node_modules/firebase-tools/node_modules/wrap-ansi ansi-regex@5.0.1 OK for: strip-ansi@6.0.1 want: ^5.0.1
3613 warn EBADENGINE Unsupported engine {
3613 warn EBADENGINE   package: 'superstatic@10.0.0',
3613 warn EBADENGINE   required: { node: '20 || 22 || 24' },
3613 warn EBADENGINE   current: { node: 'v25.3.0', npm: '11.9.0' }
3613 warn EBADENGINE }
3614 silly reify moves {}
3615 http cache firebase-tools@https://registry.npmjs.org/firebase-tools/-/firebase-tools-15.5.1.tgz 0ms (cache hit)
3616 http cache process-nextick-args@https://registry.npmjs.org/process-nextick-args/-/process-nextick-args-2.0.1.tgz 0ms (cache hit)
3617 http cache @tootallnate/once@https://registry.npmjs.org/@tootallnate/once/-/once-2.0.0.tgz 0ms (cache hit)
3618 http cache core-util-is@https://registry.npmjs.org/core-util-is/-/core-util-is-1.0.3.tgz 0ms (cache hit)
3619 http cache isarray@https://registry.npmjs.org/isarray/-/isarray-1.0.0.tgz 0ms (cache hit)
3620 http cache @isaacs/balanced-match@https://registry.npmjs.org/@isaacs/balanced-match/-/balanced-match-4.0.1.tgz 0ms (cache hit)
3621 http cache @isaacs/brace-expansion@https://registry.npmjs.org/@isaacs/brace-expansion/-/brace-expansion-5.0.1.tgz 0ms (cache hit)
3622 http cache eastasianwidth@https://registry.npmjs.org/eastasianwidth/-/eastasianwidth-0.2.0.tgz 0ms (cache hit)
3623 http cache node-domexception@https://registry.npmjs.org/node-domexception/-/node-domexception-1.0.0.tgz 0ms (cache hit)
3624 http cache formdata-polyfill@https://registry.npmjs.org/formdata-polyfill/-/formdata-polyfill-4.0.10.tgz 0ms (cache hit)
3625 http cache fetch-blob@https://registry.npmjs.org/fetch-blob/-/fetch-blob-3.2.0.tgz 0ms (cache hit)
3626 http cache web-streams-polyfill@https://registry.npmjs.org/web-streams-polyfill/-/web-streams-polyfill-3.3.3.tgz 0ms (cache hit)
3627 http cache crc32-stream@https://registry.npmjs.org/crc32-stream/-/crc32-stream-6.0.0.tgz 0ms (cache hit)
3628 http cache compress-commons@https://registry.npmjs.org/compress-commons/-/compress-commons-6.0.2.tgz 0ms (cache hit)
3629 http cache yargs-parser@https://registry.npmjs.org/yargs-parser/-/yargs-parser-21.1.1.tgz 0ms (cache hit)
3630 http cache y18n@https://registry.npmjs.org/y18n/-/y18n-5.0.8.tgz 0ms (cache hit)
3631 http cache require-directory@https://registry.npmjs.org/require-directory/-/require-directory-2.1.1.tgz 0ms (cache hit)
3632 http cache util-deprecate@https://registry.npmjs.org/util-deprecate/-/util-deprecate-1.0.2.tgz 0ms (cache hit)
3633 http cache crc-32@https://registry.npmjs.org/crc-32/-/crc-32-1.2.2.tgz 0ms (cache hit)
3634 http cache escalade@https://registry.npmjs.org/escalade/-/escalade-3.2.0.tgz 0ms (cache hit)
3635 http cache cliui@https://registry.npmjs.org/cliui/-/cliui-8.0.1.tgz 0ms (cache hit)
3636 http cache ansi-regex@https://registry.npmjs.org/ansi-regex/-/ansi-regex-5.0.1.tgz 0ms (cache hit)
3637 http cache wrap-ansi@https://registry.npmjs.org/wrap-ansi/-/wrap-ansi-7.0.0.tgz 0ms (cache hit)
3638 http cache strip-ansi@https://registry.npmjs.org/strip-ansi/-/strip-ansi-6.0.1.tgz 0ms (cache hit)
3639 http cache typedarray-to-buffer@https://registry.npmjs.org/typedarray-to-buffer/-/typedarray-to-buffer-3.1.5.tgz 0ms (cache hit)
3640 http cache is-typedarray@https://registry.npmjs.org/is-typedarray/-/is-typedarray-1.0.0.tgz 0ms (cache hit)
3641 http cache ansi-styles@https://registry.npmjs.org/ansi-styles/-/ansi-styles-4.3.0.tgz 0ms (cache hit)
3642 http cache get-caller-file@https://registry.npmjs.org/get-caller-file/-/get-caller-file-2.0.5.tgz 0ms (cache hit)
3643 http cache color-name@https://registry.npmjs.org/color-name/-/color-name-1.1.4.tgz 0ms (cache hit)
3644 http cache fn.name@https://registry.npmjs.org/fn.name/-/fn.name-1.1.0.tgz 0ms (cache hit)
3645 http cache fecha@https://registry.npmjs.org/fecha/-/fecha-4.2.3.tgz 0ms (cache hit)
3646 http cache @types/triple-beam@https://registry.npmjs.org/@types/triple-beam/-/triple-beam-1.3.5.tgz 0ms (cache hit)
3647 http cache color-name@https://registry.npmjs.org/color-name/-/color-name-2.1.0.tgz 0ms (cache hit)
3648 http cache color-string@https://registry.npmjs.org/color-string/-/color-string-2.1.4.tgz 0ms (cache hit)
3649 http cache color-convert@https://registry.npmjs.org/color-convert/-/color-convert-3.1.3.tgz 0ms (cache hit)
3650 http cache text-hex@https://registry.npmjs.org/text-hex/-/text-hex-1.0.0.tgz 0ms (cache hit)
3651 http cache color@https://registry.npmjs.org/color/-/color-5.0.3.tgz 0ms (cache hit)
3652 http cache kuler@https://registry.npmjs.org/kuler/-/kuler-2.0.0.tgz 0ms (cache hit)
3653 http cache color-convert@https://registry.npmjs.org/color-convert/-/color-convert-2.0.1.tgz 0ms (cache hit)
3654 http cache enabled@https://registry.npmjs.org/enabled/-/enabled-2.0.0.tgz 0ms (cache hit)
3655 http cache stack-trace@https://registry.npmjs.org/stack-trace/-/stack-trace-0.0.10.tgz 0ms (cache hit)
3656 http cache safe-stable-stringify@https://registry.npmjs.org/safe-stable-stringify/-/safe-stable-stringify-2.5.0.tgz 0ms (cache hit)
3657 http cache one-time@https://registry.npmjs.org/one-time/-/one-time-1.0.0.tgz 0ms (cache hit)
3658 http cache logform@https://registry.npmjs.org/logform/-/logform-2.7.0.tgz 0ms (cache hit)
3659 http cache ms@https://registry.npmjs.org/ms/-/ms-2.1.3.tgz 0ms (cache hit)
3660 http cache @colors/colors@https://registry.npmjs.org/@colors/colors/-/colors-1.6.0.tgz 0ms (cache hit)
3661 http cache @dabh/diagnostics@https://registry.npmjs.org/@dabh/diagnostics/-/diagnostics-2.0.8.tgz 0ms (cache hit)
3662 http cache @so-ric/colorspace@https://registry.npmjs.org/@so-ric/colorspace/-/colorspace-1.1.6.tgz 0ms (cache hit)
3663 http cache isexe@https://registry.npmjs.org/isexe/-/isexe-2.0.0.tgz 0ms (cache hit)
3664 http cache clone@https://registry.npmjs.org/clone/-/clone-1.0.4.tgz 0ms (cache hit)
3665 http cache tr46@https://registry.npmjs.org/tr46/-/tr46-0.0.3.tgz 0ms (cache hit)
3666 http cache defaults@https://registry.npmjs.org/defaults/-/defaults-1.0.4.tgz 0ms (cache hit)
3667 http cache strip-json-comments@https://registry.npmjs.org/strip-json-comments/-/strip-json-comments-2.0.1.tgz 0ms (cache hit)
3668 http cache minimist@https://registry.npmjs.org/minimist/-/minimist-1.2.8.tgz 0ms (cache hit)
3669 http cache deep-extend@https://registry.npmjs.org/deep-extend/-/deep-extend-0.6.0.tgz 0ms (cache hit)
3670 http cache rc@https://registry.npmjs.org/rc/-/rc-1.2.8.tgz 0ms (cache hit)
3671 http cache ini@https://registry.npmjs.org/ini/-/ini-1.3.8.tgz 0ms (cache hit)
3672 http cache webidl-conversions@https://registry.npmjs.org/webidl-conversions/-/webidl-conversions-3.0.1.tgz 0ms (cache hit)
3673 http cache proto-list@https://registry.npmjs.org/proto-list/-/proto-list-1.2.4.tgz 0ms (cache hit)
3674 http cache ini@https://registry.npmjs.org/ini/-/ini-1.3.8.tgz 0ms (cache hit)
3675 http cache @pnpm/network.ca-file@https://registry.npmjs.org/@pnpm/network.ca-file/-/network.ca-file-1.0.2.tgz 0ms (cache hit)
3676 http cache graceful-fs@https://registry.npmjs.org/graceful-fs/-/graceful-fs-4.2.10.tgz 0ms (cache hit)
3677 http cache @pnpm/config.env-replace@https://registry.npmjs.org/@pnpm/config.env-replace/-/config.env-replace-1.1.0.tgz 0ms (cache hit)
3678 http cache @pnpm/npm-conf@https://registry.npmjs.org/@pnpm/npm-conf/-/npm-conf-3.0.2.tgz 0ms (cache hit)
3679 http cache escape-goat@https://registry.npmjs.org/escape-goat/-/escape-goat-2.1.1.tgz 0ms (cache hit)
3680 http cache whatwg-fetch@https://registry.npmjs.org/whatwg-fetch/-/whatwg-fetch-3.6.20.tgz 0ms (cache hit)
3681 http cache config-chain@https://registry.npmjs.org/config-chain/-/config-chain-1.1.13.tgz 0ms (cache hit)
3682 http cache ini@https://registry.npmjs.org/ini/-/ini-2.0.0.tgz 0ms (cache hit)
3683 http cache global-dirs@https://registry.npmjs.org/global-dirs/-/global-dirs-3.0.1.tgz 0ms (cache hit)
3684 http cache ci-info@https://registry.npmjs.org/ci-info/-/ci-info-2.0.0.tgz 0ms (cache hit)
3685 http cache type-fest@https://registry.npmjs.org/type-fest/-/type-fest-0.20.2.tgz 0ms (cache hit)
3686 http cache cli-boxes@https://registry.npmjs.org/cli-boxes/-/cli-boxes-2.2.1.tgz 0ms (cache hit)
3687 http cache widest-line@https://registry.npmjs.org/widest-line/-/widest-line-3.1.0.tgz 0ms (cache hit)
3688 http cache ansi-align@https://registry.npmjs.org/ansi-align/-/ansi-align-3.0.1.tgz 0ms (cache hit)
3689 http cache camelcase@https://registry.npmjs.org/camelcase/-/camelcase-6.3.0.tgz 0ms (cache hit)
3690 http cache is-path-inside@https://registry.npmjs.org/is-path-inside/-/is-path-inside-3.0.3.tgz 0ms (cache hit)
3691 http cache semver@https://registry.npmjs.org/semver/-/semver-6.3.1.tgz 1ms (cache hit)
3692 http cache registry-url@https://registry.npmjs.org/registry-url/-/registry-url-5.1.0.tgz 0ms (cache hit)
3693 http cache registry-auth-token@https://registry.npmjs.org/registry-auth-token/-/registry-auth-token-5.1.1.tgz 0ms (cache hit)
3694 http cache pupa@https://registry.npmjs.org/pupa/-/pupa-2.1.1.tgz 0ms (cache hit)
3695 http cache isomorphic-fetch@https://registry.npmjs.org/isomorphic-fetch/-/isomorphic-fetch-3.0.0.tgz 0ms (cache hit)
3696 http cache is-yarn-global@https://registry.npmjs.org/is-yarn-global/-/is-yarn-global-0.3.0.tgz 0ms (cache hit)
3697 http cache is-npm@https://registry.npmjs.org/is-npm/-/is-npm-5.0.0.tgz 0ms (cache hit)
3698 http cache is-installed-globally@https://registry.npmjs.org/is-installed-globally/-/is-installed-globally-0.4.0.tgz 0ms (cache hit)
3699 http cache is-ci@https://registry.npmjs.org/is-ci/-/is-ci-2.0.0.tgz 1ms (cache hit)
3700 http cache semver-diff@https://registry.npmjs.org/semver-diff/-/semver-diff-3.1.1.tgz 0ms (cache hit)
3701 http cache has-yarn@https://registry.npmjs.org/has-yarn/-/has-yarn-2.1.0.tgz 0ms (cache hit)
3702 http cache boxen@https://registry.npmjs.org/boxen/-/boxen-5.1.2.tgz 0ms (cache hit)
3703 http cache ansi-regex@https://registry.npmjs.org/ansi-regex/-/ansi-regex-5.0.1.tgz 0ms (cache hit)
3704 http cache strip-ansi@https://registry.npmjs.org/strip-ansi/-/strip-ansi-6.0.1.tgz 0ms (cache hit)
3705 http cache wrap-ansi@https://registry.npmjs.org/wrap-ansi/-/wrap-ansi-7.0.0.tgz 0ms (cache hit)
3706 http cache chalk@https://registry.npmjs.org/chalk/-/chalk-4.1.2.tgz 0ms (cache hit)
3707 http cache crypto-random-string@https://registry.npmjs.org/crypto-random-string/-/crypto-random-string-2.0.0.tgz 0ms (cache hit)
3708 http cache imurmurhash@https://registry.npmjs.org/imurmurhash/-/imurmurhash-0.1.4.tgz 0ms (cache hit)
3709 http cache import-lazy@https://registry.npmjs.org/import-lazy/-/import-lazy-2.1.0.tgz 0ms (cache hit)
3710 http cache unique-slug@https://registry.npmjs.org/unique-slug/-/unique-slug-6.0.0.tgz 0ms (cache hit)
3711 http cache @jridgewell/resolve-uri@https://registry.npmjs.org/@jridgewell/resolve-uri/-/resolve-uri-3.1.2.tgz 0ms (cache hit)
3712 http cache @jridgewell/sourcemap-codec@https://registry.npmjs.org/@jridgewell/sourcemap-codec/-/sourcemap-codec-1.5.5.tgz 0ms (cache hit)
3713 http cache @jridgewell/trace-mapping@https://registry.npmjs.org/@jridgewell/trace-mapping/-/trace-mapping-0.3.9.tgz 0ms (cache hit)
3714 http cache v8-compile-cache-lib@https://registry.npmjs.org/v8-compile-cache-lib/-/v8-compile-cache-lib-3.0.1.tgz 0ms (cache hit)
3715 http cache yn@https://registry.npmjs.org/yn/-/yn-3.1.1.tgz 0ms (cache hit)
3716 http cache make-error@https://registry.npmjs.org/make-error/-/make-error-1.3.6.tgz 0ms (cache hit)
3717 http cache create-require@https://registry.npmjs.org/create-require/-/create-require-1.1.1.tgz 0ms (cache hit)
3718 http cache arg@https://registry.npmjs.org/arg/-/arg-4.1.3.tgz 0ms (cache hit)
3719 http cache media-typer@https://registry.npmjs.org/media-typer/-/media-typer-0.3.0.tgz 0ms (cache hit)
3720 http cache acorn-walk@https://registry.npmjs.org/acorn-walk/-/acorn-walk-8.3.4.tgz 0ms (cache hit)
3721 http cache @tsconfig/node16@https://registry.npmjs.org/@tsconfig/node16/-/node16-1.0.4.tgz 0ms (cache hit)
3722 http cache @tsconfig/node14@https://registry.npmjs.org/@tsconfig/node14/-/node14-1.0.3.tgz 0ms (cache hit)
3723 http cache @tsconfig/node12@https://registry.npmjs.org/@tsconfig/node12/-/node12-1.0.11.tgz 0ms (cache hit)
3724 http cache @tsconfig/node10@https://registry.npmjs.org/@tsconfig/node10/-/node10-1.0.12.tgz 0ms (cache hit)
3725 http cache @cspotcode/source-map-support@https://registry.npmjs.org/@cspotcode/source-map-support/-/source-map-support-0.8.1.tgz 0ms (cache hit)
3726 http cache stubs@https://registry.npmjs.org/stubs/-/stubs-3.0.0.tgz 0ms (cache hit)
3727 http cache thenify@https://registry.npmjs.org/thenify/-/thenify-3.3.1.tgz 0ms (cache hit)
3728 http cache stream-events@https://registry.npmjs.org/stream-events/-/stream-events-1.0.5.tgz 0ms (cache hit)
3729 http cache acorn@https://registry.npmjs.org/acorn/-/acorn-8.15.0.tgz 0ms (cache hit)
3730 http cache ip-regex@https://registry.npmjs.org/ip-regex/-/ip-regex-4.3.0.tgz 0ms (cache hit)
3731 http cache is2@https://registry.npmjs.org/is2/-/is2-2.0.9.tgz 0ms (cache hit)
3732 http cache bare-events@https://registry.npmjs.org/bare-events/-/bare-events-2.8.2.tgz 0ms (cache hit)
3733 http cache text-decoder@https://registry.npmjs.org/text-decoder/-/text-decoder-1.2.3.tgz 0ms (cache hit)
3734 http cache events-universal@https://registry.npmjs.org/events-universal/-/events-universal-1.0.1.tgz 0ms (cache hit)
3735 http cache streamx@https://registry.npmjs.org/streamx/-/streamx-2.23.0.tgz 0ms (cache hit)
3736 http cache fast-fifo@https://registry.npmjs.org/fast-fifo/-/fast-fifo-1.3.2.tgz 0ms (cache hit)
3737 http cache b4a@https://registry.npmjs.org/b4a/-/b4a-1.7.3.tgz 0ms (cache hit)
3738 http cache yallist@https://registry.npmjs.org/yallist/-/yallist-5.0.0.tgz 0ms (cache hit)
3739 http cache deep-is@https://registry.npmjs.org/deep-is/-/deep-is-0.1.4.tgz 0ms (cache hit)
3740 http cache chownr@https://registry.npmjs.org/chownr/-/chownr-3.0.0.tgz 0ms (cache hit)
3741 http cache @isaacs/fs-minipass@https://registry.npmjs.org/@isaacs/fs-minipass/-/fs-minipass-4.0.1.tgz 0ms (cache hit)
3742 http cache has-flag@https://registry.npmjs.org/has-flag/-/has-flag-4.0.0.tgz 0ms (cache hit)
3743 http cache is-promise@https://registry.npmjs.org/is-promise/-/is-promise-4.0.0.tgz 0ms (cache hit)
3744 http cache err-code@https://registry.npmjs.org/err-code/-/err-code-2.0.3.tgz 0ms (cache hit)
3745 http cache supports-color@https://registry.npmjs.org/supports-color/-/supports-color-7.2.0.tgz 0ms (cache hit)
3746 http cache abbrev@https://registry.npmjs.org/abbrev/-/abbrev-4.0.0.tgz 0ms (cache hit)
3747 http cache minizlib@https://registry.npmjs.org/minizlib/-/minizlib-3.1.0.tgz 0ms (cache hit)
3748 http cache minipass-sized@https://registry.npmjs.org/minipass-sized/-/minipass-sized-2.0.0.tgz 0ms (cache hit)
3749 http cache encoding@https://registry.npmjs.org/encoding/-/encoding-0.1.13.tgz 0ms (cache hit)
3750 http cache iconv-lite@https://registry.npmjs.org/iconv-lite/-/iconv-lite-0.6.3.tgz 0ms (cache hit)
3751 http cache p-map@https://registry.npmjs.org/p-map/-/p-map-7.0.4.tgz 0ms (cache hit)
3752 http cache unique-filename@https://registry.npmjs.org/unique-filename/-/unique-filename-5.0.0.tgz 0ms (cache hit)
3753 http cache fs-minipass@https://registry.npmjs.org/fs-minipass/-/fs-minipass-3.0.3.tgz 0ms (cache hit)
3754 http cache minipass-collect@https://registry.npmjs.org/minipass-collect/-/minipass-collect-2.0.1.tgz 0ms (cache hit)
3755 http cache ssri@https://registry.npmjs.org/ssri/-/ssri-13.0.0.tgz 0ms (cache hit)
3756 http cache @npmcli/fs@https://registry.npmjs.org/@npmcli/fs/-/fs-5.0.0.tgz 0ms (cache hit)
3757 http cache promise-retry@https://registry.npmjs.org/promise-retry/-/promise-retry-2.0.1.tgz 0ms (cache hit)
3758 http cache retry@https://registry.npmjs.org/retry/-/retry-0.12.0.tgz 0ms (cache hit)
3759 http cache minipass-pipeline@https://registry.npmjs.org/minipass-pipeline/-/minipass-pipeline-1.2.4.tgz 0ms (cache hit)
3760 http cache yallist@https://registry.npmjs.org/yallist/-/yallist-4.0.0.tgz 0ms (cache hit)
3761 http cache minipass-flush@https://registry.npmjs.org/minipass-flush/-/minipass-flush-1.0.5.tgz 0ms (cache hit)
3762 http cache minipass@https://registry.npmjs.org/minipass/-/minipass-3.3.6.tgz 0ms (cache hit)
3763 http cache minipass-fetch@https://registry.npmjs.org/minipass-fetch/-/minipass-fetch-5.0.1.tgz 0ms (cache hit)
3764 http cache minipass@https://registry.npmjs.org/minipass/-/minipass-3.3.6.tgz 0ms (cache hit)
3765 http cache http-cache-semantics@https://registry.npmjs.org/http-cache-semantics/-/http-cache-semantics-4.2.0.tgz 0ms (cache hit)
3766 http cache yallist@https://registry.npmjs.org/yallist/-/yallist-4.0.0.tgz 0ms (cache hit)
3767 http cache cacache@https://registry.npmjs.org/cacache/-/cacache-20.0.3.tgz 0ms (cache hit)
3768 http cache path-scurry@https://registry.npmjs.org/path-scurry/-/path-scurry-2.0.1.tgz 0ms (cache hit)
3769 http cache minimatch@https://registry.npmjs.org/minimatch/-/minimatch-10.1.2.tgz 0ms (cache hit)
3770 http cache lru-cache@https://registry.npmjs.org/lru-cache/-/lru-cache-11.2.5.tgz 0ms (cache hit)
3771 http cache @npmcli/agent@https://registry.npmjs.org/@npmcli/agent/-/agent-4.0.0.tgz 0ms (cache hit)
3772 http cache glob@https://registry.npmjs.org/glob/-/glob-13.0.1.tgz 0ms (cache hit)
3773 http cache tinyglobby@https://registry.npmjs.org/tinyglobby/-/tinyglobby-0.2.15.tgz 0ms (cache hit)
3774 http cache lru-cache@https://registry.npmjs.org/lru-cache/-/lru-cache-11.2.5.tgz 0ms (cache hit)
3775 http cache fdir@https://registry.npmjs.org/fdir/-/fdir-6.5.0.tgz 0ms (cache hit)
3776 http cache picomatch@https://registry.npmjs.org/picomatch/-/picomatch-4.0.3.tgz 0ms (cache hit)
3777 http cache nopt@https://registry.npmjs.org/nopt/-/nopt-9.0.0.tgz 0ms (cache hit)
3778 http cache tar@https://registry.npmjs.org/tar/-/tar-7.5.7.tgz 0ms (cache hit)
3779 http cache make-fetch-happen@https://registry.npmjs.org/make-fetch-happen/-/make-fetch-happen-15.0.3.tgz 0ms (cache hit)
3780 http cache proc-log@https://registry.npmjs.org/proc-log/-/proc-log-6.1.0.tgz 0ms (cache hit)
3781 http cache exponential-backoff@https://registry.npmjs.org/exponential-backoff/-/exponential-backoff-3.1.3.tgz 0ms (cache hit)
3782 http cache negotiator@https://registry.npmjs.org/negotiator/-/negotiator-1.0.0.tgz 0ms (cache hit)
3783 http cache env-paths@https://registry.npmjs.org/env-paths/-/env-paths-2.2.1.tgz 0ms (cache hit)
3784 http cache isexe@https://registry.npmjs.org/isexe/-/isexe-3.1.4.tgz 0ms (cache hit)
3785 http cache node-gyp@https://registry.npmjs.org/node-gyp/-/node-gyp-12.2.0.tgz 0ms (cache hit)
3786 http cache which@https://registry.npmjs.org/which/-/which-6.0.0.tgz 0ms (cache hit)
3787 http cache diff@https://registry.npmjs.org/diff/-/diff-4.0.4.tgz 0ms (cache hit)
3788 http cache proc-log@https://registry.npmjs.org/proc-log/-/proc-log-6.1.0.tgz 0ms (cache hit)
3789 http cache install-artifact-from-github@https://registry.npmjs.org/install-artifact-from-github/-/install-artifact-from-github-1.4.0.tgz 0ms (cache hit)
3790 http cache nan@https://registry.npmjs.org/nan/-/nan-2.25.0.tgz 0ms (cache hit)
3791 http cache lodash._objecttypes@https://registry.npmjs.org/lodash._objecttypes/-/lodash._objecttypes-2.4.1.tgz 0ms (cache hit)
3792 http cache valid-url@https://registry.npmjs.org/valid-url/-/valid-url-1.0.9.tgz 0ms (cache hit)
3793 http cache as-array@https://registry.npmjs.org/as-array/-/as-array-2.0.0.tgz 0ms (cache hit)
3794 http cache toxic@https://registry.npmjs.org/toxic/-/toxic-1.0.1.tgz 0ms (cache hit)
3795 http cache glob-slash@https://registry.npmjs.org/glob-slash/-/glob-slash-1.0.0.tgz 0ms (cache hit)
3796 http cache lodash.isobject@https://registry.npmjs.org/lodash.isobject/-/lodash.isobject-2.4.1.tgz 0ms (cache hit)
3797 http cache compressible@https://registry.npmjs.org/compressible/-/compressible-2.0.18.tgz 0ms (cache hit)
3798 http cache tsscmp@https://registry.npmjs.org/tsscmp/-/tsscmp-1.0.6.tgz 0ms (cache hit)
3799 http cache router@https://registry.npmjs.org/router/-/router-2.2.0.tgz 0ms (cache hit)
3800 http cache url-join@https://registry.npmjs.org/url-join/-/url-join-0.0.1.tgz 0ms (cache hit)
3801 http cache ms@https://registry.npmjs.org/ms/-/ms-2.1.3.tgz 0ms (cache hit)
3802 http cache path-to-regexp@https://registry.npmjs.org/path-to-regexp/-/path-to-regexp-8.3.0.tgz 0ms (cache hit)
3803 http cache re2@https://registry.npmjs.org/re2/-/re2-1.23.2.tgz 0ms (cache hit)
3804 http cache debug@https://registry.npmjs.org/debug/-/debug-4.4.3.tgz 0ms (cache hit)
3805 http cache join-path@https://registry.npmjs.org/join-path/-/join-path-1.1.1.tgz 0ms (cache hit)
3806 http cache is-url@https://registry.npmjs.org/is-url/-/is-url-1.2.4.tgz 0ms (cache hit)
3807 http cache connect@https://registry.npmjs.org/connect/-/connect-3.7.0.tgz 0ms (cache hit)
3808 http cache glob-slasher@https://registry.npmjs.org/glob-slasher/-/glob-slasher-1.0.1.tgz 0ms (cache hit)
3809 http cache statuses@https://registry.npmjs.org/statuses/-/statuses-1.5.0.tgz 0ms (cache hit)
3810 http cache on-finished@https://registry.npmjs.org/on-finished/-/on-finished-2.3.0.tgz 0ms (cache hit)
3811 http cache encodeurl@https://registry.npmjs.org/encodeurl/-/encodeurl-1.0.2.tgz 0ms (cache hit)
3812 http cache finalhandler@https://registry.npmjs.org/finalhandler/-/finalhandler-1.1.2.tgz 0ms (cache hit)
3813 http cache negotiator@https://registry.npmjs.org/negotiator/-/negotiator-0.6.4.tgz 0ms (cache hit)
3814 http cache is-fullwidth-code-point@https://registry.npmjs.org/is-fullwidth-code-point/-/is-fullwidth-code-point-3.0.0.tgz 0ms (cache hit)
3815 http cache basic-auth-connect@https://registry.npmjs.org/basic-auth-connect/-/basic-auth-connect-1.1.0.tgz 0ms (cache hit)
3816 http cache emoji-regex@https://registry.npmjs.org/emoji-regex/-/emoji-regex-8.0.0.tgz 0ms (cache hit)
3817 http cache ret@https://registry.npmjs.org/ret/-/ret-0.1.15.tgz 0ms (cache hit)
3818 http cache discontinuous-range@https://registry.npmjs.org/discontinuous-range/-/discontinuous-range-1.0.0.tgz 0ms (cache hit)
3819 http cache randexp@https://registry.npmjs.org/randexp/-/randexp-0.4.6.tgz 0ms (cache hit)
3820 http cache railroad-diagrams@https://registry.npmjs.org/railroad-diagrams/-/railroad-diagrams-1.0.0.tgz 0ms (cache hit)
3821 http cache moo@https://registry.npmjs.org/moo/-/moo-0.5.2.tgz 0ms (cache hit)
3822 http cache nearley@https://registry.npmjs.org/nearley/-/nearley-2.20.1.tgz 0ms (cache hit)
3823 http cache compression@https://registry.npmjs.org/compression/-/compression-1.8.1.tgz 0ms (cache hit)
3824 http cache commander@https://registry.npmjs.org/commander/-/commander-2.20.3.tgz 0ms (cache hit)
3825 http cache unicode-emoji-modifier-base@https://registry.npmjs.org/unicode-emoji-modifier-base/-/unicode-emoji-modifier-base-1.0.0.tgz 0ms (cache hit)
3826 http cache socks@https://registry.npmjs.org/socks/-/socks-2.8.7.tgz 0ms (cache hit)
3827 http cache smart-buffer@https://registry.npmjs.org/smart-buffer/-/smart-buffer-4.2.0.tgz 0ms (cache hit)
3828 http cache call-bound@https://registry.npmjs.org/call-bound/-/call-bound-1.0.4.tgz 0ms (cache hit)
3829 http cache side-channel-list@https://registry.npmjs.org/side-channel-list/-/side-channel-list-1.0.0.tgz 0ms (cache hit)
3830 http cache side-channel-map@https://registry.npmjs.org/side-channel-map/-/side-channel-map-1.0.1.tgz 0ms (cache hit)
3831 http cache side-channel-weakmap@https://registry.npmjs.org/side-channel-weakmap/-/side-channel-weakmap-1.0.2.tgz 0ms (cache hit)
3832 http cache object-inspect@https://registry.npmjs.org/object-inspect/-/object-inspect-1.13.4.tgz 0ms (cache hit)
3833 http cache teeny-request@https://registry.npmjs.org/teeny-request/-/teeny-request-10.1.0.tgz 0ms (cache hit)
3834 http cache shebang-regex@https://registry.npmjs.org/shebang-regex/-/shebang-regex-3.0.0.tgz 0ms (cache hit)
3835 http cache ms@https://registry.npmjs.org/ms/-/ms-2.1.3.tgz 0ms (cache hit)
3836 http cache data-uri-to-buffer@https://registry.npmjs.org/data-uri-to-buffer/-/data-uri-to-buffer-4.0.1.tgz 0ms (cache hit)
3837 http cache agent-base@https://registry.npmjs.org/agent-base/-/agent-base-6.0.2.tgz 0ms (cache hit)
3838 http cache node-fetch@https://registry.npmjs.org/node-fetch/-/node-fetch-3.3.2.tgz 0ms (cache hit)
3839 http cache https-proxy-agent@https://registry.npmjs.org/https-proxy-agent/-/https-proxy-agent-5.0.1.tgz 0ms (cache hit)
3840 http cache debug@https://registry.npmjs.org/debug/-/debug-4.4.3.tgz 0ms (cache hit)
3841 http cache mimic-fn@https://registry.npmjs.org/mimic-fn/-/mimic-fn-2.1.0.tgz 0ms (cache hit)
3842 http cache onetime@https://registry.npmjs.org/onetime/-/onetime-5.1.2.tgz 0ms (cache hit)
3843 http cache string_decoder@https://registry.npmjs.org/string_decoder/-/string_decoder-1.3.0.tgz 0ms (cache hit)
3844 http cache http-proxy-agent@https://registry.npmjs.org/http-proxy-agent/-/http-proxy-agent-5.0.0.tgz 0ms (cache hit)
3845 http cache events@https://registry.npmjs.org/events/-/events-3.3.0.tgz 0ms (cache hit)
3846 http cache source-map@https://registry.npmjs.org/source-map/-/source-map-0.6.1.tgz 0ms (cache hit)
3847 http cache side-channel@https://registry.npmjs.org/side-channel/-/side-channel-1.1.0.tgz 0ms (cache hit)
3848 http cache process@https://registry.npmjs.org/process/-/process-0.11.10.tgz 0ms (cache hit)
3849 http cache esutils@https://registry.npmjs.org/esutils/-/esutils-2.0.3.tgz 0ms (cache hit)
3850 http cache tslib@https://registry.npmjs.org/tslib/-/tslib-2.8.1.tgz 0ms (cache hit)
3851 http cache estraverse@https://registry.npmjs.org/estraverse/-/estraverse-5.3.0.tgz 0ms (cache hit)
3852 http cache escodegen@https://registry.npmjs.org/escodegen/-/escodegen-2.1.0.tgz 0ms (cache hit)
3853 http cache ast-types@https://registry.npmjs.org/ast-types/-/ast-types-0.13.4.tgz 0ms (cache hit)
3854 http cache netmask@https://registry.npmjs.org/netmask/-/netmask-2.0.2.tgz 0ms (cache hit)
3855 http cache basic-ftp@https://registry.npmjs.org/basic-ftp/-/basic-ftp-5.1.0.tgz 0ms (cache hit)
3856 http cache data-uri-to-buffer@https://registry.npmjs.org/data-uri-to-buffer/-/data-uri-to-buffer-6.0.2.tgz 0ms (cache hit)
3857 http cache degenerator@https://registry.npmjs.org/degenerator/-/degenerator-5.0.1.tgz 0ms (cache hit)
3858 http cache pac-resolver@https://registry.npmjs.org/pac-resolver/-/pac-resolver-7.0.1.tgz 0ms (cache hit)
3859 http cache get-uri@https://registry.npmjs.org/get-uri/-/get-uri-6.0.5.tgz 0ms (cache hit)
3860 http cache debug@https://registry.npmjs.org/debug/-/debug-4.4.3.tgz 0ms (cache hit)
3861 http cache ms@https://registry.npmjs.org/ms/-/ms-2.1.3.tgz 0ms (cache hit)
3862 http cache socks-proxy-agent@https://registry.npmjs.org/socks-proxy-agent/-/socks-proxy-agent-8.0.5.tgz 0ms (cache hit)
3863 http cache proxy-from-env@https://registry.npmjs.org/proxy-from-env/-/proxy-from-env-1.1.0.tgz 0ms (cache hit)
3864 http cache @tootallnate/quickjs-emscripten@https://registry.npmjs.org/@tootallnate/quickjs-emscripten/-/quickjs-emscripten-0.23.0.tgz 0ms (cache hit)
3865 http cache ms@https://registry.npmjs.org/ms/-/ms-2.1.3.tgz 0ms (cache hit)
3866 http cache debug@https://registry.npmjs.org/debug/-/debug-4.4.3.tgz 0ms (cache hit)
3867 http cache pac-proxy-agent@https://registry.npmjs.org/pac-proxy-agent/-/pac-proxy-agent-7.2.0.tgz 0ms (cache hit)
3868 http cache debug@https://registry.npmjs.org/debug/-/debug-4.4.3.tgz 0ms (cache hit)
3869 http cache ms@https://registry.npmjs.org/ms/-/ms-2.1.3.tgz 0ms (cache hit)
3870 http cache ms@https://registry.npmjs.org/ms/-/ms-2.1.3.tgz 0ms (cache hit)
3871 http cache http-proxy-agent@https://registry.npmjs.org/http-proxy-agent/-/http-proxy-agent-7.0.2.tgz 0ms (cache hit)
3872 http cache ipaddr.js@https://registry.npmjs.org/ipaddr.js/-/ipaddr.js-1.9.1.tgz 0ms (cache hit)
3873 http cache debug@https://registry.npmjs.org/debug/-/debug-4.4.3.tgz 0ms (cache hit)
3874 http cache @protobufjs/utf8@https://registry.npmjs.org/@protobufjs/utf8/-/utf8-1.1.0.tgz 0ms (cache hit)
3875 http cache forwarded@https://registry.npmjs.org/forwarded/-/forwarded-0.2.0.tgz 0ms (cache hit)
3876 http cache @protobufjs/pool@https://registry.npmjs.org/@protobufjs/pool/-/pool-1.1.0.tgz 0ms (cache hit)
3877 http cache @protobufjs/path@https://registry.npmjs.org/@protobufjs/path/-/path-1.1.2.tgz 0ms (cache hit)
3878 http cache @protobufjs/float@https://registry.npmjs.org/@protobufjs/float/-/float-1.0.2.tgz 0ms (cache hit)
3879 http cache @protobufjs/fetch@https://registry.npmjs.org/@protobufjs/fetch/-/fetch-1.1.0.tgz 0ms (cache hit)
3880 http cache @protobufjs/eventemitter@https://registry.npmjs.org/@protobufjs/eventemitter/-/eventemitter-1.1.0.tgz 0ms (cache hit)
3881 http cache @protobufjs/inquire@https://registry.npmjs.org/@protobufjs/inquire/-/inquire-1.1.0.tgz 0ms (cache hit)
3882 http cache @protobufjs/codegen@https://registry.npmjs.org/@protobufjs/codegen/-/codegen-2.0.4.tgz 0ms (cache hit)
3883 http cache xtend@https://registry.npmjs.org/xtend/-/xtend-4.0.2.tgz 0ms (cache hit)
3884 http cache split2@https://registry.npmjs.org/split2/-/split2-4.2.0.tgz 0ms (cache hit)
3885 http cache @protobufjs/base64@https://registry.npmjs.org/@protobufjs/base64/-/base64-1.1.2.tgz 0ms (cache hit)
3886 http cache postgres-date@https://registry.npmjs.org/postgres-date/-/postgres-date-1.0.7.tgz 0ms (cache hit)
3887 http cache postgres-bytea@https://registry.npmjs.org/postgres-bytea/-/postgres-bytea-1.0.1.tgz 0ms (cache hit)
3888 http cache postgres-interval@https://registry.npmjs.org/postgres-interval/-/postgres-interval-1.2.0.tgz 0ms (cache hit)
3889 http cache postgres-array@https://registry.npmjs.org/postgres-array/-/postgres-array-2.0.0.tgz 0ms (cache hit)
3890 http cache @protobufjs/aspromise@https://registry.npmjs.org/@protobufjs/aspromise/-/aspromise-1.1.2.tgz 0ms (cache hit)
3891 http cache pg-int8@https://registry.npmjs.org/pg-int8/-/pg-int8-1.0.1.tgz 0ms (cache hit)
3892 http cache pg-types@https://registry.npmjs.org/pg-types/-/pg-types-2.2.0.tgz 0ms (cache hit)
3893 http cache pgpass@https://registry.npmjs.org/pgpass/-/pgpass-1.0.5.tgz 0ms (cache hit)
3894 http cache pg-protocol@https://registry.npmjs.org/pg-protocol/-/pg-protocol-1.11.0.tgz 0ms (cache hit)
3895 http cache pg-connection-string@https://registry.npmjs.org/pg-connection-string/-/pg-connection-string-2.11.0.tgz 0ms (cache hit)
3896 http cache pg-cloudflare@https://registry.npmjs.org/pg-cloudflare/-/pg-cloudflare-1.3.0.tgz 0ms (cache hit)
3897 http cache yocto-queue@https://registry.npmjs.org/yocto-queue/-/yocto-queue-0.1.0.tgz 0ms (cache hit)
3898 http cache restore-cursor@https://registry.npmjs.org/restore-cursor/-/restore-cursor-3.1.0.tgz 0ms (cache hit)
3899 http cache pg-pool@https://registry.npmjs.org/pg-pool/-/pg-pool-3.11.0.tgz 0ms (cache hit)
3900 http cache signal-exit@https://registry.npmjs.org/signal-exit/-/signal-exit-3.0.7.tgz 0ms (cache hit)
3901 http cache buffer@https://registry.npmjs.org/buffer/-/buffer-5.7.1.tgz 0ms (cache hit)
3902 http cache ieee754@https://registry.npmjs.org/ieee754/-/ieee754-1.2.1.tgz 0ms (cache hit)
3903 http cache wcwidth@https://registry.npmjs.org/wcwidth/-/wcwidth-1.0.1.tgz 0ms (cache hit)
3904 http cache chalk@https://registry.npmjs.org/chalk/-/chalk-4.1.2.tgz 0ms (cache hit)
3905 http cache log-symbols@https://registry.npmjs.org/log-symbols/-/log-symbols-4.1.0.tgz 0ms (cache hit)
3906 http cache is-unicode-supported@https://registry.npmjs.org/is-unicode-supported/-/is-unicode-supported-0.1.0.tgz 0ms (cache hit)
3907 http cache is-interactive@https://registry.npmjs.org/is-interactive/-/is-interactive-1.0.0.tgz 0ms (cache hit)
3908 http cache bl@https://registry.npmjs.org/bl/-/bl-4.1.0.tgz 0ms (cache hit)
3909 http cache is-wsl@https://registry.npmjs.org/is-wsl/-/is-wsl-1.1.0.tgz 0ms (cache hit)
3910 http cache cli-spinners@https://registry.npmjs.org/cli-spinners/-/cli-spinners-2.9.2.tgz 0ms (cache hit)
3911 http cache cli-cursor@https://registry.npmjs.org/cli-cursor/-/cli-cursor-3.1.0.tgz 0ms (cache hit)
3912 http cache readable-stream@https://registry.npmjs.org/readable-stream/-/readable-stream-3.6.2.tgz 0ms (cache hit)
3913 http cache validate-npm-package-name@https://registry.npmjs.org/validate-npm-package-name/-/validate-npm-package-name-5.0.1.tgz 0ms (cache hit)
3914 http cache lru-cache@https://registry.npmjs.org/lru-cache/-/lru-cache-10.4.3.tgz 0ms (cache hit)
3915 http cache wrappy@https://registry.npmjs.org/wrappy/-/wrappy-1.0.2.tgz 0ms (cache hit)
3916 http cache proc-log@https://registry.npmjs.org/proc-log/-/proc-log-4.2.0.tgz 0ms (cache hit)
3917 http cache npm-normalize-package-bin@https://registry.npmjs.org/npm-normalize-package-bin/-/npm-normalize-package-bin-3.0.1.tgz 0ms (cache hit)
3918 http cache hosted-git-info@https://registry.npmjs.org/hosted-git-info/-/hosted-git-info-7.0.2.tgz 0ms (cache hit)
3919 http cache npm-package-arg@https://registry.npmjs.org/npm-package-arg/-/npm-package-arg-11.0.3.tgz 0ms (cache hit)
3920 http cache npm-install-checks@https://registry.npmjs.org/npm-install-checks/-/npm-install-checks-6.3.0.tgz 0ms (cache hit)
3921 http cache char-regex@https://registry.npmjs.org/char-regex/-/char-regex-1.0.2.tgz 0ms (cache hit)
3922 http cache skin-tone@https://registry.npmjs.org/skin-tone/-/skin-tone-2.0.0.tgz 0ms (cache hit)
3923 http cache emojilib@https://registry.npmjs.org/emojilib/-/emojilib-2.4.0.tgz 0ms (cache hit)
3924 http cache whatwg-url@https://registry.npmjs.org/whatwg-url/-/whatwg-url-5.0.0.tgz 0ms (cache hit)
3925 http cache @sindresorhus/is@https://registry.npmjs.org/@sindresorhus/is/-/is-4.6.0.tgz 0ms (cache hit)
3926 http cache on-headers@https://registry.npmjs.org/on-headers/-/on-headers-1.1.0.tgz 0ms (cache hit)
3927 http cache any-promise@https://registry.npmjs.org/any-promise/-/any-promise-1.3.0.tgz 0ms (cache hit)
3928 http cache thenify-all@https://registry.npmjs.org/thenify-all/-/thenify-all-1.6.0.tgz 0ms (cache hit)
3929 http cache basic-auth@https://registry.npmjs.org/basic-auth/-/basic-auth-2.0.1.tgz 0ms (cache hit)
3930 http cache brace-expansion@https://registry.npmjs.org/brace-expansion/-/brace-expansion-1.1.12.tgz 0ms (cache hit)
3931 http cache concat-map@https://registry.npmjs.org/concat-map/-/concat-map-0.0.1.tgz 0ms (cache hit)
3932 http cache safe-buffer@https://registry.npmjs.org/safe-buffer/-/safe-buffer-5.1.2.tgz 0ms (cache hit)
3933 http cache mime-db@https://registry.npmjs.org/mime-db/-/mime-db-1.52.0.tgz 0ms (cache hit)
3934 http cache parse5@https://registry.npmjs.org/parse5/-/parse5-5.1.1.tgz 0ms (cache hit)
3935 http cache parse5-htmlparser2-tree-adapter@https://registry.npmjs.org/parse5-htmlparser2-tree-adapter/-/parse5-htmlparser2-tree-adapter-6.0.1.tgz 0ms (cache hit)
3936 http cache highlight.js@https://registry.npmjs.org/highlight.js/-/highlight.js-10.7.3.tgz 0ms (cache hit)
3937 http cache parse5@https://registry.npmjs.org/parse5/-/parse5-6.0.1.tgz 0ms (cache hit)
3938 http cache environment@https://registry.npmjs.org/environment/-/environment-1.1.0.tgz 0ms (cache hit)
3939 http cache mz@https://registry.npmjs.org/mz/-/mz-2.7.0.tgz 0ms (cache hit)
3940 http cache supports-hyperlinks@https://registry.npmjs.org/supports-hyperlinks/-/supports-hyperlinks-3.2.0.tgz 0ms (cache hit)
3941 http cache node-emoji@https://registry.npmjs.org/node-emoji/-/node-emoji-2.2.0.tgz 0ms (cache hit)
3942 http cache ansi-regex@https://registry.npmjs.org/ansi-regex/-/ansi-regex-5.0.1.tgz 0ms (cache hit)
3943 http cache cli-highlight@https://registry.npmjs.org/cli-highlight/-/cli-highlight-2.1.11.tgz 0ms (cache hit)
3944 http cache balanced-match@https://registry.npmjs.org/balanced-match/-/balanced-match-1.0.2.tgz 0ms (cache hit)
3945 http cache strip-ansi@https://registry.npmjs.org/strip-ansi/-/strip-ansi-6.0.1.tgz 0ms (cache hit)
3946 http cache chalk@https://registry.npmjs.org/chalk/-/chalk-4.1.2.tgz 0ms (cache hit)
3947 http cache cliui@https://registry.npmjs.org/cliui/-/cliui-7.0.4.tgz 0ms (cache hit)
3948 http cache yargs@https://registry.npmjs.org/yargs/-/yargs-16.2.0.tgz 0ms (cache hit)
3949 http cache yargs-parser@https://registry.npmjs.org/yargs-parser/-/yargs-parser-20.2.9.tgz 0ms (cache hit)
3950 http cache wrap-ansi@https://registry.npmjs.org/wrap-ansi/-/wrap-ansi-7.0.0.tgz 0ms (cache hit)
3951 http cache is-buffer@https://registry.npmjs.org/is-buffer/-/is-buffer-1.1.6.tgz 0ms (cache hit)
3952 http cache kind-of@https://registry.npmjs.org/kind-of/-/kind-of-3.2.2.tgz 0ms (cache hit)
3953 http cache chalk@https://registry.npmjs.org/chalk/-/chalk-5.6.2.tgz 0ms (cache hit)
3954 http cache ansi-escapes@https://registry.npmjs.org/ansi-escapes/-/ansi-escapes-7.3.0.tgz 0ms (cache hit)
3955 http cache through2@https://registry.npmjs.org/through2/-/through2-2.0.5.tgz 0ms (cache hit)
3956 http cache ee-first@https://registry.npmjs.org/ee-first/-/ee-first-1.1.1.tgz 1ms (cache hit)
3957 http cache ansi-regex@https://registry.npmjs.org/ansi-regex/-/ansi-regex-6.2.2.tgz 0ms (cache hit)
3958 http cache string_decoder@https://registry.npmjs.org/string_decoder/-/string_decoder-1.1.1.tgz 0ms (cache hit)
3959 http cache libsodium@https://registry.npmjs.org/libsodium/-/libsodium-0.7.16.tgz 0ms (cache hit)
3960 http cache buffer-equal-constant-time@https://registry.npmjs.org/buffer-equal-constant-time/-/buffer-equal-constant-time-1.0.1.tgz 0ms (cache hit)
3961 http cache readable-stream@https://registry.npmjs.org/readable-stream/-/readable-stream-2.3.8.tgz 0ms (cache hit)
3962 http cache safe-buffer@https://registry.npmjs.org/safe-buffer/-/safe-buffer-5.1.2.tgz 0ms (cache hit)
3963 http cache jwa@https://registry.npmjs.org/jwa/-/jwa-2.0.1.tgz 0ms (cache hit)
3964 http cache lodash.isplainobject@https://registry.npmjs.org/lodash.isplainobject/-/lodash.isplainobject-4.0.6.tgz 0ms (cache hit)
3965 http cache lodash.once@https://registry.npmjs.org/lodash.once/-/lodash.once-4.1.1.tgz 0ms (cache hit)
3966 http cache lodash.isstring@https://registry.npmjs.org/lodash.isstring/-/lodash.isstring-4.0.1.tgz 0ms (cache hit)
3967 http cache lodash.isnumber@https://registry.npmjs.org/lodash.isnumber/-/lodash.isnumber-3.0.3.tgz 0ms (cache hit)
3968 http cache lodash.isinteger@https://registry.npmjs.org/lodash.isinteger/-/lodash.isinteger-4.0.4.tgz 0ms (cache hit)
3969 http cache lodash.includes@https://registry.npmjs.org/lodash.includes/-/lodash.includes-4.3.0.tgz 0ms (cache hit)
3970 http cache is-number@https://registry.npmjs.org/is-number/-/is-number-2.1.0.tgz 0ms (cache hit)
3971 http cache lodash.isboolean@https://registry.npmjs.org/lodash.isboolean/-/lodash.isboolean-3.0.3.tgz 0ms (cache hit)
3972 http cache jju@https://registry.npmjs.org/jju/-/jju-1.4.0.tgz 0ms (cache hit)
3973 http cache esprima@https://registry.npmjs.org/esprima/-/esprima-4.0.1.tgz 0ms (cache hit)
3974 http cache sprintf-js@https://registry.npmjs.org/sprintf-js/-/sprintf-js-1.0.3.tgz 0ms (cache hit)
3975 http cache wrap-ansi-cjs@https://registry.npmjs.org/wrap-ansi/-/wrap-ansi-7.0.0.tgz 0ms (cache hit)
3976 http cache bignumber.js@https://registry.npmjs.org/bignumber.js/-/bignumber.js-9.3.1.tgz 0ms (cache hit)
3977 http cache argparse@https://registry.npmjs.org/argparse/-/argparse-1.0.10.tgz 0ms (cache hit)
3978 http cache strip-ansi-cjs@https://registry.npmjs.org/strip-ansi/-/strip-ansi-6.0.1.tgz 0ms (cache hit)
3979 http cache strip-ansi@https://registry.npmjs.org/strip-ansi/-/strip-ansi-6.0.1.tgz 0ms (cache hit)
3980 http cache ansi-regex@https://registry.npmjs.org/ansi-regex/-/ansi-regex-5.0.1.tgz 0ms (cache hit)
3981 http cache ansi-regex@https://registry.npmjs.org/ansi-regex/-/ansi-regex-5.0.1.tgz 0ms (cache hit)
3982 http cache strip-ansi@https://registry.npmjs.org/strip-ansi/-/strip-ansi-6.0.1.tgz 0ms (cache hit)
3983 http cache strip-ansi@https://registry.npmjs.org/strip-ansi/-/strip-ansi-7.1.2.tgz 0ms (cache hit)
3984 http cache ansi-regex@https://registry.npmjs.org/ansi-regex/-/ansi-regex-5.0.1.tgz 0ms (cache hit)
3985 http cache @isaacs/cliui@https://registry.npmjs.org/@isaacs/cliui/-/cliui-8.0.2.tgz 0ms (cache hit)
3986 http cache string-width-cjs@https://registry.npmjs.org/string-width/-/string-width-4.2.3.tgz 0ms (cache hit)
3987 http cache emoji-regex@https://registry.npmjs.org/emoji-regex/-/emoji-regex-9.2.2.tgz 0ms (cache hit)
3988 http cache ansi-styles@https://registry.npmjs.org/ansi-styles/-/ansi-styles-6.2.3.tgz 0ms (cache hit)
3989 http cache @pkgjs/parseargs@https://registry.npmjs.org/@pkgjs/parseargs/-/parseargs-0.11.0.tgz 0ms (cache hit)
3990 http cache wrap-ansi@https://registry.npmjs.org/wrap-ansi/-/wrap-ansi-8.1.0.tgz 0ms (cache hit)
3991 http cache binary-extensions@https://registry.npmjs.org/binary-extensions/-/binary-extensions-2.3.0.tgz 0ms (cache hit)
3992 http cache is-extglob@https://registry.npmjs.org/is-extglob/-/is-extglob-2.1.1.tgz 0ms (cache hit)
3993 http cache string-width@https://registry.npmjs.org/string-width/-/string-width-5.1.2.tgz 0ms (cache hit)
3994 http cache agent-base@https://registry.npmjs.org/agent-base/-/agent-base-7.1.4.tgz 0ms (cache hit)
3995 http cache url-template@https://registry.npmjs.org/url-template/-/url-template-2.0.8.tgz 0ms (cache hit)
3996 http cache toidentifier@https://registry.npmjs.org/toidentifier/-/toidentifier-1.0.1.tgz 0ms (cache hit)
3997 http cache safer-buffer@https://registry.npmjs.org/safer-buffer/-/safer-buffer-2.1.2.tgz 0ms (cache hit)
3998 http cache once@https://registry.npmjs.org/once/-/once-1.4.0.tgz 0ms (cache hit)
3999 http cache inherits@https://registry.npmjs.org/inherits/-/inherits-2.0.4.tgz 0ms (cache hit)
4000 http cache end-of-stream@https://registry.npmjs.org/end-of-stream/-/end-of-stream-1.4.5.tgz 0ms (cache hit)
4001 http cache yargs@https://registry.npmjs.org/yargs/-/yargs-17.7.2.tgz 0ms (cache hit)
4002 http cache stream-shift@https://registry.npmjs.org/stream-shift/-/stream-shift-1.0.3.tgz 0ms (cache hit)
4003 http cache long@https://registry.npmjs.org/long/-/long-5.3.2.tgz 0ms (cache hit)
4004 http cache rimraf@https://registry.npmjs.org/rimraf/-/rimraf-5.0.10.tgz 0ms (cache hit)
4005 http cache lodash.camelcase@https://registry.npmjs.org/lodash.camelcase/-/lodash.camelcase-4.3.0.tgz 0ms (cache hit)
4006 http cache @js-sdsl/ordered-map@https://registry.npmjs.org/@js-sdsl/ordered-map/-/ordered-map-4.4.2.tgz 0ms (cache hit)
4007 http cache retry-request@https://registry.npmjs.org/retry-request/-/retry-request-8.0.2.tgz 0ms (cache hit)
4008 http cache proto3-json-serializer@https://registry.npmjs.org/proto3-json-serializer/-/proto3-json-serializer-3.0.4.tgz 0ms (cache hit)
4009 http cache object-hash@https://registry.npmjs.org/object-hash/-/object-hash-3.0.0.tgz 0ms (cache hit)
4010 http cache protobufjs@https://registry.npmjs.org/protobufjs/-/protobufjs-7.5.4.tgz 0ms (cache hit)
4011 http cache duplexify@https://registry.npmjs.org/duplexify/-/duplexify-4.1.3.tgz 0ms (cache hit)
4012 http cache @grpc/grpc-js@https://registry.npmjs.org/@grpc/grpc-js/-/grpc-js-1.14.3.tgz 0ms (cache hit)
4013 http cache json-bigint@https://registry.npmjs.org/json-bigint/-/json-bigint-1.0.0.tgz 0ms (cache hit)
4014 http cache @grpc/proto-loader@https://registry.npmjs.org/@grpc/proto-loader/-/proto-loader-0.8.0.tgz 0ms (cache hit)
4015 http cache readable-stream@https://registry.npmjs.org/readable-stream/-/readable-stream-3.6.2.tgz 0ms (cache hit)
4016 http cache google-logging-utils@https://registry.npmjs.org/google-logging-utils/-/google-logging-utils-0.0.2.tgz 0ms (cache hit)
4017 http cache ecdsa-sig-formatter@https://registry.npmjs.org/ecdsa-sig-formatter/-/ecdsa-sig-formatter-1.0.11.tgz 0ms (cache hit)
4018 http cache gtoken@https://registry.npmjs.org/gtoken/-/gtoken-7.1.0.tgz 0ms (cache hit)
4019 http cache jws@https://registry.npmjs.org/jws/-/jws-4.0.1.tgz 0ms (cache hit)
4020 http cache gcp-metadata@https://registry.npmjs.org/gcp-metadata/-/gcp-metadata-6.1.1.tgz 0ms (cache hit)
4021 http cache package-json-from-dist@https://registry.npmjs.org/package-json-from-dist/-/package-json-from-dist-1.0.1.tgz 0ms (cache hit)
4022 http cache path-scurry@https://registry.npmjs.org/path-scurry/-/path-scurry-1.11.1.tgz 0ms (cache hit)
4023 http cache minipass@https://registry.npmjs.org/minipass/-/minipass-7.1.2.tgz 0ms (cache hit)
4024 http cache base64-js@https://registry.npmjs.org/base64-js/-/base64-js-1.5.1.tgz 0ms (cache hit)
4025 http cache foreground-child@https://registry.npmjs.org/foreground-child/-/foreground-child-3.3.1.tgz 1ms (cache hit)
4026 http cache math-intrinsics@https://registry.npmjs.org/math-intrinsics/-/math-intrinsics-1.1.0.tgz 0ms (cache hit)
4027 http cache jackspeak@https://registry.npmjs.org/jackspeak/-/jackspeak-3.4.3.tgz 0ms (cache hit)
4028 http cache dunder-proto@https://registry.npmjs.org/dunder-proto/-/dunder-proto-1.0.1.tgz 0ms (cache hit)
4029 http cache has-symbols@https://registry.npmjs.org/has-symbols/-/has-symbols-1.1.0.tgz 0ms (cache hit)
4030 http cache function-bind@https://registry.npmjs.org/function-bind/-/function-bind-1.1.2.tgz 0ms (cache hit)
4031 http cache get-proto@https://registry.npmjs.org/get-proto/-/get-proto-1.0.1.tgz 0ms (cache hit)
4032 http cache gopd@https://registry.npmjs.org/gopd/-/gopd-1.2.0.tgz 0ms (cache hit)
4033 http cache es-object-atoms@https://registry.npmjs.org/es-object-atoms/-/es-object-atoms-1.1.1.tgz 0ms (cache hit)
4034 http cache call-bind-apply-helpers@https://registry.npmjs.org/call-bind-apply-helpers/-/call-bind-apply-helpers-1.0.2.tgz 0ms (cache hit)
4035 http cache https-proxy-agent@https://registry.npmjs.org/https-proxy-agent/-/https-proxy-agent-7.0.6.tgz 0ms (cache hit)
4036 http cache es-define-property@https://registry.npmjs.org/es-define-property/-/es-define-property-1.0.1.tgz 0ms (cache hit)
4037 http cache ms@https://registry.npmjs.org/ms/-/ms-2.1.3.tgz 0ms (cache hit)
4038 http cache jsonfile@https://registry.npmjs.org/jsonfile/-/jsonfile-6.2.0.tgz 0ms (cache hit)
4039 http cache has-tostringtag@https://registry.npmjs.org/has-tostringtag/-/has-tostringtag-1.0.2.tgz 0ms (cache hit)
4040 http cache universalify@https://registry.npmjs.org/universalify/-/universalify-2.0.1.tgz 0ms (cache hit)
4041 http cache debug@https://registry.npmjs.org/debug/-/debug-4.4.3.tgz 0ms (cache hit)
4042 http cache get-intrinsic@https://registry.npmjs.org/get-intrinsic/-/get-intrinsic-1.3.0.tgz 0ms (cache hit)
4043 http cache hasown@https://registry.npmjs.org/hasown/-/hasown-2.0.2.tgz 0ms (cache hit)
4044 http cache delayed-stream@https://registry.npmjs.org/delayed-stream/-/delayed-stream-1.0.0.tgz 0ms (cache hit)
4045 http cache es-errors@https://registry.npmjs.org/es-errors/-/es-errors-1.3.0.tgz 0ms (cache hit)
4046 http cache combined-stream@https://registry.npmjs.org/combined-stream/-/combined-stream-1.0.8.tgz 0ms (cache hit)
4047 http cache to-regex-range@https://registry.npmjs.org/to-regex-range/-/to-regex-range-5.0.1.tgz 0ms (cache hit)
4048 http cache asynckit@https://registry.npmjs.org/asynckit/-/asynckit-0.4.0.tgz 0ms (cache hit)
4049 http cache es-set-tostringtag@https://registry.npmjs.org/es-set-tostringtag/-/es-set-tostringtag-2.1.0.tgz 0ms (cache hit)
4050 http cache is-number@https://registry.npmjs.org/is-number/-/is-number-7.0.0.tgz 0ms (cache hit)
4051 http cache negotiator@https://registry.npmjs.org/negotiator/-/negotiator-0.6.3.tgz 0ms (cache hit)
4052 http cache utils-merge@https://registry.npmjs.org/utils-merge/-/utils-merge-1.0.1.tgz 0ms (cache hit)
4053 http cache mime-types@https://registry.npmjs.org/mime-types/-/mime-types-2.1.35.tgz 0ms (cache hit)
4054 http cache ip-address@https://registry.npmjs.org/ip-address/-/ip-address-10.0.1.tgz 0ms (cache hit)
4055 http cache setprototypeof@https://registry.npmjs.org/setprototypeof/-/setprototypeof-1.2.0.tgz 0ms (cache hit)
4056 http cache send@https://registry.npmjs.org/send/-/send-0.19.2.tgz 0ms (cache hit)
4057 http cache statuses@https://registry.npmjs.org/statuses/-/statuses-2.0.2.tgz 0ms (cache hit)
4058 http cache serve-static@https://registry.npmjs.org/serve-static/-/serve-static-1.16.3.tgz 0ms (cache hit)
4059 http cache ms@https://registry.npmjs.org/ms/-/ms-2.1.3.tgz 0ms (cache hit)
4060 http cache range-parser@https://registry.npmjs.org/range-parser/-/range-parser-1.2.1.tgz 0ms (cache hit)
4061 http cache safe-buffer@https://registry.npmjs.org/safe-buffer/-/safe-buffer-5.2.1.tgz 0ms (cache hit)
4062 http cache proxy-addr@https://registry.npmjs.org/proxy-addr/-/proxy-addr-2.0.7.tgz 0ms (cache hit)
4063 http cache mime@https://registry.npmjs.org/mime/-/mime-1.6.0.tgz 0ms (cache hit)
4064 http cache path-to-regexp@https://registry.npmjs.org/path-to-regexp/-/path-to-regexp-0.1.12.tgz 0ms (cache hit)
4065 http cache merge-descriptors@https://registry.npmjs.org/merge-descriptors/-/merge-descriptors-1.0.3.tgz 0ms (cache hit)
4066 http cache parseurl@https://registry.npmjs.org/parseurl/-/parseurl-1.3.3.tgz 0ms (cache hit)
4067 http cache methods@https://registry.npmjs.org/methods/-/methods-1.1.2.tgz 0ms (cache hit)
4068 http cache etag@https://registry.npmjs.org/etag/-/etag-1.8.1.tgz 0ms (cache hit)
4069 http cache fresh@https://registry.npmjs.org/fresh/-/fresh-0.5.2.tgz 0ms (cache hit)
4070 http cache escape-html@https://registry.npmjs.org/escape-html/-/escape-html-1.0.3.tgz 0ms (cache hit)
4071 http cache finalhandler@https://registry.npmjs.org/finalhandler/-/finalhandler-1.3.2.tgz 0ms (cache hit)
4072 http cache encodeurl@https://registry.npmjs.org/encodeurl/-/encodeurl-2.0.0.tgz 0ms (cache hit)
4073 http cache content-disposition@https://registry.npmjs.org/content-disposition/-/content-disposition-0.5.4.tgz 0ms (cache hit)
4074 http cache cookie-signature@https://registry.npmjs.org/cookie-signature/-/cookie-signature-1.0.7.tgz 0ms (cache hit)
4075 http cache cookie@https://registry.npmjs.org/cookie/-/cookie-0.7.2.tgz 0ms (cache hit)
4076 http cache array-flatten@https://registry.npmjs.org/array-flatten/-/array-flatten-1.1.1.tgz 0ms (cache hit)
4077 http cache call-me-maybe@https://registry.npmjs.org/call-me-maybe/-/call-me-maybe-1.0.2.tgz 0ms (cache hit)
4078 http cache accepts@https://registry.npmjs.org/accepts/-/accepts-1.3.8.tgz 0ms (cache hit)
4079 http cache @jsdevtools/ono@https://registry.npmjs.org/@jsdevtools/ono/-/ono-7.1.3.tgz 0ms (cache hit)
4080 http cache @types/json-schema@https://registry.npmjs.org/@types/json-schema/-/json-schema-7.0.15.tgz 0ms (cache hit)
4081 http cache openapi3-ts@https://registry.npmjs.org/openapi3-ts/-/openapi3-ts-3.2.0.tgz 0ms (cache hit)
4082 http cache json-ptr@https://registry.npmjs.org/json-ptr/-/json-ptr-3.1.1.tgz 0ms (cache hit)
4083 http cache promise-breaker@https://registry.npmjs.org/promise-breaker/-/promise-breaker-6.0.0.tgz 0ms (cache hit)
4084 http cache events-listener@https://registry.npmjs.org/events-listener/-/events-listener-1.1.0.tgz 0ms (cache hit)
4085 http cache deep-freeze@https://registry.npmjs.org/deep-freeze/-/deep-freeze-0.0.1.tgz 0ms (cache hit)
4086 http cache argparse@https://registry.npmjs.org/argparse/-/argparse-2.0.1.tgz 0ms (cache hit)
4087 http cache @apidevtools/json-schema-ref-parser@https://registry.npmjs.org/@apidevtools/json-schema-ref-parser/-/json-schema-ref-parser-9.1.2.tgz 0ms (cache hit)
4088 http cache is-obj@https://registry.npmjs.org/is-obj/-/is-obj-2.0.0.tgz 0ms (cache hit)
4089 http cache lodash.mapvalues@https://registry.npmjs.org/lodash.mapvalues/-/lodash.mapvalues-4.6.0.tgz 0ms (cache hit)
4090 http cache sort-any@https://registry.npmjs.org/sort-any/-/sort-any-2.0.0.tgz 0ms (cache hit)
4091 http cache ms@https://registry.npmjs.org/ms/-/ms-2.0.0.tgz 0ms (cache hit)
4092 http cache js-yaml@https://registry.npmjs.org/js-yaml/-/js-yaml-4.1.1.tgz 0ms (cache hit)
4093 http cache shebang-command@https://registry.npmjs.org/shebang-command/-/shebang-command-2.0.0.tgz 0ms (cache hit)
4094 http cache vary@https://registry.npmjs.org/vary/-/vary-1.1.2.tgz 0ms (cache hit)
4095 http cache which@https://registry.npmjs.org/which/-/which-2.0.2.tgz 0ms (cache hit)
4096 http cache path-key@https://registry.npmjs.org/path-key/-/path-key-3.1.1.tgz 0ms (cache hit)
4097 http cache object-assign@https://registry.npmjs.org/object-assign/-/object-assign-4.1.1.tgz 0ms (cache hit)
4098 http cache write-file-atomic@https://registry.npmjs.org/write-file-atomic/-/write-file-atomic-3.0.3.tgz 0ms (cache hit)
4099 http cache xdg-basedir@https://registry.npmjs.org/xdg-basedir/-/xdg-basedir-4.0.0.tgz 0ms (cache hit)
4100 http cache signal-exit@https://registry.npmjs.org/signal-exit/-/signal-exit-3.0.7.tgz 0ms (cache hit)
4101 http cache make-dir@https://registry.npmjs.org/make-dir/-/make-dir-3.1.0.tgz 0ms (cache hit)
4102 http cache unique-string@https://registry.npmjs.org/unique-string/-/unique-string-2.0.0.tgz 0ms (cache hit)
4103 http cache dot-prop@https://registry.npmjs.org/dot-prop/-/dot-prop-5.3.0.tgz 0ms (cache hit)
4104 http cache semver@https://registry.npmjs.org/semver/-/semver-6.3.1.tgz 0ms (cache hit)
4105 http cache strip-ansi@https://registry.npmjs.org/strip-ansi/-/strip-ansi-6.0.1.tgz 0ms (cache hit)
4106 http cache string-width@https://registry.npmjs.org/string-width/-/string-width-4.2.3.tgz 0ms (cache hit)
4107 http cache ansi-regex@https://registry.npmjs.org/ansi-regex/-/ansi-regex-5.0.1.tgz 0ms (cache hit)
4108 http cache @colors/colors@https://registry.npmjs.org/@colors/colors/-/colors-1.5.0.tgz 0ms (cache hit)
4109 http cache picomatch@https://registry.npmjs.org/picomatch/-/picomatch-2.3.1.tgz 0ms (cache hit)
4110 http cache fill-range@https://registry.npmjs.org/fill-range/-/fill-range-7.1.1.tgz 0ms (cache hit)
4111 http cache is-glob@https://registry.npmjs.org/is-glob/-/is-glob-4.0.3.tgz 0ms (cache hit)
4112 http cache json-parse-helpfulerror@https://registry.npmjs.org/json-parse-helpfulerror/-/json-parse-helpfulerror-1.0.3.tgz 0ms (cache hit)
4113 http cache is-binary-path@https://registry.npmjs.org/is-binary-path/-/is-binary-path-2.1.0.tgz 0ms (cache hit)
4114 http cache braces@https://registry.npmjs.org/braces/-/braces-3.0.3.tgz 0ms (cache hit)
4115 http cache glob-parent@https://registry.npmjs.org/glob-parent/-/glob-parent-5.1.2.tgz 0ms (cache hit)
4116 http cache unpipe@https://registry.npmjs.org/unpipe/-/unpipe-1.0.0.tgz 0ms (cache hit)
4117 http cache anymatch@https://registry.npmjs.org/anymatch/-/anymatch-3.1.3.tgz 0ms (cache hit)
4118 http cache qs@https://registry.npmjs.org/qs/-/qs-6.14.1.tgz 0ms (cache hit)
4119 http cache on-finished@https://registry.npmjs.org/on-finished/-/on-finished-2.4.1.tgz 0ms (cache hit)
4120 http cache http-errors@https://registry.npmjs.org/http-errors/-/http-errors-2.0.1.tgz 0ms (cache hit)
4121 http cache destroy@https://registry.npmjs.org/destroy/-/destroy-1.2.0.tgz 0ms (cache hit)
4122 http cache depd@https://registry.npmjs.org/depd/-/depd-2.0.0.tgz 0ms (cache hit)
4123 http cache debug@https://registry.npmjs.org/debug/-/debug-2.6.9.tgz 0ms (cache hit)
4124 http cache normalize-path@https://registry.npmjs.org/normalize-path/-/normalize-path-3.0.0.tgz 0ms (cache hit)
4125 http cache lazystream@https://registry.npmjs.org/lazystream/-/lazystream-1.0.1.tgz 0ms (cache hit)
4126 http cache string_decoder@https://registry.npmjs.org/string_decoder/-/string_decoder-1.1.1.tgz 0ms (cache hit)
4127 http cache safe-buffer@https://registry.npmjs.org/safe-buffer/-/safe-buffer-5.1.2.tgz 0ms (cache hit)
4128 http cache bytes@https://registry.npmjs.org/bytes/-/bytes-3.1.2.tgz 0ms (cache hit)
4129 http cache graceful-fs@https://registry.npmjs.org/graceful-fs/-/graceful-fs-4.2.11.tgz 0ms (cache hit)
4130 http cache is-stream@https://registry.npmjs.org/is-stream/-/is-stream-2.0.1.tgz 0ms (cache hit)
4131 http cache zip-stream@https://registry.npmjs.org/zip-stream/-/zip-stream-6.0.1.tgz 0ms (cache hit)
4132 http cache readable-stream@https://registry.npmjs.org/readable-stream/-/readable-stream-2.3.8.tgz 0ms (cache hit)
4133 http cache readdir-glob@https://registry.npmjs.org/readdir-glob/-/readdir-glob-1.1.3.tgz 0ms (cache hit)
4134 http cache tar-stream@https://registry.npmjs.org/tar-stream/-/tar-stream-3.1.7.tgz 0ms (cache hit)
4135 http cache minimatch@https://registry.npmjs.org/minimatch/-/minimatch-5.1.6.tgz 0ms (cache hit)
4136 http cache brace-expansion@https://registry.npmjs.org/brace-expansion/-/brace-expansion-2.0.2.tgz 0ms (cache hit)
4137 http cache readable-stream@https://registry.npmjs.org/readable-stream/-/readable-stream-4.7.0.tgz 0ms (cache hit)
4138 http cache buffer@https://registry.npmjs.org/buffer/-/buffer-6.0.3.tgz 0ms (cache hit)
4139 http cache async@https://registry.npmjs.org/async/-/async-3.2.6.tgz 0ms (cache hit)
4140 http cache buffer-crc32@https://registry.npmjs.org/buffer-crc32/-/buffer-crc32-1.0.0.tgz 0ms (cache hit)
4141 http cache require-from-string@https://registry.npmjs.org/require-from-string/-/require-from-string-2.0.2.tgz 0ms (cache hit)
4142 http cache archiver-utils@https://registry.npmjs.org/archiver-utils/-/archiver-utils-5.0.2.tgz 0ms (cache hit)
4143 http cache fast-uri@https://registry.npmjs.org/fast-uri/-/fast-uri-3.1.0.tgz 0ms (cache hit)
4144 http cache json-schema-traverse@https://registry.npmjs.org/json-schema-traverse/-/json-schema-traverse-1.0.0.tgz 0ms (cache hit)
4145 http cache event-target-shim@https://registry.npmjs.org/event-target-shim/-/event-target-shim-5.0.1.tgz 0ms (cache hit)
4146 http cache fast-deep-equal@https://registry.npmjs.org/fast-deep-equal/-/fast-deep-equal-3.1.3.tgz 0ms (cache hit)
4147 http cache infer-owner@https://registry.npmjs.org/infer-owner/-/infer-owner-1.0.4.tgz 0ms (cache hit)
4148 http cache undici-types@https://registry.npmjs.org/undici-types/-/undici-types-7.16.0.tgz 0ms (cache hit)
4149 http cache pkce-challenge@https://registry.npmjs.org/pkce-challenge/-/pkce-challenge-5.0.1.tgz 0ms (cache hit)
4150 http cache raw-body@https://registry.npmjs.org/raw-body/-/raw-body-3.0.2.tgz 0ms (cache hit)
4151 http cache jose@https://registry.npmjs.org/jose/-/jose-6.1.3.tgz 0ms (cache hit)
4152 http cache json-schema-typed@https://registry.npmjs.org/json-schema-typed/-/json-schema-typed-8.0.2.tgz 0ms (cache hit)
4153 http cache express-rate-limit@https://registry.npmjs.org/express-rate-limit/-/express-rate-limit-8.2.1.tgz 0ms (cache hit)
4154 http cache eventsource-parser@https://registry.npmjs.org/eventsource-parser/-/eventsource-parser-3.0.6.tgz 0ms (cache hit)
4155 http cache content-type@https://registry.npmjs.org/content-type/-/content-type-1.0.5.tgz 0ms (cache hit)
4156 http cache eventsource@https://registry.npmjs.org/eventsource/-/eventsource-3.0.7.tgz 0ms (cache hit)
4157 http cache hono@https://registry.npmjs.org/hono/-/hono-4.11.9.tgz 0ms (cache hit)
4158 http cache @hono/node-server@https://registry.npmjs.org/@hono/node-server/-/node-server-1.19.9.tgz 0ms (cache hit)
4159 http cache iconv-lite@https://registry.npmjs.org/iconv-lite/-/iconv-lite-0.7.2.tgz 0ms (cache hit)
4160 http cache chardet@https://registry.npmjs.org/chardet/-/chardet-2.1.1.tgz 0ms (cache hit)
4161 http cache wrap-ansi@https://registry.npmjs.org/wrap-ansi/-/wrap-ansi-6.2.0.tgz 0ms (cache hit)
4162 http cache @inquirer/external-editor@https://registry.npmjs.org/@inquirer/external-editor/-/external-editor-1.0.3.tgz 0ms (cache hit)
4163 http cache strip-ansi@https://registry.npmjs.org/strip-ansi/-/strip-ansi-6.0.1.tgz 0ms (cache hit)
4164 http cache ansi-regex@https://registry.npmjs.org/ansi-regex/-/ansi-regex-5.0.1.tgz 0ms (cache hit)
4165 http cache signal-exit@https://registry.npmjs.org/signal-exit/-/signal-exit-4.1.0.tgz 0ms (cache hit)
4166 http cache mute-stream@https://registry.npmjs.org/mute-stream/-/mute-stream-2.0.0.tgz 0ms (cache hit)
4167 http cache cli-width@https://registry.npmjs.org/cli-width/-/cli-width-4.1.0.tgz 0ms (cache hit)
4168 http cache yoctocolors-cjs@https://registry.npmjs.org/yoctocolors-cjs/-/yoctocolors-cjs-2.1.3.tgz 0ms (cache hit)
4169 http cache @inquirer/type@https://registry.npmjs.org/@inquirer/type/-/type-3.0.10.tgz 0ms (cache hit)
4170 http cache @inquirer/figures@https://registry.npmjs.org/@inquirer/figures/-/figures-1.0.15.tgz 0ms (cache hit)
4171 http cache @inquirer/ansi@https://registry.npmjs.org/@inquirer/ansi/-/ansi-1.0.2.tgz 0ms (cache hit)
4172 http cache @inquirer/core@https://registry.npmjs.org/@inquirer/core/-/core-10.3.2.tgz 0ms (cache hit)
4173 http cache @inquirer/search@https://registry.npmjs.org/@inquirer/search/-/search-3.2.2.tgz 0ms (cache hit)
4174 http cache @inquirer/select@https://registry.npmjs.org/@inquirer/select/-/select-4.4.2.tgz 0ms (cache hit)
4175 http cache @inquirer/password@https://registry.npmjs.org/@inquirer/password/-/password-4.0.23.tgz 0ms (cache hit)
4176 http cache @inquirer/rawlist@https://registry.npmjs.org/@inquirer/rawlist/-/rawlist-4.1.11.tgz 0ms (cache hit)
4177 http cache @inquirer/input@https://registry.npmjs.org/@inquirer/input/-/input-4.3.1.tgz 0ms (cache hit)
4178 http cache @inquirer/number@https://registry.npmjs.org/@inquirer/number/-/number-3.0.23.tgz 0ms (cache hit)
4179 http cache @inquirer/expand@https://registry.npmjs.org/@inquirer/expand/-/expand-4.0.23.tgz 0ms (cache hit)
4180 http cache @inquirer/editor@https://registry.npmjs.org/@inquirer/editor/-/editor-4.2.23.tgz 0ms (cache hit)
4181 http cache @inquirer/checkbox@https://registry.npmjs.org/@inquirer/checkbox/-/checkbox-4.3.2.tgz 0ms (cache hit)
4182 http cache @inquirer/confirm@https://registry.npmjs.org/@inquirer/confirm/-/confirm-5.1.21.tgz 0ms (cache hit)
4183 http cache googleapis-common@https://registry.npmjs.org/googleapis-common/-/googleapis-common-8.0.1.tgz 0ms (cache hit)
4184 http cache data-uri-to-buffer@https://registry.npmjs.org/data-uri-to-buffer/-/data-uri-to-buffer-4.0.1.tgz 0ms (cache hit)
4185 http cache google-logging-utils@https://registry.npmjs.org/google-logging-utils/-/google-logging-utils-1.1.3.tgz 0ms (cache hit)
4186 http cache gtoken@https://registry.npmjs.org/gtoken/-/gtoken-8.0.0.tgz 0ms (cache hit)
4187 http cache node-fetch@https://registry.npmjs.org/node-fetch/-/node-fetch-3.3.2.tgz 0ms (cache hit)
4188 http cache gcp-metadata@https://registry.npmjs.org/gcp-metadata/-/gcp-metadata-8.1.2.tgz 0ms (cache hit)
4189 http cache gaxios@https://registry.npmjs.org/gaxios/-/gaxios-7.1.3.tgz 0ms (cache hit)
4190 http cache google-auth-library@https://registry.npmjs.org/google-auth-library/-/google-auth-library-10.5.0.tgz 0ms (cache hit)
4191 http cache lodash.snakecase@https://registry.npmjs.org/lodash.snakecase/-/lodash.snakecase-4.1.1.tgz 0ms (cache hit)
4192 http cache p-defer@https://registry.npmjs.org/p-defer/-/p-defer-3.0.0.tgz 0ms (cache hit)
4193 http cache heap-js@https://registry.npmjs.org/heap-js/-/heap-js-2.7.1.tgz 0ms (cache hit)
4194 http cache is-stream-ended@https://registry.npmjs.org/is-stream-ended/-/is-stream-ended-0.1.4.tgz 0ms (cache hit)
4195 http cache google-gax@https://registry.npmjs.org/google-gax/-/google-gax-5.0.6.tgz 0ms (cache hit)
4196 http cache data-uri-to-buffer@https://registry.npmjs.org/data-uri-to-buffer/-/data-uri-to-buffer-4.0.1.tgz 0ms (cache hit)
4197 http cache gcp-metadata@https://registry.npmjs.org/gcp-metadata/-/gcp-metadata-8.1.2.tgz 0ms (cache hit)
4198 http cache gtoken@https://registry.npmjs.org/gtoken/-/gtoken-8.0.0.tgz 0ms (cache hit)
4199 http cache gaxios@https://registry.npmjs.org/gaxios/-/gaxios-7.1.3.tgz 0ms (cache hit)
4200 http cache node-fetch@https://registry.npmjs.org/node-fetch/-/node-fetch-3.3.2.tgz 0ms (cache hit)
4201 http cache google-auth-library@https://registry.npmjs.org/google-auth-library/-/google-auth-library-10.5.0.tgz 0ms (cache hit)
4202 http cache google-logging-utils@https://registry.npmjs.org/google-logging-utils/-/google-logging-utils-1.1.3.tgz 0ms (cache hit)
4203 http cache arrify@https://registry.npmjs.org/arrify/-/arrify-2.0.1.tgz 0ms (cache hit)
4204 http cache extend@https://registry.npmjs.org/extend/-/extend-3.0.2.tgz 0ms (cache hit)
4205 http cache @opentelemetry/core@https://registry.npmjs.org/@opentelemetry/core/-/core-1.30.1.tgz 0ms (cache hit)
4206 http cache @opentelemetry/semantic-conventions@https://registry.npmjs.org/@opentelemetry/semantic-conventions/-/semantic-conventions-1.34.0.tgz 0ms (cache hit)
4207 http cache @google-cloud/projectify@https://registry.npmjs.org/@google-cloud/projectify/-/projectify-5.0.0.tgz 0ms (cache hit)
4208 http cache @opentelemetry/semantic-conventions@https://registry.npmjs.org/@opentelemetry/semantic-conventions/-/semantic-conventions-1.28.0.tgz 0ms (cache hit)
4209 http cache @google-cloud/precise-date@https://registry.npmjs.org/@google-cloud/precise-date/-/precise-date-5.0.0.tgz 0ms (cache hit)
4210 http cache @google-cloud/promisify@https://registry.npmjs.org/@google-cloud/promisify/-/promisify-5.0.0.tgz 0ms (cache hit)
4211 http cache p-throttle@https://registry.npmjs.org/p-throttle/-/p-throttle-7.0.0.tgz 0ms (cache hit)
4212 http cache @google-cloud/paginator@https://registry.npmjs.org/@google-cloud/paginator/-/paginator-6.0.0.tgz 0ms (cache hit)
4213 http cache @types/node@https://registry.npmjs.org/@types/node/-/node-25.2.2.tgz 0ms (cache hit)
4214 http cache @googleapis/sqladmin@https://registry.npmjs.org/@googleapis/sqladmin/-/sqladmin-35.2.0.tgz 0ms (cache hit)
4215 http cache ts-node@https://registry.npmjs.org/ts-node/-/ts-node-10.9.2.tgz 0ms (cache hit)
4216 http cache typescript@https://registry.npmjs.org/typescript/-/typescript-5.9.3.tgz 0ms (cache hit)
4217 http cache npm-pick-manifest@https://registry.npmjs.org/npm-pick-manifest/-/npm-pick-manifest-9.1.0.tgz 0ms (cache hit)
4218 http cache @npmcli/promise-spawn@https://registry.npmjs.org/@npmcli/promise-spawn/-/promise-spawn-3.0.0.tgz 0ms (cache hit)
4219 http cache zod@https://registry.npmjs.org/zod/-/zod-3.25.76.tgz 0ms (cache hit)
4220 http cache zod-to-json-schema@https://registry.npmjs.org/zod-to-json-schema/-/zod-to-json-schema-3.25.1.tgz 0ms (cache hit)
4221 http cache ws@https://registry.npmjs.org/ws/-/ws-7.5.10.tgz 0ms (cache hit)
4222 http cache yaml@https://registry.npmjs.org/yaml/-/yaml-2.8.2.tgz 0ms (cache hit)
4223 http cache winston-transport@https://registry.npmjs.org/winston-transport/-/winston-transport-4.9.0.tgz 0ms (cache hit)
4224 http cache readable-stream@https://registry.npmjs.org/readable-stream/-/readable-stream-3.6.2.tgz 0ms (cache hit)
4225 http cache @opentelemetry/api@https://registry.npmjs.org/@opentelemetry/api/-/api-1.9.0.tgz 0ms (cache hit)
4226 http cache winston@https://registry.npmjs.org/winston/-/winston-3.19.0.tgz 0ms (cache hit)
4227 http cache uuid@https://registry.npmjs.org/uuid/-/uuid-8.3.2.tgz 0ms (cache hit)
4228 http cache readable-stream@https://registry.npmjs.org/readable-stream/-/readable-stream-3.6.2.tgz 0ms (cache hit)
4229 http cache update-notifier-cjs@https://registry.npmjs.org/update-notifier-cjs/-/update-notifier-cjs-5.1.7.tgz 0ms (cache hit)
4230 http cache @colors/colors@https://registry.npmjs.org/@colors/colors/-/colors-1.6.0.tgz 0ms (cache hit)
4231 http cache universal-analytics@https://registry.npmjs.org/universal-analytics/-/universal-analytics-0.5.3.tgz 0ms (cache hit)
4232 http cache chalk@https://registry.npmjs.org/chalk/-/chalk-4.1.2.tgz 0ms (cache hit)
4233 http cache debug@https://registry.npmjs.org/debug/-/debug-4.4.3.tgz 0ms (cache hit)
4234 http cache ms@https://registry.npmjs.org/ms/-/ms-2.1.3.tgz 1ms (cache hit)
4235 http cache tmp@https://registry.npmjs.org/tmp/-/tmp-0.2.5.tgz 0ms (cache hit)
4236 http cache triple-beam@https://registry.npmjs.org/triple-beam/-/triple-beam-1.4.1.tgz 0ms (cache hit)
4237 http cache tcp-port-used@https://registry.npmjs.org/tcp-port-used/-/tcp-port-used-1.0.2.tgz 0ms (cache hit)
4238 http cache ms@https://registry.npmjs.org/ms/-/ms-2.1.2.tgz 0ms (cache hit)
4239 http cache superstatic@https://registry.npmjs.org/superstatic/-/superstatic-10.0.0.tgz 0ms (cache hit)
4240 http cache debug@https://registry.npmjs.org/debug/-/debug-4.3.1.tgz 0ms (cache hit)
4241 http cache path-to-regexp@https://registry.npmjs.org/path-to-regexp/-/path-to-regexp-1.9.0.tgz 0ms (cache hit)
4242 http cache isarray@https://registry.npmjs.org/isarray/-/isarray-0.0.1.tgz 0ms (cache hit)
4243 http cache commander@https://registry.npmjs.org/commander/-/commander-10.0.1.tgz 0ms (cache hit)
4244 http cache brace-expansion@https://registry.npmjs.org/brace-expansion/-/brace-expansion-2.0.2.tgz 0ms (cache hit)
4245 http cache stream-json@https://registry.npmjs.org/stream-json/-/stream-json-1.9.1.tgz 0ms (cache hit)
4246 http cache minimatch@https://registry.npmjs.org/minimatch/-/minimatch-6.2.0.tgz 0ms (cache hit)
4247 http cache stream-chain@https://registry.npmjs.org/stream-chain/-/stream-chain-2.2.5.tgz 0ms (cache hit)
4248 http cache argparse@https://registry.npmjs.org/argparse/-/argparse-2.0.1.tgz 0ms (cache hit)
4249 http cache semver@https://registry.npmjs.org/semver/-/semver-7.7.4.tgz 0ms (cache hit)
4250 http cache retry@https://registry.npmjs.org/retry/-/retry-0.13.1.tgz 0ms (cache hit)
4251 http cache sql-formatter@https://registry.npmjs.org/sql-formatter/-/sql-formatter-15.7.0.tgz 0ms (cache hit)
4252 http cache proxy-agent@https://registry.npmjs.org/proxy-agent/-/proxy-agent-6.5.0.tgz 0ms (cache hit)
4253 http cache debug@https://registry.npmjs.org/debug/-/debug-4.4.3.tgz 0ms (cache hit)
4254 http cache lru-cache@https://registry.npmjs.org/lru-cache/-/lru-cache-7.18.3.tgz 0ms (cache hit)
4255 http cache progress@https://registry.npmjs.org/progress/-/progress-2.0.3.tgz 0ms (cache hit)
4256 http cache ms@https://registry.npmjs.org/ms/-/ms-2.1.3.tgz 0ms (cache hit)
4257 http cache portfinder@https://registry.npmjs.org/portfinder/-/portfinder-1.0.38.tgz 0ms (cache hit)
4258 http cache ms@https://registry.npmjs.org/ms/-/ms-2.1.3.tgz 0ms (cache hit)
4259 http cache pg-gateway@https://registry.npmjs.org/pg-gateway/-/pg-gateway-0.3.0-beta.4.tgz 0ms (cache hit)
4260 http cache pglite-2@https://registry.npmjs.org/@electric-sql/pglite/-/pglite-0.2.17.tgz 0ms (cache hit)
4261 http cache p-limit@https://registry.npmjs.org/p-limit/-/p-limit-3.1.0.tgz 0ms (cache hit)
4262 http cache debug@https://registry.npmjs.org/debug/-/debug-4.4.3.tgz 0ms (cache hit)
4263 http cache ora@https://registry.npmjs.org/ora/-/ora-5.4.1.tgz 0ms (cache hit)
4264 http cache pg@https://registry.npmjs.org/pg/-/pg-8.18.0.tgz 0ms (cache hit)
4265 http cache ansi-regex@https://registry.npmjs.org/ansi-regex/-/ansi-regex-5.0.1.tgz 0ms (cache hit)
4266 http cache strip-ansi@https://registry.npmjs.org/strip-ansi/-/strip-ansi-6.0.1.tgz 0ms (cache hit)
4267 http cache morgan@https://registry.npmjs.org/morgan/-/morgan-1.10.1.tgz 0ms (cache hit)
4268 http cache node-fetch@https://registry.npmjs.org/node-fetch/-/node-fetch-2.7.0.tgz 0ms (cache hit)
4269 http cache open@https://registry.npmjs.org/open/-/open-6.4.0.tgz 0ms (cache hit)
4270 http cache on-finished@https://registry.npmjs.org/on-finished/-/on-finished-2.3.0.tgz 0ms (cache hit)
4271 http cache minimatch@https://registry.npmjs.org/minimatch/-/minimatch-3.1.2.tgz 0ms (cache hit)
4272 http cache chalk@https://registry.npmjs.org/chalk/-/chalk-4.1.2.tgz 0ms (cache hit)
4273 http cache lsofi@https://registry.npmjs.org/lsofi/-/lsofi-1.0.0.tgz 0ms (cache hit)
4274 http cache marked-terminal@https://registry.npmjs.org/marked-terminal/-/marked-terminal-7.3.0.tgz 0ms (cache hit)
4275 http cache marked@https://registry.npmjs.org/marked/-/marked-13.0.3.tgz 1ms (cache hit)
4276 http cache lodash@https://registry.npmjs.org/lodash/-/lodash-4.17.23.tgz 0ms (cache hit)
4277 http cache libsodium-wrappers@https://registry.npmjs.org/libsodium-wrappers/-/libsodium-wrappers-0.7.16.tgz 0ms (cache hit)
4278 http cache leven@https://registry.npmjs.org/leven/-/leven-3.1.0.tgz 0ms (cache hit)
4279 http cache mime@https://registry.npmjs.org/mime/-/mime-2.6.0.tgz 0ms (cache hit)
4280 http cache jsonwebtoken@https://registry.npmjs.org/jsonwebtoken/-/jsonwebtoken-9.0.3.tgz 0ms (cache hit)
4281 http cache js-yaml@https://registry.npmjs.org/js-yaml/-/js-yaml-3.14.2.tgz 0ms (cache hit)
4282 http cache ms@https://registry.npmjs.org/ms/-/ms-2.1.3.tgz 0ms (cache hit)
4283 http cache google-auth-library@https://registry.npmjs.org/google-auth-library/-/google-auth-library-9.15.1.tgz 0ms (cache hit)
4284 http cache ignore@https://registry.npmjs.org/ignore/-/ignore-7.0.5.tgz 0ms (cache hit)
4285 http cache glob@https://registry.npmjs.org/glob/-/glob-10.5.0.tgz 0ms (cache hit)
4286 http cache brace-expansion@https://registry.npmjs.org/brace-expansion/-/brace-expansion-2.0.2.tgz 0ms (cache hit)
4287 http cache gaxios@https://registry.npmjs.org/gaxios/-/gaxios-6.7.1.tgz 0ms (cache hit)
4288 http cache minimatch@https://registry.npmjs.org/minimatch/-/minimatch-9.0.5.tgz 0ms (cache hit)
4289 http cache fuzzy@https://registry.npmjs.org/fuzzy/-/fuzzy-0.1.3.tgz 0ms (cache hit)
4290 http cache uuid@https://registry.npmjs.org/uuid/-/uuid-9.0.1.tgz 0ms (cache hit)
4291 http cache form-data@https://registry.npmjs.org/form-data/-/form-data-4.0.5.tgz 0ms (cache hit)
4292 http cache fs-extra@https://registry.npmjs.org/fs-extra/-/fs-extra-10.1.0.tgz 0ms (cache hit)
4293 http cache express@https://registry.npmjs.org/express/-/express-4.22.1.tgz 0ms (cache hit)
4294 http cache filesize@https://registry.npmjs.org/filesize/-/filesize-6.4.0.tgz 0ms (cache hit)
4295 http cache exegesis@https://registry.npmjs.org/exegesis/-/exegesis-4.3.0.tgz 0ms (cache hit)
4296 http cache exegesis-express@https://registry.npmjs.org/exegesis-express/-/exegesis-express-4.0.0.tgz 0ms (cache hit)
4297 http cache raw-body@https://registry.npmjs.org/raw-body/-/raw-body-2.5.3.tgz 0ms (cache hit)
4298 http cache iconv-lite@https://registry.npmjs.org/iconv-lite/-/iconv-lite-0.4.24.tgz 0ms (cache hit)
4299 http cache deep-equal-in-any-order@https://registry.npmjs.org/deep-equal-in-any-order/-/deep-equal-in-any-order-2.1.0.tgz 0ms (cache hit)
4300 http cache ajv-formats@https://registry.npmjs.org/ajv-formats/-/ajv-formats-2.1.1.tgz 0ms (cache hit)
4301 http cache cross-spawn@https://registry.npmjs.org/cross-spawn/-/cross-spawn-7.0.6.tgz 0ms (cache hit)
4302 http cache csv-parse@https://registry.npmjs.org/csv-parse/-/csv-parse-5.6.0.tgz 0ms (cache hit)
4303 http cache cross-env@https://registry.npmjs.org/cross-env/-/cross-env-7.0.3.tgz 0ms (cache hit)
4304 http cache cors@https://registry.npmjs.org/cors/-/cors-2.8.6.tgz 0ms (cache hit)
4305 http cache colorette@https://registry.npmjs.org/colorette/-/colorette-2.0.20.tgz 0ms (cache hit)
4306 http cache configstore@https://registry.npmjs.org/configstore/-/configstore-5.0.1.tgz 0ms (cache hit)
4307 http cache cli-table3@https://registry.npmjs.org/cli-table3/-/cli-table3-0.6.5.tgz 0ms (cache hit)
4308 http cache commander@https://registry.npmjs.org/commander/-/commander-5.1.0.tgz 0ms (cache hit)
4309 http cache chokidar@https://registry.npmjs.org/chokidar/-/chokidar-3.6.0.tgz 0ms (cache hit)
4310 http cache cjson@https://registry.npmjs.org/cjson/-/cjson-0.3.3.tgz 0ms (cache hit)
4311 http cache body-parser@https://registry.npmjs.org/body-parser/-/body-parser-1.20.4.tgz 0ms (cache hit)
4312 http cache raw-body@https://registry.npmjs.org/raw-body/-/raw-body-2.5.3.tgz 0ms (cache hit)
4313 http cache async-lock@https://registry.npmjs.org/async-lock/-/async-lock-1.4.1.tgz 0ms (cache hit)
4314 http cache iconv-lite@https://registry.npmjs.org/iconv-lite/-/iconv-lite-0.4.24.tgz 0ms (cache hit)
4315 http cache ajv-formats@https://registry.npmjs.org/ajv-formats/-/ajv-formats-3.0.1.tgz 0ms (cache hit)
4316 http cache archiver@https://registry.npmjs.org/archiver/-/archiver-7.0.1.tgz 0ms (cache hit)
4317 http cache ajv@https://registry.npmjs.org/ajv/-/ajv-8.17.1.tgz 0ms (cache hit)
4318 http cache @modelcontextprotocol/sdk@https://registry.npmjs.org/@modelcontextprotocol/sdk/-/sdk-1.26.0.tgz 0ms (cache hit)
4319 http cache abort-controller@https://registry.npmjs.org/abort-controller/-/abort-controller-3.0.0.tgz 0ms (cache hit)
4320 http cache media-typer@https://registry.npmjs.org/media-typer/-/media-typer-1.1.0.tgz 0ms (cache hit)
4321 http cache negotiator@https://registry.npmjs.org/negotiator/-/negotiator-1.0.0.tgz 0ms (cache hit)
4322 http cache mime-db@https://registry.npmjs.org/mime-db/-/mime-db-1.54.0.tgz 0ms (cache hit)
4323 http cache ms@https://registry.npmjs.org/ms/-/ms-2.1.3.tgz 0ms (cache hit)
4324 http cache serve-static@https://registry.npmjs.org/serve-static/-/serve-static-2.2.1.tgz 0ms (cache hit)
4325 http cache mime-types@https://registry.npmjs.org/mime-types/-/mime-types-3.0.2.tgz 0ms (cache hit)
4326 http cache type-is@https://registry.npmjs.org/type-is/-/type-is-2.0.1.tgz 0ms (cache hit)
4327 http cache send@https://registry.npmjs.org/send/-/send-1.2.1.tgz 0ms (cache hit)
4328 http cache fresh@https://registry.npmjs.org/fresh/-/fresh-2.0.0.tgz 0ms (cache hit)
4329 http cache finalhandler@https://registry.npmjs.org/finalhandler/-/finalhandler-2.1.1.tgz 0ms (cache hit)
4330 http cache merge-descriptors@https://registry.npmjs.org/merge-descriptors/-/merge-descriptors-2.0.0.tgz 0ms (cache hit)
4331 http cache debug@https://registry.npmjs.org/debug/-/debug-4.4.3.tgz 0ms (cache hit)
4332 http cache cookie-signature@https://registry.npmjs.org/cookie-signature/-/cookie-signature-1.2.2.tgz 0ms (cache hit)
4333 http cache accepts@https://registry.npmjs.org/accepts/-/accepts-2.0.0.tgz 0ms (cache hit)
4334 http cache content-disposition@https://registry.npmjs.org/content-disposition/-/content-disposition-1.0.1.tgz 0ms (cache hit)
4335 http cache @inquirer/prompts@https://registry.npmjs.org/@inquirer/prompts/-/prompts-7.10.1.tgz 0ms (cache hit)
4336 http cache express@https://registry.npmjs.org/express/-/express-5.2.1.tgz 0ms (cache hit)
4337 http cache @google-cloud/pubsub@https://registry.npmjs.org/@google-cloud/pubsub/-/pubsub-5.2.2.tgz 0ms (cache hit)
4338 http cache data-uri-to-buffer@https://registry.npmjs.org/data-uri-to-buffer/-/data-uri-to-buffer-4.0.1.tgz 0ms (cache hit)
4339 http cache node-fetch@https://registry.npmjs.org/node-fetch/-/node-fetch-3.3.2.tgz 0ms (cache hit)
4340 http cache gtoken@https://registry.npmjs.org/gtoken/-/gtoken-8.0.0.tgz 0ms (cache hit)
4341 http cache gaxios@https://registry.npmjs.org/gaxios/-/gaxios-7.1.3.tgz 0ms (cache hit)
4342 http cache google-logging-utils@https://registry.npmjs.org/google-logging-utils/-/google-logging-utils-1.1.3.tgz 0ms (cache hit)
4343 http cache @google-cloud/cloud-sql-connector@https://registry.npmjs.org/@google-cloud/cloud-sql-connector/-/cloud-sql-connector-1.9.0.tgz 0ms (cache hit)
4344 http cache google-auth-library@https://registry.npmjs.org/google-auth-library/-/google-auth-library-10.5.0.tgz 0ms (cache hit)
4345 http cache body-parser@https://registry.npmjs.org/body-parser/-/body-parser-2.2.2.tgz 0ms (cache hit)
4346 http cache gtoken@https://registry.npmjs.org/gtoken/-/gtoken-8.0.0.tgz 0ms (cache hit)
4347 http cache gcp-metadata@https://registry.npmjs.org/gcp-metadata/-/gcp-metadata-8.1.2.tgz 0ms (cache hit)
4348 http cache data-uri-to-buffer@https://registry.npmjs.org/data-uri-to-buffer/-/data-uri-to-buffer-4.0.1.tgz 0ms (cache hit)
4349 http cache node-fetch@https://registry.npmjs.org/node-fetch/-/node-fetch-3.3.2.tgz 0ms (cache hit)
4350 http cache google-auth-library@https://registry.npmjs.org/google-auth-library/-/google-auth-library-10.5.0.tgz 0ms (cache hit)
4351 http cache @electric-sql/pglite-tools@https://registry.npmjs.org/@electric-sql/pglite-tools/-/pglite-tools-0.2.20.tgz 0ms (cache hit)
4352 http cache gaxios@https://registry.npmjs.org/gaxios/-/gaxios-7.1.3.tgz 0ms (cache hit)
4353 http cache @apphosting/common@https://registry.npmjs.org/@apphosting/common/-/common-0.0.8.tgz 0ms (cache hit)
4354 http cache @electric-sql/pglite@https://registry.npmjs.org/@electric-sql/pglite/-/pglite-0.3.15.tgz 0ms (cache hit)
4355 http cache @apphosting/build@https://registry.npmjs.org/@apphosting/build/-/build-0.1.7.tgz 0ms (cache hit)
4356 http cache commander@https://registry.npmjs.org/commander/-/commander-11.1.0.tgz 0ms (cache hit)
4357 http cache google-logging-utils@https://registry.npmjs.org/google-logging-utils/-/google-logging-utils-1.1.3.tgz 1ms (cache hit)
4358 http cache @apphosting/common@https://registry.npmjs.org/@apphosting/common/-/common-0.0.9.tgz 0ms (cache hit)
4359 silly tarball no local data for firebase-tools@https://registry.npmjs.org/firebase-tools/-/firebase-tools-15.5.1.tgz. Extracting by manifest.
4360 silly tarball no local data for @tootallnate/once@https://registry.npmjs.org/@tootallnate/once/-/once-2.0.0.tgz. Extracting by manifest.
4361 http cache type-is@https://registry.npmjs.org/type-is/-/type-is-1.6.18.tgz 0ms (cache hit)
4362 http cache readdirp@https://registry.npmjs.org/readdirp/-/readdirp-3.6.0.tgz 0ms (cache hit)
4363 silly tarball no local data for @isaacs/balanced-match@https://registry.npmjs.org/@isaacs/balanced-match/-/balanced-match-4.0.1.tgz. Extracting by manifest.
4364 http cache gcp-metadata@https://registry.npmjs.org/gcp-metadata/-/gcp-metadata-8.1.2.tgz 0ms (cache hit)
4365 silly tarball no local data for @isaacs/brace-expansion@https://registry.npmjs.org/@isaacs/brace-expansion/-/brace-expansion-5.0.1.tgz. Extracting by manifest.
4366 silly tarball no local data for node-domexception@https://registry.npmjs.org/node-domexception/-/node-domexception-1.0.0.tgz. Extracting by manifest.
4367 silly tarball no local data for formdata-polyfill@https://registry.npmjs.org/formdata-polyfill/-/formdata-polyfill-4.0.10.tgz. Extracting by manifest.
4368 silly tarball no local data for fetch-blob@https://registry.npmjs.org/fetch-blob/-/fetch-blob-3.2.0.tgz. Extracting by manifest.
4369 silly tarball no local data for web-streams-polyfill@https://registry.npmjs.org/web-streams-polyfill/-/web-streams-polyfill-3.3.3.tgz. Extracting by manifest.
4370 silly tarball no local data for crc32-stream@https://registry.npmjs.org/crc32-stream/-/crc32-stream-6.0.0.tgz. Extracting by manifest.
4371 silly tarball no local data for compress-commons@https://registry.npmjs.org/compress-commons/-/compress-commons-6.0.2.tgz. Extracting by manifest.
4372 silly tarball no local data for yargs-parser@https://registry.npmjs.org/yargs-parser/-/yargs-parser-21.1.1.tgz. Extracting by manifest.
4373 silly tarball no local data for eastasianwidth@https://registry.npmjs.org/eastasianwidth/-/eastasianwidth-0.2.0.tgz. Extracting by manifest.
4374 silly tarball no local data for y18n@https://registry.npmjs.org/y18n/-/y18n-5.0.8.tgz. Extracting by manifest.
4375 silly tarball no local data for escalade@https://registry.npmjs.org/escalade/-/escalade-3.2.0.tgz. Extracting by manifest.
4376 silly tarball no local data for wrap-ansi@https://registry.npmjs.org/wrap-ansi/-/wrap-ansi-7.0.0.tgz. Extracting by manifest.
4377 silly tarball no local data for cliui@https://registry.npmjs.org/cliui/-/cliui-8.0.1.tgz. Extracting by manifest.
4378 silly tarball no local data for typedarray-to-buffer@https://registry.npmjs.org/typedarray-to-buffer/-/typedarray-to-buffer-3.1.5.tgz. Extracting by manifest.
4379 silly tarball no local data for fn.name@https://registry.npmjs.org/fn.name/-/fn.name-1.1.0.tgz. Extracting by manifest.
4380 silly tarball no local data for @types/triple-beam@https://registry.npmjs.org/@types/triple-beam/-/triple-beam-1.3.5.tgz. Extracting by manifest.
4381 silly tarball no local data for color-name@https://registry.npmjs.org/color-name/-/color-name-2.1.0.tgz. Extracting by manifest.
4382 silly tarball no local data for color-string@https://registry.npmjs.org/color-string/-/color-string-2.1.4.tgz. Extracting by manifest.
4383 silly tarball no local data for color-convert@https://registry.npmjs.org/color-convert/-/color-convert-3.1.3.tgz. Extracting by manifest.
4384 silly tarball no local data for text-hex@https://registry.npmjs.org/text-hex/-/text-hex-1.0.0.tgz. Extracting by manifest.
4385 silly tarball no local data for color@https://registry.npmjs.org/color/-/color-5.0.3.tgz. Extracting by manifest.
4386 silly tarball no local data for kuler@https://registry.npmjs.org/kuler/-/kuler-2.0.0.tgz. Extracting by manifest.
4387 silly tarball no local data for fecha@https://registry.npmjs.org/fecha/-/fecha-4.2.3.tgz. Extracting by manifest.
4388 silly tarball no local data for stack-trace@https://registry.npmjs.org/stack-trace/-/stack-trace-0.0.10.tgz. Extracting by manifest.
4389 silly tarball no local data for one-time@https://registry.npmjs.org/one-time/-/one-time-1.0.0.tgz. Extracting by manifest.
4390 silly tarball no local data for enabled@https://registry.npmjs.org/enabled/-/enabled-2.0.0.tgz. Extracting by manifest.
4391 silly tarball no local data for logform@https://registry.npmjs.org/logform/-/logform-2.7.0.tgz. Extracting by manifest.
4392 silly tarball no local data for @colors/colors@https://registry.npmjs.org/@colors/colors/-/colors-1.6.0.tgz. Extracting by manifest.
4393 silly tarball no local data for @dabh/diagnostics@https://registry.npmjs.org/@dabh/diagnostics/-/diagnostics-2.0.8.tgz. Extracting by manifest.
4394 silly tarball no local data for @so-ric/colorspace@https://registry.npmjs.org/@so-ric/colorspace/-/colorspace-1.1.6.tgz. Extracting by manifest.
4395 silly tarball no local data for clone@https://registry.npmjs.org/clone/-/clone-1.0.4.tgz. Extracting by manifest.
4396 silly tarball no local data for defaults@https://registry.npmjs.org/defaults/-/defaults-1.0.4.tgz. Extracting by manifest.
4397 silly tarball no local data for proto-list@https://registry.npmjs.org/proto-list/-/proto-list-1.2.4.tgz. Extracting by manifest.
4398 silly tarball no local data for @pnpm/network.ca-file@https://registry.npmjs.org/@pnpm/network.ca-file/-/network.ca-file-1.0.2.tgz. Extracting by manifest.
4399 silly tarball no local data for graceful-fs@https://registry.npmjs.org/graceful-fs/-/graceful-fs-4.2.10.tgz. Extracting by manifest.
4400 silly tarball no local data for @pnpm/config.env-replace@https://registry.npmjs.org/@pnpm/config.env-replace/-/config.env-replace-1.1.0.tgz. Extracting by manifest.
4401 silly tarball no local data for @pnpm/npm-conf@https://registry.npmjs.org/@pnpm/npm-conf/-/npm-conf-3.0.2.tgz. Extracting by manifest.
4402 silly tarball no local data for escape-goat@https://registry.npmjs.org/escape-goat/-/escape-goat-2.1.1.tgz. Extracting by manifest.
4403 silly tarball no local data for whatwg-fetch@https://registry.npmjs.org/whatwg-fetch/-/whatwg-fetch-3.6.20.tgz. Extracting by manifest.
4404 silly tarball no local data for config-chain@https://registry.npmjs.org/config-chain/-/config-chain-1.1.13.tgz. Extracting by manifest.
4405 silly tarball no local data for ini@https://registry.npmjs.org/ini/-/ini-2.0.0.tgz. Extracting by manifest.
4406 silly tarball no local data for global-dirs@https://registry.npmjs.org/global-dirs/-/global-dirs-3.0.1.tgz. Extracting by manifest.
4407 silly tarball no local data for ci-info@https://registry.npmjs.org/ci-info/-/ci-info-2.0.0.tgz. Extracting by manifest.
4408 silly tarball no local data for type-fest@https://registry.npmjs.org/type-fest/-/type-fest-0.20.2.tgz. Extracting by manifest.
4409 silly tarball no local data for cli-boxes@https://registry.npmjs.org/cli-boxes/-/cli-boxes-2.2.1.tgz. Extracting by manifest.
4410 silly tarball no local data for widest-line@https://registry.npmjs.org/widest-line/-/widest-line-3.1.0.tgz. Extracting by manifest.
4411 silly tarball no local data for camelcase@https://registry.npmjs.org/camelcase/-/camelcase-6.3.0.tgz. Extracting by manifest.
4412 silly tarball no local data for is-path-inside@https://registry.npmjs.org/is-path-inside/-/is-path-inside-3.0.3.tgz. Extracting by manifest.
4413 silly tarball no local data for semver@https://registry.npmjs.org/semver/-/semver-6.3.1.tgz. Extracting by manifest.
4414 silly tarball no local data for ansi-align@https://registry.npmjs.org/ansi-align/-/ansi-align-3.0.1.tgz. Extracting by manifest.
4415 silly tarball no local data for registry-url@https://registry.npmjs.org/registry-url/-/registry-url-5.1.0.tgz. Extracting by manifest.
4416 silly tarball no local data for registry-auth-token@https://registry.npmjs.org/registry-auth-token/-/registry-auth-token-5.1.1.tgz. Extracting by manifest.
4417 silly tarball no local data for pupa@https://registry.npmjs.org/pupa/-/pupa-2.1.1.tgz. Extracting by manifest.
4418 silly tarball no local data for is-yarn-global@https://registry.npmjs.org/is-yarn-global/-/is-yarn-global-0.3.0.tgz. Extracting by manifest.
4419 silly tarball no local data for is-npm@https://registry.npmjs.org/is-npm/-/is-npm-5.0.0.tgz. Extracting by manifest.
4420 silly tarball no local data for isomorphic-fetch@https://registry.npmjs.org/isomorphic-fetch/-/isomorphic-fetch-3.0.0.tgz. Extracting by manifest.
4421 silly tarball no local data for is-installed-globally@https://registry.npmjs.org/is-installed-globally/-/is-installed-globally-0.4.0.tgz. Extracting by manifest.
4422 silly tarball no local data for is-ci@https://registry.npmjs.org/is-ci/-/is-ci-2.0.0.tgz. Extracting by manifest.
4423 silly tarball no local data for semver-diff@https://registry.npmjs.org/semver-diff/-/semver-diff-3.1.1.tgz. Extracting by manifest.
4424 silly tarball no local data for boxen@https://registry.npmjs.org/boxen/-/boxen-5.1.2.tgz. Extracting by manifest.
4425 silly tarball no local data for wrap-ansi@https://registry.npmjs.org/wrap-ansi/-/wrap-ansi-7.0.0.tgz. Extracting by manifest.
4426 silly tarball no local data for crypto-random-string@https://registry.npmjs.org/crypto-random-string/-/crypto-random-string-2.0.0.tgz. Extracting by manifest.
4427 silly tarball no local data for imurmurhash@https://registry.npmjs.org/imurmurhash/-/imurmurhash-0.1.4.tgz. Extracting by manifest.
4428 silly tarball no local data for import-lazy@https://registry.npmjs.org/import-lazy/-/import-lazy-2.1.0.tgz. Extracting by manifest.
4429 silly tarball no local data for unique-slug@https://registry.npmjs.org/unique-slug/-/unique-slug-6.0.0.tgz. Extracting by manifest.
4430 silly tarball no local data for has-yarn@https://registry.npmjs.org/has-yarn/-/has-yarn-2.1.0.tgz. Extracting by manifest.
4431 silly tarball no local data for chalk@https://registry.npmjs.org/chalk/-/chalk-4.1.2.tgz. Extracting by manifest.
4432 silly tarball no local data for @jridgewell/trace-mapping@https://registry.npmjs.org/@jridgewell/trace-mapping/-/trace-mapping-0.3.9.tgz. Extracting by manifest.
4433 silly tarball no local data for v8-compile-cache-lib@https://registry.npmjs.org/v8-compile-cache-lib/-/v8-compile-cache-lib-3.0.1.tgz. Extracting by manifest.
4434 silly tarball no local data for yn@https://registry.npmjs.org/yn/-/yn-3.1.1.tgz. Extracting by manifest.
4435 silly tarball no local data for make-error@https://registry.npmjs.org/make-error/-/make-error-1.3.6.tgz. Extracting by manifest.
4436 silly tarball no local data for create-require@https://registry.npmjs.org/create-require/-/create-require-1.1.1.tgz. Extracting by manifest.
4437 silly tarball no local data for media-typer@https://registry.npmjs.org/media-typer/-/media-typer-0.3.0.tgz. Extracting by manifest.
4438 silly tarball no local data for acorn-walk@https://registry.npmjs.org/acorn-walk/-/acorn-walk-8.3.4.tgz. Extracting by manifest.
4439 silly tarball no local data for @tsconfig/node16@https://registry.npmjs.org/@tsconfig/node16/-/node16-1.0.4.tgz. Extracting by manifest.
4440 silly tarball no local data for @tsconfig/node14@https://registry.npmjs.org/@tsconfig/node14/-/node14-1.0.3.tgz. Extracting by manifest.
4441 silly tarball no local data for @tsconfig/node12@https://registry.npmjs.org/@tsconfig/node12/-/node12-1.0.11.tgz. Extracting by manifest.
4442 silly tarball no local data for arg@https://registry.npmjs.org/arg/-/arg-4.1.3.tgz. Extracting by manifest.
4443 silly tarball no local data for @tsconfig/node10@https://registry.npmjs.org/@tsconfig/node10/-/node10-1.0.12.tgz. Extracting by manifest.
4444 silly tarball no local data for stubs@https://registry.npmjs.org/stubs/-/stubs-3.0.0.tgz. Extracting by manifest.
4445 silly tarball no local data for @cspotcode/source-map-support@https://registry.npmjs.org/@cspotcode/source-map-support/-/source-map-support-0.8.1.tgz. Extracting by manifest.
4446 silly tarball no local data for thenify@https://registry.npmjs.org/thenify/-/thenify-3.3.1.tgz. Extracting by manifest.
4447 silly tarball no local data for stream-events@https://registry.npmjs.org/stream-events/-/stream-events-1.0.5.tgz. Extracting by manifest.
4448 silly tarball no local data for acorn@https://registry.npmjs.org/acorn/-/acorn-8.15.0.tgz. Extracting by manifest.
4449 silly tarball no local data for ip-regex@https://registry.npmjs.org/ip-regex/-/ip-regex-4.3.0.tgz. Extracting by manifest.
4450 silly tarball no local data for bare-events@https://registry.npmjs.org/bare-events/-/bare-events-2.8.2.tgz. Extracting by manifest.
4451 silly tarball no local data for text-decoder@https://registry.npmjs.org/text-decoder/-/text-decoder-1.2.3.tgz. Extracting by manifest.
4452 silly tarball no local data for is2@https://registry.npmjs.org/is2/-/is2-2.0.9.tgz. Extracting by manifest.
4453 silly tarball no local data for events-universal@https://registry.npmjs.org/events-universal/-/events-universal-1.0.1.tgz. Extracting by manifest.
4454 silly tarball no local data for streamx@https://registry.npmjs.org/streamx/-/streamx-2.23.0.tgz. Extracting by manifest.
4455 silly tarball no local data for fast-fifo@https://registry.npmjs.org/fast-fifo/-/fast-fifo-1.3.2.tgz. Extracting by manifest.
4456 silly tarball no local data for b4a@https://registry.npmjs.org/b4a/-/b4a-1.7.3.tgz. Extracting by manifest.
4457 silly tarball no local data for yallist@https://registry.npmjs.org/yallist/-/yallist-5.0.0.tgz. Extracting by manifest.
4458 silly tarball no local data for deep-is@https://registry.npmjs.org/deep-is/-/deep-is-0.1.4.tgz. Extracting by manifest.
4459 silly tarball no local data for chownr@https://registry.npmjs.org/chownr/-/chownr-3.0.0.tgz. Extracting by manifest.
4460 silly tarball no local data for @isaacs/fs-minipass@https://registry.npmjs.org/@isaacs/fs-minipass/-/fs-minipass-4.0.1.tgz. Extracting by manifest.
4461 silly tarball no local data for has-flag@https://registry.npmjs.org/has-flag/-/has-flag-4.0.0.tgz. Extracting by manifest.
4462 silly tarball no local data for is-promise@https://registry.npmjs.org/is-promise/-/is-promise-4.0.0.tgz. Extracting by manifest.
4463 silly tarball no local data for err-code@https://registry.npmjs.org/err-code/-/err-code-2.0.3.tgz. Extracting by manifest.
4464 silly tarball no local data for supports-color@https://registry.npmjs.org/supports-color/-/supports-color-7.2.0.tgz. Extracting by manifest.
4465 silly tarball no local data for abbrev@https://registry.npmjs.org/abbrev/-/abbrev-4.0.0.tgz. Extracting by manifest.
4466 silly tarball no local data for minizlib@https://registry.npmjs.org/minizlib/-/minizlib-3.1.0.tgz. Extracting by manifest.
4467 silly tarball no local data for minipass-sized@https://registry.npmjs.org/minipass-sized/-/minipass-sized-2.0.0.tgz. Extracting by manifest.
4468 silly tarball no local data for iconv-lite@https://registry.npmjs.org/iconv-lite/-/iconv-lite-0.6.3.tgz. Extracting by manifest.
4469 silly tarball no local data for encoding@https://registry.npmjs.org/encoding/-/encoding-0.1.13.tgz. Extracting by manifest.
4470 silly tarball no local data for p-map@https://registry.npmjs.org/p-map/-/p-map-7.0.4.tgz. Extracting by manifest.
4471 silly tarball no local data for unique-filename@https://registry.npmjs.org/unique-filename/-/unique-filename-5.0.0.tgz. Extracting by manifest.
4472 silly tarball no local data for fs-minipass@https://registry.npmjs.org/fs-minipass/-/fs-minipass-3.0.3.tgz. Extracting by manifest.
4473 silly tarball no local data for minipass-collect@https://registry.npmjs.org/minipass-collect/-/minipass-collect-2.0.1.tgz. Extracting by manifest.
4474 silly tarball no local data for ssri@https://registry.npmjs.org/ssri/-/ssri-13.0.0.tgz. Extracting by manifest.
4475 silly tarball no local data for @npmcli/fs@https://registry.npmjs.org/@npmcli/fs/-/fs-5.0.0.tgz. Extracting by manifest.
4476 silly tarball no local data for promise-retry@https://registry.npmjs.org/promise-retry/-/promise-retry-2.0.1.tgz. Extracting by manifest.
4477 silly tarball no local data for retry@https://registry.npmjs.org/retry/-/retry-0.12.0.tgz. Extracting by manifest.
4478 silly tarball no local data for minipass-pipeline@https://registry.npmjs.org/minipass-pipeline/-/minipass-pipeline-1.2.4.tgz. Extracting by manifest.
4479 silly tarball no local data for yallist@https://registry.npmjs.org/yallist/-/yallist-4.0.0.tgz. Extracting by manifest.
4480 silly tarball no local data for minipass-flush@https://registry.npmjs.org/minipass-flush/-/minipass-flush-1.0.5.tgz. Extracting by manifest.
4481 silly tarball no local data for minipass@https://registry.npmjs.org/minipass/-/minipass-3.3.6.tgz. Extracting by manifest.
4482 silly tarball no local data for minipass-fetch@https://registry.npmjs.org/minipass-fetch/-/minipass-fetch-5.0.1.tgz. Extracting by manifest.
4483 silly tarball no local data for minipass@https://registry.npmjs.org/minipass/-/minipass-3.3.6.tgz. Extracting by manifest.
4484 silly tarball no local data for http-cache-semantics@https://registry.npmjs.org/http-cache-semantics/-/http-cache-semantics-4.2.0.tgz. Extracting by manifest.
4485 silly tarball no local data for yallist@https://registry.npmjs.org/yallist/-/yallist-4.0.0.tgz. Extracting by manifest.
4486 silly tarball no local data for cacache@https://registry.npmjs.org/cacache/-/cacache-20.0.3.tgz. Extracting by manifest.
4487 silly tarball no local data for path-scurry@https://registry.npmjs.org/path-scurry/-/path-scurry-2.0.1.tgz. Extracting by manifest.
4488 silly tarball no local data for minimatch@https://registry.npmjs.org/minimatch/-/minimatch-10.1.2.tgz. Extracting by manifest.
4489 silly tarball no local data for @npmcli/agent@https://registry.npmjs.org/@npmcli/agent/-/agent-4.0.0.tgz. Extracting by manifest.
4490 silly tarball no local data for glob@https://registry.npmjs.org/glob/-/glob-13.0.1.tgz. Extracting by manifest.
4491 silly tarball no local data for tinyglobby@https://registry.npmjs.org/tinyglobby/-/tinyglobby-0.2.15.tgz. Extracting by manifest.
4492 silly tarball no local data for fdir@https://registry.npmjs.org/fdir/-/fdir-6.5.0.tgz. Extracting by manifest.
4493 silly tarball no local data for picomatch@https://registry.npmjs.org/picomatch/-/picomatch-4.0.3.tgz. Extracting by manifest.
4494 silly tarball no local data for nopt@https://registry.npmjs.org/nopt/-/nopt-9.0.0.tgz. Extracting by manifest.
4495 silly tarball no local data for make-fetch-happen@https://registry.npmjs.org/make-fetch-happen/-/make-fetch-happen-15.0.3.tgz. Extracting by manifest.
4496 silly tarball no local data for proc-log@https://registry.npmjs.org/proc-log/-/proc-log-6.1.0.tgz. Extracting by manifest.
4497 silly tarball no local data for exponential-backoff@https://registry.npmjs.org/exponential-backoff/-/exponential-backoff-3.1.3.tgz. Extracting by manifest.
4498 silly tarball no local data for negotiator@https://registry.npmjs.org/negotiator/-/negotiator-1.0.0.tgz. Extracting by manifest.
4499 silly tarball no local data for env-paths@https://registry.npmjs.org/env-paths/-/env-paths-2.2.1.tgz. Extracting by manifest.
4500 silly tarball no local data for isexe@https://registry.npmjs.org/isexe/-/isexe-3.1.4.tgz. Extracting by manifest.
4501 silly tarball no local data for node-gyp@https://registry.npmjs.org/node-gyp/-/node-gyp-12.2.0.tgz. Extracting by manifest.
4502 silly tarball no local data for which@https://registry.npmjs.org/which/-/which-6.0.0.tgz. Extracting by manifest.
4503 silly tarball no local data for tar@https://registry.npmjs.org/tar/-/tar-7.5.7.tgz. Extracting by manifest.
4504 silly tarball no local data for diff@https://registry.npmjs.org/diff/-/diff-4.0.4.tgz. Extracting by manifest.
4505 silly tarball no local data for proc-log@https://registry.npmjs.org/proc-log/-/proc-log-6.1.0.tgz. Extracting by manifest.
4506 silly tarball no local data for install-artifact-from-github@https://registry.npmjs.org/install-artifact-from-github/-/install-artifact-from-github-1.4.0.tgz. Extracting by manifest.
4507 silly tarball no local data for lodash._objecttypes@https://registry.npmjs.org/lodash._objecttypes/-/lodash._objecttypes-2.4.1.tgz. Extracting by manifest.
4508 silly tarball no local data for valid-url@https://registry.npmjs.org/valid-url/-/valid-url-1.0.9.tgz. Extracting by manifest.
4509 silly tarball no local data for as-array@https://registry.npmjs.org/as-array/-/as-array-2.0.0.tgz. Extracting by manifest.
4510 silly tarball no local data for toxic@https://registry.npmjs.org/toxic/-/toxic-1.0.1.tgz. Extracting by manifest.
4511 silly tarball no local data for glob-slash@https://registry.npmjs.org/glob-slash/-/glob-slash-1.0.0.tgz. Extracting by manifest.
4512 silly tarball no local data for lodash.isobject@https://registry.npmjs.org/lodash.isobject/-/lodash.isobject-2.4.1.tgz. Extracting by manifest.
4513 silly tarball no local data for compressible@https://registry.npmjs.org/compressible/-/compressible-2.0.18.tgz. Extracting by manifest.
4514 silly tarball no local data for tsscmp@https://registry.npmjs.org/tsscmp/-/tsscmp-1.0.6.tgz. Extracting by manifest.
4515 silly tarball no local data for router@https://registry.npmjs.org/router/-/router-2.2.0.tgz. Extracting by manifest.
4516 silly tarball no local data for path-to-regexp@https://registry.npmjs.org/path-to-regexp/-/path-to-regexp-8.3.0.tgz. Extracting by manifest.
4517 silly tarball no local data for url-join@https://registry.npmjs.org/url-join/-/url-join-0.0.1.tgz. Extracting by manifest.
4518 silly tarball no local data for re2@https://registry.npmjs.org/re2/-/re2-1.23.2.tgz. Extracting by manifest.
4519 silly tarball no local data for is-url@https://registry.npmjs.org/is-url/-/is-url-1.2.4.tgz. Extracting by manifest.
4520 silly tarball no local data for connect@https://registry.npmjs.org/connect/-/connect-3.7.0.tgz. Extracting by manifest.
4521 silly tarball no local data for glob-slasher@https://registry.npmjs.org/glob-slasher/-/glob-slasher-1.0.1.tgz. Extracting by manifest.
4522 silly tarball no local data for join-path@https://registry.npmjs.org/join-path/-/join-path-1.1.1.tgz. Extracting by manifest.
4523 silly tarball no local data for statuses@https://registry.npmjs.org/statuses/-/statuses-1.5.0.tgz. Extracting by manifest.
4524 silly tarball no local data for on-finished@https://registry.npmjs.org/on-finished/-/on-finished-2.3.0.tgz. Extracting by manifest.
4525 silly tarball no local data for encodeurl@https://registry.npmjs.org/encodeurl/-/encodeurl-1.0.2.tgz. Extracting by manifest.
4526 silly tarball no local data for finalhandler@https://registry.npmjs.org/finalhandler/-/finalhandler-1.1.2.tgz. Extracting by manifest.
4527 silly tarball no local data for negotiator@https://registry.npmjs.org/negotiator/-/negotiator-0.6.4.tgz. Extracting by manifest.
4528 silly tarball no local data for basic-auth-connect@https://registry.npmjs.org/basic-auth-connect/-/basic-auth-connect-1.1.0.tgz. Extracting by manifest.
4529 silly tarball no local data for ret@https://registry.npmjs.org/ret/-/ret-0.1.15.tgz. Extracting by manifest.
4530 silly tarball no local data for discontinuous-range@https://registry.npmjs.org/discontinuous-range/-/discontinuous-range-1.0.0.tgz. Extracting by manifest.
4531 silly tarball no local data for randexp@https://registry.npmjs.org/randexp/-/randexp-0.4.6.tgz. Extracting by manifest.
4532 silly tarball no local data for railroad-diagrams@https://registry.npmjs.org/railroad-diagrams/-/railroad-diagrams-1.0.0.tgz. Extracting by manifest.
4533 silly tarball no local data for moo@https://registry.npmjs.org/moo/-/moo-0.5.2.tgz. Extracting by manifest.
4534 silly tarball no local data for nearley@https://registry.npmjs.org/nearley/-/nearley-2.20.1.tgz. Extracting by manifest.
4535 silly tarball no local data for compression@https://registry.npmjs.org/compression/-/compression-1.8.1.tgz. Extracting by manifest.
4536 silly tarball no local data for unicode-emoji-modifier-base@https://registry.npmjs.org/unicode-emoji-modifier-base/-/unicode-emoji-modifier-base-1.0.0.tgz. Extracting by manifest.
4537 silly tarball no local data for socks@https://registry.npmjs.org/socks/-/socks-2.8.7.tgz. Extracting by manifest.
4538 silly tarball no local data for smart-buffer@https://registry.npmjs.org/smart-buffer/-/smart-buffer-4.2.0.tgz. Extracting by manifest.
4539 silly tarball no local data for side-channel-map@https://registry.npmjs.org/side-channel-map/-/side-channel-map-1.0.1.tgz. Extracting by manifest.
4540 silly tarball no local data for side-channel-weakmap@https://registry.npmjs.org/side-channel-weakmap/-/side-channel-weakmap-1.0.2.tgz. Extracting by manifest.
4541 silly tarball no local data for side-channel-list@https://registry.npmjs.org/side-channel-list/-/side-channel-list-1.0.0.tgz. Extracting by manifest.
4542 silly tarball no local data for object-inspect@https://registry.npmjs.org/object-inspect/-/object-inspect-1.13.4.tgz. Extracting by manifest.
4543 silly tarball no local data for teeny-request@https://registry.npmjs.org/teeny-request/-/teeny-request-10.1.0.tgz. Extracting by manifest.
4544 silly tarball no local data for data-uri-to-buffer@https://registry.npmjs.org/data-uri-to-buffer/-/data-uri-to-buffer-4.0.1.tgz. Extracting by manifest.
4545 silly tarball no local data for agent-base@https://registry.npmjs.org/agent-base/-/agent-base-6.0.2.tgz. Extracting by manifest.
4546 silly tarball no local data for node-fetch@https://registry.npmjs.org/node-fetch/-/node-fetch-3.3.2.tgz. Extracting by manifest.
4547 silly tarball no local data for https-proxy-agent@https://registry.npmjs.org/https-proxy-agent/-/https-proxy-agent-5.0.1.tgz. Extracting by manifest.
4548 silly tarball no local data for mimic-fn@https://registry.npmjs.org/mimic-fn/-/mimic-fn-2.1.0.tgz. Extracting by manifest.
4549 silly tarball no local data for onetime@https://registry.npmjs.org/onetime/-/onetime-5.1.2.tgz. Extracting by manifest.
4550 silly tarball no local data for http-proxy-agent@https://registry.npmjs.org/http-proxy-agent/-/http-proxy-agent-5.0.0.tgz. Extracting by manifest.
4551 silly tarball no local data for source-map@https://registry.npmjs.org/source-map/-/source-map-0.6.1.tgz. Extracting by manifest.
4552 silly tarball no local data for side-channel@https://registry.npmjs.org/side-channel/-/side-channel-1.1.0.tgz. Extracting by manifest.
4553 silly tarball no local data for process@https://registry.npmjs.org/process/-/process-0.11.10.tgz. Extracting by manifest.
4554 silly tarball no local data for esutils@https://registry.npmjs.org/esutils/-/esutils-2.0.3.tgz. Extracting by manifest.
4555 silly tarball no local data for estraverse@https://registry.npmjs.org/estraverse/-/estraverse-5.3.0.tgz. Extracting by manifest.
4556 silly tarball no local data for escodegen@https://registry.npmjs.org/escodegen/-/escodegen-2.1.0.tgz. Extracting by manifest.
4557 silly tarball no local data for netmask@https://registry.npmjs.org/netmask/-/netmask-2.0.2.tgz. Extracting by manifest.
4558 silly tarball no local data for ast-types@https://registry.npmjs.org/ast-types/-/ast-types-0.13.4.tgz. Extracting by manifest.
4559 silly tarball no local data for basic-ftp@https://registry.npmjs.org/basic-ftp/-/basic-ftp-5.1.0.tgz. Extracting by manifest.
4560 silly tarball no local data for data-uri-to-buffer@https://registry.npmjs.org/data-uri-to-buffer/-/data-uri-to-buffer-6.0.2.tgz. Extracting by manifest.
4561 silly tarball no local data for degenerator@https://registry.npmjs.org/degenerator/-/degenerator-5.0.1.tgz. Extracting by manifest.
4562 silly tarball no local data for pac-resolver@https://registry.npmjs.org/pac-resolver/-/pac-resolver-7.0.1.tgz. Extracting by manifest.
4563 silly tarball no local data for get-uri@https://registry.npmjs.org/get-uri/-/get-uri-6.0.5.tgz. Extracting by manifest.
4564 silly tarball no local data for socks-proxy-agent@https://registry.npmjs.org/socks-proxy-agent/-/socks-proxy-agent-8.0.5.tgz. Extracting by manifest.
4565 silly tarball no local data for @tootallnate/quickjs-emscripten@https://registry.npmjs.org/@tootallnate/quickjs-emscripten/-/quickjs-emscripten-0.23.0.tgz. Extracting by manifest.
4566 silly tarball no local data for pac-proxy-agent@https://registry.npmjs.org/pac-proxy-agent/-/pac-proxy-agent-7.2.0.tgz. Extracting by manifest.
4567 silly tarball no local data for http-proxy-agent@https://registry.npmjs.org/http-proxy-agent/-/http-proxy-agent-7.0.2.tgz. Extracting by manifest.
4568 silly tarball no local data for ipaddr.js@https://registry.npmjs.org/ipaddr.js/-/ipaddr.js-1.9.1.tgz. Extracting by manifest.
4569 silly tarball no local data for @protobufjs/utf8@https://registry.npmjs.org/@protobufjs/utf8/-/utf8-1.1.0.tgz. Extracting by manifest.
4570 silly tarball no local data for forwarded@https://registry.npmjs.org/forwarded/-/forwarded-0.2.0.tgz. Extracting by manifest.
4571 silly tarball no local data for @protobufjs/pool@https://registry.npmjs.org/@protobufjs/pool/-/pool-1.1.0.tgz. Extracting by manifest.
4572 silly tarball no local data for @protobufjs/path@https://registry.npmjs.org/@protobufjs/path/-/path-1.1.2.tgz. Extracting by manifest.
4573 silly tarball no local data for @protobufjs/float@https://registry.npmjs.org/@protobufjs/float/-/float-1.0.2.tgz. Extracting by manifest.
4574 silly tarball no local data for @protobufjs/fetch@https://registry.npmjs.org/@protobufjs/fetch/-/fetch-1.1.0.tgz. Extracting by manifest.
4575 silly tarball no local data for @protobufjs/eventemitter@https://registry.npmjs.org/@protobufjs/eventemitter/-/eventemitter-1.1.0.tgz. Extracting by manifest.
4576 silly tarball no local data for @protobufjs/inquire@https://registry.npmjs.org/@protobufjs/inquire/-/inquire-1.1.0.tgz. Extracting by manifest.
4577 silly tarball no local data for @protobufjs/codegen@https://registry.npmjs.org/@protobufjs/codegen/-/codegen-2.0.4.tgz. Extracting by manifest.
4578 silly tarball no local data for @protobufjs/base64@https://registry.npmjs.org/@protobufjs/base64/-/base64-1.1.2.tgz. Extracting by manifest.
4579 silly tarball no local data for postgres-bytea@https://registry.npmjs.org/postgres-bytea/-/postgres-bytea-1.0.1.tgz. Extracting by manifest.
4580 silly tarball no local data for postgres-interval@https://registry.npmjs.org/postgres-interval/-/postgres-interval-1.2.0.tgz. Extracting by manifest.
4581 silly tarball no local data for postgres-date@https://registry.npmjs.org/postgres-date/-/postgres-date-1.0.7.tgz. Extracting by manifest.
4582 silly tarball no local data for postgres-array@https://registry.npmjs.org/postgres-array/-/postgres-array-2.0.0.tgz. Extracting by manifest.
4583 silly tarball no local data for @protobufjs/aspromise@https://registry.npmjs.org/@protobufjs/aspromise/-/aspromise-1.1.2.tgz. Extracting by manifest.
4584 silly tarball no local data for pg-int8@https://registry.npmjs.org/pg-int8/-/pg-int8-1.0.1.tgz. Extracting by manifest.
4585 silly tarball no local data for pg-types@https://registry.npmjs.org/pg-types/-/pg-types-2.2.0.tgz. Extracting by manifest.
4586 silly tarball no local data for pgpass@https://registry.npmjs.org/pgpass/-/pgpass-1.0.5.tgz. Extracting by manifest.
4587 silly tarball no local data for pg-protocol@https://registry.npmjs.org/pg-protocol/-/pg-protocol-1.11.0.tgz. Extracting by manifest.
4588 silly tarball no local data for pg-connection-string@https://registry.npmjs.org/pg-connection-string/-/pg-connection-string-2.11.0.tgz. Extracting by manifest.
4589 silly tarball no local data for pg-cloudflare@https://registry.npmjs.org/pg-cloudflare/-/pg-cloudflare-1.3.0.tgz. Extracting by manifest.
4590 silly tarball no local data for yocto-queue@https://registry.npmjs.org/yocto-queue/-/yocto-queue-0.1.0.tgz. Extracting by manifest.
4591 silly tarball no local data for restore-cursor@https://registry.npmjs.org/restore-cursor/-/restore-cursor-3.1.0.tgz. Extracting by manifest.
4592 silly tarball no local data for pg-pool@https://registry.npmjs.org/pg-pool/-/pg-pool-3.11.0.tgz. Extracting by manifest.
4593 silly tarball no local data for signal-exit@https://registry.npmjs.org/signal-exit/-/signal-exit-3.0.7.tgz. Extracting by manifest.
4594 silly tarball no local data for wcwidth@https://registry.npmjs.org/wcwidth/-/wcwidth-1.0.1.tgz. Extracting by manifest.
4595 silly tarball no local data for chalk@https://registry.npmjs.org/chalk/-/chalk-4.1.2.tgz. Extracting by manifest.
4596 silly tarball no local data for log-symbols@https://registry.npmjs.org/log-symbols/-/log-symbols-4.1.0.tgz. Extracting by manifest.
4597 silly tarball no local data for is-unicode-supported@https://registry.npmjs.org/is-unicode-supported/-/is-unicode-supported-0.1.0.tgz. Extracting by manifest.
4598 silly tarball no local data for is-interactive@https://registry.npmjs.org/is-interactive/-/is-interactive-1.0.0.tgz. Extracting by manifest.
4599 silly tarball no local data for is-wsl@https://registry.npmjs.org/is-wsl/-/is-wsl-1.1.0.tgz. Extracting by manifest.
4600 silly tarball no local data for cli-cursor@https://registry.npmjs.org/cli-cursor/-/cli-cursor-3.1.0.tgz. Extracting by manifest.
4601 silly tarball no local data for validate-npm-package-name@https://registry.npmjs.org/validate-npm-package-name/-/validate-npm-package-name-5.0.1.tgz. Extracting by manifest.
4602 silly tarball no local data for lru-cache@https://registry.npmjs.org/lru-cache/-/lru-cache-10.4.3.tgz. Extracting by manifest.
4603 silly tarball no local data for npm-normalize-package-bin@https://registry.npmjs.org/npm-normalize-package-bin/-/npm-normalize-package-bin-3.0.1.tgz. Extracting by manifest.
4604 silly tarball no local data for proc-log@https://registry.npmjs.org/proc-log/-/proc-log-4.2.0.tgz. Extracting by manifest.
4605 silly tarball no local data for hosted-git-info@https://registry.npmjs.org/hosted-git-info/-/hosted-git-info-7.0.2.tgz. Extracting by manifest.
4606 silly tarball no local data for npm-package-arg@https://registry.npmjs.org/npm-package-arg/-/npm-package-arg-11.0.3.tgz. Extracting by manifest.
4607 silly tarball no local data for npm-install-checks@https://registry.npmjs.org/npm-install-checks/-/npm-install-checks-6.3.0.tgz. Extracting by manifest.
4608 silly tarball no local data for char-regex@https://registry.npmjs.org/char-regex/-/char-regex-1.0.2.tgz. Extracting by manifest.
4609 silly tarball no local data for skin-tone@https://registry.npmjs.org/skin-tone/-/skin-tone-2.0.0.tgz. Extracting by manifest.
4610 silly tarball no local data for emojilib@https://registry.npmjs.org/emojilib/-/emojilib-2.4.0.tgz. Extracting by manifest.
4611 silly tarball no local data for @sindresorhus/is@https://registry.npmjs.org/@sindresorhus/is/-/is-4.6.0.tgz. Extracting by manifest.
4612 silly tarball no local data for on-headers@https://registry.npmjs.org/on-headers/-/on-headers-1.1.0.tgz. Extracting by manifest.
4613 silly tarball no local data for any-promise@https://registry.npmjs.org/any-promise/-/any-promise-1.3.0.tgz. Extracting by manifest.
4614 silly tarball no local data for thenify-all@https://registry.npmjs.org/thenify-all/-/thenify-all-1.6.0.tgz. Extracting by manifest.
4615 silly tarball no local data for basic-auth@https://registry.npmjs.org/basic-auth/-/basic-auth-2.0.1.tgz. Extracting by manifest.
4616 silly tarball no local data for parse5@https://registry.npmjs.org/parse5/-/parse5-5.1.1.tgz. Extracting by manifest.
4617 silly tarball no local data for highlight.js@https://registry.npmjs.org/highlight.js/-/highlight.js-10.7.3.tgz. Extracting by manifest.
4618 silly tarball no local data for parse5-htmlparser2-tree-adapter@https://registry.npmjs.org/parse5-htmlparser2-tree-adapter/-/parse5-htmlparser2-tree-adapter-6.0.1.tgz. Extracting by manifest.
4619 silly tarball no local data for parse5@https://registry.npmjs.org/parse5/-/parse5-6.0.1.tgz. Extracting by manifest.
4620 silly tarball no local data for environment@https://registry.npmjs.org/environment/-/environment-1.1.0.tgz. Extracting by manifest.
4621 silly tarball no local data for mz@https://registry.npmjs.org/mz/-/mz-2.7.0.tgz. Extracting by manifest.
4622 silly tarball no local data for supports-hyperlinks@https://registry.npmjs.org/supports-hyperlinks/-/supports-hyperlinks-3.2.0.tgz. Extracting by manifest.
4623 silly tarball no local data for node-emoji@https://registry.npmjs.org/node-emoji/-/node-emoji-2.2.0.tgz. Extracting by manifest.
4624 silly tarball no local data for cli-highlight@https://registry.npmjs.org/cli-highlight/-/cli-highlight-2.1.11.tgz. Extracting by manifest.
4625 silly tarball no local data for chalk@https://registry.npmjs.org/chalk/-/chalk-4.1.2.tgz. Extracting by manifest.
4626 silly tarball no local data for cliui@https://registry.npmjs.org/cliui/-/cliui-7.0.4.tgz. Extracting by manifest.
4627 silly tarball no local data for yargs@https://registry.npmjs.org/yargs/-/yargs-16.2.0.tgz. Extracting by manifest.
4628 silly tarball no local data for yargs-parser@https://registry.npmjs.org/yargs-parser/-/yargs-parser-20.2.9.tgz. Extracting by manifest.
4629 silly tarball no local data for wrap-ansi@https://registry.npmjs.org/wrap-ansi/-/wrap-ansi-7.0.0.tgz. Extracting by manifest.
4630 silly tarball no local data for kind-of@https://registry.npmjs.org/kind-of/-/kind-of-3.2.2.tgz. Extracting by manifest.
4631 silly tarball no local data for ansi-escapes@https://registry.npmjs.org/ansi-escapes/-/ansi-escapes-7.3.0.tgz. Extracting by manifest.
4632 silly tarball no local data for through2@https://registry.npmjs.org/through2/-/through2-2.0.5.tgz. Extracting by manifest.
4633 silly tarball no local data for ee-first@https://registry.npmjs.org/ee-first/-/ee-first-1.1.1.tgz. Extracting by manifest.
4634 silly tarball no local data for libsodium@https://registry.npmjs.org/libsodium/-/libsodium-0.7.16.tgz. Extracting by manifest.
4635 silly tarball no local data for buffer-equal-constant-time@https://registry.npmjs.org/buffer-equal-constant-time/-/buffer-equal-constant-time-1.0.1.tgz. Extracting by manifest.
4636 silly tarball no local data for jwa@https://registry.npmjs.org/jwa/-/jwa-2.0.1.tgz. Extracting by manifest.
4637 silly tarball no local data for lodash.once@https://registry.npmjs.org/lodash.once/-/lodash.once-4.1.1.tgz. Extracting by manifest.
4638 silly tarball no local data for lodash.isstring@https://registry.npmjs.org/lodash.isstring/-/lodash.isstring-4.0.1.tgz. Extracting by manifest.
4639 silly tarball no local data for lodash.isplainobject@https://registry.npmjs.org/lodash.isplainobject/-/lodash.isplainobject-4.0.6.tgz. Extracting by manifest.
4640 silly tarball no local data for lodash.isinteger@https://registry.npmjs.org/lodash.isinteger/-/lodash.isinteger-4.0.4.tgz. Extracting by manifest.
4641 silly tarball no local data for lodash.includes@https://registry.npmjs.org/lodash.includes/-/lodash.includes-4.3.0.tgz. Extracting by manifest.
4642 silly tarball no local data for is-number@https://registry.npmjs.org/is-number/-/is-number-2.1.0.tgz. Extracting by manifest.
4643 silly tarball no local data for lodash.isboolean@https://registry.npmjs.org/lodash.isboolean/-/lodash.isboolean-3.0.3.tgz. Extracting by manifest.
4644 silly tarball no local data for lodash.isnumber@https://registry.npmjs.org/lodash.isnumber/-/lodash.isnumber-3.0.3.tgz. Extracting by manifest.
4645 silly tarball no local data for jju@https://registry.npmjs.org/jju/-/jju-1.4.0.tgz. Extracting by manifest.
4646 silly tarball no local data for esprima@https://registry.npmjs.org/esprima/-/esprima-4.0.1.tgz. Extracting by manifest.
4647 silly tarball no local data for sprintf-js@https://registry.npmjs.org/sprintf-js/-/sprintf-js-1.0.3.tgz. Extracting by manifest.
4648 silly tarball no local data for wrap-ansi-cjs@https://registry.npmjs.org/wrap-ansi/-/wrap-ansi-7.0.0.tgz. Extracting by manifest.
4649 silly tarball no local data for argparse@https://registry.npmjs.org/argparse/-/argparse-1.0.10.tgz. Extracting by manifest.
4650 silly tarball no local data for bignumber.js@https://registry.npmjs.org/bignumber.js/-/bignumber.js-9.3.1.tgz. Extracting by manifest.
4651 silly tarball no local data for @isaacs/cliui@https://registry.npmjs.org/@isaacs/cliui/-/cliui-8.0.2.tgz. Extracting by manifest.
4652 silly tarball no local data for emoji-regex@https://registry.npmjs.org/emoji-regex/-/emoji-regex-9.2.2.tgz. Extracting by manifest.
4653 silly tarball no local data for ansi-styles@https://registry.npmjs.org/ansi-styles/-/ansi-styles-6.2.3.tgz. Extracting by manifest.
4654 silly tarball no local data for @pkgjs/parseargs@https://registry.npmjs.org/@pkgjs/parseargs/-/parseargs-0.11.0.tgz. Extracting by manifest.
4655 silly tarball no local data for wrap-ansi@https://registry.npmjs.org/wrap-ansi/-/wrap-ansi-8.1.0.tgz. Extracting by manifest.
4656 silly tarball no local data for binary-extensions@https://registry.npmjs.org/binary-extensions/-/binary-extensions-2.3.0.tgz. Extracting by manifest.
4657 silly tarball no local data for is-extglob@https://registry.npmjs.org/is-extglob/-/is-extglob-2.1.1.tgz. Extracting by manifest.
4658 silly tarball no local data for string-width@https://registry.npmjs.org/string-width/-/string-width-5.1.2.tgz. Extracting by manifest.
4659 silly tarball no local data for agent-base@https://registry.npmjs.org/agent-base/-/agent-base-7.1.4.tgz. Extracting by manifest.
4660 silly tarball no local data for url-template@https://registry.npmjs.org/url-template/-/url-template-2.0.8.tgz. Extracting by manifest.
4661 silly tarball no local data for toidentifier@https://registry.npmjs.org/toidentifier/-/toidentifier-1.0.1.tgz. Extracting by manifest.
4662 silly tarball no local data for yargs@https://registry.npmjs.org/yargs/-/yargs-17.7.2.tgz. Extracting by manifest.
4663 silly tarball no local data for long@https://registry.npmjs.org/long/-/long-5.3.2.tgz. Extracting by manifest.
4664 silly tarball no local data for rimraf@https://registry.npmjs.org/rimraf/-/rimraf-5.0.10.tgz. Extracting by manifest.
4665 silly tarball no local data for lodash.camelcase@https://registry.npmjs.org/lodash.camelcase/-/lodash.camelcase-4.3.0.tgz. Extracting by manifest.
4666 silly tarball no local data for @js-sdsl/ordered-map@https://registry.npmjs.org/@js-sdsl/ordered-map/-/ordered-map-4.4.2.tgz. Extracting by manifest.
4667 silly tarball no local data for retry-request@https://registry.npmjs.org/retry-request/-/retry-request-8.0.2.tgz. Extracting by manifest.
4668 silly tarball no local data for proto3-json-serializer@https://registry.npmjs.org/proto3-json-serializer/-/proto3-json-serializer-3.0.4.tgz. Extracting by manifest.
4669 silly tarball no local data for object-hash@https://registry.npmjs.org/object-hash/-/object-hash-3.0.0.tgz. Extracting by manifest.
4670 silly tarball no local data for protobufjs@https://registry.npmjs.org/protobufjs/-/protobufjs-7.5.4.tgz. Extracting by manifest.
4671 silly tarball no local data for @grpc/grpc-js@https://registry.npmjs.org/@grpc/grpc-js/-/grpc-js-1.14.3.tgz. Extracting by manifest.
4672 silly tarball no local data for json-bigint@https://registry.npmjs.org/json-bigint/-/json-bigint-1.0.0.tgz. Extracting by manifest.
4673 silly tarball no local data for @grpc/proto-loader@https://registry.npmjs.org/@grpc/proto-loader/-/proto-loader-0.8.0.tgz. Extracting by manifest.
4674 silly tarball no local data for google-logging-utils@https://registry.npmjs.org/google-logging-utils/-/google-logging-utils-0.0.2.tgz. Extracting by manifest.
4675 silly tarball no local data for ecdsa-sig-formatter@https://registry.npmjs.org/ecdsa-sig-formatter/-/ecdsa-sig-formatter-1.0.11.tgz. Extracting by manifest.
4676 silly tarball no local data for gtoken@https://registry.npmjs.org/gtoken/-/gtoken-7.1.0.tgz. Extracting by manifest.
4677 silly tarball no local data for gcp-metadata@https://registry.npmjs.org/gcp-metadata/-/gcp-metadata-6.1.1.tgz. Extracting by manifest.
4678 silly tarball no local data for package-json-from-dist@https://registry.npmjs.org/package-json-from-dist/-/package-json-from-dist-1.0.1.tgz. Extracting by manifest.
4679 silly tarball no local data for path-scurry@https://registry.npmjs.org/path-scurry/-/path-scurry-1.11.1.tgz. Extracting by manifest.
4680 silly tarball no local data for minipass@https://registry.npmjs.org/minipass/-/minipass-7.1.2.tgz. Extracting by manifest.
4681 silly tarball no local data for foreground-child@https://registry.npmjs.org/foreground-child/-/foreground-child-3.3.1.tgz. Extracting by manifest.
4682 silly tarball no local data for jackspeak@https://registry.npmjs.org/jackspeak/-/jackspeak-3.4.3.tgz. Extracting by manifest.
4683 silly tarball no local data for jws@https://registry.npmjs.org/jws/-/jws-4.0.1.tgz. Extracting by manifest.
4684 silly tarball no local data for https-proxy-agent@https://registry.npmjs.org/https-proxy-agent/-/https-proxy-agent-7.0.6.tgz. Extracting by manifest.
4685 silly tarball no local data for jsonfile@https://registry.npmjs.org/jsonfile/-/jsonfile-6.2.0.tgz. Extracting by manifest.
4686 silly tarball no local data for universalify@https://registry.npmjs.org/universalify/-/universalify-2.0.1.tgz. Extracting by manifest.
4687 silly tarball no local data for to-regex-range@https://registry.npmjs.org/to-regex-range/-/to-regex-range-5.0.1.tgz. Extracting by manifest.
4688 silly tarball no local data for is-number@https://registry.npmjs.org/is-number/-/is-number-7.0.0.tgz. Extracting by manifest.
4689 silly tarball no local data for negotiator@https://registry.npmjs.org/negotiator/-/negotiator-0.6.3.tgz. Extracting by manifest.
4690 silly tarball no local data for utils-merge@https://registry.npmjs.org/utils-merge/-/utils-merge-1.0.1.tgz. Extracting by manifest.
4691 silly tarball no local data for ip-address@https://registry.npmjs.org/ip-address/-/ip-address-10.0.1.tgz. Extracting by manifest.
4692 silly tarball no local data for setprototypeof@https://registry.npmjs.org/setprototypeof/-/setprototypeof-1.2.0.tgz. Extracting by manifest.
4693 silly tarball no local data for send@https://registry.npmjs.org/send/-/send-0.19.2.tgz. Extracting by manifest.
4694 silly tarball no local data for statuses@https://registry.npmjs.org/statuses/-/statuses-2.0.2.tgz. Extracting by manifest.
4695 silly tarball no local data for serve-static@https://registry.npmjs.org/serve-static/-/serve-static-1.16.3.tgz. Extracting by manifest.
4696 silly tarball no local data for range-parser@https://registry.npmjs.org/range-parser/-/range-parser-1.2.1.tgz. Extracting by manifest.
4697 silly tarball no local data for proxy-addr@https://registry.npmjs.org/proxy-addr/-/proxy-addr-2.0.7.tgz. Extracting by manifest.
4698 silly tarball no local data for mime@https://registry.npmjs.org/mime/-/mime-1.6.0.tgz. Extracting by manifest.
4699 silly tarball no local data for path-to-regexp@https://registry.npmjs.org/path-to-regexp/-/path-to-regexp-0.1.12.tgz. Extracting by manifest.
4700 silly tarball no local data for merge-descriptors@https://registry.npmjs.org/merge-descriptors/-/merge-descriptors-1.0.3.tgz. Extracting by manifest.
4701 silly tarball no local data for parseurl@https://registry.npmjs.org/parseurl/-/parseurl-1.3.3.tgz. Extracting by manifest.
4702 silly tarball no local data for methods@https://registry.npmjs.org/methods/-/methods-1.1.2.tgz. Extracting by manifest.
4703 silly tarball no local data for etag@https://registry.npmjs.org/etag/-/etag-1.8.1.tgz. Extracting by manifest.
4704 silly tarball no local data for fresh@https://registry.npmjs.org/fresh/-/fresh-0.5.2.tgz. Extracting by manifest.
4705 silly tarball no local data for escape-html@https://registry.npmjs.org/escape-html/-/escape-html-1.0.3.tgz. Extracting by manifest.
4706 silly tarball no local data for finalhandler@https://registry.npmjs.org/finalhandler/-/finalhandler-1.3.2.tgz. Extracting by manifest.
4707 silly tarball no local data for encodeurl@https://registry.npmjs.org/encodeurl/-/encodeurl-2.0.0.tgz. Extracting by manifest.
4708 silly tarball no local data for content-disposition@https://registry.npmjs.org/content-disposition/-/content-disposition-0.5.4.tgz. Extracting by manifest.
4709 silly tarball no local data for cookie-signature@https://registry.npmjs.org/cookie-signature/-/cookie-signature-1.0.7.tgz. Extracting by manifest.
4710 silly tarball no local data for cookie@https://registry.npmjs.org/cookie/-/cookie-0.7.2.tgz. Extracting by manifest.
4711 silly tarball no local data for array-flatten@https://registry.npmjs.org/array-flatten/-/array-flatten-1.1.1.tgz. Extracting by manifest.
4712 silly tarball no local data for call-me-maybe@https://registry.npmjs.org/call-me-maybe/-/call-me-maybe-1.0.2.tgz. Extracting by manifest.
4713 silly tarball no local data for accepts@https://registry.npmjs.org/accepts/-/accepts-1.3.8.tgz. Extracting by manifest.
4714 silly tarball no local data for json-ptr@https://registry.npmjs.org/json-ptr/-/json-ptr-3.1.1.tgz. Extracting by manifest.
4715 silly tarball no local data for openapi3-ts@https://registry.npmjs.org/openapi3-ts/-/openapi3-ts-3.2.0.tgz. Extracting by manifest.
4716 silly tarball no local data for events-listener@https://registry.npmjs.org/events-listener/-/events-listener-1.1.0.tgz. Extracting by manifest.
4717 silly tarball no local data for promise-breaker@https://registry.npmjs.org/promise-breaker/-/promise-breaker-6.0.0.tgz. Extracting by manifest.
4718 silly tarball no local data for deep-freeze@https://registry.npmjs.org/deep-freeze/-/deep-freeze-0.0.1.tgz. Extracting by manifest.
4719 silly tarball no local data for @apidevtools/json-schema-ref-parser@https://registry.npmjs.org/@apidevtools/json-schema-ref-parser/-/json-schema-ref-parser-9.1.2.tgz. Extracting by manifest.
4720 silly tarball no local data for is-obj@https://registry.npmjs.org/is-obj/-/is-obj-2.0.0.tgz. Extracting by manifest.
4721 silly tarball no local data for lodash.mapvalues@https://registry.npmjs.org/lodash.mapvalues/-/lodash.mapvalues-4.6.0.tgz. Extracting by manifest.
4722 silly tarball no local data for sort-any@https://registry.npmjs.org/sort-any/-/sort-any-2.0.0.tgz. Extracting by manifest.
4723 silly tarball no local data for ms@https://registry.npmjs.org/ms/-/ms-2.0.0.tgz. Extracting by manifest.
4724 silly tarball no local data for vary@https://registry.npmjs.org/vary/-/vary-1.1.2.tgz. Extracting by manifest.
4725 silly tarball no local data for object-assign@https://registry.npmjs.org/object-assign/-/object-assign-4.1.1.tgz. Extracting by manifest.
4726 silly tarball no local data for write-file-atomic@https://registry.npmjs.org/write-file-atomic/-/write-file-atomic-3.0.3.tgz. Extracting by manifest.
4727 silly tarball no local data for xdg-basedir@https://registry.npmjs.org/xdg-basedir/-/xdg-basedir-4.0.0.tgz. Extracting by manifest.
4728 silly tarball no local data for signal-exit@https://registry.npmjs.org/signal-exit/-/signal-exit-3.0.7.tgz. Extracting by manifest.
4729 silly tarball no local data for make-dir@https://registry.npmjs.org/make-dir/-/make-dir-3.1.0.tgz. Extracting by manifest.
4730 silly tarball no local data for unique-string@https://registry.npmjs.org/unique-string/-/unique-string-2.0.0.tgz. Extracting by manifest.
4731 silly tarball no local data for dot-prop@https://registry.npmjs.org/dot-prop/-/dot-prop-5.3.0.tgz. Extracting by manifest.
4732 silly tarball no local data for semver@https://registry.npmjs.org/semver/-/semver-6.3.1.tgz. Extracting by manifest.
4733 silly tarball no local data for @colors/colors@https://registry.npmjs.org/@colors/colors/-/colors-1.5.0.tgz. Extracting by manifest.
4734 silly tarball no local data for fill-range@https://registry.npmjs.org/fill-range/-/fill-range-7.1.1.tgz. Extracting by manifest.
4735 silly tarball no local data for is-glob@https://registry.npmjs.org/is-glob/-/is-glob-4.0.3.tgz. Extracting by manifest.
4736 silly tarball no local data for is-binary-path@https://registry.npmjs.org/is-binary-path/-/is-binary-path-2.1.0.tgz. Extracting by manifest.
4737 silly tarball no local data for braces@https://registry.npmjs.org/braces/-/braces-3.0.3.tgz. Extracting by manifest.
4738 silly tarball no local data for json-parse-helpfulerror@https://registry.npmjs.org/json-parse-helpfulerror/-/json-parse-helpfulerror-1.0.3.tgz. Extracting by manifest.
4739 silly tarball no local data for glob-parent@https://registry.npmjs.org/glob-parent/-/glob-parent-5.1.2.tgz. Extracting by manifest.
4740 silly tarball no local data for unpipe@https://registry.npmjs.org/unpipe/-/unpipe-1.0.0.tgz. Extracting by manifest.
4741 silly tarball no local data for qs@https://registry.npmjs.org/qs/-/qs-6.14.1.tgz. Extracting by manifest.
4742 silly tarball no local data for on-finished@https://registry.npmjs.org/on-finished/-/on-finished-2.4.1.tgz. Extracting by manifest.
4743 silly tarball no local data for http-errors@https://registry.npmjs.org/http-errors/-/http-errors-2.0.1.tgz. Extracting by manifest.
4744 silly tarball no local data for destroy@https://registry.npmjs.org/destroy/-/destroy-1.2.0.tgz. Extracting by manifest.
4745 silly tarball no local data for depd@https://registry.npmjs.org/depd/-/depd-2.0.0.tgz. Extracting by manifest.
4746 silly tarball no local data for debug@https://registry.npmjs.org/debug/-/debug-2.6.9.tgz. Extracting by manifest.
4747 silly tarball no local data for lazystream@https://registry.npmjs.org/lazystream/-/lazystream-1.0.1.tgz. Extracting by manifest.
4748 silly tarball no local data for bytes@https://registry.npmjs.org/bytes/-/bytes-3.1.2.tgz. Extracting by manifest.
4749 silly tarball no local data for zip-stream@https://registry.npmjs.org/zip-stream/-/zip-stream-6.0.1.tgz. Extracting by manifest.
4750 silly tarball no local data for readdir-glob@https://registry.npmjs.org/readdir-glob/-/readdir-glob-1.1.3.tgz. Extracting by manifest.
4751 silly tarball no local data for tar-stream@https://registry.npmjs.org/tar-stream/-/tar-stream-3.1.7.tgz. Extracting by manifest.
4752 silly tarball no local data for minimatch@https://registry.npmjs.org/minimatch/-/minimatch-5.1.6.tgz. Extracting by manifest.
4753 silly tarball no local data for readable-stream@https://registry.npmjs.org/readable-stream/-/readable-stream-4.7.0.tgz. Extracting by manifest.
4754 silly tarball no local data for async@https://registry.npmjs.org/async/-/async-3.2.6.tgz. Extracting by manifest.
4755 silly tarball no local data for buffer-crc32@https://registry.npmjs.org/buffer-crc32/-/buffer-crc32-1.0.0.tgz. Extracting by manifest.
4756 silly tarball no local data for require-from-string@https://registry.npmjs.org/require-from-string/-/require-from-string-2.0.2.tgz. Extracting by manifest.
4757 silly tarball no local data for archiver-utils@https://registry.npmjs.org/archiver-utils/-/archiver-utils-5.0.2.tgz. Extracting by manifest.
4758 silly tarball no local data for fast-uri@https://registry.npmjs.org/fast-uri/-/fast-uri-3.1.0.tgz. Extracting by manifest.
4759 silly tarball no local data for json-schema-traverse@https://registry.npmjs.org/json-schema-traverse/-/json-schema-traverse-1.0.0.tgz. Extracting by manifest.
4760 silly tarball no local data for event-target-shim@https://registry.npmjs.org/event-target-shim/-/event-target-shim-5.0.1.tgz. Extracting by manifest.
4761 silly tarball no local data for infer-owner@https://registry.npmjs.org/infer-owner/-/infer-owner-1.0.4.tgz. Extracting by manifest.
4762 silly tarball no local data for undici-types@https://registry.npmjs.org/undici-types/-/undici-types-7.16.0.tgz. Extracting by manifest.
4763 silly tarball no local data for pkce-challenge@https://registry.npmjs.org/pkce-challenge/-/pkce-challenge-5.0.1.tgz. Extracting by manifest.
4764 silly tarball no local data for raw-body@https://registry.npmjs.org/raw-body/-/raw-body-3.0.2.tgz. Extracting by manifest.
4765 silly tarball no local data for json-schema-typed@https://registry.npmjs.org/json-schema-typed/-/json-schema-typed-8.0.2.tgz. Extracting by manifest.
4766 silly tarball no local data for express-rate-limit@https://registry.npmjs.org/express-rate-limit/-/express-rate-limit-8.2.1.tgz. Extracting by manifest.
4767 silly tarball no local data for eventsource-parser@https://registry.npmjs.org/eventsource-parser/-/eventsource-parser-3.0.6.tgz. Extracting by manifest.
4768 silly tarball no local data for content-type@https://registry.npmjs.org/content-type/-/content-type-1.0.5.tgz. Extracting by manifest.
4769 silly tarball no local data for eventsource@https://registry.npmjs.org/eventsource/-/eventsource-3.0.7.tgz. Extracting by manifest.
4770 silly tarball no local data for hono@https://registry.npmjs.org/hono/-/hono-4.11.9.tgz. Extracting by manifest.
4771 silly tarball no local data for @hono/node-server@https://registry.npmjs.org/@hono/node-server/-/node-server-1.19.9.tgz. Extracting by manifest.
4772 silly tarball no local data for iconv-lite@https://registry.npmjs.org/iconv-lite/-/iconv-lite-0.7.2.tgz. Extracting by manifest.
4773 silly tarball no local data for chardet@https://registry.npmjs.org/chardet/-/chardet-2.1.1.tgz. Extracting by manifest.
4774 silly tarball no local data for @inquirer/external-editor@https://registry.npmjs.org/@inquirer/external-editor/-/external-editor-1.0.3.tgz. Extracting by manifest.
4775 silly tarball no local data for mute-stream@https://registry.npmjs.org/mute-stream/-/mute-stream-2.0.0.tgz. Extracting by manifest.
4776 silly tarball no local data for cli-width@https://registry.npmjs.org/cli-width/-/cli-width-4.1.0.tgz. Extracting by manifest.
4777 silly tarball no local data for yoctocolors-cjs@https://registry.npmjs.org/yoctocolors-cjs/-/yoctocolors-cjs-2.1.3.tgz. Extracting by manifest.
4778 silly tarball no local data for @inquirer/type@https://registry.npmjs.org/@inquirer/type/-/type-3.0.10.tgz. Extracting by manifest.
4779 silly tarball no local data for @inquirer/figures@https://registry.npmjs.org/@inquirer/figures/-/figures-1.0.15.tgz. Extracting by manifest.
4780 silly tarball no local data for @inquirer/ansi@https://registry.npmjs.org/@inquirer/ansi/-/ansi-1.0.2.tgz. Extracting by manifest.
4781 silly tarball no local data for @inquirer/core@https://registry.npmjs.org/@inquirer/core/-/core-10.3.2.tgz. Extracting by manifest.
4782 silly tarball no local data for @inquirer/search@https://registry.npmjs.org/@inquirer/search/-/search-3.2.2.tgz. Extracting by manifest.
4783 silly tarball no local data for @inquirer/select@https://registry.npmjs.org/@inquirer/select/-/select-4.4.2.tgz. Extracting by manifest.
4784 silly tarball no local data for @inquirer/password@https://registry.npmjs.org/@inquirer/password/-/password-4.0.23.tgz. Extracting by manifest.
4785 silly tarball no local data for @inquirer/rawlist@https://registry.npmjs.org/@inquirer/rawlist/-/rawlist-4.1.11.tgz. Extracting by manifest.
4786 silly tarball no local data for @inquirer/input@https://registry.npmjs.org/@inquirer/input/-/input-4.3.1.tgz. Extracting by manifest.
4787 silly tarball no local data for @inquirer/number@https://registry.npmjs.org/@inquirer/number/-/number-3.0.23.tgz. Extracting by manifest.
4788 silly tarball no local data for @inquirer/expand@https://registry.npmjs.org/@inquirer/expand/-/expand-4.0.23.tgz. Extracting by manifest.
4789 silly tarball no local data for @inquirer/editor@https://registry.npmjs.org/@inquirer/editor/-/editor-4.2.23.tgz. Extracting by manifest.
4790 silly tarball no local data for @inquirer/checkbox@https://registry.npmjs.org/@inquirer/checkbox/-/checkbox-4.3.2.tgz. Extracting by manifest.
4791 silly tarball no local data for @inquirer/confirm@https://registry.npmjs.org/@inquirer/confirm/-/confirm-5.1.21.tgz. Extracting by manifest.
4792 silly tarball no local data for googleapis-common@https://registry.npmjs.org/googleapis-common/-/googleapis-common-8.0.1.tgz. Extracting by manifest.
4793 silly tarball no local data for data-uri-to-buffer@https://registry.npmjs.org/data-uri-to-buffer/-/data-uri-to-buffer-4.0.1.tgz. Extracting by manifest.
4794 silly tarball no local data for google-logging-utils@https://registry.npmjs.org/google-logging-utils/-/google-logging-utils-1.1.3.tgz. Extracting by manifest.
4795 silly tarball no local data for gtoken@https://registry.npmjs.org/gtoken/-/gtoken-8.0.0.tgz. Extracting by manifest.
4796 silly tarball no local data for node-fetch@https://registry.npmjs.org/node-fetch/-/node-fetch-3.3.2.tgz. Extracting by manifest.
4797 silly tarball no local data for gcp-metadata@https://registry.npmjs.org/gcp-metadata/-/gcp-metadata-8.1.2.tgz. Extracting by manifest.
4798 silly tarball no local data for gaxios@https://registry.npmjs.org/gaxios/-/gaxios-7.1.3.tgz. Extracting by manifest.
4799 silly tarball no local data for lodash.snakecase@https://registry.npmjs.org/lodash.snakecase/-/lodash.snakecase-4.1.1.tgz. Extracting by manifest.
4800 silly tarball no local data for p-defer@https://registry.npmjs.org/p-defer/-/p-defer-3.0.0.tgz. Extracting by manifest.
4801 silly tarball no local data for google-auth-library@https://registry.npmjs.org/google-auth-library/-/google-auth-library-10.5.0.tgz. Extracting by manifest.
4802 silly tarball no local data for heap-js@https://registry.npmjs.org/heap-js/-/heap-js-2.7.1.tgz. Extracting by manifest.
4803 silly tarball no local data for is-stream-ended@https://registry.npmjs.org/is-stream-ended/-/is-stream-ended-0.1.4.tgz. Extracting by manifest.
4804 silly tarball no local data for google-gax@https://registry.npmjs.org/google-gax/-/google-gax-5.0.6.tgz. Extracting by manifest.
4805 silly tarball no local data for data-uri-to-buffer@https://registry.npmjs.org/data-uri-to-buffer/-/data-uri-to-buffer-4.0.1.tgz. Extracting by manifest.
4806 silly tarball no local data for gcp-metadata@https://registry.npmjs.org/gcp-metadata/-/gcp-metadata-8.1.2.tgz. Extracting by manifest.
4807 silly tarball no local data for gtoken@https://registry.npmjs.org/gtoken/-/gtoken-8.0.0.tgz. Extracting by manifest.
4808 silly tarball no local data for gaxios@https://registry.npmjs.org/gaxios/-/gaxios-7.1.3.tgz. Extracting by manifest.
4809 silly tarball no local data for node-fetch@https://registry.npmjs.org/node-fetch/-/node-fetch-3.3.2.tgz. Extracting by manifest.
4810 silly tarball no local data for google-auth-library@https://registry.npmjs.org/google-auth-library/-/google-auth-library-10.5.0.tgz. Extracting by manifest.
4811 silly tarball no local data for google-logging-utils@https://registry.npmjs.org/google-logging-utils/-/google-logging-utils-1.1.3.tgz. Extracting by manifest.
4812 silly tarball no local data for arrify@https://registry.npmjs.org/arrify/-/arrify-2.0.1.tgz. Extracting by manifest.
4813 silly tarball no local data for @opentelemetry/core@https://registry.npmjs.org/@opentelemetry/core/-/core-1.30.1.tgz. Extracting by manifest.
4814 silly tarball no local data for @opentelemetry/semantic-conventions@https://registry.npmjs.org/@opentelemetry/semantic-conventions/-/semantic-conventions-1.34.0.tgz. Extracting by manifest.
4815 silly tarball no local data for @google-cloud/projectify@https://registry.npmjs.org/@google-cloud/projectify/-/projectify-5.0.0.tgz. Extracting by manifest.
4816 silly tarball no local data for @opentelemetry/semantic-conventions@https://registry.npmjs.org/@opentelemetry/semantic-conventions/-/semantic-conventions-1.28.0.tgz. Extracting by manifest.
4817 silly tarball no local data for @google-cloud/precise-date@https://registry.npmjs.org/@google-cloud/precise-date/-/precise-date-5.0.0.tgz. Extracting by manifest.
4818 silly tarball no local data for @google-cloud/promisify@https://registry.npmjs.org/@google-cloud/promisify/-/promisify-5.0.0.tgz. Extracting by manifest.
4819 silly tarball no local data for p-throttle@https://registry.npmjs.org/p-throttle/-/p-throttle-7.0.0.tgz. Extracting by manifest.
4820 silly tarball no local data for @types/node@https://registry.npmjs.org/@types/node/-/node-25.2.2.tgz. Extracting by manifest.
4821 silly tarball no local data for @google-cloud/paginator@https://registry.npmjs.org/@google-cloud/paginator/-/paginator-6.0.0.tgz. Extracting by manifest.
4822 silly tarball no local data for @googleapis/sqladmin@https://registry.npmjs.org/@googleapis/sqladmin/-/sqladmin-35.2.0.tgz. Extracting by manifest.
4823 silly tarball no local data for ts-node@https://registry.npmjs.org/ts-node/-/ts-node-10.9.2.tgz. Extracting by manifest.
4824 silly tarball no local data for npm-pick-manifest@https://registry.npmjs.org/npm-pick-manifest/-/npm-pick-manifest-9.1.0.tgz. Extracting by manifest.
4825 silly tarball no local data for @npmcli/promise-spawn@https://registry.npmjs.org/@npmcli/promise-spawn/-/promise-spawn-3.0.0.tgz. Extracting by manifest.
4826 silly tarball no local data for zod@https://registry.npmjs.org/zod/-/zod-3.25.76.tgz. Extracting by manifest.
4827 silly tarball no local data for zod-to-json-schema@https://registry.npmjs.org/zod-to-json-schema/-/zod-to-json-schema-3.25.1.tgz. Extracting by manifest.
4828 silly tarball no local data for yaml@https://registry.npmjs.org/yaml/-/yaml-2.8.2.tgz. Extracting by manifest.
4829 silly tarball no local data for winston-transport@https://registry.npmjs.org/winston-transport/-/winston-transport-4.9.0.tgz. Extracting by manifest.
4830 silly tarball no local data for @opentelemetry/api@https://registry.npmjs.org/@opentelemetry/api/-/api-1.9.0.tgz. Extracting by manifest.
4831 silly tarball no local data for winston@https://registry.npmjs.org/winston/-/winston-3.19.0.tgz. Extracting by manifest.
4832 silly tarball no local data for update-notifier-cjs@https://registry.npmjs.org/update-notifier-cjs/-/update-notifier-cjs-5.1.7.tgz. Extracting by manifest.
4833 silly tarball no local data for @colors/colors@https://registry.npmjs.org/@colors/colors/-/colors-1.6.0.tgz. Extracting by manifest.
4834 silly tarball no local data for universal-analytics@https://registry.npmjs.org/universal-analytics/-/universal-analytics-0.5.3.tgz. Extracting by manifest.
4835 silly tarball no local data for chalk@https://registry.npmjs.org/chalk/-/chalk-4.1.2.tgz. Extracting by manifest.
4836 silly tarball no local data for tmp@https://registry.npmjs.org/tmp/-/tmp-0.2.5.tgz. Extracting by manifest.
4837 silly tarball no local data for triple-beam@https://registry.npmjs.org/triple-beam/-/triple-beam-1.4.1.tgz. Extracting by manifest.
4838 silly tarball no local data for tcp-port-used@https://registry.npmjs.org/tcp-port-used/-/tcp-port-used-1.0.2.tgz. Extracting by manifest.
4839 silly tarball no local data for superstatic@https://registry.npmjs.org/superstatic/-/superstatic-10.0.0.tgz. Extracting by manifest.
4840 silly tarball no local data for debug@https://registry.npmjs.org/debug/-/debug-4.3.1.tgz. Extracting by manifest.
4841 silly tarball no local data for path-to-regexp@https://registry.npmjs.org/path-to-regexp/-/path-to-regexp-1.9.0.tgz. Extracting by manifest.
4842 silly tarball no local data for isarray@https://registry.npmjs.org/isarray/-/isarray-0.0.1.tgz. Extracting by manifest.
4843 silly tarball no local data for commander@https://registry.npmjs.org/commander/-/commander-10.0.1.tgz. Extracting by manifest.
4844 silly tarball no local data for minimatch@https://registry.npmjs.org/minimatch/-/minimatch-6.2.0.tgz. Extracting by manifest.
4845 silly tarball no local data for retry@https://registry.npmjs.org/retry/-/retry-0.13.1.tgz. Extracting by manifest.
4846 silly tarball no local data for sql-formatter@https://registry.npmjs.org/sql-formatter/-/sql-formatter-15.7.0.tgz. Extracting by manifest.
4847 silly tarball no local data for proxy-agent@https://registry.npmjs.org/proxy-agent/-/proxy-agent-6.5.0.tgz. Extracting by manifest.
4848 silly tarball no local data for lru-cache@https://registry.npmjs.org/lru-cache/-/lru-cache-7.18.3.tgz. Extracting by manifest.
4849 silly tarball no local data for portfinder@https://registry.npmjs.org/portfinder/-/portfinder-1.0.38.tgz. Extracting by manifest.
4850 silly tarball no local data for pg-gateway@https://registry.npmjs.org/pg-gateway/-/pg-gateway-0.3.0-beta.4.tgz. Extracting by manifest.
4851 silly tarball no local data for pglite-2@https://registry.npmjs.org/@electric-sql/pglite/-/pglite-0.2.17.tgz. Extracting by manifest.
4852 silly tarball no local data for p-limit@https://registry.npmjs.org/p-limit/-/p-limit-3.1.0.tgz. Extracting by manifest.
4853 silly tarball no local data for ora@https://registry.npmjs.org/ora/-/ora-5.4.1.tgz. Extracting by manifest.
4854 silly tarball no local data for pg@https://registry.npmjs.org/pg/-/pg-8.18.0.tgz. Extracting by manifest.
4855 silly tarball no local data for morgan@https://registry.npmjs.org/morgan/-/morgan-1.10.1.tgz. Extracting by manifest.
4856 silly tarball no local data for on-finished@https://registry.npmjs.org/on-finished/-/on-finished-2.3.0.tgz. Extracting by manifest.
4857 silly tarball no local data for open@https://registry.npmjs.org/open/-/open-6.4.0.tgz. Extracting by manifest.
4858 silly tarball no local data for chalk@https://registry.npmjs.org/chalk/-/chalk-4.1.2.tgz. Extracting by manifest.
4859 silly tarball no local data for lsofi@https://registry.npmjs.org/lsofi/-/lsofi-1.0.0.tgz. Extracting by manifest.
4860 silly tarball no local data for marked-terminal@https://registry.npmjs.org/marked-terminal/-/marked-terminal-7.3.0.tgz. Extracting by manifest.
4861 silly tarball no local data for marked@https://registry.npmjs.org/marked/-/marked-13.0.3.tgz. Extracting by manifest.
4862 silly tarball no local data for libsodium-wrappers@https://registry.npmjs.org/libsodium-wrappers/-/libsodium-wrappers-0.7.16.tgz. Extracting by manifest.
4863 silly tarball no local data for leven@https://registry.npmjs.org/leven/-/leven-3.1.0.tgz. Extracting by manifest.
4864 silly tarball no local data for mime@https://registry.npmjs.org/mime/-/mime-2.6.0.tgz. Extracting by manifest.
4865 silly tarball no local data for jsonwebtoken@https://registry.npmjs.org/jsonwebtoken/-/jsonwebtoken-9.0.3.tgz. Extracting by manifest.
4866 silly tarball no local data for js-yaml@https://registry.npmjs.org/js-yaml/-/js-yaml-3.14.2.tgz. Extracting by manifest.
4867 silly tarball no local data for google-auth-library@https://registry.npmjs.org/google-auth-library/-/google-auth-library-9.15.1.tgz. Extracting by manifest.
4868 silly tarball no local data for glob@https://registry.npmjs.org/glob/-/glob-10.5.0.tgz. Extracting by manifest.
4869 silly tarball no local data for ignore@https://registry.npmjs.org/ignore/-/ignore-7.0.5.tgz. Extracting by manifest.
4870 silly tarball no local data for gaxios@https://registry.npmjs.org/gaxios/-/gaxios-6.7.1.tgz. Extracting by manifest.
4871 silly tarball no local data for minimatch@https://registry.npmjs.org/minimatch/-/minimatch-9.0.5.tgz. Extracting by manifest.
4872 silly tarball no local data for fuzzy@https://registry.npmjs.org/fuzzy/-/fuzzy-0.1.3.tgz. Extracting by manifest.
4873 silly tarball no local data for fs-extra@https://registry.npmjs.org/fs-extra/-/fs-extra-10.1.0.tgz. Extracting by manifest.
4874 silly tarball no local data for filesize@https://registry.npmjs.org/filesize/-/filesize-6.4.0.tgz. Extracting by manifest.
4875 silly tarball no local data for express@https://registry.npmjs.org/express/-/express-4.22.1.tgz. Extracting by manifest.
4876 silly tarball no local data for raw-body@https://registry.npmjs.org/raw-body/-/raw-body-2.5.3.tgz. Extracting by manifest.
4877 silly tarball no local data for iconv-lite@https://registry.npmjs.org/iconv-lite/-/iconv-lite-0.4.24.tgz. Extracting by manifest.
4878 silly tarball no local data for exegesis@https://registry.npmjs.org/exegesis/-/exegesis-4.3.0.tgz. Extracting by manifest.
4879 silly tarball no local data for exegesis-express@https://registry.npmjs.org/exegesis-express/-/exegesis-express-4.0.0.tgz. Extracting by manifest.
4880 silly tarball no local data for deep-equal-in-any-order@https://registry.npmjs.org/deep-equal-in-any-order/-/deep-equal-in-any-order-2.1.0.tgz. Extracting by manifest.
4881 silly tarball no local data for ajv-formats@https://registry.npmjs.org/ajv-formats/-/ajv-formats-2.1.1.tgz. Extracting by manifest.
4882 silly tarball no local data for csv-parse@https://registry.npmjs.org/csv-parse/-/csv-parse-5.6.0.tgz. Extracting by manifest.
4883 silly tarball no local data for cross-env@https://registry.npmjs.org/cross-env/-/cross-env-7.0.3.tgz. Extracting by manifest.
4884 silly tarball no local data for cors@https://registry.npmjs.org/cors/-/cors-2.8.6.tgz. Extracting by manifest.
4885 silly tarball no local data for colorette@https://registry.npmjs.org/colorette/-/colorette-2.0.20.tgz. Extracting by manifest.
4886 silly tarball no local data for configstore@https://registry.npmjs.org/configstore/-/configstore-5.0.1.tgz. Extracting by manifest.
4887 silly tarball no local data for cli-table3@https://registry.npmjs.org/cli-table3/-/cli-table3-0.6.5.tgz. Extracting by manifest.
4888 silly tarball no local data for commander@https://registry.npmjs.org/commander/-/commander-5.1.0.tgz. Extracting by manifest.
4889 silly tarball no local data for chokidar@https://registry.npmjs.org/chokidar/-/chokidar-3.6.0.tgz. Extracting by manifest.
4890 silly tarball no local data for cjson@https://registry.npmjs.org/cjson/-/cjson-0.3.3.tgz. Extracting by manifest.
4891 silly tarball no local data for body-parser@https://registry.npmjs.org/body-parser/-/body-parser-1.20.4.tgz. Extracting by manifest.
4892 silly tarball no local data for raw-body@https://registry.npmjs.org/raw-body/-/raw-body-2.5.3.tgz. Extracting by manifest.
4893 silly tarball no local data for async-lock@https://registry.npmjs.org/async-lock/-/async-lock-1.4.1.tgz. Extracting by manifest.
4894 silly tarball no local data for iconv-lite@https://registry.npmjs.org/iconv-lite/-/iconv-lite-0.4.24.tgz. Extracting by manifest.
4895 silly tarball no local data for ajv-formats@https://registry.npmjs.org/ajv-formats/-/ajv-formats-3.0.1.tgz. Extracting by manifest.
4896 silly tarball no local data for archiver@https://registry.npmjs.org/archiver/-/archiver-7.0.1.tgz. Extracting by manifest.
4897 silly tarball no local data for ajv@https://registry.npmjs.org/ajv/-/ajv-8.17.1.tgz. Extracting by manifest.
4898 silly tarball no local data for @modelcontextprotocol/sdk@https://registry.npmjs.org/@modelcontextprotocol/sdk/-/sdk-1.26.0.tgz. Extracting by manifest.
4899 silly tarball no local data for abort-controller@https://registry.npmjs.org/abort-controller/-/abort-controller-3.0.0.tgz. Extracting by manifest.
4900 silly tarball no local data for media-typer@https://registry.npmjs.org/media-typer/-/media-typer-1.1.0.tgz. Extracting by manifest.
4901 silly tarball no local data for negotiator@https://registry.npmjs.org/negotiator/-/negotiator-1.0.0.tgz. Extracting by manifest.
4902 silly tarball no local data for mime-db@https://registry.npmjs.org/mime-db/-/mime-db-1.54.0.tgz. Extracting by manifest.
4903 silly tarball no local data for serve-static@https://registry.npmjs.org/serve-static/-/serve-static-2.2.1.tgz. Extracting by manifest.
4904 silly tarball no local data for mime-types@https://registry.npmjs.org/mime-types/-/mime-types-3.0.2.tgz. Extracting by manifest.
4905 silly tarball no local data for type-is@https://registry.npmjs.org/type-is/-/type-is-2.0.1.tgz. Extracting by manifest.
4906 silly tarball no local data for send@https://registry.npmjs.org/send/-/send-1.2.1.tgz. Extracting by manifest.
4907 silly tarball no local data for fresh@https://registry.npmjs.org/fresh/-/fresh-2.0.0.tgz. Extracting by manifest.
4908 silly tarball no local data for finalhandler@https://registry.npmjs.org/finalhandler/-/finalhandler-2.1.1.tgz. Extracting by manifest.
4909 silly tarball no local data for merge-descriptors@https://registry.npmjs.org/merge-descriptors/-/merge-descriptors-2.0.0.tgz. Extracting by manifest.
4910 silly tarball no local data for cookie-signature@https://registry.npmjs.org/cookie-signature/-/cookie-signature-1.2.2.tgz. Extracting by manifest.
4911 silly tarball no local data for accepts@https://registry.npmjs.org/accepts/-/accepts-2.0.0.tgz. Extracting by manifest.
4912 silly tarball no local data for content-disposition@https://registry.npmjs.org/content-disposition/-/content-disposition-1.0.1.tgz. Extracting by manifest.
4913 silly tarball no local data for @inquirer/prompts@https://registry.npmjs.org/@inquirer/prompts/-/prompts-7.10.1.tgz. Extracting by manifest.
4914 silly tarball no local data for express@https://registry.npmjs.org/express/-/express-5.2.1.tgz. Extracting by manifest.
4915 silly tarball no local data for @google-cloud/pubsub@https://registry.npmjs.org/@google-cloud/pubsub/-/pubsub-5.2.2.tgz. Extracting by manifest.
4916 silly tarball no local data for data-uri-to-buffer@https://registry.npmjs.org/data-uri-to-buffer/-/data-uri-to-buffer-4.0.1.tgz. Extracting by manifest.
4917 silly tarball no local data for node-fetch@https://registry.npmjs.org/node-fetch/-/node-fetch-3.3.2.tgz. Extracting by manifest.
4918 silly tarball no local data for gtoken@https://registry.npmjs.org/gtoken/-/gtoken-8.0.0.tgz. Extracting by manifest.
4919 silly tarball no local data for gaxios@https://registry.npmjs.org/gaxios/-/gaxios-7.1.3.tgz. Extracting by manifest.
4920 silly tarball no local data for google-logging-utils@https://registry.npmjs.org/google-logging-utils/-/google-logging-utils-1.1.3.tgz. Extracting by manifest.
4921 silly tarball no local data for @google-cloud/cloud-sql-connector@https://registry.npmjs.org/@google-cloud/cloud-sql-connector/-/cloud-sql-connector-1.9.0.tgz. Extracting by manifest.
4922 silly tarball no local data for google-auth-library@https://registry.npmjs.org/google-auth-library/-/google-auth-library-10.5.0.tgz. Extracting by manifest.
4923 silly tarball no local data for body-parser@https://registry.npmjs.org/body-parser/-/body-parser-2.2.2.tgz. Extracting by manifest.
4924 silly tarball no local data for gtoken@https://registry.npmjs.org/gtoken/-/gtoken-8.0.0.tgz. Extracting by manifest.
4925 silly tarball no local data for gcp-metadata@https://registry.npmjs.org/gcp-metadata/-/gcp-metadata-8.1.2.tgz. Extracting by manifest.
4926 silly tarball no local data for data-uri-to-buffer@https://registry.npmjs.org/data-uri-to-buffer/-/data-uri-to-buffer-4.0.1.tgz. Extracting by manifest.
4927 silly tarball no local data for node-fetch@https://registry.npmjs.org/node-fetch/-/node-fetch-3.3.2.tgz. Extracting by manifest.
4928 silly tarball no local data for google-auth-library@https://registry.npmjs.org/google-auth-library/-/google-auth-library-10.5.0.tgz. Extracting by manifest.
4929 silly tarball no local data for @electric-sql/pglite-tools@https://registry.npmjs.org/@electric-sql/pglite-tools/-/pglite-tools-0.2.20.tgz. Extracting by manifest.
4930 silly tarball no local data for gaxios@https://registry.npmjs.org/gaxios/-/gaxios-7.1.3.tgz. Extracting by manifest.
4931 silly tarball no local data for @apphosting/common@https://registry.npmjs.org/@apphosting/common/-/common-0.0.8.tgz. Extracting by manifest.
4932 silly tarball no local data for @electric-sql/pglite@https://registry.npmjs.org/@electric-sql/pglite/-/pglite-0.3.15.tgz. Extracting by manifest.
4933 silly tarball no local data for @apphosting/build@https://registry.npmjs.org/@apphosting/build/-/build-0.1.7.tgz. Extracting by manifest.
4934 silly tarball no local data for commander@https://registry.npmjs.org/commander/-/commander-11.1.0.tgz. Extracting by manifest.
4935 silly tarball no local data for google-logging-utils@https://registry.npmjs.org/google-logging-utils/-/google-logging-utils-1.1.3.tgz. Extracting by manifest.
4936 silly tarball no local data for @apphosting/common@https://registry.npmjs.org/@apphosting/common/-/common-0.0.9.tgz. Extracting by manifest.
4937 silly tarball no local data for type-is@https://registry.npmjs.org/type-is/-/type-is-1.6.18.tgz. Extracting by manifest.
4938 silly tarball no local data for readdirp@https://registry.npmjs.org/readdirp/-/readdirp-3.6.0.tgz. Extracting by manifest.
4939 silly tarball no local data for gcp-metadata@https://registry.npmjs.org/gcp-metadata/-/gcp-metadata-8.1.2.tgz. Extracting by manifest.
4940 http fetch GET 200 https://registry.npmjs.org/node-domexception/-/node-domexception-1.0.0.tgz 1529ms (cache miss)
4941 http fetch GET 200 https://registry.npmjs.org/formdata-polyfill/-/formdata-polyfill-4.0.10.tgz 1528ms (cache miss)
4942 http fetch GET 200 https://registry.npmjs.org/@isaacs/balanced-match/-/balanced-match-4.0.1.tgz 1531ms (cache miss)
4943 http fetch GET 200 https://registry.npmjs.org/@tootallnate/once/-/once-2.0.0.tgz 1533ms (cache miss)
4944 http fetch GET 200 https://registry.npmjs.org/cliui/-/cliui-8.0.1.tgz 1573ms (cache miss)
4945 http fetch GET 200 https://registry.npmjs.org/typedarray-to-buffer/-/typedarray-to-buffer-3.1.5.tgz 1573ms (cache miss)
4946 http fetch GET 200 https://registry.npmjs.org/fn.name/-/fn.name-1.1.0.tgz 1573ms (cache miss)
4947 http fetch GET 200 https://registry.npmjs.org/color-name/-/color-name-2.1.0.tgz 1571ms (cache miss)
4948 http fetch GET 200 https://registry.npmjs.org/color-string/-/color-string-2.1.4.tgz 1572ms (cache miss)
4949 http fetch GET 200 https://registry.npmjs.org/@types/triple-beam/-/triple-beam-1.3.5.tgz 1573ms (cache miss)
4950 http fetch GET 200 https://registry.npmjs.org/color-convert/-/color-convert-3.1.3.tgz 1621ms (cache miss)
4951 http fetch GET 200 https://registry.npmjs.org/text-hex/-/text-hex-1.0.0.tgz 1620ms (cache miss)
4952 http fetch GET 200 https://registry.npmjs.org/stack-trace/-/stack-trace-0.0.10.tgz 1619ms (cache miss)
4953 http fetch GET 200 https://registry.npmjs.org/kuler/-/kuler-2.0.0.tgz 1620ms (cache miss)
4954 http fetch GET 200 https://registry.npmjs.org/color/-/color-5.0.3.tgz 1622ms (cache miss)
4955 http fetch GET 200 https://registry.npmjs.org/one-time/-/one-time-1.0.0.tgz 1672ms (cache miss)
4956 http fetch GET 200 https://registry.npmjs.org/@dabh/diagnostics/-/diagnostics-2.0.8.tgz 1670ms (cache miss)
4957 http fetch GET 200 https://registry.npmjs.org/crc32-stream/-/crc32-stream-6.0.0.tgz 1723ms (cache miss)
4958 http fetch GET 200 https://registry.npmjs.org/eastasianwidth/-/eastasianwidth-0.2.0.tgz 1721ms (cache miss)
4959 http fetch GET 200 https://registry.npmjs.org/enabled/-/enabled-2.0.0.tgz 1709ms (cache miss)
4960 http fetch GET 200 https://registry.npmjs.org/@so-ric/colorspace/-/colorspace-1.1.6.tgz 1707ms (cache miss)
4961 http fetch GET 200 https://registry.npmjs.org/@colors/colors/-/colors-1.6.0.tgz 1709ms (cache miss)
4962 http fetch GET 200 https://registry.npmjs.org/wrap-ansi/-/wrap-ansi-7.0.0.tgz 1754ms (cache miss)
4963 http fetch GET 200 https://registry.npmjs.org/proto-list/-/proto-list-1.2.4.tgz 1740ms (cache miss)
4964 http fetch GET 200 https://registry.npmjs.org/defaults/-/defaults-1.0.4.tgz 1741ms (cache miss)
4965 http fetch GET 200 https://registry.npmjs.org/ci-info/-/ci-info-2.0.0.tgz 1734ms (cache miss)
4966 http fetch GET 200 https://registry.npmjs.org/global-dirs/-/global-dirs-3.0.1.tgz 1735ms (cache miss)
4967 http fetch GET 200 https://registry.npmjs.org/cli-boxes/-/cli-boxes-2.2.1.tgz 1734ms (cache miss)
4968 http fetch GET 200 https://registry.npmjs.org/escape-goat/-/escape-goat-2.1.1.tgz 1765ms (cache miss)
4969 http fetch GET 200 https://registry.npmjs.org/whatwg-fetch/-/whatwg-fetch-3.6.20.tgz 1765ms (cache miss)
4970 http fetch GET 200 https://registry.npmjs.org/config-chain/-/config-chain-1.1.13.tgz 1765ms (cache miss)
4971 http fetch GET 200 https://registry.npmjs.org/ini/-/ini-2.0.0.tgz 1765ms (cache miss)
4972 http fetch GET 200 https://registry.npmjs.org/clone/-/clone-1.0.4.tgz 1806ms (cache miss)
4973 http fetch GET 200 https://registry.npmjs.org/widest-line/-/widest-line-3.1.0.tgz 1798ms (cache miss)
4974 http fetch GET 200 https://registry.npmjs.org/registry-url/-/registry-url-5.1.0.tgz 1795ms (cache miss)
4975 http fetch GET 200 https://registry.npmjs.org/is-path-inside/-/is-path-inside-3.0.3.tgz 1797ms (cache miss)
4976 http fetch GET 200 https://registry.npmjs.org/is-yarn-global/-/is-yarn-global-0.3.0.tgz 1795ms (cache miss)
4977 http fetch GET 200 https://registry.npmjs.org/is-installed-globally/-/is-installed-globally-0.4.0.tgz 1793ms (cache miss)
4978 http fetch GET 200 https://registry.npmjs.org/is-npm/-/is-npm-5.0.0.tgz 1795ms (cache miss)
4979 http fetch GET 200 https://registry.npmjs.org/semver-diff/-/semver-diff-3.1.1.tgz 1794ms (cache miss)
4980 http fetch GET 200 https://registry.npmjs.org/boxen/-/boxen-5.1.2.tgz 1793ms (cache miss)
4981 http fetch GET 200 https://registry.npmjs.org/ansi-align/-/ansi-align-3.0.1.tgz 1831ms (cache miss)
4982 http fetch GET 200 https://registry.npmjs.org/isomorphic-fetch/-/isomorphic-fetch-3.0.0.tgz 1829ms (cache miss)
4983 http fetch GET 200 https://registry.npmjs.org/is-ci/-/is-ci-2.0.0.tgz 1829ms (cache miss)
4984 http fetch GET 200 https://registry.npmjs.org/wrap-ansi/-/wrap-ansi-7.0.0.tgz 1863ms (cache miss)
4985 http fetch GET 200 https://registry.npmjs.org/camelcase/-/camelcase-6.3.0.tgz 1872ms (cache miss)
4986 http fetch GET 200 https://registry.npmjs.org/pupa/-/pupa-2.1.1.tgz 1869ms (cache miss)
4987 http fetch GET 200 https://registry.npmjs.org/unique-slug/-/unique-slug-6.0.0.tgz 1863ms (cache miss)
4988 http fetch GET 200 https://registry.npmjs.org/crypto-random-string/-/crypto-random-string-2.0.0.tgz 1865ms (cache miss)
4989 http fetch GET 200 https://registry.npmjs.org/v8-compile-cache-lib/-/v8-compile-cache-lib-3.0.1.tgz 1862ms (cache miss)
4990 http fetch GET 200 https://registry.npmjs.org/create-require/-/create-require-1.1.1.tgz 1860ms (cache miss)
4991 http fetch GET 200 https://registry.npmjs.org/has-yarn/-/has-yarn-2.1.0.tgz 1864ms (cache miss)
4992 http fetch GET 200 https://registry.npmjs.org/yn/-/yn-3.1.1.tgz 1862ms (cache miss)
4993 http fetch GET 200 https://registry.npmjs.org/make-error/-/make-error-1.3.6.tgz 1862ms (cache miss)
4994 http fetch GET 200 https://registry.npmjs.org/media-typer/-/media-typer-0.3.0.tgz 1862ms (cache miss)
4995 http fetch GET 200 https://registry.npmjs.org/import-lazy/-/import-lazy-2.1.0.tgz 1909ms (cache miss)
4996 http fetch GET 200 https://registry.npmjs.org/@tsconfig/node16/-/node16-1.0.4.tgz 1904ms (cache miss)
4997 http fetch GET 200 https://registry.npmjs.org/fetch-blob/-/fetch-blob-3.2.0.tgz 1984ms (cache miss)
4998 http fetch GET 200 https://registry.npmjs.org/graceful-fs/-/graceful-fs-4.2.10.tgz 1962ms (cache miss)
4999 http fetch GET 200 https://registry.npmjs.org/registry-auth-token/-/registry-auth-token-5.1.1.tgz 1953ms (cache miss)
5000 http fetch GET 200 https://registry.npmjs.org/imurmurhash/-/imurmurhash-0.1.4.tgz 1947ms (cache miss)
5001 http fetch GET 200 https://registry.npmjs.org/ip-regex/-/ip-regex-4.3.0.tgz 1936ms (cache miss)
5002 http fetch GET 200 https://registry.npmjs.org/text-decoder/-/text-decoder-1.2.3.tgz 1935ms (cache miss)
5003 http fetch GET 200 https://registry.npmjs.org/stubs/-/stubs-3.0.0.tgz 1940ms (cache miss)
5004 http fetch GET 200 https://registry.npmjs.org/events-universal/-/events-universal-1.0.1.tgz 1936ms (cache miss)
5005 http fetch GET 200 https://registry.npmjs.org/@tsconfig/node12/-/node12-1.0.11.tgz 1976ms (cache miss)
5006 http fetch GET 200 https://registry.npmjs.org/@tsconfig/node14/-/node14-1.0.3.tgz 1978ms (cache miss)
5007 http fetch GET 200 https://registry.npmjs.org/stream-events/-/stream-events-1.0.5.tgz 1974ms (cache miss)
5008 http fetch GET 200 https://registry.npmjs.org/@tsconfig/node10/-/node10-1.0.12.tgz 1977ms (cache miss)
5009 http fetch GET 200 https://registry.npmjs.org/fast-fifo/-/fast-fifo-1.3.2.tgz 1970ms (cache miss)
5010 http fetch GET 200 https://registry.npmjs.org/bare-events/-/bare-events-2.8.2.tgz 1976ms (cache miss)
5011 http fetch GET 200 https://registry.npmjs.org/escalade/-/escalade-3.2.0.tgz 2061ms (cache miss)
5012 http fetch GET 200 https://registry.npmjs.org/thenify/-/thenify-3.3.1.tgz 2018ms (cache miss)
5013 http fetch GET 200 https://registry.npmjs.org/chownr/-/chownr-3.0.0.tgz 2012ms (cache miss)
5014 http fetch GET 200 https://registry.npmjs.org/has-flag/-/has-flag-4.0.0.tgz 2011ms (cache miss)
5015 http fetch GET 200 https://registry.npmjs.org/err-code/-/err-code-2.0.3.tgz 2011ms (cache miss)
5016 http fetch GET 200 https://registry.npmjs.org/abbrev/-/abbrev-4.0.0.tgz 2010ms (cache miss)
5017 http fetch GET 200 https://registry.npmjs.org/supports-color/-/supports-color-7.2.0.tgz 2011ms (cache miss)
5018 http fetch GET 200 https://registry.npmjs.org/@isaacs/fs-minipass/-/fs-minipass-4.0.1.tgz 2014ms (cache miss)
5019 http fetch GET 200 https://registry.npmjs.org/minipass-sized/-/minipass-sized-2.0.0.tgz 2011ms (cache miss)
5020 http fetch GET 200 https://registry.npmjs.org/y18n/-/y18n-5.0.8.tgz 2092ms (cache miss)
5021 http fetch GET 200 https://registry.npmjs.org/is-promise/-/is-promise-4.0.0.tgz 2039ms (cache miss)
5022 http fetch GET 200 https://registry.npmjs.org/encoding/-/encoding-0.1.13.tgz 2069ms (cache miss)
5023 http fetch GET 200 https://registry.npmjs.org/unique-filename/-/unique-filename-5.0.0.tgz 2068ms (cache miss)
5024 http fetch GET 200 https://registry.npmjs.org/yallist/-/yallist-4.0.0.tgz 2065ms (cache miss)
5025 http fetch GET 200 https://registry.npmjs.org/promise-retry/-/promise-retry-2.0.1.tgz 2067ms (cache miss)
5026 http fetch GET 200 https://registry.npmjs.org/minipass-flush/-/minipass-flush-1.0.5.tgz 2064ms (cache miss)
5027 http fetch GET 200 https://registry.npmjs.org/minipass-pipeline/-/minipass-pipeline-1.2.4.tgz 2101ms (cache miss)
5028 http fetch GET 200 https://registry.npmjs.org/arg/-/arg-4.1.3.tgz 2157ms (cache miss)
5029 http fetch GET 200 https://registry.npmjs.org/minipass/-/minipass-3.3.6.tgz 2137ms (cache miss)
5030 http fetch GET 200 https://registry.npmjs.org/acorn-walk/-/acorn-walk-8.3.4.tgz 2196ms (cache miss)
5031 http fetch GET 200 https://registry.npmjs.org/deep-is/-/deep-is-0.1.4.tgz 2186ms (cache miss)
5032 http fetch GET 200 https://registry.npmjs.org/fs-minipass/-/fs-minipass-3.0.3.tgz 2179ms (cache miss)
5033 http fetch GET 200 https://registry.npmjs.org/p-map/-/p-map-7.0.4.tgz 2181ms (cache miss)
5034 http fetch GET 200 https://registry.npmjs.org/minipass-collect/-/minipass-collect-2.0.1.tgz 2180ms (cache miss)
5035 http fetch GET 200 https://registry.npmjs.org/nopt/-/nopt-9.0.0.tgz 2168ms (cache miss)
5036 http fetch GET 200 https://registry.npmjs.org/env-paths/-/env-paths-2.2.1.tgz 2167ms (cache miss)
5037 http fetch GET 200 https://registry.npmjs.org/proc-log/-/proc-log-6.1.0.tgz 2168ms (cache miss)
5038 http fetch GET 200 https://registry.npmjs.org/yallist/-/yallist-4.0.0.tgz 2218ms (cache miss)
5039 http fetch GET 200 https://registry.npmjs.org/which/-/which-6.0.0.tgz 2211ms (cache miss)
5040 http fetch GET 200 https://registry.npmjs.org/http-cache-semantics/-/http-cache-semantics-4.2.0.tgz 2260ms (cache miss)
5041 http fetch GET 200 https://registry.npmjs.org/install-artifact-from-github/-/install-artifact-from-github-1.4.0.tgz 2249ms (cache miss)
5042 http fetch GET 200 https://registry.npmjs.org/lodash.isobject/-/lodash.isobject-2.4.1.tgz 2246ms (cache miss)
5043 http fetch GET 200 https://registry.npmjs.org/lodash._objecttypes/-/lodash._objecttypes-2.4.1.tgz 2250ms (cache miss)
5044 http fetch GET 200 https://registry.npmjs.org/toxic/-/toxic-1.0.1.tgz 2248ms (cache miss)
5045 http fetch GET 200 https://registry.npmjs.org/compressible/-/compressible-2.0.18.tgz 2247ms (cache miss)
5046 http fetch GET 200 https://registry.npmjs.org/glob-slash/-/glob-slash-1.0.0.tgz 2248ms (cache miss)
5047 http fetch GET 200 https://registry.npmjs.org/minipass/-/minipass-3.3.6.tgz 2316ms (cache miss)
5048 http fetch GET 200 https://registry.npmjs.org/tinyglobby/-/tinyglobby-0.2.15.tgz 2312ms (cache miss)
5049 http fetch GET 200 https://registry.npmjs.org/glob-slasher/-/glob-slasher-1.0.1.tgz 2295ms (cache miss)
5050 http fetch GET 200 https://registry.npmjs.org/is-url/-/is-url-1.2.4.tgz 2298ms (cache miss)
5051 http fetch GET 200 https://registry.npmjs.org/tsscmp/-/tsscmp-1.0.6.tgz 2303ms (cache miss)
5052 http fetch GET 200 https://registry.npmjs.org/url-join/-/url-join-0.0.1.tgz 2302ms (cache miss)
5053 http fetch GET 200 https://registry.npmjs.org/ssri/-/ssri-13.0.0.tgz 2376ms (cache miss)
5054 http fetch GET 200 https://registry.npmjs.org/streamx/-/streamx-2.23.0.tgz 2388ms (cache miss)
5055 http fetch GET 200 https://registry.npmjs.org/proc-log/-/proc-log-6.1.0.tgz 2359ms (cache miss)
5056 http fetch GET 200 https://registry.npmjs.org/encodeurl/-/encodeurl-1.0.2.tgz 2348ms (cache miss)
5057 http fetch GET 200 https://registry.npmjs.org/join-path/-/join-path-1.1.1.tgz 2352ms (cache miss)
5058 http fetch GET 200 https://registry.npmjs.org/fecha/-/fecha-4.2.3.tgz 2474ms (cache miss)
5059 http fetch GET 200 https://registry.npmjs.org/fdir/-/fdir-6.5.0.tgz 2416ms (cache miss)
5060 http fetch GET 200 https://registry.npmjs.org/path-to-regexp/-/path-to-regexp-8.3.0.tgz 2403ms (cache miss)
5061 http fetch GET 200 https://registry.npmjs.org/finalhandler/-/finalhandler-1.1.2.tgz 2398ms (cache miss)
5062 http fetch GET 200 https://registry.npmjs.org/on-finished/-/on-finished-2.3.0.tgz 2400ms (cache miss)
5063 http fetch GET 200 https://registry.npmjs.org/as-array/-/as-array-2.0.0.tgz 2409ms (cache miss)
5064 http fetch GET 200 https://registry.npmjs.org/randexp/-/randexp-0.4.6.tgz 2396ms (cache miss)
5065 http fetch GET 200 https://registry.npmjs.org/basic-auth-connect/-/basic-auth-connect-1.1.0.tgz 2399ms (cache miss)
5066 http fetch GET 200 https://registry.npmjs.org/moo/-/moo-0.5.2.tgz 2399ms (cache miss)
5067 http fetch GET 200 https://registry.npmjs.org/connect/-/connect-3.7.0.tgz 2441ms (cache miss)
5068 http fetch GET 200 https://registry.npmjs.org/railroad-diagrams/-/railroad-diagrams-1.0.0.tgz 2434ms (cache miss)
5069 http fetch GET 200 https://registry.npmjs.org/discontinuous-range/-/discontinuous-range-1.0.0.tgz 2435ms (cache miss)
5070 http fetch GET 200 https://registry.npmjs.org/unicode-emoji-modifier-base/-/unicode-emoji-modifier-base-1.0.0.tgz 2433ms (cache miss)
5071 http fetch GET 200 https://registry.npmjs.org/semver/-/semver-6.3.1.tgz 2552ms (cache miss)
5072 http fetch GET 200 https://registry.npmjs.org/b4a/-/b4a-1.7.3.tgz 2528ms (cache miss)
5073 http fetch GET 200 https://registry.npmjs.org/router/-/router-2.2.0.tgz 2496ms (cache miss)
5074 http fetch GET 200 https://registry.npmjs.org/compression/-/compression-1.8.1.tgz 2485ms (cache miss)
5075 http fetch GET 200 https://registry.npmjs.org/side-channel-map/-/side-channel-map-1.0.1.tgz 2483ms (cache miss)
5076 http fetch GET 200 https://registry.npmjs.org/side-channel-list/-/side-channel-list-1.0.0.tgz 2484ms (cache miss)
5077 http fetch GET 200 https://registry.npmjs.org/data-uri-to-buffer/-/data-uri-to-buffer-4.0.1.tgz 2482ms (cache miss)
5078 http fetch GET 200 https://registry.npmjs.org/mimic-fn/-/mimic-fn-2.1.0.tgz 2480ms (cache miss)
5079 http fetch GET 200 https://registry.npmjs.org/onetime/-/onetime-5.1.2.tgz 2481ms (cache miss)
5080 http fetch GET 200 https://registry.npmjs.org/statuses/-/statuses-1.5.0.tgz 2531ms (cache miss)
5081 http fetch GET 200 https://registry.npmjs.org/side-channel-weakmap/-/side-channel-weakmap-1.0.2.tgz 2522ms (cache miss)
5082 http fetch GET 200 https://registry.npmjs.org/process/-/process-0.11.10.tgz 2512ms (cache miss)
5083 http fetch GET 200 https://registry.npmjs.org/http-proxy-agent/-/http-proxy-agent-5.0.0.tgz 2516ms (cache miss)
5084 http fetch GET 200 https://registry.npmjs.org/@npmcli/agent/-/agent-4.0.0.tgz 2617ms (cache miss)
5085 http fetch GET 200 https://registry.npmjs.org/side-channel/-/side-channel-1.1.0.tgz 2582ms (cache miss)
5086 http fetch GET 200 https://registry.npmjs.org/data-uri-to-buffer/-/data-uri-to-buffer-6.0.2.tgz 2577ms (cache miss)
5087 http fetch GET 200 https://registry.npmjs.org/netmask/-/netmask-2.0.2.tgz 2582ms (cache miss)
5088 http fetch GET 200 https://registry.npmjs.org/negotiator/-/negotiator-1.0.0.tgz 2674ms (cache miss)
5089 http fetch GET 200 https://registry.npmjs.org/valid-url/-/valid-url-1.0.9.tgz 2670ms (cache miss)
5090 http fetch GET 200 https://registry.npmjs.org/ret/-/ret-0.1.15.tgz 2657ms (cache miss)
5091 http fetch GET 200 https://registry.npmjs.org/negotiator/-/negotiator-0.6.4.tgz 2659ms (cache miss)
5092 http fetch GET 200 https://registry.npmjs.org/forwarded/-/forwarded-0.2.0.tgz 2625ms (cache miss)
5093 http fetch GET 200 https://registry.npmjs.org/estraverse/-/estraverse-5.3.0.tgz 2645ms (cache miss)
5094 http fetch GET 200 https://registry.npmjs.org/pac-proxy-agent/-/pac-proxy-agent-7.2.0.tgz 2630ms (cache miss)
5095 http fetch GET 200 https://registry.npmjs.org/@protobufjs/utf8/-/utf8-1.1.0.tgz 2627ms (cache miss)
5096 http fetch GET 200 https://registry.npmjs.org/@protobufjs/pool/-/pool-1.1.0.tgz 2626ms (cache miss)
5097 http fetch GET 200 https://registry.npmjs.org/@protobufjs/path/-/path-1.1.2.tgz 2626ms (cache miss)
5098 http fetch GET 200 https://registry.npmjs.org/@protobufjs/fetch/-/fetch-1.1.0.tgz 2668ms (cache miss)
5099 http fetch GET 200 https://registry.npmjs.org/postgres-bytea/-/postgres-bytea-1.0.1.tgz 2665ms (cache miss)
5100 http fetch GET 200 https://registry.npmjs.org/get-uri/-/get-uri-6.0.5.tgz 2680ms (cache miss)
5101 http fetch GET 200 https://registry.npmjs.org/@protobufjs/eventemitter/-/eventemitter-1.1.0.tgz 2669ms (cache miss)
5102 http fetch GET 200 https://registry.npmjs.org/@protobufjs/inquire/-/inquire-1.1.0.tgz 2668ms (cache miss)
5103 http fetch GET 200 https://registry.npmjs.org/escodegen/-/escodegen-2.1.0.tgz 2723ms (cache miss)
5104 http fetch GET 200 https://registry.npmjs.org/@protobufjs/float/-/float-1.0.2.tgz 2704ms (cache miss)
5105 http fetch GET 200 https://registry.npmjs.org/ipaddr.js/-/ipaddr.js-1.9.1.tgz 2709ms (cache miss)
5106 http fetch GET 200 https://registry.npmjs.org/@protobufjs/codegen/-/codegen-2.0.4.tgz 2701ms (cache miss)
5107 http fetch GET 200 https://registry.npmjs.org/postgres-interval/-/postgres-interval-1.2.0.tgz 2699ms (cache miss)
5108 http fetch GET 200 https://registry.npmjs.org/@protobufjs/base64/-/base64-1.1.2.tgz 2701ms (cache miss)
5109 http fetch GET 200 https://registry.npmjs.org/postgres-array/-/postgres-array-2.0.0.tgz 2670ms (cache miss)
5110 http fetch GET 200 https://registry.npmjs.org/pg-int8/-/pg-int8-1.0.1.tgz 2668ms (cache miss)
5111 http fetch GET 200 https://registry.npmjs.org/postgres-date/-/postgres-date-1.0.7.tgz 2673ms (cache miss)
5112 http fetch GET 200 https://registry.npmjs.org/chalk/-/chalk-4.1.2.tgz 2833ms (cache miss)
5113 http fetch GET 200 https://registry.npmjs.org/@protobufjs/aspromise/-/aspromise-1.1.2.tgz 2708ms (cache miss)
5114 http fetch GET 200 https://registry.npmjs.org/pgpass/-/pgpass-1.0.5.tgz 2705ms (cache miss)
5115 http fetch GET 200 https://registry.npmjs.org/yocto-queue/-/yocto-queue-0.1.0.tgz 2703ms (cache miss)
5116 http fetch GET 200 https://registry.npmjs.org/pg-cloudflare/-/pg-cloudflare-1.3.0.tgz 2703ms (cache miss)
5117 http fetch GET 200 https://registry.npmjs.org/pg-connection-string/-/pg-connection-string-2.11.0.tgz 2705ms (cache miss)
5118 http fetch GET 200 https://registry.npmjs.org/restore-cursor/-/restore-cursor-3.1.0.tgz 2703ms (cache miss)
5119 http fetch GET 200 https://registry.npmjs.org/signal-exit/-/signal-exit-3.0.7.tgz 2701ms (cache miss)
5120 http fetch GET 200 https://registry.npmjs.org/esutils/-/esutils-2.0.3.tgz 2809ms (cache miss)
5121 http fetch GET 200 https://registry.npmjs.org/wcwidth/-/wcwidth-1.0.1.tgz 2743ms (cache miss)
5122 http fetch GET 200 https://registry.npmjs.org/log-symbols/-/log-symbols-4.1.0.tgz 2743ms (cache miss)
5123 http fetch GET 200 https://registry.npmjs.org/is-unicode-supported/-/is-unicode-supported-0.1.0.tgz 2742ms (cache miss)
5124 http fetch GET 200 https://registry.npmjs.org/is-wsl/-/is-wsl-1.1.0.tgz 2741ms (cache miss)
5125 http fetch GET 200 https://registry.npmjs.org/cli-cursor/-/cli-cursor-3.1.0.tgz 2741ms (cache miss)
5126 http fetch GET 200 https://registry.npmjs.org/npm-normalize-package-bin/-/npm-normalize-package-bin-3.0.1.tgz 2770ms (cache miss)
5127 http fetch GET 200 https://registry.npmjs.org/validate-npm-package-name/-/validate-npm-package-name-5.0.1.tgz 2772ms (cache miss)
5128 http fetch GET 200 https://registry.npmjs.org/pg-pool/-/pg-pool-3.11.0.tgz 2778ms (cache miss)
5129 http fetch GET 200 https://registry.npmjs.org/proc-log/-/proc-log-4.2.0.tgz 2771ms (cache miss)
5130 http fetch GET 200 https://registry.npmjs.org/skin-tone/-/skin-tone-2.0.0.tgz 2766ms (cache miss)
5131 http fetch GET 200 https://registry.npmjs.org/npm-package-arg/-/npm-package-arg-11.0.3.tgz 2769ms (cache miss)
5132 http fetch GET 200 https://registry.npmjs.org/char-regex/-/char-regex-1.0.2.tgz 2769ms (cache miss)
5133 http fetch GET 200 https://registry.npmjs.org/@pnpm/npm-conf/-/npm-conf-3.0.2.tgz 2965ms (cache miss)
5134 http fetch GET 200 https://registry.npmjs.org/minipass-fetch/-/minipass-fetch-5.0.1.tgz 2920ms (cache miss)
5135 http fetch GET 200 https://registry.npmjs.org/is-interactive/-/is-interactive-1.0.0.tgz 2808ms (cache miss)
5136 http fetch GET 200 https://registry.npmjs.org/any-promise/-/any-promise-1.3.0.tgz 2796ms (cache miss)
5137 http fetch GET 200 https://registry.npmjs.org/basic-auth/-/basic-auth-2.0.1.tgz 2795ms (cache miss)
5138 http fetch GET 200 https://registry.npmjs.org/thenify-all/-/thenify-all-1.6.0.tgz 2797ms (cache miss)
5139 http fetch GET 200 https://registry.npmjs.org/on-headers/-/on-headers-1.1.0.tgz 2798ms (cache miss)
5140 http fetch GET 200 https://registry.npmjs.org/chalk/-/chalk-4.1.2.tgz 2850ms (cache miss)
5141 http fetch GET 200 https://registry.npmjs.org/hosted-git-info/-/hosted-git-info-7.0.2.tgz 2843ms (cache miss)
5142 http fetch GET 200 https://registry.npmjs.org/npm-install-checks/-/npm-install-checks-6.3.0.tgz 2844ms (cache miss)
5143 http fetch GET 200 https://registry.npmjs.org/parse5-htmlparser2-tree-adapter/-/parse5-htmlparser2-tree-adapter-6.0.1.tgz 2835ms (cache miss)
5144 http fetch GET 200 https://registry.npmjs.org/supports-hyperlinks/-/supports-hyperlinks-3.2.0.tgz 2831ms (cache miss)
5145 http fetch GET 200 https://registry.npmjs.org/environment/-/environment-1.1.0.tgz 2853ms (cache miss)
5146 http fetch GET 200 https://registry.npmjs.org/http-proxy-agent/-/http-proxy-agent-7.0.2.tgz 2934ms (cache miss)
5147 http fetch GET 200 https://registry.npmjs.org/@isaacs/brace-expansion/-/brace-expansion-5.0.1.tgz 3096ms (cache miss)
5148 http fetch GET 200 https://registry.npmjs.org/is2/-/is2-2.0.9.tgz 3042ms (cache miss)
5149 http fetch GET 200 https://registry.npmjs.org/socks-proxy-agent/-/socks-proxy-agent-8.0.5.tgz 2968ms (cache miss)
5150 http fetch GET 200 https://registry.npmjs.org/mz/-/mz-2.7.0.tgz 2892ms (cache miss)
5151 http fetch GET 200 https://registry.npmjs.org/kind-of/-/kind-of-3.2.2.tgz 2883ms (cache miss)
5152 http fetch GET 200 https://registry.npmjs.org/through2/-/through2-2.0.5.tgz 2881ms (cache miss)
5153 http fetch GET 200 https://registry.npmjs.org/ansi-escapes/-/ansi-escapes-7.3.0.tgz 2884ms (cache miss)
5154 http fetch GET 200 https://registry.npmjs.org/buffer-equal-constant-time/-/buffer-equal-constant-time-1.0.1.tgz 2881ms (cache miss)
5155 http fetch GET 200 https://registry.npmjs.org/jwa/-/jwa-2.0.1.tgz 2877ms (cache miss)
5156 http fetch GET 200 https://registry.npmjs.org/lodash.once/-/lodash.once-4.1.1.tgz 2877ms (cache miss)
5157 http fetch GET 200 https://registry.npmjs.org/lodash.isstring/-/lodash.isstring-4.0.1.tgz 2876ms (cache miss)
5158 http fetch GET 200 https://registry.npmjs.org/wrap-ansi/-/wrap-ansi-7.0.0.tgz 2897ms (cache miss)
5159 http fetch GET 200 https://registry.npmjs.org/wrap-ansi/-/wrap-ansi-7.0.0.tgz 2913ms (cache miss)
5160 http fetch GET 200 https://registry.npmjs.org/chalk/-/chalk-4.1.2.tgz 2920ms (cache miss)
5161 http fetch GET 200 https://registry.npmjs.org/ee-first/-/ee-first-1.1.1.tgz 2911ms (cache miss)
5162 http fetch GET 200 https://registry.npmjs.org/is-number/-/is-number-2.1.0.tgz 2902ms (cache miss)
5163 http fetch GET 200 https://registry.npmjs.org/lodash.isplainobject/-/lodash.isplainobject-4.0.6.tgz 2904ms (cache miss)
5164 http fetch GET 200 https://registry.npmjs.org/lodash.isboolean/-/lodash.isboolean-3.0.3.tgz 2903ms (cache miss)
5165 http fetch GET 200 https://registry.npmjs.org/lodash.isinteger/-/lodash.isinteger-4.0.4.tgz 2905ms (cache miss)
5166 http fetch GET 200 https://registry.npmjs.org/lodash.isnumber/-/lodash.isnumber-3.0.3.tgz 2925ms (cache miss)
5167 http fetch GET 200 https://registry.npmjs.org/sprintf-js/-/sprintf-js-1.0.3.tgz 2930ms (cache miss)
5168 http fetch GET 200 https://registry.npmjs.org/emoji-regex/-/emoji-regex-9.2.2.tgz 2928ms (cache miss)
5169 http fetch GET 200 https://registry.npmjs.org/ansi-styles/-/ansi-styles-6.2.3.tgz 2927ms (cache miss)
5170 http fetch GET 200 https://registry.npmjs.org/@isaacs/cliui/-/cliui-8.0.2.tgz 2929ms (cache miss)
5171 http fetch GET 200 https://registry.npmjs.org/lodash.includes/-/lodash.includes-4.3.0.tgz 2963ms (cache miss)
5172 http fetch GET 200 https://registry.npmjs.org/wrap-ansi/-/wrap-ansi-8.1.0.tgz 2955ms (cache miss)
5173 http fetch GET 200 https://registry.npmjs.org/string-width/-/string-width-5.1.2.tgz 2955ms (cache miss)
5174 http fetch GET 200 https://registry.npmjs.org/binary-extensions/-/binary-extensions-2.3.0.tgz 2956ms (cache miss)
5175 http fetch GET 200 https://registry.npmjs.org/@pnpm/config.env-replace/-/config.env-replace-1.1.0.tgz 3195ms (cache miss)
5176 http fetch GET 200 https://registry.npmjs.org/is-extglob/-/is-extglob-2.1.1.tgz 2984ms (cache miss)
5177 http fetch GET 200 https://registry.npmjs.org/toidentifier/-/toidentifier-1.0.1.tgz 2983ms (cache miss)
5178 http fetch GET 200 https://registry.npmjs.org/lodash.camelcase/-/lodash.camelcase-4.3.0.tgz 2980ms (cache miss)
5179 http fetch GET 200 https://registry.npmjs.org/retry-request/-/retry-request-8.0.2.tgz 2979ms (cache miss)
5180 http fetch GET 200 https://registry.npmjs.org/cliui/-/cliui-7.0.4.tgz 3053ms (cache miss)
5181 http fetch GET 200 https://registry.npmjs.org/https-proxy-agent/-/https-proxy-agent-5.0.1.tgz 3178ms (cache miss)
5182 http fetch GET 200 https://registry.npmjs.org/pg-types/-/pg-types-2.2.0.tgz 3113ms (cache miss)
5183 http fetch GET 200 https://registry.npmjs.org/object-hash/-/object-hash-3.0.0.tgz 3046ms (cache miss)
5184 http fetch GET 200 https://registry.npmjs.org/ecdsa-sig-formatter/-/ecdsa-sig-formatter-1.0.11.tgz 3043ms (cache miss)
5185 http fetch GET 200 https://registry.npmjs.org/foreground-child/-/foreground-child-3.3.1.tgz 3040ms (cache miss)
5186 http fetch GET 200 https://registry.npmjs.org/@cspotcode/source-map-support/-/source-map-support-0.8.1.tgz 3268ms (cache miss)
5187 http fetch GET 200 https://registry.npmjs.org/picomatch/-/picomatch-4.0.3.tgz 3242ms (cache miss)
5188 http fetch GET 200 https://registry.npmjs.org/@sindresorhus/is/-/is-4.6.0.tgz 3126ms (cache miss)
5189 http fetch GET 200 https://registry.npmjs.org/gtoken/-/gtoken-7.1.0.tgz 3075ms (cache miss)
5190 http fetch GET 200 https://registry.npmjs.org/jsonfile/-/jsonfile-6.2.0.tgz 3069ms (cache miss)
5191 http fetch GET 200 https://registry.npmjs.org/https-proxy-agent/-/https-proxy-agent-7.0.6.tgz 3071ms (cache miss)
5192 http fetch GET 200 https://registry.npmjs.org/universalify/-/universalify-2.0.1.tgz 3070ms (cache miss)
5193 http fetch GET 200 https://registry.npmjs.org/jws/-/jws-4.0.1.tgz 3073ms (cache miss)
5194 http fetch GET 200 https://registry.npmjs.org/node-emoji/-/node-emoji-2.2.0.tgz 3147ms (cache miss)
5195 http fetch GET 200 https://registry.npmjs.org/json-bigint/-/json-bigint-1.0.0.tgz 3109ms (cache miss)
5196 http fetch GET 200 https://registry.npmjs.org/to-regex-range/-/to-regex-range-5.0.1.tgz 3100ms (cache miss)
5197 http fetch GET 200 https://registry.npmjs.org/setprototypeof/-/setprototypeof-1.2.0.tgz 3097ms (cache miss)
5198 http fetch GET 200 https://registry.npmjs.org/utils-merge/-/utils-merge-1.0.1.tgz 3099ms (cache miss)
5199 http fetch GET 200 https://registry.npmjs.org/is-number/-/is-number-7.0.0.tgz 3100ms (cache miss)
5200 http fetch GET 200 https://registry.npmjs.org/statuses/-/statuses-2.0.2.tgz 3097ms (cache miss)
5201 http fetch GET 200 https://registry.npmjs.org/serve-static/-/serve-static-1.16.3.tgz 3096ms (cache miss)
5202 http fetch GET 200 https://registry.npmjs.org/range-parser/-/range-parser-1.2.1.tgz 3096ms (cache miss)
5203 http fetch GET 200 https://registry.npmjs.org/@pnpm/network.ca-file/-/network.ca-file-1.0.2.tgz 3364ms (cache miss)
5204 http fetch GET 200 https://registry.npmjs.org/@npmcli/fs/-/fs-5.0.0.tgz 3321ms (cache miss)
5205 http fetch GET 200 https://registry.npmjs.org/send/-/send-0.19.2.tgz 3130ms (cache miss)
5206 http fetch GET 200 https://registry.npmjs.org/methods/-/methods-1.1.2.tgz 3125ms (cache miss)
5207 http fetch GET 200 https://registry.npmjs.org/merge-descriptors/-/merge-descriptors-1.0.3.tgz 3127ms (cache miss)
5208 http fetch GET 200 https://registry.npmjs.org/path-to-regexp/-/path-to-regexp-0.1.12.tgz 3128ms (cache miss)
5209 http fetch GET 200 https://registry.npmjs.org/mime/-/mime-1.6.0.tgz 3128ms (cache miss)
5210 http fetch GET 200 https://registry.npmjs.org/yargs-parser/-/yargs-parser-21.1.1.tgz 3417ms (cache miss)
5211 http fetch GET 200 https://registry.npmjs.org/parseurl/-/parseurl-1.3.3.tgz 3157ms (cache miss)
5212 http fetch GET 200 https://registry.npmjs.org/encodeurl/-/encodeurl-2.0.0.tgz 3154ms (cache miss)
5213 http fetch GET 200 https://registry.npmjs.org/fresh/-/fresh-0.5.2.tgz 3156ms (cache miss)
5214 http fetch GET 200 https://registry.npmjs.org/etag/-/etag-1.8.1.tgz 3158ms (cache miss)
5215 http fetch GET 200 https://registry.npmjs.org/content-disposition/-/content-disposition-0.5.4.tgz 3155ms (cache miss)
5216 http fetch GET 200 https://registry.npmjs.org/cookie-signature/-/cookie-signature-1.0.7.tgz 3155ms (cache miss)
5217 http fetch GET 200 https://registry.npmjs.org/escape-html/-/escape-html-1.0.3.tgz 3158ms (cache miss)
5218 http fetch GET 200 https://registry.npmjs.org/proxy-addr/-/proxy-addr-2.0.7.tgz 3165ms (cache miss)
5219 http fetch GET 200 https://registry.npmjs.org/retry/-/retry-0.12.0.tgz 3394ms (cache miss)
5220 http fetch GET 200 https://registry.npmjs.org/negotiator/-/negotiator-0.6.3.tgz 3208ms (cache miss)
5221 http fetch GET 200 https://registry.npmjs.org/array-flatten/-/array-flatten-1.1.1.tgz 3194ms (cache miss)
5222 http fetch GET 200 https://registry.npmjs.org/call-me-maybe/-/call-me-maybe-1.0.2.tgz 3194ms (cache miss)
5223 http fetch GET 200 https://registry.npmjs.org/finalhandler/-/finalhandler-1.3.2.tgz 3198ms (cache miss)
5224 http fetch GET 200 https://registry.npmjs.org/cookie/-/cookie-0.7.2.tgz 3196ms (cache miss)
5225 http fetch GET 200 https://registry.npmjs.org/openapi3-ts/-/openapi3-ts-3.2.0.tgz 3194ms (cache miss)
5226 http fetch GET 200 https://registry.npmjs.org/accepts/-/accepts-1.3.8.tgz 3195ms (cache miss)
5227 http fetch GET 200 https://registry.npmjs.org/events-listener/-/events-listener-1.1.0.tgz 3194ms (cache miss)
5228 http fetch GET 200 https://registry.npmjs.org/is-obj/-/is-obj-2.0.0.tgz 3230ms (cache miss)
5229 http fetch GET 200 https://registry.npmjs.org/deep-freeze/-/deep-freeze-0.0.1.tgz 3234ms (cache miss)
5230 http fetch GET 200 https://registry.npmjs.org/ms/-/ms-2.0.0.tgz 3229ms (cache miss)
5231 http fetch GET 200 https://registry.npmjs.org/sort-any/-/sort-any-2.0.0.tgz 3231ms (cache miss)
5232 http fetch GET 200 https://registry.npmjs.org/vary/-/vary-1.1.2.tgz 3230ms (cache miss)
5233 http fetch GET 200 https://registry.npmjs.org/agent-base/-/agent-base-6.0.2.tgz 3432ms (cache miss)
5234 http fetch GET 200 https://registry.npmjs.org/make-fetch-happen/-/make-fetch-happen-15.0.3.tgz 3465ms (cache miss)
5235 http fetch GET 200 https://registry.npmjs.org/lodash.mapvalues/-/lodash.mapvalues-4.6.0.tgz 3262ms (cache miss)
5236 http fetch GET 200 https://registry.npmjs.org/object-assign/-/object-assign-4.1.1.tgz 3259ms (cache miss)
5237 http fetch GET 200 https://registry.npmjs.org/xdg-basedir/-/xdg-basedir-4.0.0.tgz 3257ms (cache miss)
5238 http fetch GET 200 https://registry.npmjs.org/write-file-atomic/-/write-file-atomic-3.0.3.tgz 3259ms (cache miss)
5239 http fetch GET 200 https://registry.npmjs.org/unique-string/-/unique-string-2.0.0.tgz 3256ms (cache miss)
5240 http fetch GET 200 https://registry.npmjs.org/signal-exit/-/signal-exit-3.0.7.tgz 3257ms (cache miss)
5241 http fetch GET 200 https://registry.npmjs.org/dot-prop/-/dot-prop-5.3.0.tgz 3256ms (cache miss)
5242 http fetch GET 200 https://registry.npmjs.org/smart-buffer/-/smart-buffer-4.2.0.tgz 3474ms (cache miss)
5243 http fetch GET 200 https://registry.npmjs.org/make-dir/-/make-dir-3.1.0.tgz 3292ms (cache miss)
5244 http fetch GET 200 https://registry.npmjs.org/fill-range/-/fill-range-7.1.1.tgz 3290ms (cache miss)
5245 http fetch GET 200 https://registry.npmjs.org/is-glob/-/is-glob-4.0.3.tgz 3289ms (cache miss)
5246 http fetch GET 200 https://registry.npmjs.org/@colors/colors/-/colors-1.5.0.tgz 3292ms (cache miss)
5247 http fetch GET 200 https://registry.npmjs.org/is-binary-path/-/is-binary-path-2.1.0.tgz 3290ms (cache miss)
5248 http fetch GET 200 https://registry.npmjs.org/semver/-/semver-6.3.1.tgz 3394ms (cache miss)
5249 http fetch GET 200 https://registry.npmjs.org/json-parse-helpfulerror/-/json-parse-helpfulerror-1.0.3.tgz 3389ms (cache miss)
5250 http fetch GET 200 https://registry.npmjs.org/glob-parent/-/glob-parent-5.1.2.tgz 3388ms (cache miss)
5251 http fetch GET 200 https://registry.npmjs.org/unpipe/-/unpipe-1.0.0.tgz 3388ms (cache miss)
5252 http fetch GET 200 https://registry.npmjs.org/http-errors/-/http-errors-2.0.1.tgz 3387ms (cache miss)
5253 http fetch GET 200 https://registry.npmjs.org/on-finished/-/on-finished-2.4.1.tgz 3389ms (cache miss)
5254 http fetch GET 200 https://registry.npmjs.org/lazystream/-/lazystream-1.0.1.tgz 3422ms (cache miss)
5255 http fetch GET 200 https://registry.npmjs.org/destroy/-/destroy-1.2.0.tgz 3425ms (cache miss)
5256 http fetch GET 200 https://registry.npmjs.org/depd/-/depd-2.0.0.tgz 3424ms (cache miss)
5257 http fetch GET 200 https://registry.npmjs.org/readdir-glob/-/readdir-glob-1.1.3.tgz 3422ms (cache miss)
5258 http fetch GET 200 https://registry.npmjs.org/bytes/-/bytes-3.1.2.tgz 3424ms (cache miss)
5259 http fetch GET 200 https://registry.npmjs.org/jju/-/jju-1.4.0.tgz 3527ms (cache miss)
5260 http fetch GET 200 https://registry.npmjs.org/tar-stream/-/tar-stream-3.1.7.tgz 3454ms (cache miss)
5261 http fetch GET 200 https://registry.npmjs.org/zip-stream/-/zip-stream-6.0.1.tgz 3457ms (cache miss)
5262 http fetch GET 200 https://registry.npmjs.org/require-from-string/-/require-from-string-2.0.2.tgz 3453ms (cache miss)
5263 http fetch GET 200 https://registry.npmjs.org/buffer-crc32/-/buffer-crc32-1.0.0.tgz 3454ms (cache miss)
5264 http fetch GET 200 https://registry.npmjs.org/minimatch/-/minimatch-5.1.6.tgz 3487ms (cache miss)
5265 http fetch GET 200 https://registry.npmjs.org/archiver-utils/-/archiver-utils-5.0.2.tgz 3485ms (cache miss)
5266 http fetch GET 200 https://registry.npmjs.org/raw-body/-/raw-body-3.0.2.tgz 3481ms (cache miss)
5267 http fetch GET 200 https://registry.npmjs.org/esprima/-/esprima-4.0.1.tgz 3584ms (cache miss)
5268 http fetch GET 200 https://registry.npmjs.org/long/-/long-5.3.2.tgz 3574ms (cache miss)
5269 http fetch GET 200 https://registry.npmjs.org/pkce-challenge/-/pkce-challenge-5.0.1.tgz 3505ms (cache miss)
5270 http fetch GET 200 https://registry.npmjs.org/infer-owner/-/infer-owner-1.0.4.tgz 3508ms (cache miss)
5271 http fetch GET 200 https://registry.npmjs.org/content-type/-/content-type-1.0.5.tgz 3503ms (cache miss)
5272 http fetch GET 200 https://registry.npmjs.org/promise-breaker/-/promise-breaker-6.0.0.tgz 3570ms (cache miss)
5273 http fetch GET 200 https://registry.npmjs.org/agent-base/-/agent-base-7.1.4.tgz 3638ms (cache miss)
5274 http fetch GET 200 https://registry.npmjs.org/cli-width/-/cli-width-4.1.0.tgz 3560ms (cache miss)
5275 http fetch GET 200 https://registry.npmjs.org/mute-stream/-/mute-stream-2.0.0.tgz 3561ms (cache miss)
5276 http fetch GET 200 https://registry.npmjs.org/yoctocolors-cjs/-/yoctocolors-cjs-2.1.3.tgz 3595ms (cache miss)
5277 http fetch GET 200 https://registry.npmjs.org/@inquirer/type/-/type-3.0.10.tgz 3596ms (cache miss)
5278 http fetch GET 200 https://registry.npmjs.org/@inquirer/search/-/search-3.2.2.tgz 3593ms (cache miss)
5279 http fetch GET 200 https://registry.npmjs.org/@inquirer/figures/-/figures-1.0.15.tgz 3596ms (cache miss)
5280 http fetch GET 200 https://registry.npmjs.org/degenerator/-/degenerator-5.0.1.tgz 3824ms (cache miss)
5281 http fetch GET 200 https://registry.npmjs.org/bignumber.js/-/bignumber.js-9.3.1.tgz 3713ms (cache miss)
5282 http fetch GET 200 https://registry.npmjs.org/@inquirer/input/-/input-4.3.1.tgz 3625ms (cache miss)
5283 http fetch GET 200 https://registry.npmjs.org/@inquirer/password/-/password-4.0.23.tgz 3627ms (cache miss)
5284 http fetch GET 200 https://registry.npmjs.org/@inquirer/editor/-/editor-4.2.23.tgz 3625ms (cache miss)
5285 http fetch GET 200 https://registry.npmjs.org/@inquirer/rawlist/-/rawlist-4.1.11.tgz 3628ms (cache miss)
5286 http fetch GET 200 https://registry.npmjs.org/@inquirer/expand/-/expand-4.0.23.tgz 3626ms (cache miss)
5287 http fetch GET 200 https://registry.npmjs.org/@inquirer/number/-/number-3.0.23.tgz 3628ms (cache miss)
5288 http fetch GET 200 https://registry.npmjs.org/yallist/-/yallist-5.0.0.tgz 3924ms (cache miss)
5289 http fetch GET 200 https://registry.npmjs.org/@inquirer/confirm/-/confirm-5.1.21.tgz 3657ms (cache miss)
5290 http fetch GET 200 https://registry.npmjs.org/data-uri-to-buffer/-/data-uri-to-buffer-4.0.1.tgz 3650ms (cache miss)
5291 http fetch GET 200 https://registry.npmjs.org/data-uri-to-buffer/-/data-uri-to-buffer-4.0.1.tgz 3657ms (cache miss)
5292 http fetch GET 200 https://registry.npmjs.org/lodash.snakecase/-/lodash.snakecase-4.1.1.tgz 3675ms (cache miss)
5293 http fetch GET 200 https://registry.npmjs.org/@inquirer/ansi/-/ansi-1.0.2.tgz 3685ms (cache miss)
5294 http fetch GET 200 https://registry.npmjs.org/p-defer/-/p-defer-3.0.0.tgz 3675ms (cache miss)
5295 http fetch GET 200 https://registry.npmjs.org/is-stream-ended/-/is-stream-ended-0.1.4.tgz 3675ms (cache miss)
5296 http fetch GET 200 https://registry.npmjs.org/compress-commons/-/compress-commons-6.0.2.tgz 4024ms (cache miss)
5297 http fetch GET 200 https://registry.npmjs.org/@jridgewell/trace-mapping/-/trace-mapping-0.3.9.tgz 3985ms (cache miss)
5298 http fetch GET 200 https://registry.npmjs.org/gtoken/-/gtoken-8.0.0.tgz 3703ms (cache miss)
5299 http fetch GET 200 https://registry.npmjs.org/braces/-/braces-3.0.3.tgz 3763ms (cache miss)
5300 http fetch GET 200 https://registry.npmjs.org/arrify/-/arrify-2.0.1.tgz 3723ms (cache miss)
5301 http fetch GET 200 https://registry.npmjs.org/yargs-parser/-/yargs-parser-20.2.9.tgz 3864ms (cache miss)
5302 http fetch GET 200 https://registry.npmjs.org/emojilib/-/emojilib-2.4.0.tgz 3885ms (cache miss)
5303 http fetch GET 200 https://registry.npmjs.org/@google-cloud/precise-date/-/precise-date-5.0.0.tgz 3742ms (cache miss)
5304 http fetch GET 200 https://registry.npmjs.org/p-throttle/-/p-throttle-7.0.0.tgz 3741ms (cache miss)
5305 http fetch GET 200 https://registry.npmjs.org/@google-cloud/projectify/-/projectify-5.0.0.tgz 3768ms (cache miss)
5306 http fetch GET 200 https://registry.npmjs.org/npm-pick-manifest/-/npm-pick-manifest-9.1.0.tgz 3764ms (cache miss)
5307 http fetch GET 200 https://registry.npmjs.org/@google-cloud/paginator/-/paginator-6.0.0.tgz 3767ms (cache miss)
5308 http fetch GET 200 https://registry.npmjs.org/@pkgjs/parseargs/-/parseargs-0.11.0.tgz 3898ms (cache miss)
5309 http fetch GET 200 https://registry.npmjs.org/update-notifier-cjs/-/update-notifier-cjs-5.1.7.tgz 3788ms (cache miss)
5310 http fetch GET 200 https://registry.npmjs.org/@colors/colors/-/colors-1.6.0.tgz 3789ms (cache miss)
5311 http fetch GET 200 https://registry.npmjs.org/winston-transport/-/winston-transport-4.9.0.tgz 3791ms (cache miss)
5312 http fetch GET 200 https://registry.npmjs.org/@npmcli/promise-spawn/-/promise-spawn-3.0.0.tgz 3794ms (cache miss)
5313 http fetch GET 200 https://registry.npmjs.org/@google-cloud/promisify/-/promisify-5.0.0.tgz 3799ms (cache miss)
5314 http fetch GET 200 https://registry.npmjs.org/teeny-request/-/teeny-request-10.1.0.tgz 4079ms (cache miss)
5315 http fetch GET 200 https://registry.npmjs.org/nearley/-/nearley-2.20.1.tgz 4086ms (cache miss)
5316 http fetch GET 200 https://registry.npmjs.org/tmp/-/tmp-0.2.5.tgz 3842ms (cache miss)
5317 http fetch GET 200 https://registry.npmjs.org/triple-beam/-/triple-beam-1.4.1.tgz 3843ms (cache miss)
5318 http fetch GET 200 https://registry.npmjs.org/json-schema-typed/-/json-schema-typed-8.0.2.tgz 3913ms (cache miss)
5319 http fetch GET 200 https://registry.npmjs.org/chalk/-/chalk-4.1.2.tgz 3853ms (cache miss)
5320 http fetch GET 200 https://registry.npmjs.org/tcp-port-used/-/tcp-port-used-1.0.2.tgz 3877ms (cache miss)
5321 http fetch GET 200 https://registry.npmjs.org/isarray/-/isarray-0.0.1.tgz 3874ms (cache miss)
5322 http fetch GET 200 https://registry.npmjs.org/retry/-/retry-0.13.1.tgz 3873ms (cache miss)
5323 http fetch GET 200 https://registry.npmjs.org/proxy-agent/-/proxy-agent-6.5.0.tgz 3872ms (cache miss)
5324 http fetch GET 200 https://registry.npmjs.org/path-to-regexp/-/path-to-regexp-1.9.0.tgz 3877ms (cache miss)
5325 http fetch GET 200 https://registry.npmjs.org/url-template/-/url-template-2.0.8.tgz 4013ms (cache miss)
5326 http fetch GET 200 https://registry.npmjs.org/chalk/-/chalk-4.1.2.tgz 3905ms (cache miss)
5327 http fetch GET 200 https://registry.npmjs.org/debug/-/debug-4.3.1.tgz 3902ms (cache miss)
5328 http fetch GET 200 https://registry.npmjs.org/portfinder/-/portfinder-1.0.38.tgz 3897ms (cache miss)
5329 http fetch GET 200 https://registry.npmjs.org/morgan/-/morgan-1.10.1.tgz 3892ms (cache miss)
5330 http fetch GET 200 https://registry.npmjs.org/p-limit/-/p-limit-3.1.0.tgz 3896ms (cache miss)
5331 http fetch GET 200 https://registry.npmjs.org/cli-highlight/-/cli-highlight-2.1.11.tgz 4071ms (cache miss)
5332 http fetch GET 200 https://registry.npmjs.org/gcp-metadata/-/gcp-metadata-6.1.1.tgz 4031ms (cache miss)
5333 http fetch GET 200 https://registry.npmjs.org/debug/-/debug-2.6.9.tgz 3982ms (cache miss)
5334 http fetch GET 200 https://registry.npmjs.org/json-schema-traverse/-/json-schema-traverse-1.0.0.tgz 3975ms (cache miss)
5335 http fetch GET 200 https://registry.npmjs.org/lru-cache/-/lru-cache-7.18.3.tgz 3928ms (cache miss)
5336 http fetch GET 200 https://registry.npmjs.org/on-finished/-/on-finished-2.3.0.tgz 3922ms (cache miss)
5337 http fetch GET 200 https://registry.npmjs.org/lsofi/-/lsofi-1.0.0.tgz 3913ms (cache miss)
5338 http fetch GET 200 https://registry.npmjs.org/ora/-/ora-5.4.1.tgz 3926ms (cache miss)
5339 http fetch GET 200 https://registry.npmjs.org/open/-/open-6.4.0.tgz 3923ms (cache miss)
5340 http fetch GET 200 https://registry.npmjs.org/leven/-/leven-3.1.0.tgz 3940ms (cache miss)
5341 http fetch GET 200 https://registry.npmjs.org/jsonwebtoken/-/jsonwebtoken-9.0.3.tgz 3939ms (cache miss)
5342 http fetch GET 200 https://registry.npmjs.org/fuzzy/-/fuzzy-0.1.3.tgz 3962ms (cache miss)
5343 http fetch GET 200 https://registry.npmjs.org/express-rate-limit/-/express-rate-limit-8.2.1.tgz 4063ms (cache miss)
5344 http fetch GET 200 https://registry.npmjs.org/filesize/-/filesize-6.4.0.tgz 4004ms (cache miss)
5345 http fetch GET 200 https://registry.npmjs.org/raw-body/-/raw-body-2.5.3.tgz 4005ms (cache miss)
5346 http fetch GET 200 https://registry.npmjs.org/ignore/-/ignore-7.0.5.tgz 4027ms (cache miss)
5347 http fetch GET 200 https://registry.npmjs.org/cross-env/-/cross-env-7.0.3.tgz 4015ms (cache miss)
5348 http fetch GET 200 https://registry.npmjs.org/deep-equal-in-any-order/-/deep-equal-in-any-order-2.1.0.tgz 4017ms (cache miss)
5349 http fetch GET 200 https://registry.npmjs.org/exegesis-express/-/exegesis-express-4.0.0.tgz 4019ms (cache miss)
5350 http fetch GET 200 https://registry.npmjs.org/cors/-/cors-2.8.6.tgz 4016ms (cache miss)
5351 http fetch GET 200 https://registry.npmjs.org/colorette/-/colorette-2.0.20.tgz 4015ms (cache miss)
5352 http fetch GET 200 https://registry.npmjs.org/cli-table3/-/cli-table3-0.6.5.tgz 4036ms (cache miss)
5353 http fetch GET 200 https://registry.npmjs.org/configstore/-/configstore-5.0.1.tgz 4039ms (cache miss)
5354 http fetch GET 200 https://registry.npmjs.org/@inquirer/select/-/select-4.4.2.tgz 4136ms (cache miss)
5355 http fetch GET 200 https://registry.npmjs.org/mime/-/mime-2.6.0.tgz 4083ms (cache miss)
5356 http fetch GET 200 https://registry.npmjs.org/event-target-shim/-/event-target-shim-5.0.1.tgz 4166ms (cache miss)
5357 http fetch GET 200 https://registry.npmjs.org/async-lock/-/async-lock-1.4.1.tgz 4085ms (cache miss)
5358 http fetch GET 200 https://registry.npmjs.org/raw-body/-/raw-body-2.5.3.tgz 4087ms (cache miss)
5359 http fetch GET 200 https://registry.npmjs.org/negotiator/-/negotiator-1.0.0.tgz 4083ms (cache miss)
5360 http fetch GET 200 https://registry.npmjs.org/package-json-from-dist/-/package-json-from-dist-1.0.1.tgz 4254ms (cache miss)
5361 http fetch GET 200 https://registry.npmjs.org/media-typer/-/media-typer-1.1.0.tgz 4109ms (cache miss)
5362 http fetch GET 200 https://registry.npmjs.org/type-is/-/type-is-2.0.1.tgz 4103ms (cache miss)
5363 http fetch GET 200 https://registry.npmjs.org/commander/-/commander-5.1.0.tgz 4117ms (cache miss)
5364 http fetch GET 200 https://registry.npmjs.org/serve-static/-/serve-static-2.2.1.tgz 4108ms (cache miss)
5365 http fetch GET 200 https://registry.npmjs.org/fresh/-/fresh-2.0.0.tgz 4115ms (cache miss)
5366 http fetch GET 200 https://registry.npmjs.org/mime-types/-/mime-types-3.0.2.tgz 4119ms (cache miss)
5367 http fetch GET 200 https://registry.npmjs.org/merge-descriptors/-/merge-descriptors-2.0.0.tgz 4115ms (cache miss)
5368 http fetch GET 200 https://registry.npmjs.org/cookie-signature/-/cookie-signature-1.2.2.tgz 4115ms (cache miss)
5369 http fetch GET 200 https://registry.npmjs.org/@grpc/proto-loader/-/proto-loader-0.8.0.tgz 4288ms (cache miss)
5370 http fetch GET 200 https://registry.npmjs.org/@inquirer/checkbox/-/checkbox-4.3.2.tgz 4226ms (cache miss)
5371 http fetch GET 200 https://registry.npmjs.org/gtoken/-/gtoken-8.0.0.tgz 4221ms (cache miss)
5372 http fetch GET 200 https://registry.npmjs.org/send/-/send-1.2.1.tgz 4145ms (cache miss)
5373 http fetch GET 200 https://registry.npmjs.org/finalhandler/-/finalhandler-2.1.1.tgz 4145ms (cache miss)
5374 http fetch GET 200 https://registry.npmjs.org/content-disposition/-/content-disposition-1.0.1.tgz 4143ms (cache miss)
5375 http fetch GET 200 https://registry.npmjs.org/accepts/-/accepts-2.0.0.tgz 4145ms (cache miss)
5376 http fetch GET 200 https://registry.npmjs.org/node-fetch/-/node-fetch-3.3.2.tgz 4461ms (cache miss)
5377 http fetch GET 200 https://registry.npmjs.org/data-uri-to-buffer/-/data-uri-to-buffer-4.0.1.tgz 4156ms (cache miss)
5378 http fetch GET 200 https://registry.npmjs.org/data-uri-to-buffer/-/data-uri-to-buffer-4.0.1.tgz 4150ms (cache miss)
5379 http fetch GET 200 https://registry.npmjs.org/body-parser/-/body-parser-2.2.2.tgz 4154ms (cache miss)
5380 http fetch GET 200 https://registry.npmjs.org/gcp-metadata/-/gcp-metadata-8.1.2.tgz 4262ms (cache miss)
5381 http fetch GET 200 https://registry.npmjs.org/heap-js/-/heap-js-2.7.1.tgz 4260ms (cache miss)
5382 http fetch GET 200 https://registry.npmjs.org/libsodium-wrappers/-/libsodium-wrappers-0.7.16.tgz 4214ms (cache miss)
5383 http fetch GET 200 https://registry.npmjs.org/gcp-metadata/-/gcp-metadata-8.1.2.tgz 4272ms (cache miss)
5384 http fetch GET 200 https://registry.npmjs.org/mime-db/-/mime-db-1.54.0.tgz 4200ms (cache miss)
5385 http fetch GET 200 https://registry.npmjs.org/type-is/-/type-is-1.6.18.tgz 4194ms (cache miss)
5386 http fetch GET 200 https://registry.npmjs.org/readdirp/-/readdirp-3.6.0.tgz 4196ms (cache miss)
5387 http fetch GET 200 https://registry.npmjs.org/acorn/-/acorn-8.15.0.tgz 4587ms (cache miss)
5388 http fetch GET 200 https://registry.npmjs.org/cacache/-/cacache-20.0.3.tgz 4585ms (cache miss)
5389 http fetch GET 200 https://registry.npmjs.org/@apphosting/build/-/build-0.1.7.tgz 4232ms (cache miss)
5390 http fetch GET 200 https://registry.npmjs.org/chokidar/-/chokidar-3.6.0.tgz 4273ms (cache miss)
5391 http fetch GET 200 https://registry.npmjs.org/eventsource/-/eventsource-3.0.7.tgz 4375ms (cache miss)
5392 http fetch GET 200 https://registry.npmjs.org/@apphosting/common/-/common-0.0.9.tgz 4254ms (cache miss)
5393 http fetch GET 200 https://registry.npmjs.org/archiver/-/archiver-7.0.1.tgz 4309ms (cache miss)
5394 http fetch GET 200 https://registry.npmjs.org/@apphosting/common/-/common-0.0.8.tgz 4293ms (cache miss)
5395 http fetch GET 200 https://registry.npmjs.org/undici-types/-/undici-types-7.16.0.tgz 4433ms (cache miss)
5396 http fetch GET 200 https://registry.npmjs.org/commander/-/commander-10.0.1.tgz 4398ms (cache miss)
5397 http fetch GET 200 https://registry.npmjs.org/express/-/express-5.2.1.tgz 4334ms (cache miss)
5398 http fetch GET 200 https://registry.npmjs.org/logform/-/logform-2.7.0.tgz 4746ms (cache miss)
5399 http fetch GET 200 https://registry.npmjs.org/body-parser/-/body-parser-1.20.4.tgz 4361ms (cache miss)
5400 http fetch GET 200 https://registry.npmjs.org/abort-controller/-/abort-controller-3.0.0.tgz 4376ms (cache miss)
5401 http fetch GET 200 https://registry.npmjs.org/google-logging-utils/-/google-logging-utils-0.0.2.tgz 4540ms (cache miss)
5402 http fetch GET 200 https://registry.npmjs.org/@inquirer/prompts/-/prompts-7.10.1.tgz 4384ms (cache miss)
5403 http fetch GET 200 https://registry.npmjs.org/gtoken/-/gtoken-8.0.0.tgz 4382ms (cache miss)
5404 http fetch GET 200 https://registry.npmjs.org/minizlib/-/minizlib-3.1.0.tgz 4759ms (cache miss)
5405 http fetch GET 200 https://registry.npmjs.org/object-inspect/-/object-inspect-1.13.4.tgz 4715ms (cache miss)
5406 http fetch GET 200 https://registry.npmjs.org/minipass/-/minipass-7.1.2.tgz 4571ms (cache miss)
5407 http fetch GET 200 https://registry.npmjs.org/gtoken/-/gtoken-8.0.0.tgz 4400ms (cache miss)
5408 http fetch GET 200 https://registry.npmjs.org/ajv-formats/-/ajv-formats-2.1.1.tgz 4437ms (cache miss)
5409 warn deprecated node-domexception@1.0.0: Use your platform's native DOMException instead
5410 http fetch GET 200 https://registry.npmjs.org/gcp-metadata/-/gcp-metadata-8.1.2.tgz 4438ms (cache miss)
5411 http fetch GET 200 https://registry.npmjs.org/eventsource-parser/-/eventsource-parser-3.0.6.tgz 4558ms (cache miss)
5412 http fetch GET 200 https://registry.npmjs.org/qs/-/qs-6.14.1.tgz 4597ms (cache miss)
5413 http fetch GET 200 https://registry.npmjs.org/gcp-metadata/-/gcp-metadata-8.1.2.tgz 4458ms (cache miss)
5414 http fetch GET 200 https://registry.npmjs.org/ajv-formats/-/ajv-formats-3.0.1.tgz 4503ms (cache miss)
5415 http fetch GET 200 https://registry.npmjs.org/@js-sdsl/ordered-map/-/ordered-map-4.4.2.tgz 4680ms (cache miss)
5416 http fetch GET 200 https://registry.npmjs.org/path-scurry/-/path-scurry-2.0.1.tgz 4872ms (cache miss)
5417 http fetch GET 200 https://registry.npmjs.org/google-logging-utils/-/google-logging-utils-1.1.3.tgz 4657ms (cache miss)
5418 http fetch GET 200 https://registry.npmjs.org/type-fest/-/type-fest-0.20.2.tgz 4962ms (cache miss)
5419 http fetch GET 200 https://registry.npmjs.org/commander/-/commander-11.1.0.tgz 4562ms (cache miss)
5420 http fetch GET 200 https://registry.npmjs.org/node-fetch/-/node-fetch-3.3.2.tgz 4672ms (cache miss)
5421 http fetch GET 200 https://registry.npmjs.org/basic-ftp/-/basic-ftp-5.1.0.tgz 4889ms (cache miss)
5422 http fetch GET 200 https://registry.npmjs.org/path-scurry/-/path-scurry-1.11.1.tgz 4758ms (cache miss)
5423 http fetch GET 200 https://registry.npmjs.org/google-logging-utils/-/google-logging-utils-1.1.3.tgz 4674ms (cache miss)
5424 http fetch GET 200 https://registry.npmjs.org/node-fetch/-/node-fetch-3.3.2.tgz 4695ms (cache miss)
5425 http fetch GET 200 https://registry.npmjs.org/universal-analytics/-/universal-analytics-0.5.3.tgz 4703ms (cache miss)
5426 http fetch GET 200 https://registry.npmjs.org/source-map/-/source-map-0.6.1.tgz 4950ms (cache miss)
5427 http fetch GET 200 https://registry.npmjs.org/express/-/express-4.22.1.tgz 4675ms (cache miss)
5428 http fetch GET 200 https://registry.npmjs.org/minimatch/-/minimatch-6.2.0.tgz 4721ms (cache miss)
5429 http fetch GET 200 https://registry.npmjs.org/@apidevtools/json-schema-ref-parser/-/json-schema-ref-parser-9.1.2.tgz 4836ms (cache miss)
5430 http fetch GET 200 https://registry.npmjs.org/cjson/-/cjson-0.3.3.tgz 4721ms (cache miss)
5431 http fetch GET 200 https://registry.npmjs.org/diff/-/diff-4.0.4.tgz 5076ms (cache miss)
5432 http fetch GET 200 https://registry.npmjs.org/google-logging-utils/-/google-logging-utils-1.1.3.tgz 4732ms (cache miss)
5433 http fetch GET 200 https://registry.npmjs.org/google-logging-utils/-/google-logging-utils-1.1.3.tgz 4753ms (cache miss)
5434 http fetch GET 200 https://registry.npmjs.org/node-fetch/-/node-fetch-3.3.2.tgz 4760ms (cache miss)
5435 http fetch GET 200 https://registry.npmjs.org/libsodium/-/libsodium-0.7.16.tgz 4969ms (cache miss)
5436 http fetch GET 200 https://registry.npmjs.org/node-fetch/-/node-fetch-3.3.2.tgz 4770ms (cache miss)
5437 http fetch GET 200 https://registry.npmjs.org/pg/-/pg-8.18.0.tgz 4846ms (cache miss)
5438 http fetch GET 200 https://registry.npmjs.org/iconv-lite/-/iconv-lite-0.6.3.tgz 5159ms (cache miss)
5439 http fetch GET 200 https://registry.npmjs.org/jackspeak/-/jackspeak-3.4.3.tgz 4975ms (cache miss)
5440 http fetch GET 200 https://registry.npmjs.org/fast-uri/-/fast-uri-3.1.0.tgz 4921ms (cache miss)
5441 http fetch GET 200 https://registry.npmjs.org/argparse/-/argparse-1.0.10.tgz 5026ms (cache miss)
5442 http fetch GET 200 https://registry.npmjs.org/lru-cache/-/lru-cache-10.4.3.tgz 5118ms (cache miss)
5443 http fetch GET 200 https://registry.npmjs.org/socks/-/socks-2.8.7.tgz 5227ms (cache miss)
5444 http fetch GET 200 https://registry.npmjs.org/pg-protocol/-/pg-protocol-1.11.0.tgz 5178ms (cache miss)
5445 http fetch GET 200 https://registry.npmjs.org/gaxios/-/gaxios-6.7.1.tgz 5002ms (cache miss)
5446 http fetch GET 200 https://registry.npmjs.org/googleapis-common/-/googleapis-common-8.0.1.tgz 5087ms (cache miss)
5447 http fetch GET 200 https://registry.npmjs.org/iconv-lite/-/iconv-lite-0.7.2.tgz 5099ms (cache miss)
5448 http fetch GET 200 https://registry.npmjs.org/marked/-/marked-13.0.3.tgz 5058ms (cache miss)
5449 http fetch GET 200 https://registry.npmjs.org/parse5/-/parse5-6.0.1.tgz 5258ms (cache miss)
5450 http fetch GET 200 https://registry.npmjs.org/parse5/-/parse5-5.1.1.tgz 5263ms (cache miss)
5451 http fetch GET 200 https://registry.npmjs.org/iconv-lite/-/iconv-lite-0.4.24.tgz 5072ms (cache miss)
5452 http fetch GET 200 https://registry.npmjs.org/iconv-lite/-/iconv-lite-0.4.24.tgz 5088ms (cache miss)
5453 http fetch GET 200 https://registry.npmjs.org/@inquirer/external-editor/-/external-editor-1.0.3.tgz 5209ms (cache miss)
5454 http fetch GET 200 https://registry.npmjs.org/fs-extra/-/fs-extra-10.1.0.tgz 5189ms (cache miss)
5455 http fetch GET 200 https://registry.npmjs.org/isexe/-/isexe-3.1.4.tgz 5504ms (cache miss)
5456 http fetch GET 200 https://registry.npmjs.org/marked-terminal/-/marked-terminal-7.3.0.tgz 5211ms (cache miss)
5457 http fetch GET 200 https://registry.npmjs.org/json-ptr/-/json-ptr-3.1.1.tgz 5331ms (cache miss)
5458 warn deprecated json-ptr@3.1.1: Package no longer supported. Contact Support at https://www.npmjs.com/support for more info.
5459 http fetch GET 200 https://registry.npmjs.org/pac-resolver/-/pac-resolver-7.0.1.tgz 5509ms (cache miss)
5460 http fetch GET 200 https://registry.npmjs.org/ast-types/-/ast-types-0.13.4.tgz 5524ms (cache miss)
5461 http fetch GET 200 https://registry.npmjs.org/chardet/-/chardet-2.1.1.tgz 5382ms (cache miss)
5462 http fetch GET 200 https://registry.npmjs.org/ip-address/-/ip-address-10.0.1.tgz 5490ms (cache miss)
5463 http fetch GET 200 https://registry.npmjs.org/proto3-json-serializer/-/proto3-json-serializer-3.0.4.tgz 5573ms (cache miss)
5464 http fetch GET 200 https://registry.npmjs.org/exponential-backoff/-/exponential-backoff-3.1.3.tgz 5748ms (cache miss)
5465 http fetch GET 200 https://registry.npmjs.org/@hono/node-server/-/node-server-1.19.9.tgz 5543ms (cache miss)
5466 http fetch GET 200 https://registry.npmjs.org/readable-stream/-/readable-stream-4.7.0.tgz 5563ms (cache miss)
5467 http fetch GET 200 https://registry.npmjs.org/@electric-sql/pglite-tools/-/pglite-tools-0.2.20.tgz 5463ms (cache miss)
5468 http fetch GET 200 https://registry.npmjs.org/@googleapis/sqladmin/-/sqladmin-35.2.0.tgz 5576ms (cache miss)
5469 http fetch GET 200 https://registry.npmjs.org/yargs/-/yargs-16.2.0.tgz 5720ms (cache miss)
5470 http fetch GET 200 https://registry.npmjs.org/yargs/-/yargs-17.7.2.tgz 5710ms (cache miss)
5471 http fetch GET 200 https://registry.npmjs.org/js-yaml/-/js-yaml-3.14.2.tgz 5587ms (cache miss)
5472 http fetch GET 200 https://registry.npmjs.org/winston/-/winston-3.19.0.tgz 5625ms (cache miss)
5473 http fetch GET 200 https://registry.npmjs.org/csv-parse/-/csv-parse-5.6.0.tgz 5583ms (cache miss)
5474 http fetch GET 200 https://registry.npmjs.org/superstatic/-/superstatic-10.0.0.tgz 5668ms (cache miss)
5475 http fetch GET 200 https://registry.npmjs.org/minimatch/-/minimatch-10.1.2.tgz 5952ms (cache miss)
5476 http fetch GET 200 https://registry.npmjs.org/async/-/async-3.2.6.tgz 5744ms (cache miss)
5477 http fetch GET 200 https://registry.npmjs.org/pg-gateway/-/pg-gateway-0.3.0-beta.4.tgz 5692ms (cache miss)
5478 http fetch GET 200 https://registry.npmjs.org/glob/-/glob-13.0.1.tgz 6068ms (cache miss)
5479 http fetch GET 200 https://registry.npmjs.org/minimatch/-/minimatch-9.0.5.tgz 5793ms (cache miss)
5480 http fetch GET 200 https://registry.npmjs.org/@tootallnate/quickjs-emscripten/-/quickjs-emscripten-0.23.0.tgz 6102ms (cache miss)
5481 http fetch GET 200 https://registry.npmjs.org/@types/node/-/node-25.2.2.tgz 5906ms (cache miss)
5482 http fetch GET 200 https://registry.npmjs.org/glob/-/glob-10.5.0.tgz 5937ms (cache miss)
5483 warn deprecated glob@10.5.0: Old versions of glob are not supported, and contain widely publicized security vulnerabilities, which have been fixed in the current version. Please update. Support for old versions may be purchased (at exorbitant rates) by contacting i@izs.me
5484 http fetch GET 200 https://registry.npmjs.org/ts-node/-/ts-node-10.9.2.tgz 6146ms (cache miss)
5485 http fetch GET 200 https://registry.npmjs.org/protobufjs/-/protobufjs-7.5.4.tgz 6269ms (cache miss)
5486 http fetch GET 200 https://registry.npmjs.org/@inquirer/core/-/core-10.3.2.tgz 6328ms (cache miss)
5487 http fetch GET 200 https://registry.npmjs.org/google-auth-library/-/google-auth-library-10.5.0.tgz 6399ms (cache miss)
5488 http fetch GET 200 https://registry.npmjs.org/gaxios/-/gaxios-7.1.3.tgz 6405ms (cache miss)
5489 http fetch GET 200 https://registry.npmjs.org/google-auth-library/-/google-auth-library-10.5.0.tgz 6407ms (cache miss)
5490 http fetch GET 200 https://registry.npmjs.org/google-auth-library/-/google-auth-library-9.15.1.tgz 6372ms (cache miss)
5491 http fetch GET 200 https://registry.npmjs.org/gaxios/-/gaxios-7.1.3.tgz 6432ms (cache miss)
5492 http fetch GET 200 https://registry.npmjs.org/gaxios/-/gaxios-7.1.3.tgz 6346ms (cache miss)
5493 http fetch GET 200 https://registry.npmjs.org/google-auth-library/-/google-auth-library-10.5.0.tgz 6348ms (cache miss)
5494 http fetch GET 200 https://registry.npmjs.org/gaxios/-/gaxios-7.1.3.tgz 6346ms (cache miss)
5495 http fetch GET 200 https://registry.npmjs.org/google-auth-library/-/google-auth-library-10.5.0.tgz 6352ms (cache miss)
5496 http fetch GET 200 https://registry.npmjs.org/rimraf/-/rimraf-5.0.10.tgz 6679ms (cache miss)
5497 http fetch GET 200 https://registry.npmjs.org/@google-cloud/cloud-sql-connector/-/cloud-sql-connector-1.9.0.tgz 6528ms (cache miss)
5498 http fetch GET 200 https://registry.npmjs.org/node-gyp/-/node-gyp-12.2.0.tgz 6874ms (cache miss)
5499 http fetch GET 200 https://registry.npmjs.org/web-streams-polyfill/-/web-streams-polyfill-3.3.3.tgz 6999ms (cache miss)
5500 http fetch GET 200 https://registry.npmjs.org/zod-to-json-schema/-/zod-to-json-schema-3.25.1.tgz 6840ms (cache miss)
5501 http fetch GET 200 https://registry.npmjs.org/exegesis/-/exegesis-4.3.0.tgz 6857ms (cache miss)
5502 http fetch GET 200 https://registry.npmjs.org/@google-cloud/pubsub/-/pubsub-5.2.2.tgz 7029ms (cache miss)
5503 http fetch GET 200 https://registry.npmjs.org/@opentelemetry/semantic-conventions/-/semantic-conventions-1.28.0.tgz 7203ms (cache miss)
5504 http fetch GET 200 https://registry.npmjs.org/@opentelemetry/semantic-conventions/-/semantic-conventions-1.34.0.tgz 7311ms (cache miss)
5505 http fetch GET 200 https://registry.npmjs.org/tar/-/tar-7.5.7.tgz 7660ms (cache miss)
5506 http fetch GET 200 https://registry.npmjs.org/yaml/-/yaml-2.8.2.tgz 7496ms (cache miss)
5507 http fetch GET 200 https://registry.npmjs.org/highlight.js/-/highlight.js-10.7.3.tgz 7913ms (cache miss)
5508 http fetch GET 200 https://registry.npmjs.org/google-gax/-/google-gax-5.0.6.tgz 8191ms (cache miss)
5509 http fetch GET 200 https://registry.npmjs.org/@electric-sql/pglite/-/pglite-0.2.17.tgz 8422ms (cache miss)
5510 http fetch GET 200 https://registry.npmjs.org/@electric-sql/pglite/-/pglite-0.3.15.tgz 8497ms (cache miss)
5511 http fetch GET 200 https://registry.npmjs.org/ajv/-/ajv-8.17.1.tgz 8533ms (cache miss)
5512 http fetch GET 200 https://registry.npmjs.org/@opentelemetry/core/-/core-1.30.1.tgz 8845ms (cache miss)
5513 http fetch GET 200 https://registry.npmjs.org/zod/-/zod-3.25.76.tgz 8943ms (cache miss)
5514 http fetch GET 200 https://registry.npmjs.org/hono/-/hono-4.11.9.tgz 9053ms (cache miss)
5515 http fetch GET 200 https://registry.npmjs.org/sql-formatter/-/sql-formatter-15.7.0.tgz 9172ms (cache miss)
5516 http fetch GET 200 https://registry.npmjs.org/@opentelemetry/api/-/api-1.9.0.tgz 9183ms (cache miss)
5517 http fetch GET 200 https://registry.npmjs.org/firebase-tools/-/firebase-tools-15.5.1.tgz 9787ms (cache miss)
5518 http fetch GET 200 https://registry.npmjs.org/@grpc/grpc-js/-/grpc-js-1.14.3.tgz 9574ms (cache miss)
5519 http fetch GET 200 https://registry.npmjs.org/@modelcontextprotocol/sdk/-/sdk-1.26.0.tgz 9432ms (cache miss)
5520 http fetch GET 200 https://registry.npmjs.org/re2/-/re2-1.23.2.tgz 16280ms (cache miss)
5521 info run re2@1.23.2 install node_modules/firebase-tools/node_modules/re2 install-from-cache --artifact build/Release/re2.node --host-var RE2_DOWNLOAD_MIRROR --skip-path-var RE2_DOWNLOAD_SKIP_PATH --skip-ver-var RE2_DOWNLOAD_SKIP_VER || node-gyp -j max rebuild
5522 info run re2@1.23.2 install { code: 1, signal: null }
5523 verbose reify failed optional dependency /data/data/com.termux/files/usr/lib/node_modules/firebase-tools/node_modules/re2
5524 silly reify mark deleted [
5524 silly reify   '/data/data/com.termux/files/usr/lib/node_modules/firebase-tools/node_modules/re2'
5524 silly reify ]
5525 verbose reify failed optional dependency /data/data/com.termux/files/usr/lib/node_modules/firebase-tools/node_modules/install-artifact-from-github
5526 silly reify mark deleted [
5526 silly reify   '/data/data/com.termux/files/usr/lib/node_modules/firebase-tools/node_modules/install-artifact-from-github',
5526 silly reify   '/data/data/com.termux/files/usr/lib/node_modules/firebase-tools/node_modules/.bin/install-from-cache',
5526 silly reify   '/data/data/com.termux/files/usr/lib/node_modules/firebase-tools/node_modules/.bin/save-to-github-cache'
5526 silly reify ]
5527 verbose reify failed optional dependency /data/data/com.termux/files/usr/lib/node_modules/firebase-tools/node_modules/nan
5528 silly reify mark deleted [
5528 silly reify   '/data/data/com.termux/files/usr/lib/node_modules/firebase-tools/node_modules/nan'
5528 silly reify ]
5529 verbose reify failed optional dependency /data/data/com.termux/files/usr/lib/node_modules/firebase-tools/node_modules/node-gyp
5530 silly reify mark deleted [
5530 silly reify   '/data/data/com.termux/files/usr/lib/node_modules/firebase-tools/node_modules/node-gyp',
5530 silly reify   '/data/data/com.termux/files/usr/lib/node_modules/firebase-tools/node_modules/.bin/node-gyp'
5530 silly reify ]
5531 verbose reify failed optional dependency /data/data/com.termux/files/usr/lib/node_modules/firebase-tools/node_modules/env-paths
5532 silly reify mark deleted [
5532 silly reify   '/data/data/com.termux/files/usr/lib/node_modules/firebase-tools/node_modules/env-paths'
5532 silly reify ]
5533 verbose reify failed optional dependency /data/data/com.termux/files/usr/lib/node_modules/firebase-tools/node_modules/exponential-backoff
5534 silly reify mark deleted [
5534 silly reify   '/data/data/com.termux/files/usr/lib/node_modules/firebase-tools/node_modules/exponential-backoff'
5534 silly reify ]
5535 verbose reify failed optional dependency /data/data/com.termux/files/usr/lib/node_modules/firebase-tools/node_modules/make-fetch-happen
5536 silly reify mark deleted [
5536 silly reify   '/data/data/com.termux/files/usr/lib/node_modules/firebase-tools/node_modules/make-fetch-happen'
5536 silly reify ]
5537 verbose reify failed optional dependency /data/data/com.termux/files/usr/lib/node_modules/firebase-tools/node_modules/nopt
5538 silly reify mark deleted [
5538 silly reify   '/data/data/com.termux/files/usr/lib/node_modules/firebase-tools/node_modules/nopt',
5538 silly reify   '/data/data/com.termux/files/usr/lib/node_modules/firebase-tools/node_modules/.bin/nopt'
5538 silly reify ]
5539 verbose reify failed optional dependency /data/data/com.termux/files/usr/lib/node_modules/firebase-tools/node_modules/node-gyp/node_modules/proc-log
5540 silly reify mark deleted [
5540 silly reify   '/data/data/com.termux/files/usr/lib/node_modules/firebase-tools/node_modules/node-gyp/node_modules/proc-log'
5540 silly reify ]
5541 verbose reify failed optional dependency /data/data/com.termux/files/usr/lib/node_modules/firebase-tools/node_modules/tar
5542 silly reify mark deleted [
5542 silly reify   '/data/data/com.termux/files/usr/lib/node_modules/firebase-tools/node_modules/tar'
5542 silly reify ]
5543 verbose reify failed optional dependency /data/data/com.termux/files/usr/lib/node_modules/firebase-tools/node_modules/tinyglobby
5544 silly reify mark deleted [
5544 silly reify   '/data/data/com.termux/files/usr/lib/node_modules/firebase-tools/node_modules/tinyglobby'
5544 silly reify ]
5545 verbose reify failed optional dependency /data/data/com.termux/files/usr/lib/node_modules/firebase-tools/node_modules/node-gyp/node_modules/which
5546 silly reify mark deleted [
5546 silly reify   '/data/data/com.termux/files/usr/lib/node_modules/firebase-tools/node_modules/node-gyp/node_modules/which',
5546 silly reify   '/data/data/com.termux/files/usr/lib/node_modules/firebase-tools/node_modules/node-gyp/node_modules/.bin/node-which'
5546 silly reify ]
5547 verbose reify failed optional dependency /data/data/com.termux/files/usr/lib/node_modules/firebase-tools/node_modules/@npmcli/agent
5548 silly reify mark deleted [
5548 silly reify   '/data/data/com.termux/files/usr/lib/node_modules/firebase-tools/node_modules/@npmcli/agent'
5548 silly reify ]
5549 verbose reify failed optional dependency /data/data/com.termux/files/usr/lib/node_modules/firebase-tools/node_modules/cacache
5550 silly reify mark deleted [
5550 silly reify   '/data/data/com.termux/files/usr/lib/node_modules/firebase-tools/node_modules/cacache'
5550 silly reify ]
5551 verbose reify failed optional dependency /data/data/com.termux/files/usr/lib/node_modules/firebase-tools/node_modules/http-cache-semantics
5552 silly reify mark deleted [
5552 silly reify   '/data/data/com.termux/files/usr/lib/node_modules/firebase-tools/node_modules/http-cache-semantics'
5552 silly reify ]
5553 verbose reify failed optional dependency /data/data/com.termux/files/usr/lib/node_modules/firebase-tools/node_modules/minipass-fetch
5554 silly reify mark deleted [
5554 silly reify   '/data/data/com.termux/files/usr/lib/node_modules/firebase-tools/node_modules/minipass-fetch'
5554 silly reify ]
5555 verbose reify failed optional dependency /data/data/com.termux/files/usr/lib/node_modules/firebase-tools/node_modules/minipass-flush
5556 silly reify mark deleted [
5556 silly reify   '/data/data/com.termux/files/usr/lib/node_modules/firebase-tools/node_modules/minipass-flush'
5556 silly reify ]
5557 verbose reify failed optional dependency /data/data/com.termux/files/usr/lib/node_modules/firebase-tools/node_modules/minipass-pipeline
5558 silly reify mark deleted [
5558 silly reify   '/data/data/com.termux/files/usr/lib/node_modules/firebase-tools/node_modules/minipass-pipeline'
5558 silly reify ]
5559 verbose reify failed optional dependency /data/data/com.termux/files/usr/lib/node_modules/firebase-tools/node_modules/make-fetch-happen/node_modules/negotiator
5560 silly reify mark deleted [
5560 silly reify   '/data/data/com.termux/files/usr/lib/node_modules/firebase-tools/node_modules/make-fetch-happen/node_modules/negotiator'
5560 silly reify ]
5561 verbose reify failed optional dependency /data/data/com.termux/files/usr/lib/node_modules/firebase-tools/node_modules/make-fetch-happen/node_modules/proc-log
5562 silly reify mark deleted [
5562 silly reify   '/data/data/com.termux/files/usr/lib/node_modules/firebase-tools/node_modules/make-fetch-happen/node_modules/proc-log'
5562 silly reify ]
5563 verbose reify failed optional dependency /data/data/com.termux/files/usr/lib/node_modules/firebase-tools/node_modules/promise-retry
5564 silly reify mark deleted [
5564 silly reify   '/data/data/com.termux/files/usr/lib/node_modules/firebase-tools/node_modules/promise-retry'
5564 silly reify ]
5565 verbose reify failed optional dependency /data/data/com.termux/files/usr/lib/node_modules/firebase-tools/node_modules/ssri
5566 silly reify mark deleted [
5566 silly reify   '/data/data/com.termux/files/usr/lib/node_modules/firebase-tools/node_modules/ssri'
5566 silly reify ]
5567 verbose reify failed optional dependency /data/data/com.termux/files/usr/lib/node_modules/firebase-tools/node_modules/abbrev
5568 silly reify mark deleted [
5568 silly reify   '/data/data/com.termux/files/usr/lib/node_modules/firebase-tools/node_modules/abbrev'
5568 silly reify ]
5569 verbose reify failed optional dependency /data/data/com.termux/files/usr/lib/node_modules/firebase-tools/node_modules/chownr
5570 silly reify mark deleted [
5570 silly reify   '/data/data/com.termux/files/usr/lib/node_modules/firebase-tools/node_modules/chownr'
5570 silly reify ]
5571 verbose reify failed optional dependency /data/data/com.termux/files/usr/lib/node_modules/firebase-tools/node_modules/yallist
5572 silly reify mark deleted [
5572 silly reify   '/data/data/com.termux/files/usr/lib/node_modules/firebase-tools/node_modules/yallist'
5572 silly reify ]
5573 verbose reify failed optional dependency /data/data/com.termux/files/usr/lib/node_modules/firebase-tools/node_modules/minizlib
5574 silly reify mark deleted [
5574 silly reify   '/data/data/com.termux/files/usr/lib/node_modules/firebase-tools/node_modules/minizlib'
5574 silly reify ]
5575 verbose reify failed optional dependency /data/data/com.termux/files/usr/lib/node_modules/firebase-tools/node_modules/@isaacs/fs-minipass
5576 silly reify mark deleted [
5576 silly reify   '/data/data/com.termux/files/usr/lib/node_modules/firebase-tools/node_modules/@isaacs/fs-minipass'
5576 silly reify ]
5577 verbose reify failed optional dependency /data/data/com.termux/files/usr/lib/node_modules/firebase-tools/node_modules/tinyglobby/node_modules/fdir
5578 silly reify mark deleted [
5578 silly reify   '/data/data/com.termux/files/usr/lib/node_modules/firebase-tools/node_modules/tinyglobby/node_modules/fdir'
5578 silly reify ]
5579 verbose reify failed optional dependency /data/data/com.termux/files/usr/lib/node_modules/firebase-tools/node_modules/tinyglobby/node_modules/picomatch
5580 silly reify mark deleted [
5580 silly reify   '/data/data/com.termux/files/usr/lib/node_modules/firebase-tools/node_modules/tinyglobby/node_modules/picomatch'
5580 silly reify ]
5581 verbose reify failed optional dependency /data/data/com.termux/files/usr/lib/node_modules/firebase-tools/node_modules/node-gyp/node_modules/isexe
5582 silly reify mark deleted [
5582 silly reify   '/data/data/com.termux/files/usr/lib/node_modules/firebase-tools/node_modules/node-gyp/node_modules/isexe'
5582 silly reify ]
5583 verbose reify failed optional dependency /data/data/com.termux/files/usr/lib/node_modules/firebase-tools/node_modules/@npmcli/agent/node_modules/lru-cache
5584 silly reify mark deleted [
5584 silly reify   '/data/data/com.termux/files/usr/lib/node_modules/firebase-tools/node_modules/@npmcli/agent/node_modules/lru-cache'
5584 silly reify ]
5585 verbose reify failed optional dependency /data/data/com.termux/files/usr/lib/node_modules/firebase-tools/node_modules/@npmcli/fs
5586 silly reify mark deleted [
5586 silly reify   '/data/data/com.termux/files/usr/lib/node_modules/firebase-tools/node_modules/@npmcli/fs'
5586 silly reify ]
5587 verbose reify failed optional dependency /data/data/com.termux/files/usr/lib/node_modules/firebase-tools/node_modules/fs-minipass
5588 silly reify mark deleted [
5588 silly reify   '/data/data/com.termux/files/usr/lib/node_modules/firebase-tools/node_modules/fs-minipass'
5588 silly reify ]
5589 verbose reify failed optional dependency /data/data/com.termux/files/usr/lib/node_modules/firebase-tools/node_modules/cacache/node_modules/glob
5590 silly reify mark deleted [
5590 silly reify   '/data/data/com.termux/files/usr/lib/node_modules/firebase-tools/node_modules/cacache/node_modules/glob'
5590 silly reify ]
5591 verbose reify failed optional dependency /data/data/com.termux/files/usr/lib/node_modules/firebase-tools/node_modules/cacache/node_modules/lru-cache
5592 silly reify mark deleted [
5592 silly reify   '/data/data/com.termux/files/usr/lib/node_modules/firebase-tools/node_modules/cacache/node_modules/lru-cache'
5592 silly reify ]
5593 verbose reify failed optional dependency /data/data/com.termux/files/usr/lib/node_modules/firebase-tools/node_modules/minipass-collect
5594 silly reify mark deleted [
5594 silly reify   '/data/data/com.termux/files/usr/lib/node_modules/firebase-tools/node_modules/minipass-collect'
5594 silly reify ]
5595 verbose reify failed optional dependency /data/data/com.termux/files/usr/lib/node_modules/firebase-tools/node_modules/p-map
5596 silly reify mark deleted [
5596 silly reify   '/data/data/com.termux/files/usr/lib/node_modules/firebase-tools/node_modules/p-map'
5596 silly reify ]
5597 verbose reify failed optional dependency /data/data/com.termux/files/usr/lib/node_modules/firebase-tools/node_modules/unique-filename
5598 silly reify mark deleted [
5598 silly reify   '/data/data/com.termux/files/usr/lib/node_modules/firebase-tools/node_modules/unique-filename'
5598 silly reify ]
5599 verbose reify failed optional dependency /data/data/com.termux/files/usr/lib/node_modules/firebase-tools/node_modules/minipass-sized
5600 silly reify mark deleted [
5600 silly reify   '/data/data/com.termux/files/usr/lib/node_modules/firebase-tools/node_modules/minipass-sized'
5600 silly reify ]
5601 verbose reify failed optional dependency /data/data/com.termux/files/usr/lib/node_modules/firebase-tools/node_modules/minipass-flush/node_modules/minipass
5602 silly reify mark deleted [
5602 silly reify   '/data/data/com.termux/files/usr/lib/node_modules/firebase-tools/node_modules/minipass-flush/node_modules/minipass'
5602 silly reify ]
5603 verbose reify failed optional dependency /data/data/com.termux/files/usr/lib/node_modules/firebase-tools/node_modules/minipass-pipeline/node_modules/minipass
5604 silly reify mark deleted [
5604 silly reify   '/data/data/com.termux/files/usr/lib/node_modules/firebase-tools/node_modules/minipass-pipeline/node_modules/minipass'
5604 silly reify ]
5605 verbose reify failed optional dependency /data/data/com.termux/files/usr/lib/node_modules/firebase-tools/node_modules/err-code
5606 silly reify mark deleted [
5606 silly reify   '/data/data/com.termux/files/usr/lib/node_modules/firebase-tools/node_modules/err-code'
5606 silly reify ]
5607 verbose reify failed optional dependency /data/data/com.termux/files/usr/lib/node_modules/firebase-tools/node_modules/promise-retry/node_modules/retry
5608 silly reify mark deleted [
5608 silly reify   '/data/data/com.termux/files/usr/lib/node_modules/firebase-tools/node_modules/promise-retry/node_modules/retry'
5608 silly reify ]
5609 verbose reify failed optional dependency /data/data/com.termux/files/usr/lib/node_modules/firebase-tools/node_modules/cacache/node_modules/minimatch
5610 silly reify mark deleted [
5610 silly reify   '/data/data/com.termux/files/usr/lib/node_modules/firebase-tools/node_modules/cacache/node_modules/minimatch'
5610 silly reify ]
5611 verbose reify failed optional dependency /data/data/com.termux/files/usr/lib/node_modules/firebase-tools/node_modules/cacache/node_modules/path-scurry
5612 silly reify mark deleted [
5612 silly reify   '/data/data/com.termux/files/usr/lib/node_modules/firebase-tools/node_modules/cacache/node_modules/path-scurry'
5612 silly reify ]
5613 verbose reify failed optional dependency /data/data/com.termux/files/usr/lib/node_modules/firebase-tools/node_modules/unique-slug
5614 silly reify mark deleted [
5614 silly reify   '/data/data/com.termux/files/usr/lib/node_modules/firebase-tools/node_modules/unique-slug'
5614 silly reify ]
5615 verbose reify failed optional dependency /data/data/com.termux/files/usr/lib/node_modules/firebase-tools/node_modules/minipass-flush/node_modules/yallist
5616 silly reify mark deleted [
5616 silly reify   '/data/data/com.termux/files/usr/lib/node_modules/firebase-tools/node_modules/minipass-flush/node_modules/yallist'
5616 silly reify ]
5617 verbose reify failed optional dependency /data/data/com.termux/files/usr/lib/node_modules/firebase-tools/node_modules/minipass-pipeline/node_modules/yallist
5618 silly reify mark deleted [
5618 silly reify   '/data/data/com.termux/files/usr/lib/node_modules/firebase-tools/node_modules/minipass-pipeline/node_modules/yallist'
5618 silly reify ]
5619 verbose reify failed optional dependency /data/data/com.termux/files/usr/lib/node_modules/firebase-tools/node_modules/@isaacs/brace-expansion
5620 silly reify mark deleted [
5620 silly reify   '/data/data/com.termux/files/usr/lib/node_modules/firebase-tools/node_modules/@isaacs/brace-expansion'
5620 silly reify ]
5621 verbose reify failed optional dependency /data/data/com.termux/files/usr/lib/node_modules/firebase-tools/node_modules/@isaacs/balanced-match
5622 silly reify mark deleted [
5622 silly reify   '/data/data/com.termux/files/usr/lib/node_modules/firebase-tools/node_modules/@isaacs/balanced-match'
5622 silly reify ]
5623 info run protobufjs@7.5.4 postinstall node_modules/firebase-tools/node_modules/protobufjs node scripts/postinstall
5624 info run protobufjs@7.5.4 postinstall { code: 0, signal: null }
5625 silly ADD node_modules/firebase-tools
5626 silly ADD node_modules/firebase-tools/node_modules/@tootallnate/once
5627 silly ADD node_modules/firebase-tools/node_modules/process-nextick-args
5628 silly ADD node_modules/firebase-tools/node_modules/isarray
5629 silly ADD node_modules/firebase-tools/node_modules/core-util-is
5630 silly ADD
5631 silly ADD
5632 silly ADD node_modules/firebase-tools/node_modules/util-deprecate
5633 silly ADD node_modules/firebase-tools/node_modules/eastasianwidth
5634 silly ADD node_modules/firebase-tools/node_modules/web-streams-polyfill
5635 silly ADD node_modules/firebase-tools/node_modules/node-domexception
5636 silly ADD node_modules/firebase-tools/node_modules/formdata-polyfill
5637 silly ADD node_modules/firebase-tools/node_modules/fetch-blob
5638 silly ADD node_modules/firebase-tools/node_modules/crc32-stream
5639 silly ADD node_modules/firebase-tools/node_modules/crc-32
5640 silly ADD node_modules/firebase-tools/node_modules/compress-commons
5641 silly ADD node_modules/firebase-tools/node_modules/yargs-parser
5642 silly ADD node_modules/firebase-tools/node_modules/y18n
5643 silly ADD node_modules/firebase-tools/node_modules/require-directory
5644 silly ADD node_modules/firebase-tools/node_modules/get-caller-file
5645 silly ADD node_modules/firebase-tools/node_modules/escalade
5646 silly ADD node_modules/firebase-tools/node_modules/cliui
5647 silly ADD node_modules/firebase-tools/node_modules/cliui/node_modules/ansi-regex
5648 silly ADD node_modules/firebase-tools/node_modules/cliui/node_modules/wrap-ansi
5649 silly ADD node_modules/firebase-tools/node_modules/cliui/node_modules/strip-ansi
5650 silly ADD node_modules/firebase-tools/node_modules/typedarray-to-buffer
5651 silly ADD node_modules/firebase-tools/node_modules/is-typedarray
5652 silly ADD node_modules/firebase-tools/node_modules/ansi-styles
5653 silly ADD node_modules/firebase-tools/node_modules/ansi-styles/node_modules/color-name
5654 silly ADD node_modules/firebase-tools/node_modules/ansi-styles/node_modules/color-convert
5655 silly ADD node_modules/firebase-tools/node_modules/fn.name
5656 silly ADD node_modules/firebase-tools/node_modules/fecha
5657 silly ADD node_modules/firebase-tools/node_modules/@types/triple-beam
5658 silly ADD node_modules/firebase-tools/node_modules/color-name
5659 silly ADD node_modules/firebase-tools/node_modules/color-string
5660 silly ADD node_modules/firebase-tools/node_modules/color-convert
5661 silly ADD node_modules/firebase-tools/node_modules/text-hex
5662 silly ADD node_modules/firebase-tools/node_modules/color
5663 silly ADD node_modules/firebase-tools/node_modules/kuler
5664 silly ADD node_modules/firebase-tools/node_modules/enabled
5665 silly ADD node_modules/firebase-tools/node_modules/@so-ric/colorspace
5666 silly ADD node_modules/firebase-tools/node_modules/stack-trace
5667 silly ADD node_modules/firebase-tools/node_modules/safe-stable-stringify
5668 silly ADD node_modules/firebase-tools/node_modules/one-time
5669 silly ADD node_modules/firebase-tools/node_modules/logform
5670 silly ADD node_modules/firebase-tools/node_modules/logform/node_modules/ms
5671 silly ADD node_modules/firebase-tools/node_modules/logform/node_modules/@colors/colors
5672 silly ADD node_modules/firebase-tools/node_modules/@dabh/diagnostics
5673 silly ADD node_modules/firebase-tools/node_modules/isexe
5674 silly ADD node_modules/firebase-tools/node_modules/webidl-conversions
5675 silly ADD node_modules/firebase-tools/node_modules/tr46
5676 silly ADD node_modules/firebase-tools/node_modules/clone
5677 silly ADD node_modules/firebase-tools/node_modules/defaults
5678 silly ADD node_modules/firebase-tools/node_modules/strip-json-comments
5679 silly ADD node_modules/firebase-tools/node_modules/minimist
5680 silly ADD node_modules/firebase-tools/node_modules/deep-extend
5681 silly ADD node_modules/firebase-tools/node_modules/rc
5682 silly ADD node_modules/firebase-tools/node_modules/rc/node_modules/ini
5683 silly ADD node_modules/firebase-tools/node_modules/proto-list
5684 silly ADD node_modules/firebase-tools/node_modules/config-chain
5685 silly ADD node_modules/firebase-tools/node_modules/config-chain/node_modules/ini
5686 silly ADD node_modules/firebase-tools/node_modules/@pnpm/network.ca-file
5687 silly ADD node_modules/firebase-tools/node_modules/@pnpm/network.ca-file/node_modules/graceful-fs
5688 silly ADD node_modules/firebase-tools/node_modules/@pnpm/config.env-replace
5689 silly ADD node_modules/firebase-tools/node_modules/@pnpm/npm-conf
5690 silly ADD node_modules/firebase-tools/node_modules/escape-goat
5691 silly ADD node_modules/firebase-tools/node_modules/whatwg-fetch
5692 silly ADD node_modules/firebase-tools/node_modules/ini
5693 silly ADD node_modules/firebase-tools/node_modules/is-path-inside
5694 silly ADD node_modules/firebase-tools/node_modules/global-dirs
5695 silly ADD node_modules/firebase-tools/node_modules/ci-info
5696 silly ADD node_modules/firebase-tools/node_modules/widest-line
5697 silly ADD node_modules/firebase-tools/node_modules/type-fest
5698 silly ADD node_modules/firebase-tools/node_modules/cli-boxes
5699 silly ADD node_modules/firebase-tools/node_modules/camelcase
5700 silly ADD node_modules/firebase-tools/node_modules/ansi-align
5701 silly ADD node_modules/firebase-tools/node_modules/semver-diff
5702 silly ADD node_modules/firebase-tools/node_modules/semver-diff/node_modules/semver
5703 silly ADD node_modules/firebase-tools/node_modules/registry-url
5704 silly ADD node_modules/firebase-tools/node_modules/registry-auth-token
5705 silly ADD node_modules/firebase-tools/node_modules/pupa
5706 silly ADD node_modules/firebase-tools/node_modules/isomorphic-fetch
5707 silly ADD node_modules/firebase-tools/node_modules/is-yarn-global
5708 silly ADD node_modules/firebase-tools/node_modules/is-npm
5709 silly ADD node_modules/firebase-tools/node_modules/is-installed-globally
5710 silly ADD node_modules/firebase-tools/node_modules/is-ci
5711 silly ADD node_modules/firebase-tools/node_modules/import-lazy
5712 silly ADD node_modules/firebase-tools/node_modules/has-yarn
5713 silly ADD node_modules/firebase-tools/node_modules/boxen
5714 silly ADD node_modules/firebase-tools/node_modules/boxen/node_modules/ansi-regex
5715 silly ADD node_modules/firebase-tools/node_modules/boxen/node_modules/strip-ansi
5716 silly ADD node_modules/firebase-tools/node_modules/boxen/node_modules/wrap-ansi
5717 silly ADD node_modules/firebase-tools/node_modules/boxen/node_modules/chalk
5718 silly ADD node_modules/firebase-tools/node_modules/crypto-random-string
5719 silly ADD node_modules/firebase-tools/node_modules/imurmurhash
5720 silly ADD
5721 silly ADD node_modules/firebase-tools/node_modules/media-typer
5722 silly ADD node_modules/firebase-tools/node_modules/@jridgewell/sourcemap-codec
5723 silly ADD node_modules/firebase-tools/node_modules/@jridgewell/resolve-uri
5724 silly ADD node_modules/firebase-tools/node_modules/@jridgewell/trace-mapping
5725 silly ADD node_modules/firebase-tools/node_modules/yn
5726 silly ADD node_modules/firebase-tools/node_modules/v8-compile-cache-lib
5727 silly ADD node_modules/firebase-tools/node_modules/make-error
5728 silly ADD node_modules/firebase-tools/node_modules/diff
5729 silly ADD node_modules/firebase-tools/node_modules/create-require
5730 silly ADD node_modules/firebase-tools/node_modules/arg
5731 silly ADD node_modules/firebase-tools/node_modules/acorn-walk
5732 silly ADD node_modules/firebase-tools/node_modules/acorn
5733 silly ADD node_modules/firebase-tools/node_modules/@tsconfig/node16
5734 silly ADD node_modules/firebase-tools/node_modules/@tsconfig/node14
5735 silly ADD node_modules/firebase-tools/node_modules/@tsconfig/node12
5736 silly ADD node_modules/firebase-tools/node_modules/@tsconfig/node10
5737 silly ADD node_modules/firebase-tools/node_modules/@cspotcode/source-map-support
5738 silly ADD node_modules/firebase-tools/node_modules/thenify
5739 silly ADD node_modules/firebase-tools/node_modules/stubs
5740 silly ADD node_modules/firebase-tools/node_modules/stream-events
5741 silly ADD node_modules/firebase-tools/node_modules/ip-regex
5742 silly ADD node_modules/firebase-tools/node_modules/deep-is
5743 silly ADD node_modules/firebase-tools/node_modules/is2
5744 silly ADD node_modules/firebase-tools/node_modules/bare-events
5745 silly ADD node_modules/firebase-tools/node_modules/text-decoder
5746 silly ADD node_modules/firebase-tools/node_modules/events-universal
5747 silly ADD node_modules/firebase-tools/node_modules/streamx
5748 silly ADD node_modules/firebase-tools/node_modules/fast-fifo
5749 silly ADD node_modules/firebase-tools/node_modules/b4a
5750 silly ADD
5751 silly ADD
5752 silly ADD
5753 silly ADD node_modules/firebase-tools/node_modules/supports-color
5754 silly ADD node_modules/firebase-tools/node_modules/has-flag
5755 silly ADD node_modules/firebase-tools/node_modules/is-promise
5756 silly ADD
5757 silly ADD
5758 silly ADD
5759 silly ADD
5760 silly ADD node_modules/firebase-tools/node_modules/encoding
5761 silly ADD node_modules/firebase-tools/node_modules/encoding/node_modules/iconv-lite
5762 silly ADD
5763 silly ADD
5764 silly ADD
5765 silly ADD
5766 silly ADD
5767 silly ADD
5768 silly ADD
5769 silly ADD node_modules/retry
5770 silly ADD
5771 silly ADD node_modules/yallist
5772 silly ADD node_modules/minipass
5773 silly ADD
5774 silly ADD node_modules/yallist
5775 silly ADD node_modules/minipass
5776 silly ADD
5777 silly ADD
5778 silly ADD
5779 silly ADD node_modules/path-scurry
5780 silly ADD node_modules/minimatch
5781 silly ADD node_modules/lru-cache
5782 silly ADD node_modules/glob
5783 silly ADD
5784 silly ADD node_modules/lru-cache
5785 silly ADD
5786 silly ADD node_modules/picomatch
5787 silly ADD node_modules/fdir
5788 silly ADD
5789 silly ADD
5790 silly ADD
5791 silly ADD node_modules/proc-log
5792 silly ADD node_modules/negotiator
5793 silly ADD
5794 silly ADD
5795 silly ADD
5796 silly ADD node_modules/isexe
5797 silly ADD node_modules/which
5798 silly ADD node_modules/proc-log
5799 silly ADD
5800 silly ADD
5801 silly ADD node_modules/firebase-tools/node_modules/lodash._objecttypes
5802 silly ADD node_modules/firebase-tools/node_modules/valid-url
5803 silly ADD node_modules/firebase-tools/node_modules/url-join
5804 silly ADD node_modules/firebase-tools/node_modules/as-array
5805 silly ADD node_modules/firebase-tools/node_modules/toxic
5806 silly ADD node_modules/firebase-tools/node_modules/lodash.isobject
5807 silly ADD node_modules/firebase-tools/node_modules/glob-slash
5808 silly ADD node_modules/firebase-tools/node_modules/compressible
5809 silly ADD node_modules/firebase-tools/node_modules/tsscmp
5810 silly ADD node_modules/firebase-tools/node_modules/router
5811 silly ADD node_modules/firebase-tools/node_modules/router/node_modules/ms
5812 silly ADD node_modules/firebase-tools/node_modules/router/node_modules/path-to-regexp
5813 silly ADD node_modules/firebase-tools/node_modules/router/node_modules/debug
5814 silly ADD
5815 silly ADD node_modules/firebase-tools/node_modules/join-path
5816 silly ADD node_modules/firebase-tools/node_modules/is-url
5817 silly ADD node_modules/firebase-tools/node_modules/glob-slasher
5818 silly ADD node_modules/firebase-tools/node_modules/connect
5819 silly ADD node_modules/firebase-tools/node_modules/connect/node_modules/statuses
5820 silly ADD node_modules/firebase-tools/node_modules/connect/node_modules/on-finished
5821 silly ADD node_modules/firebase-tools/node_modules/connect/node_modules/encodeurl
5822 silly ADD node_modules/firebase-tools/node_modules/connect/node_modules/finalhandler
5823 silly ADD node_modules/firebase-tools/node_modules/compression
5824 silly ADD node_modules/firebase-tools/node_modules/compression/node_modules/negotiator
5825 silly ADD node_modules/firebase-tools/node_modules/basic-auth-connect
5826 silly ADD node_modules/firebase-tools/node_modules/is-fullwidth-code-point
5827 silly ADD node_modules/firebase-tools/node_modules/emoji-regex
5828 silly ADD node_modules/firebase-tools/node_modules/ret
5829 silly ADD node_modules/firebase-tools/node_modules/discontinuous-range
5830 silly ADD node_modules/firebase-tools/node_modules/randexp
5831 silly ADD node_modules/firebase-tools/node_modules/railroad-diagrams
5832 silly ADD node_modules/firebase-tools/node_modules/moo
5833 silly ADD node_modules/firebase-tools/node_modules/nearley
5834 silly ADD node_modules/firebase-tools/node_modules/nearley/node_modules/commander
5835 silly ADD node_modules/firebase-tools/node_modules/smart-buffer
5836 silly ADD node_modules/firebase-tools/node_modules/socks
5837 silly ADD node_modules/firebase-tools/node_modules/unicode-emoji-modifier-base
5838 silly ADD node_modules/firebase-tools/node_modules/call-bound
5839 silly ADD node_modules/firebase-tools/node_modules/side-channel-weakmap
5840 silly ADD node_modules/firebase-tools/node_modules/side-channel-map
5841 silly ADD node_modules/firebase-tools/node_modules/side-channel-list
5842 silly ADD node_modules/firebase-tools/node_modules/object-inspect
5843 silly ADD node_modules/firebase-tools/node_modules/shebang-regex
5844 silly ADD node_modules/firebase-tools/node_modules/teeny-request
5845 silly ADD node_modules/firebase-tools/node_modules/teeny-request/node_modules/data-uri-to-buffer
5846 silly ADD node_modules/firebase-tools/node_modules/teeny-request/node_modules/ms
5847 silly ADD node_modules/firebase-tools/node_modules/teeny-request/node_modules/debug
5848 silly ADD node_modules/firebase-tools/node_modules/teeny-request/node_modules/agent-base
5849 silly ADD node_modules/firebase-tools/node_modules/teeny-request/node_modules/node-fetch
5850 silly ADD node_modules/firebase-tools/node_modules/teeny-request/node_modules/https-proxy-agent
5851 silly ADD node_modules/firebase-tools/node_modules/teeny-request/node_modules/http-proxy-agent
5852 silly ADD node_modules/firebase-tools/node_modules/mimic-fn
5853 silly ADD node_modules/firebase-tools/node_modules/onetime
5854 silly ADD node_modules/firebase-tools/node_modules/string_decoder
5855 silly ADD node_modules/firebase-tools/node_modules/process
5856 silly ADD node_modules/firebase-tools/node_modules/events
5857 silly ADD node_modules/firebase-tools/node_modules/side-channel
5858 silly ADD node_modules/firebase-tools/node_modules/source-map
5859 silly ADD node_modules/firebase-tools/node_modules/esutils
5860 silly ADD node_modules/firebase-tools/node_modules/estraverse
5861 silly ADD node_modules/firebase-tools/node_modules/tslib
5862 silly ADD node_modules/firebase-tools/node_modules/escodegen
5863 silly ADD node_modules/firebase-tools/node_modules/ast-types
5864 silly ADD node_modules/firebase-tools/node_modules/netmask
5865 silly ADD node_modules/firebase-tools/node_modules/degenerator
5866 silly ADD node_modules/firebase-tools/node_modules/data-uri-to-buffer
5867 silly ADD node_modules/firebase-tools/node_modules/basic-ftp
5868 silly ADD node_modules/firebase-tools/node_modules/pac-resolver
5869 silly ADD node_modules/firebase-tools/node_modules/get-uri
5870 silly ADD node_modules/firebase-tools/node_modules/get-uri/node_modules/ms
5871 silly ADD node_modules/firebase-tools/node_modules/get-uri/node_modules/debug
5872 silly ADD node_modules/firebase-tools/node_modules/@tootallnate/quickjs-emscripten
5873 silly ADD node_modules/firebase-tools/node_modules/socks-proxy-agent
5874 silly ADD node_modules/firebase-tools/node_modules/socks-proxy-agent/node_modules/ms
5875 silly ADD node_modules/firebase-tools/node_modules/socks-proxy-agent/node_modules/debug
5876 silly ADD node_modules/firebase-tools/node_modules/proxy-from-env
5877 silly ADD node_modules/firebase-tools/node_modules/pac-proxy-agent
5878 silly ADD node_modules/firebase-tools/node_modules/pac-proxy-agent/node_modules/ms
5879 silly ADD node_modules/firebase-tools/node_modules/pac-proxy-agent/node_modules/debug
5880 silly ADD node_modules/firebase-tools/node_modules/http-proxy-agent
5881 silly ADD node_modules/firebase-tools/node_modules/http-proxy-agent/node_modules/ms
5882 silly ADD node_modules/firebase-tools/node_modules/http-proxy-agent/node_modules/debug
5883 silly ADD node_modules/firebase-tools/node_modules/ipaddr.js
5884 silly ADD node_modules/firebase-tools/node_modules/forwarded
5885 silly ADD node_modules/firebase-tools/node_modules/@protobufjs/utf8
5886 silly ADD node_modules/firebase-tools/node_modules/@protobufjs/pool
5887 silly ADD node_modules/firebase-tools/node_modules/@protobufjs/path
5888 silly ADD node_modules/firebase-tools/node_modules/@protobufjs/inquire
5889 silly ADD node_modules/firebase-tools/node_modules/@protobufjs/float
5890 silly ADD node_modules/firebase-tools/node_modules/@protobufjs/fetch
5891 silly ADD node_modules/firebase-tools/node_modules/@protobufjs/eventemitter
5892 silly ADD node_modules/firebase-tools/node_modules/@protobufjs/codegen
5893 silly ADD node_modules/firebase-tools/node_modules/@protobufjs/base64
5894 silly ADD node_modules/firebase-tools/node_modules/@protobufjs/aspromise
5895 silly ADD node_modules/firebase-tools/node_modules/xtend
5896 silly ADD node_modules/firebase-tools/node_modules/split2
5897 silly ADD node_modules/firebase-tools/node_modules/postgres-interval
5898 silly ADD node_modules/firebase-tools/node_modules/postgres-date
5899 silly ADD node_modules/firebase-tools/node_modules/postgres-bytea
5900 silly ADD node_modules/firebase-tools/node_modules/postgres-array
5901 silly ADD node_modules/firebase-tools/node_modules/pg-int8
5902 silly ADD node_modules/firebase-tools/node_modules/pgpass
5903 silly ADD node_modules/firebase-tools/node_modules/pg-types
5904 silly ADD node_modules/firebase-tools/node_modules/pg-protocol
5905 silly ADD node_modules/firebase-tools/node_modules/pg-pool
5906 silly ADD node_modules/firebase-tools/node_modules/pg-connection-string
5907 silly ADD node_modules/firebase-tools/node_modules/pg-cloudflare
5908 silly ADD node_modules/firebase-tools/node_modules/yocto-queue
5909 silly ADD node_modules/firebase-tools/node_modules/restore-cursor
5910 silly ADD node_modules/firebase-tools/node_modules/restore-cursor/node_modules/signal-exit
5911 silly ADD node_modules/firebase-tools/node_modules/ieee754
5912 silly ADD node_modules/firebase-tools/node_modules/buffer
5913 silly ADD node_modules/firebase-tools/node_modules/wcwidth
5914 silly ADD node_modules/firebase-tools/node_modules/log-symbols
5915 silly ADD node_modules/firebase-tools/node_modules/log-symbols/node_modules/chalk
5916 silly ADD node_modules/firebase-tools/node_modules/is-unicode-supported
5917 silly ADD node_modules/firebase-tools/node_modules/is-interactive
5918 silly ADD node_modules/firebase-tools/node_modules/cli-spinners
5919 silly ADD node_modules/firebase-tools/node_modules/cli-cursor
5920 silly ADD node_modules/firebase-tools/node_modules/bl
5921 silly ADD node_modules/firebase-tools/node_modules/bl/node_modules/readable-stream
5922 silly ADD node_modules/firebase-tools/node_modules/is-wsl
5923 silly ADD node_modules/firebase-tools/node_modules/wrappy
5924 silly ADD node_modules/firebase-tools/node_modules/ee-first
5925 silly ADD node_modules/firebase-tools/node_modules/lru-cache
5926 silly ADD node_modules/firebase-tools/node_modules/validate-npm-package-name
5927 silly ADD node_modules/firebase-tools/node_modules/proc-log
5928 silly ADD node_modules/firebase-tools/node_modules/hosted-git-info
5929 silly ADD node_modules/firebase-tools/node_modules/npm-package-arg
5930 silly ADD node_modules/firebase-tools/node_modules/npm-normalize-package-bin
5931 silly ADD node_modules/firebase-tools/node_modules/npm-install-checks
5932 silly ADD node_modules/firebase-tools/node_modules/whatwg-url
5933 silly ADD node_modules/firebase-tools/node_modules/skin-tone
5934 silly ADD node_modules/firebase-tools/node_modules/emojilib
5935 silly ADD node_modules/firebase-tools/node_modules/char-regex
5936 silly ADD node_modules/firebase-tools/node_modules/@sindresorhus/is
5937 silly ADD node_modules/firebase-tools/node_modules/thenify-all
5938 silly ADD node_modules/firebase-tools/node_modules/any-promise
5939 silly ADD node_modules/firebase-tools/node_modules/on-headers
5940 silly ADD node_modules/firebase-tools/node_modules/basic-auth
5941 silly ADD node_modules/firebase-tools/node_modules/basic-auth/node_modules/safe-buffer
5942 silly ADD node_modules/firebase-tools/node_modules/concat-map
5943 silly ADD node_modules/firebase-tools/node_modules/balanced-match
5944 silly ADD node_modules/firebase-tools/node_modules/brace-expansion
5945 silly ADD node_modules/firebase-tools/node_modules/mime-db
5946 silly ADD node_modules/firebase-tools/node_modules/parse5-htmlparser2-tree-adapter
5947 silly ADD node_modules/firebase-tools/node_modules/parse5-htmlparser2-tree-adapter/node_modules/parse5
5948 silly ADD node_modules/firebase-tools/node_modules/parse5
5949 silly ADD node_modules/firebase-tools/node_modules/mz
5950 silly ADD node_modules/firebase-tools/node_modules/highlight.js
5951 silly ADD node_modules/firebase-tools/node_modules/environment
5952 silly ADD node_modules/firebase-tools/node_modules/supports-hyperlinks
5953 silly ADD node_modules/firebase-tools/node_modules/node-emoji
5954 silly ADD node_modules/firebase-tools/node_modules/cli-highlight
5955 silly ADD node_modules/firebase-tools/node_modules/cli-highlight/node_modules/ansi-regex
5956 silly ADD node_modules/firebase-tools/node_modules/cli-highlight/node_modules/wrap-ansi
5957 silly ADD node_modules/firebase-tools/node_modules/cli-highlight/node_modules/strip-ansi
5958 silly ADD node_modules/firebase-tools/node_modules/cli-highlight/node_modules/yargs-parser
5959 silly ADD node_modules/firebase-tools/node_modules/cli-highlight/node_modules/cliui
5960 silly ADD node_modules/firebase-tools/node_modules/cli-highlight/node_modules/yargs
5961 silly ADD node_modules/firebase-tools/node_modules/cli-highlight/node_modules/chalk
5962 silly ADD node_modules/firebase-tools/node_modules/chalk
5963 silly ADD node_modules/firebase-tools/node_modules/ansi-regex
5964 silly ADD node_modules/firebase-tools/node_modules/ansi-escapes
5965 silly ADD node_modules/firebase-tools/node_modules/is-buffer
5966 silly ADD node_modules/firebase-tools/node_modules/kind-of
5967 silly ADD node_modules/firebase-tools/node_modules/through2
5968 silly ADD node_modules/firebase-tools/node_modules/through2/node_modules/string_decoder
5969 silly ADD node_modules/firebase-tools/node_modules/through2/node_modules/safe-buffer
5970 silly ADD node_modules/firebase-tools/node_modules/through2/node_modules/readable-stream
5971 silly ADD node_modules/firebase-tools/node_modules/is-number
5972 silly ADD node_modules/firebase-tools/node_modules/libsodium
5973 silly ADD node_modules/firebase-tools/node_modules/buffer-equal-constant-time
5974 silly ADD node_modules/firebase-tools/node_modules/jwa
5975 silly ADD node_modules/firebase-tools/node_modules/lodash.once
5976 silly ADD node_modules/firebase-tools/node_modules/lodash.isstring
5977 silly ADD node_modules/firebase-tools/node_modules/lodash.isplainobject
5978 silly ADD node_modules/firebase-tools/node_modules/lodash.isnumber
5979 silly ADD node_modules/firebase-tools/node_modules/lodash.isinteger
5980 silly ADD node_modules/firebase-tools/node_modules/lodash.isboolean
5981 silly ADD node_modules/firebase-tools/node_modules/lodash.includes
5982 silly ADD node_modules/firebase-tools/node_modules/jju
5983 silly ADD node_modules/firebase-tools/node_modules/bignumber.js
5984 silly ADD node_modules/firebase-tools/node_modules/sprintf-js
5985 silly ADD node_modules/firebase-tools/node_modules/esprima
5986 silly ADD node_modules/firebase-tools/node_modules/argparse
5987 silly ADD node_modules/firebase-tools/node_modules/wrap-ansi-cjs
5988 silly ADD node_modules/firebase-tools/node_modules/wrap-ansi-cjs/node_modules/ansi-regex
5989 silly ADD node_modules/firebase-tools/node_modules/wrap-ansi-cjs/node_modules/strip-ansi
5990 silly ADD node_modules/firebase-tools/node_modules/strip-ansi-cjs
5991 silly ADD node_modules/firebase-tools/node_modules/strip-ansi-cjs/node_modules/ansi-regex
5992 silly ADD node_modules/firebase-tools/node_modules/strip-ansi
5993 silly ADD node_modules/firebase-tools/node_modules/string-width-cjs
5994 silly ADD node_modules/firebase-tools/node_modules/string-width-cjs/node_modules/ansi-regex
5995 silly ADD node_modules/firebase-tools/node_modules/string-width-cjs/node_modules/strip-ansi
5996 silly ADD node_modules/firebase-tools/node_modules/@pkgjs/parseargs
5997 silly ADD node_modules/firebase-tools/node_modules/@isaacs/cliui
5998 silly ADD node_modules/firebase-tools/node_modules/@isaacs/cliui/node_modules/ansi-styles
5999 silly ADD node_modules/firebase-tools/node_modules/@isaacs/cliui/node_modules/emoji-regex
6000 silly ADD node_modules/firebase-tools/node_modules/@isaacs/cliui/node_modules/wrap-ansi
6001 silly ADD node_modules/firebase-tools/node_modules/@isaacs/cliui/node_modules/string-width
6002 silly ADD node_modules/firebase-tools/node_modules/is-extglob
6003 silly ADD node_modules/firebase-tools/node_modules/binary-extensions
6004 silly ADD node_modules/firebase-tools/node_modules/safer-buffer
6005 silly ADD node_modules/firebase-tools/node_modules/agent-base
6006 silly ADD node_modules/firebase-tools/node_modules/toidentifier
6007 silly ADD node_modules/firebase-tools/node_modules/url-template
6008 silly ADD node_modules/firebase-tools/node_modules/once
6009 silly ADD node_modules/firebase-tools/node_modules/stream-shift
6010 silly ADD node_modules/firebase-tools/node_modules/inherits
6011 silly ADD node_modules/firebase-tools/node_modules/end-of-stream
6012 silly ADD node_modules/firebase-tools/node_modules/yargs
6013 silly ADD node_modules/firebase-tools/node_modules/long
6014 silly ADD node_modules/firebase-tools/node_modules/lodash.camelcase
6015 silly ADD node_modules/firebase-tools/node_modules/@js-sdsl/ordered-map
6016 silly ADD node_modules/firebase-tools/node_modules/rimraf
6017 silly ADD node_modules/firebase-tools/node_modules/retry-request
6018 silly ADD node_modules/firebase-tools/node_modules/protobufjs
6019 silly ADD node_modules/firebase-tools/node_modules/proto3-json-serializer
6020 silly ADD node_modules/firebase-tools/node_modules/object-hash
6021 silly ADD node_modules/firebase-tools/node_modules/duplexify
6022 silly ADD node_modules/firebase-tools/node_modules/duplexify/node_modules/readable-stream
6023 silly ADD node_modules/firebase-tools/node_modules/@grpc/proto-loader
6024 silly ADD node_modules/firebase-tools/node_modules/@grpc/grpc-js
6025 silly ADD node_modules/firebase-tools/node_modules/json-bigint
6026 silly ADD node_modules/firebase-tools/node_modules/google-logging-utils
6027 silly ADD node_modules/firebase-tools/node_modules/jws
6028 silly ADD node_modules/firebase-tools/node_modules/gtoken
6029 silly ADD node_modules/firebase-tools/node_modules/gcp-metadata
6030 silly ADD node_modules/firebase-tools/node_modules/ecdsa-sig-formatter
6031 silly ADD node_modules/firebase-tools/node_modules/base64-js
6032 silly ADD node_modules/firebase-tools/node_modules/path-scurry
6033 silly ADD node_modules/firebase-tools/node_modules/package-json-from-dist
6034 silly ADD node_modules/firebase-tools/node_modules/minipass
6035 silly ADD node_modules/firebase-tools/node_modules/jackspeak
6036 silly ADD node_modules/firebase-tools/node_modules/foreground-child
6037 silly ADD node_modules/firebase-tools/node_modules/dunder-proto
6038 silly ADD node_modules/firebase-tools/node_modules/math-intrinsics
6039 silly ADD node_modules/firebase-tools/node_modules/has-symbols
6040 silly ADD node_modules/firebase-tools/node_modules/gopd
6041 silly ADD node_modules/firebase-tools/node_modules/get-proto
6042 silly ADD node_modules/firebase-tools/node_modules/function-bind
6043 silly ADD node_modules/firebase-tools/node_modules/es-object-atoms
6044 silly ADD node_modules/firebase-tools/node_modules/es-define-property
6045 silly ADD node_modules/firebase-tools/node_modules/call-bind-apply-helpers
6046 silly ADD node_modules/firebase-tools/node_modules/https-proxy-agent
6047 silly ADD node_modules/firebase-tools/node_modules/https-proxy-agent/node_modules/ms
6048 silly ADD node_modules/firebase-tools/node_modules/https-proxy-agent/node_modules/debug
6049 silly ADD node_modules/firebase-tools/node_modules/universalify
6050 silly ADD node_modules/firebase-tools/node_modules/jsonfile
6051 silly ADD node_modules/firebase-tools/node_modules/has-tostringtag
6052 silly ADD node_modules/firebase-tools/node_modules/get-intrinsic
6053 silly ADD node_modules/firebase-tools/node_modules/es-errors
6054 silly ADD node_modules/firebase-tools/node_modules/delayed-stream
6055 silly ADD node_modules/firebase-tools/node_modules/hasown
6056 silly ADD node_modules/firebase-tools/node_modules/es-set-tostringtag
6057 silly ADD node_modules/firebase-tools/node_modules/combined-stream
6058 silly ADD node_modules/firebase-tools/node_modules/asynckit
6059 silly ADD node_modules/firebase-tools/node_modules/to-regex-range
6060 silly ADD node_modules/firebase-tools/node_modules/to-regex-range/node_modules/is-number
6061 silly ADD node_modules/firebase-tools/node_modules/ip-address
6062 silly ADD node_modules/firebase-tools/node_modules/negotiator
6063 silly ADD node_modules/firebase-tools/node_modules/mime-types
6064 silly ADD node_modules/firebase-tools/node_modules/utils-merge
6065 silly ADD node_modules/firebase-tools/node_modules/statuses
6066 silly ADD node_modules/firebase-tools/node_modules/setprototypeof
6067 silly ADD node_modules/firebase-tools/node_modules/serve-static
6068 silly ADD node_modules/firebase-tools/node_modules/send
6069 silly ADD node_modules/firebase-tools/node_modules/send/node_modules/ms
6070 silly ADD node_modules/firebase-tools/node_modules/send/node_modules/mime
6071 silly ADD node_modules/firebase-tools/node_modules/safe-buffer
6072 silly ADD node_modules/firebase-tools/node_modules/range-parser
6073 silly ADD node_modules/firebase-tools/node_modules/proxy-addr
6074 silly ADD node_modules/firebase-tools/node_modules/path-to-regexp
6075 silly ADD node_modules/firebase-tools/node_modules/parseurl
6076 silly ADD node_modules/firebase-tools/node_modules/methods
6077 silly ADD node_modules/firebase-tools/node_modules/merge-descriptors
6078 silly ADD node_modules/firebase-tools/node_modules/fresh
6079 silly ADD node_modules/firebase-tools/node_modules/finalhandler
6080 silly ADD node_modules/firebase-tools/node_modules/etag
6081 silly ADD node_modules/firebase-tools/node_modules/escape-html
6082 silly ADD node_modules/firebase-tools/node_modules/encodeurl
6083 silly ADD node_modules/firebase-tools/node_modules/cookie-signature
6084 silly ADD node_modules/firebase-tools/node_modules/cookie
6085 silly ADD node_modules/firebase-tools/node_modules/content-disposition
6086 silly ADD node_modules/firebase-tools/node_modules/array-flatten
6087 silly ADD node_modules/firebase-tools/node_modules/accepts
6088 silly ADD node_modules/firebase-tools/node_modules/call-me-maybe
6089 silly ADD node_modules/firebase-tools/node_modules/@types/json-schema
6090 silly ADD node_modules/firebase-tools/node_modules/@jsdevtools/ono
6091 silly ADD node_modules/firebase-tools/node_modules/promise-breaker
6092 silly ADD node_modules/firebase-tools/node_modules/openapi3-ts
6093 silly ADD node_modules/firebase-tools/node_modules/json-ptr
6094 silly ADD node_modules/firebase-tools/node_modules/events-listener
6095 silly ADD node_modules/firebase-tools/node_modules/deep-freeze
6096 silly ADD node_modules/firebase-tools/node_modules/@apidevtools/json-schema-ref-parser
6097 silly ADD node_modules/firebase-tools/node_modules/@apidevtools/json-schema-ref-parser/node_modules/argparse
6098 silly ADD node_modules/firebase-tools/node_modules/@apidevtools/json-schema-ref-parser/node_modules/js-yaml
6099 silly ADD node_modules/firebase-tools/node_modules/is-obj
6100 silly ADD node_modules/firebase-tools/node_modules/sort-any
6101 silly ADD node_modules/firebase-tools/node_modules/lodash.mapvalues
6102 silly ADD node_modules/firebase-tools/node_modules/ms
6103 silly ADD node_modules/firebase-tools/node_modules/which
6104 silly ADD node_modules/firebase-tools/node_modules/shebang-command
6105 silly ADD node_modules/firebase-tools/node_modules/path-key
6106 silly ADD node_modules/firebase-tools/node_modules/vary
6107 silly ADD node_modules/firebase-tools/node_modules/object-assign
6108 silly ADD node_modules/firebase-tools/node_modules/xdg-basedir
6109 silly ADD node_modules/firebase-tools/node_modules/write-file-atomic
6110 silly ADD node_modules/firebase-tools/node_modules/write-file-atomic/node_modules/signal-exit
6111 silly ADD node_modules/firebase-tools/node_modules/unique-string
6112 silly ADD node_modules/firebase-tools/node_modules/make-dir
6113 silly ADD node_modules/firebase-tools/node_modules/make-dir/node_modules/semver
6114 silly ADD node_modules/firebase-tools/node_modules/dot-prop
6115 silly ADD node_modules/firebase-tools/node_modules/string-width
6116 silly ADD node_modules/firebase-tools/node_modules/string-width/node_modules/ansi-regex
6117 silly ADD node_modules/firebase-tools/node_modules/string-width/node_modules/strip-ansi
6118 silly ADD node_modules/firebase-tools/node_modules/@colors/colors
6119 silly ADD node_modules/firebase-tools/node_modules/json-parse-helpfulerror
6120 silly ADD node_modules/firebase-tools/node_modules/fill-range
6121 silly ADD node_modules/firebase-tools/node_modules/picomatch
6122 silly ADD node_modules/firebase-tools/node_modules/readdirp
6123 silly ADD node_modules/firebase-tools/node_modules/is-glob
6124 silly ADD node_modules/firebase-tools/node_modules/is-binary-path
6125 silly ADD node_modules/firebase-tools/node_modules/glob-parent
6126 silly ADD node_modules/firebase-tools/node_modules/braces
6127 silly ADD node_modules/firebase-tools/node_modules/anymatch
6128 silly ADD node_modules/firebase-tools/node_modules/unpipe
6129 silly ADD node_modules/firebase-tools/node_modules/type-is
6130 silly ADD node_modules/firebase-tools/node_modules/qs
6131 silly ADD node_modules/firebase-tools/node_modules/on-finished
6132 silly ADD node_modules/firebase-tools/node_modules/http-errors
6133 silly ADD node_modules/firebase-tools/node_modules/destroy
6134 silly ADD node_modules/firebase-tools/node_modules/depd
6135 silly ADD node_modules/firebase-tools/node_modules/debug
6136 silly ADD node_modules/firebase-tools/node_modules/bytes
6137 silly ADD node_modules/firebase-tools/node_modules/normalize-path
6138 silly ADD node_modules/firebase-tools/node_modules/lazystream
6139 silly ADD node_modules/firebase-tools/node_modules/lazystream/node_modules/string_decoder
6140 silly ADD node_modules/firebase-tools/node_modules/lazystream/node_modules/safe-buffer
6141 silly ADD node_modules/firebase-tools/node_modules/lazystream/node_modules/readable-stream
6142 silly ADD node_modules/firebase-tools/node_modules/is-stream
6143 silly ADD node_modules/firebase-tools/node_modules/graceful-fs
6144 silly ADD node_modules/firebase-tools/node_modules/zip-stream
6145 silly ADD node_modules/firebase-tools/node_modules/tar-stream
6146 silly ADD node_modules/firebase-tools/node_modules/readdir-glob
6147 silly ADD node_modules/firebase-tools/node_modules/readdir-glob/node_modules/brace-expansion
6148 silly ADD node_modules/firebase-tools/node_modules/readdir-glob/node_modules/minimatch
6149 silly ADD node_modules/firebase-tools/node_modules/readable-stream
6150 silly ADD node_modules/firebase-tools/node_modules/readable-stream/node_modules/buffer
6151 silly ADD node_modules/firebase-tools/node_modules/buffer-crc32
6152 silly ADD node_modules/firebase-tools/node_modules/async
6153 silly ADD node_modules/firebase-tools/node_modules/archiver-utils
6154 silly ADD node_modules/firebase-tools/node_modules/require-from-string
6155 silly ADD node_modules/firebase-tools/node_modules/json-schema-traverse
6156 silly ADD node_modules/firebase-tools/node_modules/fast-uri
6157 silly ADD node_modules/firebase-tools/node_modules/fast-deep-equal
6158 silly ADD node_modules/firebase-tools/node_modules/event-target-shim
6159 silly ADD node_modules/firebase-tools/node_modules/undici-types
6160 silly ADD node_modules/firebase-tools/node_modules/infer-owner
6161 silly ADD node_modules/firebase-tools/node_modules/raw-body
6162 silly ADD node_modules/firebase-tools/node_modules/pkce-challenge
6163 silly ADD node_modules/firebase-tools/node_modules/json-schema-typed
6164 silly ADD node_modules/firebase-tools/node_modules/jose
6165 silly ADD node_modules/firebase-tools/node_modules/express-rate-limit
6166 silly ADD node_modules/firebase-tools/node_modules/eventsource-parser
6167 silly ADD node_modules/firebase-tools/node_modules/eventsource
6168 silly ADD node_modules/firebase-tools/node_modules/content-type
6169 silly ADD node_modules/firebase-tools/node_modules/hono
6170 silly ADD node_modules/firebase-tools/node_modules/@hono/node-server
6171 silly ADD node_modules/firebase-tools/node_modules/iconv-lite
6172 silly ADD node_modules/firebase-tools/node_modules/chardet
6173 silly ADD node_modules/firebase-tools/node_modules/@inquirer/external-editor
6174 silly ADD node_modules/firebase-tools/node_modules/wrap-ansi
6175 silly ADD node_modules/firebase-tools/node_modules/wrap-ansi/node_modules/ansi-regex
6176 silly ADD node_modules/firebase-tools/node_modules/wrap-ansi/node_modules/strip-ansi
6177 silly ADD node_modules/firebase-tools/node_modules/signal-exit
6178 silly ADD node_modules/firebase-tools/node_modules/mute-stream
6179 silly ADD node_modules/firebase-tools/node_modules/cli-width
6180 silly ADD node_modules/firebase-tools/node_modules/yoctocolors-cjs
6181 silly ADD node_modules/firebase-tools/node_modules/@inquirer/type
6182 silly ADD node_modules/firebase-tools/node_modules/@inquirer/figures
6183 silly ADD node_modules/firebase-tools/node_modules/@inquirer/core
6184 silly ADD node_modules/firebase-tools/node_modules/@inquirer/ansi
6185 silly ADD node_modules/firebase-tools/node_modules/@inquirer/select
6186 silly ADD node_modules/firebase-tools/node_modules/@inquirer/search
6187 silly ADD node_modules/firebase-tools/node_modules/@inquirer/rawlist
6188 silly ADD node_modules/firebase-tools/node_modules/@inquirer/password
6189 silly ADD node_modules/firebase-tools/node_modules/@inquirer/number
6190 silly ADD node_modules/firebase-tools/node_modules/@inquirer/input
6191 silly ADD node_modules/firebase-tools/node_modules/@inquirer/expand
6192 silly ADD node_modules/firebase-tools/node_modules/@inquirer/editor
6193 silly ADD node_modules/firebase-tools/node_modules/@inquirer/confirm
6194 silly ADD node_modules/firebase-tools/node_modules/@inquirer/checkbox
6195 silly ADD node_modules/firebase-tools/node_modules/googleapis-common
6196 silly ADD node_modules/firebase-tools/node_modules/googleapis-common/node_modules/data-uri-to-buffer
6197 silly ADD node_modules/firebase-tools/node_modules/googleapis-common/node_modules/gtoken
6198 silly ADD node_modules/firebase-tools/node_modules/googleapis-common/node_modules/google-logging-utils
6199 silly ADD node_modules/firebase-tools/node_modules/googleapis-common/node_modules/gcp-metadata
6200 silly ADD node_modules/firebase-tools/node_modules/googleapis-common/node_modules/node-fetch
6201 silly ADD node_modules/firebase-tools/node_modules/googleapis-common/node_modules/google-auth-library
6202 silly ADD node_modules/firebase-tools/node_modules/googleapis-common/node_modules/gaxios
6203 silly ADD node_modules/firebase-tools/node_modules/p-defer
6204 silly ADD node_modules/firebase-tools/node_modules/lodash.snakecase
6205 silly ADD node_modules/firebase-tools/node_modules/is-stream-ended
6206 silly ADD node_modules/firebase-tools/node_modules/heap-js
6207 silly ADD node_modules/firebase-tools/node_modules/google-gax
6208 silly ADD node_modules/firebase-tools/node_modules/google-gax/node_modules/data-uri-to-buffer
6209 silly ADD node_modules/firebase-tools/node_modules/google-gax/node_modules/gtoken
6210 silly ADD node_modules/firebase-tools/node_modules/google-gax/node_modules/gcp-metadata
6211 silly ADD node_modules/firebase-tools/node_modules/google-gax/node_modules/gaxios
6212 silly ADD node_modules/firebase-tools/node_modules/google-gax/node_modules/node-fetch
6213 silly ADD node_modules/firebase-tools/node_modules/google-gax/node_modules/google-logging-utils
6214 silly ADD node_modules/firebase-tools/node_modules/google-gax/node_modules/google-auth-library
6215 silly ADD node_modules/firebase-tools/node_modules/extend
6216 silly ADD node_modules/firebase-tools/node_modules/arrify
6217 silly ADD node_modules/firebase-tools/node_modules/@opentelemetry/semantic-conventions
6218 silly ADD node_modules/firebase-tools/node_modules/@opentelemetry/core
6219 silly ADD node_modules/firebase-tools/node_modules/@opentelemetry/core/node_modules/@opentelemetry/semantic-conventions
6220 silly ADD node_modules/firebase-tools/node_modules/@opentelemetry/api
6221 silly ADD node_modules/firebase-tools/node_modules/@google-cloud/promisify
6222 silly ADD node_modules/firebase-tools/node_modules/@google-cloud/projectify
6223 silly ADD node_modules/firebase-tools/node_modules/@google-cloud/precise-date
6224 silly ADD node_modules/firebase-tools/node_modules/@google-cloud/paginator
6225 silly ADD node_modules/firebase-tools/node_modules/p-throttle
6226 silly ADD node_modules/firebase-tools/node_modules/@googleapis/sqladmin
6227 silly ADD node_modules/firebase-tools/node_modules/@types/node
6228 silly ADD node_modules/firebase-tools/node_modules/typescript
6229 silly ADD node_modules/firebase-tools/node_modules/ts-node
6230 silly ADD node_modules/firebase-tools/node_modules/npm-pick-manifest
6231 silly ADD node_modules/firebase-tools/node_modules/@npmcli/promise-spawn
6232 silly ADD node_modules/firebase-tools/node_modules/zod-to-json-schema
6233 silly ADD node_modules/firebase-tools/node_modules/zod
6234 silly ADD node_modules/firebase-tools/node_modules/yaml
6235 silly ADD node_modules/firebase-tools/node_modules/ws
6236 silly ADD node_modules/firebase-tools/node_modules/winston-transport
6237 silly ADD node_modules/firebase-tools/node_modules/winston-transport/node_modules/readable-stream
6238 silly ADD node_modules/firebase-tools/node_modules/winston
6239 silly ADD node_modules/firebase-tools/node_modules/winston/node_modules/readable-stream
6240 silly ADD node_modules/firebase-tools/node_modules/winston/node_modules/@colors/colors
6241 silly ADD node_modules/firebase-tools/node_modules/uuid
6242 silly ADD node_modules/firebase-tools/node_modules/update-notifier-cjs
6243 silly ADD node_modules/firebase-tools/node_modules/update-notifier-cjs/node_modules/chalk
6244 silly ADD node_modules/firebase-tools/node_modules/universal-analytics
6245 silly ADD node_modules/firebase-tools/node_modules/universal-analytics/node_modules/ms
6246 silly ADD node_modules/firebase-tools/node_modules/universal-analytics/node_modules/debug
6247 silly ADD node_modules/firebase-tools/node_modules/triple-beam
6248 silly ADD node_modules/firebase-tools/node_modules/tmp
6249 silly ADD node_modules/firebase-tools/node_modules/tcp-port-used
6250 silly ADD node_modules/firebase-tools/node_modules/tcp-port-used/node_modules/ms
6251 silly ADD node_modules/firebase-tools/node_modules/tcp-port-used/node_modules/debug
6252 silly ADD node_modules/firebase-tools/node_modules/superstatic
6253 silly ADD node_modules/firebase-tools/node_modules/superstatic/node_modules/isarray
6254 silly ADD node_modules/firebase-tools/node_modules/superstatic/node_modules/brace-expansion
6255 silly ADD node_modules/firebase-tools/node_modules/superstatic/node_modules/path-to-regexp
6256 silly ADD node_modules/firebase-tools/node_modules/superstatic/node_modules/minimatch
6257 silly ADD node_modules/firebase-tools/node_modules/superstatic/node_modules/commander
6258 silly ADD node_modules/firebase-tools/node_modules/stream-json
6259 silly ADD node_modules/firebase-tools/node_modules/stream-chain
6260 silly ADD node_modules/firebase-tools/node_modules/sql-formatter
6261 silly ADD node_modules/firebase-tools/node_modules/sql-formatter/node_modules/argparse
6262 silly ADD node_modules/firebase-tools/node_modules/semver
6263 silly ADD node_modules/firebase-tools/node_modules/retry
6264 silly ADD node_modules/firebase-tools/node_modules/proxy-agent
6265 silly ADD node_modules/firebase-tools/node_modules/proxy-agent/node_modules/ms
6266 silly ADD node_modules/firebase-tools/node_modules/proxy-agent/node_modules/lru-cache
6267 silly ADD node_modules/firebase-tools/node_modules/proxy-agent/node_modules/debug
6268 silly ADD node_modules/firebase-tools/node_modules/progress
6269 silly ADD node_modules/firebase-tools/node_modules/portfinder
6270 silly ADD node_modules/firebase-tools/node_modules/portfinder/node_modules/ms
6271 silly ADD node_modules/firebase-tools/node_modules/portfinder/node_modules/debug
6272 silly ADD node_modules/firebase-tools/node_modules/pglite-2
6273 silly ADD node_modules/firebase-tools/node_modules/pg-gateway
6274 silly ADD node_modules/firebase-tools/node_modules/pg
6275 silly ADD node_modules/firebase-tools/node_modules/p-limit
6276 silly ADD node_modules/firebase-tools/node_modules/ora
6277 silly ADD node_modules/firebase-tools/node_modules/ora/node_modules/ansi-regex
6278 silly ADD node_modules/firebase-tools/node_modules/ora/node_modules/strip-ansi
6279 silly ADD node_modules/firebase-tools/node_modules/ora/node_modules/chalk
6280 silly ADD node_modules/firebase-tools/node_modules/open
6281 silly ADD node_modules/firebase-tools/node_modules/node-fetch
6282 silly ADD node_modules/firebase-tools/node_modules/morgan
6283 silly ADD node_modules/firebase-tools/node_modules/morgan/node_modules/on-finished
6284 silly ADD node_modules/firebase-tools/node_modules/minimatch
6285 silly ADD node_modules/firebase-tools/node_modules/mime
6286 silly ADD node_modules/firebase-tools/node_modules/marked-terminal
6287 silly ADD node_modules/firebase-tools/node_modules/marked
6288 silly ADD node_modules/firebase-tools/node_modules/lsofi
6289 silly ADD node_modules/firebase-tools/node_modules/lodash
6290 silly ADD node_modules/firebase-tools/node_modules/libsodium-wrappers
6291 silly ADD node_modules/firebase-tools/node_modules/leven
6292 silly ADD node_modules/firebase-tools/node_modules/jsonwebtoken
6293 silly ADD node_modules/firebase-tools/node_modules/jsonwebtoken/node_modules/ms
6294 silly ADD node_modules/firebase-tools/node_modules/js-yaml
6295 silly ADD node_modules/firebase-tools/node_modules/ignore
6296 silly ADD node_modules/firebase-tools/node_modules/google-auth-library
6297 silly ADD node_modules/firebase-tools/node_modules/glob
6298 silly ADD node_modules/firebase-tools/node_modules/glob/node_modules/brace-expansion
6299 silly ADD node_modules/firebase-tools/node_modules/glob/node_modules/minimatch
6300 silly ADD node_modules/firebase-tools/node_modules/gaxios
6301 silly ADD node_modules/firebase-tools/node_modules/gaxios/node_modules/uuid
6302 silly ADD node_modules/firebase-tools/node_modules/fuzzy
6303 silly ADD node_modules/firebase-tools/node_modules/fs-extra
6304 silly ADD node_modules/firebase-tools/node_modules/form-data
6305 silly ADD node_modules/firebase-tools/node_modules/filesize
6306 silly ADD node_modules/firebase-tools/node_modules/express
6307 silly ADD node_modules/firebase-tools/node_modules/exegesis-express
6308 silly ADD node_modules/firebase-tools/node_modules/exegesis
6309 silly ADD node_modules/firebase-tools/node_modules/exegesis/node_modules/iconv-lite
6310 silly ADD node_modules/firebase-tools/node_modules/exegesis/node_modules/raw-body
6311 silly ADD node_modules/firebase-tools/node_modules/exegesis/node_modules/ajv-formats
6312 silly ADD node_modules/firebase-tools/node_modules/deep-equal-in-any-order
6313 silly ADD node_modules/firebase-tools/node_modules/csv-parse
6314 silly ADD node_modules/firebase-tools/node_modules/cross-spawn
6315 silly ADD node_modules/firebase-tools/node_modules/cross-env
6316 silly ADD node_modules/firebase-tools/node_modules/cors
6317 silly ADD node_modules/firebase-tools/node_modules/configstore
6318 silly ADD node_modules/firebase-tools/node_modules/commander
6319 silly ADD node_modules/firebase-tools/node_modules/colorette
6320 silly ADD node_modules/firebase-tools/node_modules/cli-table3
6321 silly ADD node_modules/firebase-tools/node_modules/cjson
6322 silly ADD node_modules/firebase-tools/node_modules/chokidar
6323 silly ADD node_modules/firebase-tools/node_modules/body-parser
6324 silly ADD node_modules/firebase-tools/node_modules/body-parser/node_modules/raw-body
6325 silly ADD node_modules/firebase-tools/node_modules/body-parser/node_modules/iconv-lite
6326 silly ADD node_modules/firebase-tools/node_modules/async-lock
6327 silly ADD node_modules/firebase-tools/node_modules/archiver
6328 silly ADD node_modules/firebase-tools/node_modules/ajv-formats
6329 silly ADD node_modules/firebase-tools/node_modules/ajv
6330 silly ADD node_modules/firebase-tools/node_modules/abort-controller
6331 silly ADD node_modules/firebase-tools/node_modules/@modelcontextprotocol/sdk
6332 silly ADD node_modules/firebase-tools/node_modules/@modelcontextprotocol/sdk/node_modules/media-typer
6333 silly ADD node_modules/firebase-tools/node_modules/@modelcontextprotocol/sdk/node_modules/mime-db
6334 silly ADD node_modules/firebase-tools/node_modules/@modelcontextprotocol/sdk/node_modules/ms
6335 silly ADD node_modules/firebase-tools/node_modules/@modelcontextprotocol/sdk/node_modules/negotiator
6336 silly ADD node_modules/firebase-tools/node_modules/@modelcontextprotocol/sdk/node_modules/type-is
6337 silly ADD node_modules/firebase-tools/node_modules/@modelcontextprotocol/sdk/node_modules/serve-static
6338 silly ADD node_modules/firebase-tools/node_modules/@modelcontextprotocol/sdk/node_modules/send
6339 silly ADD node_modules/firebase-tools/node_modules/@modelcontextprotocol/sdk/node_modules/mime-types
6340 silly ADD node_modules/firebase-tools/node_modules/@modelcontextprotocol/sdk/node_modules/merge-descriptors
6341 silly ADD node_modules/firebase-tools/node_modules/@modelcontextprotocol/sdk/node_modules/fresh
6342 silly ADD node_modules/firebase-tools/node_modules/@modelcontextprotocol/sdk/node_modules/finalhandler
6343 silly ADD node_modules/firebase-tools/node_modules/@modelcontextprotocol/sdk/node_modules/debug
6344 silly ADD node_modules/firebase-tools/node_modules/@modelcontextprotocol/sdk/node_modules/cookie-signature
6345 silly ADD node_modules/firebase-tools/node_modules/@modelcontextprotocol/sdk/node_modules/content-disposition
6346 silly ADD node_modules/firebase-tools/node_modules/@modelcontextprotocol/sdk/node_modules/body-parser
6347 silly ADD node_modules/firebase-tools/node_modules/@modelcontextprotocol/sdk/node_modules/accepts
6348 silly ADD node_modules/firebase-tools/node_modules/@modelcontextprotocol/sdk/node_modules/express
6349 silly ADD node_modules/firebase-tools/node_modules/@inquirer/prompts
6350 silly ADD node_modules/firebase-tools/node_modules/@google-cloud/pubsub
6351 silly ADD node_modules/firebase-tools/node_modules/@google-cloud/pubsub/node_modules/data-uri-to-buffer
6352 silly ADD node_modules/firebase-tools/node_modules/@google-cloud/pubsub/node_modules/node-fetch
6353 silly ADD node_modules/firebase-tools/node_modules/@google-cloud/pubsub/node_modules/gtoken
6354 silly ADD node_modules/firebase-tools/node_modules/@google-cloud/pubsub/node_modules/google-logging-utils
6355 silly ADD node_modules/firebase-tools/node_modules/@google-cloud/pubsub/node_modules/gcp-metadata
6356 silly ADD node_modules/firebase-tools/node_modules/@google-cloud/pubsub/node_modules/gaxios
6357 silly ADD node_modules/firebase-tools/node_modules/@google-cloud/pubsub/node_modules/google-auth-library
6358 silly ADD node_modules/firebase-tools/node_modules/@google-cloud/cloud-sql-connector
6359 silly ADD node_modules/firebase-tools/node_modules/@google-cloud/cloud-sql-connector/node_modules/data-uri-to-buffer
6360 silly ADD node_modules/firebase-tools/node_modules/@google-cloud/cloud-sql-connector/node_modules/gtoken
6361 silly ADD node_modules/firebase-tools/node_modules/@google-cloud/cloud-sql-connector/node_modules/google-logging-utils
6362 silly ADD node_modules/firebase-tools/node_modules/@google-cloud/cloud-sql-connector/node_modules/gcp-metadata
6363 silly ADD node_modules/firebase-tools/node_modules/@google-cloud/cloud-sql-connector/node_modules/node-fetch
6364 silly ADD node_modules/firebase-tools/node_modules/@google-cloud/cloud-sql-connector/node_modules/google-auth-library
6365 silly ADD node_modules/firebase-tools/node_modules/@google-cloud/cloud-sql-connector/node_modules/gaxios
6366 silly ADD node_modules/firebase-tools/node_modules/@electric-sql/pglite-tools
6367 silly ADD node_modules/firebase-tools/node_modules/@electric-sql/pglite
6368 silly ADD node_modules/firebase-tools/node_modules/@apphosting/common
6369 silly ADD node_modules/firebase-tools/node_modules/@apphosting/build
6370 silly ADD node_modules/firebase-tools/node_modules/@apphosting/build/node_modules/commander
6371 silly ADD node_modules/firebase-tools/node_modules/@apphosting/build/node_modules/@apphosting/common
6372 verbose cwd /data/data/com.termux/files/home
6373 verbose os Linux 6.6.98-android15-8-g4b48560cd07d-ab14239520-4k
6374 verbose node v25.3.0
6375 verbose npm  v11.9.0
6376 verbose exit 0
6377 info ok
