0 verbose cli /data/data/com.termux/files/usr/bin/node /data/data/com.termux/files/usr/lib/node_modules/npm/bin/npm-cli.js
1 info using npm@11.9.0
2 info using node@v25.3.0
3 silly config load:file:/data/data/com.termux/files/usr/lib/node_modules/npm/npmrc
4 silly config load:file:/data/data/com.termux/files/home/.npmrc
5 silly config load:file:/data/data/com.termux/files/usr/etc/npmrc
6 verbose title npm exec thirdweb deploy
7 verbose argv "exec" "--" "thirdweb" "deploy"
8 verbose logfile logs-max:10 dir:/data/data/com.termux/files/home/.npm/_logs/2026-02-06T23_09_39_462Z-
9 verbose logfile /data/data/com.termux/files/home/.npm/_logs/2026-02-06T23_09_39_462Z-debug-0.log
10 silly logfile done cleaning log files
11 silly packumentCache heap:2248146944 maxSize:562036736 maxEntrySize:281018368
12 http fetch GET 200 https://registry.npmjs.org/thirdweb 350ms (cache revalidated)
13 silly packumentCache heap:2248146944 maxSize:562036736 maxEntrySize:281018368
14 silly packumentCache heap:2248146944 maxSize:562036736 maxEntrySize:281018368
15 silly idealTree buildDeps
16 silly fetch manifest thirdweb@5.118.1
17 silly packumentCache full:https://registry.npmjs.org/thirdweb cache-miss
18 http cache https://registry.npmjs.org/thirdweb 103ms (cache hit)
19 silly packumentCache full:https://registry.npmjs.org/thirdweb set size:29532281 disposed:false
20 silly fetch manifest @aws-sdk/client-lambda@^3
21 silly packumentCache full:https://registry.npmjs.org/@aws-sdk%2fclient-lambda cache-miss
22 http cache https://registry.npmjs.org/@aws-sdk%2fclient-lambda 13ms (cache hit)
23 silly packumentCache full:https://registry.npmjs.org/@aws-sdk%2fclient-lambda set size:2772866 disposed:false
24 silly fetch manifest @aws-sdk/credential-providers@^3
25 silly packumentCache full:https://registry.npmjs.org/@aws-sdk%2fcredential-providers cache-miss
26 http cache https://registry.npmjs.org/@aws-sdk%2fcredential-providers 9ms (cache hit)
27 silly packumentCache full:https://registry.npmjs.org/@aws-sdk%2fcredential-providers set size:1868885 disposed:false
28 silly fetch manifest @coinbase/wallet-mobile-sdk@^1
29 silly packumentCache full:https://registry.npmjs.org/@coinbase%2fwallet-mobile-sdk cache-miss
30 http cache https://registry.npmjs.org/@coinbase%2fwallet-mobile-sdk 6ms (cache hit)
31 silly packumentCache full:https://registry.npmjs.org/@coinbase%2fwallet-mobile-sdk set size:60670 disposed:false
32 silly fetch manifest expo@*
33 silly packumentCache full:https://registry.npmjs.org/expo cache-miss
34 http cache https://registry.npmjs.org/expo 11ms (cache hit)
35 silly packumentCache full:https://registry.npmjs.org/expo set size:3506248 disposed:false
36 silly fetch manifest @expo/dom-webview@*
37 silly packumentCache full:https://registry.npmjs.org/@expo%2fdom-webview cache-miss
38 http cache https://registry.npmjs.org/@expo%2fdom-webview 6ms (cache hit)
39 silly packumentCache full:https://registry.npmjs.org/@expo%2fdom-webview set size:310704 disposed:false
40 silly fetch manifest react@*
41 silly packumentCache full:https://registry.npmjs.org/react cache-miss
42 http cache https://registry.npmjs.org/react 21ms (cache hit)
43 silly packumentCache full:https://registry.npmjs.org/react set size:6466562 disposed:false
44 silly fetch manifest react-native@*
45 silly packumentCache full:https://registry.npmjs.org/react-native cache-miss
46 http cache https://registry.npmjs.org/react-native 67ms (cache hit)
47 silly packumentCache full:https://registry.npmjs.org/react-native set size:14798652 disposed:false
48 silly fetch manifest @types/react@^19.1.1
49 silly packumentCache full:https://registry.npmjs.org/@types%2freact cache-miss
50 http cache https://registry.npmjs.org/@types%2freact 25ms (cache hit)
51 silly packumentCache full:https://registry.npmjs.org/@types%2freact set size:2584421 disposed:false
52 silly fetch manifest @expo/metro-runtime@*
53 silly packumentCache full:https://registry.npmjs.org/@expo%2fmetro-runtime cache-miss
54 http cache https://registry.npmjs.org/@expo%2fmetro-runtime 8ms (cache hit)
55 silly packumentCache full:https://registry.npmjs.org/@expo%2fmetro-runtime set size:571593 disposed:false
56 silly fetch manifest react-dom@*
57 silly packumentCache full:https://registry.npmjs.org/react-dom cache-miss
58 http cache https://registry.npmjs.org/react-dom 23ms (cache hit)
59 silly packumentCache full:https://registry.npmjs.org/react-dom set size:8553406 disposed:false
60 silly fetch manifest react-native-webview@*
61 silly packumentCache full:https://registry.npmjs.org/react-native-webview cache-miss
62 http cache https://registry.npmjs.org/react-native-webview 9ms (cache hit)
63 silly packumentCache full:https://registry.npmjs.org/react-native-webview set size:1350913 disposed:false
64 silly fetch manifest @mobile-wallet-protocol/client@^1
65 silly packumentCache full:https://registry.npmjs.org/@mobile-wallet-protocol%2fclient cache-miss
66 http cache https://registry.npmjs.org/@mobile-wallet-protocol%2fclient 5ms (cache hit)
67 silly packumentCache full:https://registry.npmjs.org/@mobile-wallet-protocol%2fclient set size:27394 disposed:false
68 silly fetch manifest @react-native-async-storage/async-storage@*
69 silly packumentCache full:https://registry.npmjs.org/@react-native-async-storage%2fasync-storage cache-miss
70 http cache https://registry.npmjs.org/@react-native-async-storage%2fasync-storage 4ms (cache hit)
71 silly packumentCache full:https://registry.npmjs.org/@react-native-async-storage%2fasync-storage set size:400637 disposed:false
72 silly fetch manifest expo-web-browser@*
73 silly packumentCache full:https://registry.npmjs.org/expo-web-browser cache-miss
74 http cache https://registry.npmjs.org/expo-web-browser 8ms (cache hit)
75 silly packumentCache full:https://registry.npmjs.org/expo-web-browser set size:701811 disposed:false
76 silly fetch manifest ethers@^5 || ^6
77 silly packumentCache full:https://registry.npmjs.org/ethers cache-miss
78 http cache https://registry.npmjs.org/ethers 9ms (cache hit)
79 silly packumentCache full:https://registry.npmjs.org/ethers set size:1373706 disposed:false
80 silly fetch manifest expo-linking@*
81 silly packumentCache full:https://registry.npmjs.org/expo-linking cache-miss
82 http cache https://registry.npmjs.org/expo-linking 13ms (cache hit)
83 silly packumentCache full:https://registry.npmjs.org/expo-linking set size:631428 disposed:false
84 silly fetch manifest react-native-aes-gcm-crypto@^0.2
85 silly packumentCache full:https://registry.npmjs.org/react-native-aes-gcm-crypto cache-miss
86 http cache https://registry.npmjs.org/react-native-aes-gcm-crypto 7ms (cache hit)
87 silly packumentCache full:https://registry.npmjs.org/react-native-aes-gcm-crypto set size:26263 disposed:false
88 silly fetch manifest react-native-passkey@^3
89 silly packumentCache full:https://registry.npmjs.org/react-native-passkey cache-miss
90 http cache https://registry.npmjs.org/react-native-passkey 7ms (cache hit)
91 silly packumentCache full:https://registry.npmjs.org/react-native-passkey set size:83383 disposed:false
92 silly fetch manifest react-native-quick-crypto@>=0.7.0-rc.6 || >=0.7
93 silly packumentCache full:https://registry.npmjs.org/react-native-quick-crypto cache-miss
94 http cache https://registry.npmjs.org/react-native-quick-crypto 4ms (cache hit)
95 silly packumentCache full:https://registry.npmjs.org/react-native-quick-crypto set size:310847 disposed:false
96 silly fetch manifest expo-build-properties@*
97 silly packumentCache full:https://registry.npmjs.org/expo-build-properties cache-miss
98 http cache https://registry.npmjs.org/expo-build-properties 6ms (cache hit)
99 silly packumentCache full:https://registry.npmjs.org/expo-build-properties set size:549080 disposed:false
100 silly fetch manifest react-native-nitro-modules@>=0.29.1
101 silly packumentCache full:https://registry.npmjs.org/react-native-nitro-modules cache-miss
102 http cache https://registry.npmjs.org/react-native-nitro-modules 6ms (cache hit)
103 silly packumentCache full:https://registry.npmjs.org/react-native-nitro-modules set size:320948 disposed:false
104 silly fetch manifest react-native-quick-base64@>=2.1.0
105 silly packumentCache full:https://registry.npmjs.org/react-native-quick-base64 cache-miss
106 http cache https://registry.npmjs.org/react-native-quick-base64 6ms (cache hit)
107 silly packumentCache full:https://registry.npmjs.org/react-native-quick-base64 set size:92168 disposed:false
108 silly fetch manifest react-native-svg@^15
109 silly packumentCache full:https://registry.npmjs.org/react-native-svg cache-miss
110 http cache https://registry.npmjs.org/react-native-svg 5ms (cache hit)
111 silly packumentCache full:https://registry.npmjs.org/react-native-svg set size:776335 disposed:false
112 silly fetch manifest typescript@>=5.0.4
113 silly packumentCache full:https://registry.npmjs.org/typescript cache-miss
114 http cache https://registry.npmjs.org/typescript 38ms (cache hit)
115 silly packumentCache full:https://registry.npmjs.org/typescript set size:15212314 disposed:false
116 silly placeDep ROOT thirdweb@5.118.1 OK for:  want: 5.118.1
117 silly fetch manifest @base-org/account@2.5.0
118 silly packumentCache full:https://registry.npmjs.org/@base-org%2faccount cache-miss
119 silly fetch manifest @coinbase/wallet-sdk@4.3.0
120 silly packumentCache full:https://registry.npmjs.org/@coinbase%2fwallet-sdk cache-miss
121 silly fetch manifest @emotion/react@11.14.0
122 silly packumentCache full:https://registry.npmjs.org/@emotion%2freact cache-miss
123 silly fetch manifest @emotion/styled@11.14.1
124 silly packumentCache full:https://registry.npmjs.org/@emotion%2fstyled cache-miss
125 silly fetch manifest @noble/curves@1.8.2
126 silly packumentCache full:https://registry.npmjs.org/@noble%2fcurves cache-miss
127 silly fetch manifest @noble/hashes@1.7.2
128 silly packumentCache full:https://registry.npmjs.org/@noble%2fhashes cache-miss
129 silly fetch manifest @passwordless-id/webauthn@^2.1.2
130 silly packumentCache full:https://registry.npmjs.org/@passwordless-id%2fwebauthn cache-miss
131 http cache https://registry.npmjs.org/@emotion%2freact 8ms (cache hit)
132 silly packumentCache full:https://registry.npmjs.org/@emotion%2freact set size:196548 disposed:false
133 silly fetch manifest @radix-ui/react-dialog@1.1.14
134 silly packumentCache full:https://registry.npmjs.org/@radix-ui%2freact-dialog cache-miss
135 http cache https://registry.npmjs.org/@base-org%2faccount 10ms (cache hit)
136 silly packumentCache full:https://registry.npmjs.org/@base-org%2faccount set size:154620 disposed:false
137 silly fetch manifest @radix-ui/react-focus-scope@1.1.7
138 silly packumentCache full:https://registry.npmjs.org/@radix-ui%2freact-focus-scope cache-miss
139 http cache https://registry.npmjs.org/@emotion%2fstyled 12ms (cache hit)
140 silly packumentCache full:https://registry.npmjs.org/@emotion%2fstyled set size:286397 disposed:false
141 silly fetch manifest @radix-ui/react-icons@1.3.2
142 silly packumentCache full:https://registry.npmjs.org/@radix-ui%2freact-icons cache-miss
143 http cache https://registry.npmjs.org/@noble%2fhashes 14ms (cache hit)
144 silly packumentCache full:https://registry.npmjs.org/@noble%2fhashes set size:214622 disposed:false
145 silly fetch manifest @radix-ui/react-tooltip@1.2.7
146 silly packumentCache full:https://registry.npmjs.org/@radix-ui%2freact-tooltip cache-miss
147 http cache https://registry.npmjs.org/@coinbase%2fwallet-sdk 18ms (cache hit)
148 silly packumentCache full:https://registry.npmjs.org/@coinbase%2fwallet-sdk set size:453453 disposed:false
149 silly fetch manifest @tanstack/react-query@5.81.5
150 silly packumentCache full:https://registry.npmjs.org/@tanstack%2freact-query cache-miss
151 http cache https://registry.npmjs.org/@passwordless-id%2fwebauthn 21ms (cache hit)
152 silly packumentCache full:https://registry.npmjs.org/@passwordless-id%2fwebauthn set size:104620 disposed:false
153 silly fetch manifest @walletconnect/sign-client@2.21.8
154 silly packumentCache full:https://registry.npmjs.org/@walletconnect%2fsign-client cache-miss
155 http cache https://registry.npmjs.org/@noble%2fcurves 24ms (cache hit)
156 silly packumentCache full:https://registry.npmjs.org/@noble%2fcurves set size:306108 disposed:false
157 silly fetch manifest @walletconnect/universal-provider@2.21.8
158 silly packumentCache full:https://registry.npmjs.org/@walletconnect%2funiversal-provider cache-miss
159 http cache https://registry.npmjs.org/@radix-ui%2freact-icons 15ms (cache hit)
160 silly packumentCache full:https://registry.npmjs.org/@radix-ui%2freact-icons set size:37182 disposed:false
161 silly fetch manifest abitype@1.0.8
162 silly packumentCache full:https://registry.npmjs.org/abitype cache-miss
163 http cache https://registry.npmjs.org/@radix-ui%2freact-focus-scope 20ms (cache hit)
164 silly packumentCache full:https://registry.npmjs.org/@radix-ui%2freact-focus-scope set size:643933 disposed:false
165 silly fetch manifest cross-spawn@7.0.6
166 silly packumentCache full:https://registry.npmjs.org/cross-spawn cache-miss
167 http cache https://registry.npmjs.org/@radix-ui%2freact-tooltip 18ms (cache hit)
168 silly packumentCache full:https://registry.npmjs.org/@radix-ui%2freact-tooltip set size:1098971 disposed:false
169 silly fetch manifest fuse.js@7.1.0
170 silly packumentCache full:https://registry.npmjs.org/fuse.js cache-miss
171 http cache https://registry.npmjs.org/@radix-ui%2freact-dialog 32ms (cache hit)
172 silly packumentCache full:https://registry.npmjs.org/@radix-ui%2freact-dialog set size:1036325 disposed:false
173 silly fetch manifest input-otp@^1.4.1
174 silly packumentCache full:https://registry.npmjs.org/input-otp cache-miss
175 http cache https://registry.npmjs.org/@tanstack%2freact-query 28ms (cache hit)
176 silly packumentCache full:https://registry.npmjs.org/@tanstack%2freact-query set size:1465524 disposed:false
177 silly fetch manifest mipd@0.0.7
178 silly packumentCache full:https://registry.npmjs.org/mipd cache-miss
179 http cache https://registry.npmjs.org/@walletconnect%2fsign-client 36ms (cache hit)
180 silly packumentCache full:https://registry.npmjs.org/@walletconnect%2fsign-client set size:1968636 disposed:false
181 silly fetch manifest open@10.1.1
182 silly packumentCache full:https://registry.npmjs.org/open cache-miss
183 http cache https://registry.npmjs.org/@walletconnect%2funiversal-provider 45ms (cache hit)
184 silly packumentCache full:https://registry.npmjs.org/@walletconnect%2funiversal-provider set size:1744920 disposed:false
185 silly fetch manifest ora@8.2.0
186 silly packumentCache full:https://registry.npmjs.org/ora cache-miss
187 http cache https://registry.npmjs.org/input-otp 35ms (cache hit)
188 silly packumentCache full:https://registry.npmjs.org/input-otp set size:85904 disposed:false
189 silly fetch manifest ox@0.7.0
190 silly packumentCache full:https://registry.npmjs.org/ox cache-miss
191 http cache https://registry.npmjs.org/mipd 28ms (cache hit)
192 silly packumentCache full:https://registry.npmjs.org/mipd set size:88094 disposed:false
193 silly fetch manifest prompts@2.4.2
194 silly packumentCache full:https://registry.npmjs.org/prompts cache-miss
195 http cache https://registry.npmjs.org/fuse.js 46ms (cache hit)
196 silly packumentCache full:https://registry.npmjs.org/fuse.js set size:338780 disposed:false
197 silly fetch manifest qrcode@1.5.3
198 silly packumentCache full:https://registry.npmjs.org/qrcode cache-miss
199 http cache https://registry.npmjs.org/abitype 59ms (cache hit)
200 silly packumentCache full:https://registry.npmjs.org/abitype set size:584178 disposed:false
201 silly fetch manifest toml@3.0.0
202 silly packumentCache full:https://registry.npmjs.org/toml cache-miss
203 http cache https://registry.npmjs.org/cross-spawn 59ms (cache hit)
204 silly packumentCache full:https://registry.npmjs.org/cross-spawn set size:109066 disposed:false
205 silly fetch manifest uqr@0.1.2
206 silly packumentCache full:https://registry.npmjs.org/uqr cache-miss
207 http cache https://registry.npmjs.org/open 30ms (cache hit)
208 silly packumentCache full:https://registry.npmjs.org/open set size:136392 disposed:false
209 silly fetch manifest viem@2.39.0
210 silly packumentCache full:https://registry.npmjs.org/viem cache-miss
211 http cache https://registry.npmjs.org/ora 26ms (cache hit)
212 silly packumentCache full:https://registry.npmjs.org/ora set size:142374 disposed:false
213 silly fetch manifest x402@0.7.0
214 silly packumentCache full:https://registry.npmjs.org/x402 cache-miss
215 http cache https://registry.npmjs.org/uqr 13ms (cache hit)
216 silly packumentCache full:https://registry.npmjs.org/uqr set size:21028 disposed:false
217 silly fetch manifest zod@3.25.75
218 silly packumentCache full:https://registry.npmjs.org/zod cache-miss
219 http cache https://registry.npmjs.org/toml 16ms (cache hit)
220 silly packumentCache full:https://registry.npmjs.org/toml set size:48632 disposed:false
221 silly fetch manifest @thirdweb-dev/engine@3.4.0
222 silly packumentCache full:https://registry.npmjs.org/@thirdweb-dev%2fengine cache-miss
223 http cache https://registry.npmjs.org/qrcode 22ms (cache hit)
224 silly packumentCache full:https://registry.npmjs.org/qrcode set size:131489 disposed:false
225 silly fetch manifest @thirdweb-dev/insight@1.1.1
226 silly packumentCache full:https://registry.npmjs.org/@thirdweb-dev%2finsight cache-miss
227 http cache https://registry.npmjs.org/ox 30ms (cache hit)
228 silly packumentCache full:https://registry.npmjs.org/ox set size:3560482 disposed:false
229 http cache https://registry.npmjs.org/prompts 54ms (cache hit)
230 silly packumentCache full:https://registry.npmjs.org/prompts set size:115896 disposed:false
231 http cache https://registry.npmjs.org/@thirdweb-dev%2finsight 33ms (cache hit)
232 silly packumentCache full:https://registry.npmjs.org/@thirdweb-dev%2finsight set size:47906 disposed:false
233 http cache https://registry.npmjs.org/x402 39ms (cache hit)
234 silly packumentCache full:https://registry.npmjs.org/x402 set size:134437 disposed:false
235 http cache https://registry.npmjs.org/@thirdweb-dev%2fengine 40ms (cache hit)
236 silly packumentCache full:https://registry.npmjs.org/@thirdweb-dev%2fengine set size:92437 disposed:false
237 http cache https://registry.npmjs.org/zod 45ms (cache hit)
238 silly packumentCache full:https://registry.npmjs.org/zod set size:3489329 disposed:false
239 http cache https://registry.npmjs.org/viem 84ms (cache hit)
240 silly packumentCache full:https://registry.npmjs.org/viem set size:10606527 disposed:false
241 silly fetch manifest react@^18 || ^19
242 silly packumentCache full:https://registry.npmjs.org/react cache-miss
243 http cache https://registry.npmjs.org/react 17ms (cache hit)
244 silly packumentCache full:https://registry.npmjs.org/react set size:6466562 disposed:false
245 silly fetch manifest @types/react@*
246 silly packumentCache full:https://registry.npmjs.org/@types%2freact cache-miss
247 http cache https://registry.npmjs.org/@types%2freact 15ms (cache hit)
248 silly packumentCache full:https://registry.npmjs.org/@types%2freact set size:2584421 disposed:false
249 silly fetch manifest @types/react-dom@*
250 silly packumentCache full:https://registry.npmjs.org/@types%2freact-dom cache-miss
251 http cache https://registry.npmjs.org/@types%2freact-dom 14ms (cache hit)
252 silly packumentCache full:https://registry.npmjs.org/@types%2freact-dom set size:429026 disposed:false
253 silly fetch manifest react-dom@^16.8 || ^17.0 || ^18.0 || ^19.0 || ^19.0.0-rc
254 silly packumentCache full:https://registry.npmjs.org/react-dom cache-miss
255 http cache https://registry.npmjs.org/react-dom 25ms (cache hit)
256 silly packumentCache full:https://registry.npmjs.org/react-dom set size:8553406 disposed:false
257 silly fetch manifest react-dom@^16.8 || ^17.0 || ^18.0 || ^19.0.0 || ^19.0.0-rc
258 silly packumentCache full:https://registry.npmjs.org/react-dom cache-miss
259 http cache https://registry.npmjs.org/react-dom 31ms (cache hit)
260 silly packumentCache full:https://registry.npmjs.org/react-dom set size:8553406 disposed:false
261 silly placeDep ROOT @base-org/account@2.5.0 OK for: thirdweb@5.118.1 want: 2.5.0
262 silly placeDep ROOT @coinbase/wallet-sdk@4.3.0 OK for: thirdweb@5.118.1 want: 4.3.0
263 silly placeDep ROOT @emotion/react@11.14.0 OK for: thirdweb@5.118.1 want: 11.14.0
264 silly placeDep ROOT react@19.2.4 OK for: @emotion/react@11.14.0 want: >=16.8.0
265 silly placeDep ROOT @emotion/styled@11.14.1 OK for: thirdweb@5.118.1 want: 11.14.1
266 silly placeDep ROOT @noble/curves@1.8.2 OK for: thirdweb@5.118.1 want: 1.8.2
267 silly placeDep ROOT @noble/hashes@1.7.2 OK for: thirdweb@5.118.1 want: 1.7.2
268 silly placeDep ROOT @passwordless-id/webauthn@2.3.1 OK for: thirdweb@5.118.1 want: ^2.1.2
269 silly placeDep ROOT @radix-ui/react-dialog@1.1.14 OK for: thirdweb@5.118.1 want: 1.1.14
270 silly placeDep ROOT react-dom@19.2.4 OK for: @radix-ui/react-dialog@1.1.14 want: ^16.8 || ^17.0 || ^18.0 || ^19.0 || ^19.0.0-rc
271 silly placeDep ROOT @radix-ui/react-focus-scope@1.1.7 OK for: thirdweb@5.118.1 want: 1.1.7
272 silly placeDep ROOT @radix-ui/react-icons@1.3.2 OK for: thirdweb@5.118.1 want: 1.3.2
273 silly placeDep ROOT @radix-ui/react-tooltip@1.2.7 OK for: thirdweb@5.118.1 want: 1.2.7
274 silly placeDep ROOT @tanstack/react-query@5.81.5 OK for: thirdweb@5.118.1 want: 5.81.5
275 silly placeDep ROOT @thirdweb-dev/engine@3.4.0 OK for: thirdweb@5.118.1 want: 3.4.0
276 silly placeDep ROOT @thirdweb-dev/insight@1.1.1 OK for: thirdweb@5.118.1 want: 1.1.1
277 silly placeDep ROOT @walletconnect/sign-client@2.21.8 OK for: thirdweb@5.118.1 want: 2.21.8
278 silly placeDep ROOT @walletconnect/universal-provider@2.21.8 OK for: thirdweb@5.118.1 want: 2.21.8
279 silly placeDep ROOT abitype@1.0.8 OK for: thirdweb@5.118.1 want: 1.0.8
280 silly placeDep ROOT cross-spawn@7.0.6 OK for: thirdweb@5.118.1 want: 7.0.6
281 silly placeDep ROOT fuse.js@7.1.0 OK for: thirdweb@5.118.1 want: 7.1.0
282 silly placeDep ROOT input-otp@1.4.2 OK for: thirdweb@5.118.1 want: ^1.4.1
283 silly placeDep ROOT mipd@0.0.7 OK for: thirdweb@5.118.1 want: 0.0.7
284 silly placeDep ROOT open@10.1.1 OK for: thirdweb@5.118.1 want: 10.1.1
285 silly placeDep ROOT ora@8.2.0 OK for: thirdweb@5.118.1 want: 8.2.0
286 silly placeDep ROOT ox@0.7.0 OK for: thirdweb@5.118.1 want: 0.7.0
287 silly placeDep ROOT prompts@2.4.2 OK for: thirdweb@5.118.1 want: 2.4.2
288 silly placeDep ROOT qrcode@1.5.3 OK for: thirdweb@5.118.1 want: 1.5.3
289 silly placeDep ROOT toml@3.0.0 OK for: thirdweb@5.118.1 want: 3.0.0
290 silly placeDep ROOT uqr@0.1.2 OK for: thirdweb@5.118.1 want: 0.1.2
291 silly placeDep ROOT viem@2.39.0 OK for: thirdweb@5.118.1 want: 2.39.0
292 silly placeDep ROOT x402@0.7.0 OK for: thirdweb@5.118.1 want: 0.7.0
293 silly placeDep ROOT zod@3.25.75 OK for: thirdweb@5.118.1 want: 3.25.75
294 silly fetch manifest ox@0.6.9
295 silly packumentCache full:https://registry.npmjs.org/ox cache-miss
296 silly fetch manifest clsx@1.2.1
297 silly packumentCache full:https://registry.npmjs.org/clsx cache-miss
298 silly fetch manifest viem@^2.31.7
299 silly packumentCache full:https://registry.npmjs.org/viem cache-miss
300 silly fetch manifest preact@10.24.2
301 silly packumentCache full:https://registry.npmjs.org/preact cache-miss
302 silly fetch manifest zustand@5.0.3
303 silly packumentCache full:https://registry.npmjs.org/zustand cache-miss
304 silly fetch manifest idb-keyval@6.2.1
305 silly packumentCache full:https://registry.npmjs.org/idb-keyval cache-miss
306 silly fetch manifest brotli-wasm@^3.0.0
307 silly packumentCache full:https://registry.npmjs.org/brotli-wasm cache-miss
308 http cache https://registry.npmjs.org/brotli-wasm 9ms (cache hit)
309 silly packumentCache full:https://registry.npmjs.org/brotli-wasm set size:42678 disposed:false
310 silly fetch manifest eventemitter3@5.0.1
311 silly packumentCache full:https://registry.npmjs.org/eventemitter3 cache-miss
312 http cache https://registry.npmjs.org/ox 14ms (cache hit)
313 silly packumentCache full:https://registry.npmjs.org/ox set size:3560482 disposed:false
314 silly fetch manifest @coinbase/cdp-sdk@^1.0.0
315 silly packumentCache full:https://registry.npmjs.org/@coinbase%2fcdp-sdk cache-miss
316 http cache https://registry.npmjs.org/clsx 39ms (cache hit)
317 silly packumentCache full:https://registry.npmjs.org/clsx set size:42506 disposed:false
318 silly fetch manifest clsx@^1.2.1
319 silly packumentCache full:https://registry.npmjs.org/clsx cache-hit
320 silly fetch manifest preact@^10.24.2
321 silly packumentCache full:https://registry.npmjs.org/preact cache-miss
322 http cache https://registry.npmjs.org/zustand 41ms (cache hit)
323 silly packumentCache full:https://registry.npmjs.org/zustand set size:496701 disposed:false
324 silly fetch manifest @noble/hashes@^1.4.0
325 silly packumentCache full:https://registry.npmjs.org/@noble%2fhashes cache-hit
326 silly fetch manifest eventemitter3@^5.0.1
327 silly packumentCache full:https://registry.npmjs.org/eventemitter3 cache-miss
328 http cache https://registry.npmjs.org/idb-keyval 53ms (cache hit)
329 silly packumentCache full:https://registry.npmjs.org/idb-keyval set size:127308 disposed:false
330 silly fetch manifest @babel/runtime@^7.18.3
331 silly packumentCache full:https://registry.npmjs.org/@babel%2fruntime cache-miss
332 http cache https://registry.npmjs.org/preact 58ms (cache hit)
333 silly packumentCache full:https://registry.npmjs.org/preact set size:1785994 disposed:false
334 silly fetch manifest @emotion/babel-plugin@^11.13.5
335 silly packumentCache full:https://registry.npmjs.org/@emotion%2fbabel-plugin cache-miss
336 http cache https://registry.npmjs.org/viem 77ms (cache hit)
337 silly packumentCache full:https://registry.npmjs.org/viem set size:10606527 disposed:false
338 silly fetch manifest @emotion/cache@^11.14.0
339 silly packumentCache full:https://registry.npmjs.org/@emotion%2fcache cache-miss
340 http cache https://registry.npmjs.org/preact 106ms (cache hit)
341 silly packumentCache full:https://registry.npmjs.org/preact set size:1785994 disposed:false
342 silly fetch manifest @emotion/serialize@^1.3.3
343 silly packumentCache full:https://registry.npmjs.org/@emotion%2fserialize cache-miss
344 http cache https://registry.npmjs.org/eventemitter3 156ms (cache hit)
345 silly packumentCache full:https://registry.npmjs.org/eventemitter3 set size:92292 disposed:false
346 silly fetch manifest @emotion/use-insertion-effect-with-fallbacks@^1.2.0
347 silly packumentCache full:https://registry.npmjs.org/@emotion%2fuse-insertion-effect-with-fallbacks cache-miss
348 http cache https://registry.npmjs.org/eventemitter3 123ms (cache hit)
349 silly packumentCache full:https://registry.npmjs.org/eventemitter3 set size:92292 disposed:false
350 silly packumentCache full:https://registry.npmjs.org/eventemitter3 dispose
351 silly fetch manifest @emotion/utils@^1.4.2
352 silly packumentCache full:https://registry.npmjs.org/@emotion%2futils cache-miss
353 http cache https://registry.npmjs.org/@babel%2fruntime 116ms (cache hit)
354 silly packumentCache full:https://registry.npmjs.org/@babel%2fruntime set size:3305729 disposed:false
355 silly fetch manifest @emotion/weak-memoize@^0.4.0
356 silly packumentCache full:https://registry.npmjs.org/@emotion%2fweak-memoize cache-miss
357 http cache https://registry.npmjs.org/@coinbase%2fcdp-sdk 151ms (cache hit)
358 silly packumentCache full:https://registry.npmjs.org/@coinbase%2fcdp-sdk set size:188724 disposed:false
359 silly fetch manifest hoist-non-react-statics@^3.3.1
360 silly packumentCache full:https://registry.npmjs.org/hoist-non-react-statics cache-miss
361 http cache https://registry.npmjs.org/@emotion%2fbabel-plugin 122ms (cache hit)
362 silly packumentCache full:https://registry.npmjs.org/@emotion%2fbabel-plugin set size:83085 disposed:false
363 silly fetch manifest @emotion/is-prop-valid@^1.3.0
364 silly packumentCache full:https://registry.npmjs.org/@emotion%2fis-prop-valid cache-miss
365 http cache https://registry.npmjs.org/@emotion%2fcache 55ms (cache hit)
366 silly packumentCache full:https://registry.npmjs.org/@emotion%2fcache set size:203709 disposed:false
367 silly fetch manifest @emotion/serialize@^1.3.3
368 silly packumentCache full:https://registry.npmjs.org/@emotion%2fserialize cache-miss
369 http cache https://registry.npmjs.org/@emotion%2futils 29ms (cache hit)
370 silly packumentCache full:https://registry.npmjs.org/@emotion%2futils set size:84286 disposed:false
371 silly fetch manifest @emotion/use-insertion-effect-with-fallbacks@^1.2.0
372 silly packumentCache full:https://registry.npmjs.org/@emotion%2fuse-insertion-effect-with-fallbacks cache-miss
373 http cache https://registry.npmjs.org/@emotion%2fuse-insertion-effect-with-fallbacks 32ms (cache hit)
374 silly packumentCache full:https://registry.npmjs.org/@emotion%2fuse-insertion-effect-with-fallbacks set size:14021 disposed:false
375 silly fetch manifest aria-hidden@^1.2.4
376 silly packumentCache full:https://registry.npmjs.org/aria-hidden cache-miss
377 http cache https://registry.npmjs.org/@emotion%2fserialize 43ms (cache hit)
378 silly packumentCache full:https://registry.npmjs.org/@emotion%2fserialize set size:167908 disposed:false
379 silly fetch manifest @radix-ui/react-id@1.1.1
380 silly packumentCache full:https://registry.npmjs.org/@radix-ui%2freact-id cache-miss
381 http cache https://registry.npmjs.org/hoist-non-react-statics 11ms (cache hit)
382 silly packumentCache full:https://registry.npmjs.org/hoist-non-react-statics set size:97044 disposed:false
383 silly fetch manifest @radix-ui/primitive@1.1.2
384 silly packumentCache full:https://registry.npmjs.org/@radix-ui%2fprimitive cache-miss
385 http cache https://registry.npmjs.org/@emotion%2fweak-memoize 17ms (cache hit)
386 silly packumentCache full:https://registry.npmjs.org/@emotion%2fweak-memoize set size:38359 disposed:false
387 silly fetch manifest react-remove-scroll@^2.6.3
388 silly packumentCache full:https://registry.npmjs.org/react-remove-scroll cache-miss
389 http cache https://registry.npmjs.org/@emotion%2fis-prop-valid 12ms (cache hit)
390 silly packumentCache full:https://registry.npmjs.org/@emotion%2fis-prop-valid set size:96664 disposed:false
391 silly fetch manifest @radix-ui/react-slot@1.2.3
392 silly packumentCache full:https://registry.npmjs.org/@radix-ui%2freact-slot cache-miss
393 http cache https://registry.npmjs.org/@emotion%2fserialize 11ms (cache hit)
394 silly packumentCache full:https://registry.npmjs.org/@emotion%2fserialize set size:167908 disposed:false
395 silly packumentCache full:https://registry.npmjs.org/@emotion%2fserialize dispose
396 silly fetch manifest @radix-ui/react-portal@1.1.9
397 silly packumentCache full:https://registry.npmjs.org/@radix-ui%2freact-portal cache-miss
398 http cache https://registry.npmjs.org/@emotion%2fuse-insertion-effect-with-fallbacks 10ms (cache hit)
399 silly packumentCache full:https://registry.npmjs.org/@emotion%2fuse-insertion-effect-with-fallbacks set size:14021 disposed:false
400 silly packumentCache full:https://registry.npmjs.org/@emotion%2fuse-insertion-effect-with-fallbacks dispose
401 silly fetch manifest @radix-ui/react-context@1.1.2
402 silly packumentCache full:https://registry.npmjs.org/@radix-ui%2freact-context cache-miss
403 http cache https://registry.npmjs.org/aria-hidden 10ms (cache hit)
404 silly packumentCache full:https://registry.npmjs.org/aria-hidden set size:40391 disposed:false
405 silly fetch manifest @radix-ui/react-presence@1.1.4
406 silly packumentCache full:https://registry.npmjs.org/@radix-ui%2freact-presence cache-miss
407 http cache https://registry.npmjs.org/@radix-ui%2freact-id 10ms (cache hit)
408 silly packumentCache full:https://registry.npmjs.org/@radix-ui%2freact-id set size:325405 disposed:false
409 silly fetch manifest @radix-ui/react-primitive@2.1.3
410 silly packumentCache full:https://registry.npmjs.org/@radix-ui%2freact-primitive cache-miss
411 http cache https://registry.npmjs.org/@radix-ui%2fprimitive 12ms (cache hit)
412 silly packumentCache full:https://registry.npmjs.org/@radix-ui%2fprimitive set size:164617 disposed:false
413 silly fetch manifest @radix-ui/react-compose-refs@1.1.2
414 silly packumentCache full:https://registry.npmjs.org/@radix-ui%2freact-compose-refs cache-miss
415 http cache https://registry.npmjs.org/react-remove-scroll 14ms (cache hit)
416 silly packumentCache full:https://registry.npmjs.org/react-remove-scroll set size:147112 disposed:false
417 silly fetch manifest @radix-ui/react-focus-guards@1.1.2
418 silly packumentCache full:https://registry.npmjs.org/@radix-ui%2freact-focus-guards cache-miss
419 http cache https://registry.npmjs.org/@radix-ui%2freact-slot 14ms (cache hit)
420 silly packumentCache full:https://registry.npmjs.org/@radix-ui%2freact-slot set size:387271 disposed:false
421 silly fetch manifest @radix-ui/react-dismissable-layer@1.1.10
422 silly packumentCache full:https://registry.npmjs.org/@radix-ui%2freact-dismissable-layer cache-miss
423 http cache https://registry.npmjs.org/@radix-ui%2freact-portal 17ms (cache hit)
424 silly packumentCache full:https://registry.npmjs.org/@radix-ui%2freact-portal set size:667939 disposed:false
425 silly fetch manifest @radix-ui/react-use-controllable-state@1.2.2
426 silly packumentCache full:https://registry.npmjs.org/@radix-ui%2freact-use-controllable-state cache-miss
427 http cache https://registry.npmjs.org/@radix-ui%2freact-context 18ms (cache hit)
428 silly packumentCache full:https://registry.npmjs.org/@radix-ui%2freact-context set size:266557 disposed:false
429 silly fetch manifest scheduler@^0.27.0
430 silly packumentCache full:https://registry.npmjs.org/scheduler cache-miss
431 http cache https://registry.npmjs.org/@radix-ui%2freact-presence 20ms (cache hit)
432 silly packumentCache full:https://registry.npmjs.org/@radix-ui%2freact-presence set size:443830 disposed:false
433 silly fetch manifest @radix-ui/react-primitive@2.1.3
434 silly packumentCache full:https://registry.npmjs.org/@radix-ui%2freact-primitive cache-miss
435 http cache https://registry.npmjs.org/@radix-ui%2freact-primitive 21ms (cache hit)
436 silly packumentCache full:https://registry.npmjs.org/@radix-ui%2freact-primitive set size:595809 disposed:false
437 silly fetch manifest @radix-ui/react-compose-refs@1.1.2
438 silly packumentCache full:https://registry.npmjs.org/@radix-ui%2freact-compose-refs cache-miss
439 http cache https://registry.npmjs.org/@radix-ui%2freact-compose-refs 22ms (cache hit)
440 silly packumentCache full:https://registry.npmjs.org/@radix-ui%2freact-compose-refs set size:219425 disposed:false
441 silly fetch manifest @radix-ui/react-use-callback-ref@1.1.1
442 silly packumentCache full:https://registry.npmjs.org/@radix-ui%2freact-use-callback-ref cache-miss
443 http cache https://registry.npmjs.org/@radix-ui%2freact-focus-guards 23ms (cache hit)
444 silly packumentCache full:https://registry.npmjs.org/@radix-ui%2freact-focus-guards set size:284533 disposed:false
445 silly fetch manifest @radix-ui/react-popper@1.2.7
446 silly packumentCache full:https://registry.npmjs.org/@radix-ui%2freact-popper cache-miss
447 http cache https://registry.npmjs.org/@radix-ui%2freact-dismissable-layer 24ms (cache hit)
448 silly packumentCache full:https://registry.npmjs.org/@radix-ui%2freact-dismissable-layer set size:803119 disposed:false
449 silly fetch manifest @radix-ui/react-visually-hidden@1.2.3
450 silly packumentCache full:https://registry.npmjs.org/@radix-ui%2freact-visually-hidden cache-miss
451 http cache https://registry.npmjs.org/@radix-ui%2freact-compose-refs 14ms (cache hit)
452 silly packumentCache full:https://registry.npmjs.org/@radix-ui%2freact-compose-refs set size:219425 disposed:false
453 silly packumentCache full:https://registry.npmjs.org/@radix-ui%2freact-compose-refs dispose
454 silly fetch manifest @radix-ui/react-use-controllable-state@1.2.2
455 silly packumentCache full:https://registry.npmjs.org/@radix-ui%2freact-use-controllable-state cache-miss
456 http cache https://registry.npmjs.org/@radix-ui%2freact-primitive 20ms (cache hit)
457 silly packumentCache full:https://registry.npmjs.org/@radix-ui%2freact-primitive set size:595809 disposed:false
458 silly packumentCache full:https://registry.npmjs.org/@radix-ui%2freact-primitive dispose
459 silly fetch manifest @tanstack/query-core@5.81.5
460 silly packumentCache full:https://registry.npmjs.org/@tanstack%2fquery-core cache-miss
461 http cache https://registry.npmjs.org/@radix-ui%2freact-use-controllable-state 31ms (cache hit)
462 silly packumentCache full:https://registry.npmjs.org/@radix-ui%2freact-use-controllable-state set size:296080 disposed:false
463 silly fetch manifest @hey-api/client-fetch@0.10.0
464 silly packumentCache full:https://registry.npmjs.org/@hey-api%2fclient-fetch cache-miss
465 http cache https://registry.npmjs.org/scheduler 35ms (cache hit)
466 silly packumentCache full:https://registry.npmjs.org/scheduler set size:5370998 disposed:false
467 silly fetch manifest events@3.3.0
468 silly packumentCache full:https://registry.npmjs.org/events cache-miss
469 http cache https://registry.npmjs.org/@radix-ui%2freact-use-callback-ref 73ms (cache hit)
470 silly packumentCache full:https://registry.npmjs.org/@radix-ui%2freact-use-callback-ref set size:212985 disposed:false
471 silly fetch manifest @walletconnect/core@2.21.8
472 silly packumentCache full:https://registry.npmjs.org/@walletconnect%2fcore cache-miss
473 http cache https://registry.npmjs.org/@radix-ui%2freact-popper 72ms (cache hit)
474 silly packumentCache full:https://registry.npmjs.org/@radix-ui%2freact-popper set size:766112 disposed:false
475 silly fetch manifest @walletconnect/time@1.0.2
476 silly packumentCache full:https://registry.npmjs.org/@walletconnect%2ftime cache-miss
477 http cache https://registry.npmjs.org/@radix-ui%2freact-use-controllable-state 71ms (cache hit)
478 silly packumentCache full:https://registry.npmjs.org/@radix-ui%2freact-use-controllable-state set size:296080 disposed:false
479 silly packumentCache full:https://registry.npmjs.org/@radix-ui%2freact-use-controllable-state dispose
480 silly fetch manifest @walletconnect/types@2.21.8
481 silly packumentCache full:https://registry.npmjs.org/@walletconnect%2ftypes cache-miss
482 http cache https://registry.npmjs.org/@radix-ui%2freact-visually-hidden 77ms (cache hit)
483 silly packumentCache full:https://registry.npmjs.org/@radix-ui%2freact-visually-hidden set size:593995 disposed:false
484 silly fetch manifest @walletconnect/utils@2.21.8
485 silly packumentCache full:https://registry.npmjs.org/@walletconnect%2futils cache-miss
486 http cache https://registry.npmjs.org/@hey-api%2fclient-fetch 69ms (cache hit)
487 silly packumentCache full:https://registry.npmjs.org/@hey-api%2fclient-fetch set size:152732 disposed:false
488 silly fetch manifest @walletconnect/events@1.0.1
489 silly packumentCache full:https://registry.npmjs.org/@walletconnect%2fevents cache-miss
490 http cache https://registry.npmjs.org/events 38ms (cache hit)
491 silly packumentCache full:https://registry.npmjs.org/events set size:35240 disposed:false
492 silly fetch manifest @walletconnect/logger@2.1.2
493 silly packumentCache full:https://registry.npmjs.org/@walletconnect%2flogger cache-miss
494 http cache https://registry.npmjs.org/@tanstack%2fquery-core 77ms (cache hit)
495 silly packumentCache full:https://registry.npmjs.org/@tanstack%2fquery-core set size:981657 disposed:false
496 silly fetch manifest @walletconnect/heartbeat@1.2.2
497 silly packumentCache full:https://registry.npmjs.org/@walletconnect%2fheartbeat cache-miss
498 http cache https://registry.npmjs.org/@walletconnect%2ftime 20ms (cache hit)
499 silly packumentCache full:https://registry.npmjs.org/@walletconnect%2ftime set size:11111 disposed:false
500 silly fetch manifest @walletconnect/jsonrpc-utils@1.0.8
501 silly packumentCache full:https://registry.npmjs.org/@walletconnect%2fjsonrpc-utils cache-miss
502 http cache https://registry.npmjs.org/@walletconnect%2fcore 33ms (cache hit)
503 silly packumentCache full:https://registry.npmjs.org/@walletconnect%2fcore set size:2454438 disposed:false
504 silly fetch manifest es-toolkit@1.39.3
505 silly packumentCache full:https://registry.npmjs.org/es-toolkit cache-miss
506 http cache https://registry.npmjs.org/@walletconnect%2ftypes 34ms (cache hit)
507 silly packumentCache full:https://registry.npmjs.org/@walletconnect%2ftypes set size:2188649 disposed:false
508 silly fetch manifest @walletconnect/utils@2.21.8
509 silly packumentCache full:https://registry.npmjs.org/@walletconnect%2futils cache-miss
510 http cache https://registry.npmjs.org/@walletconnect%2futils 41ms (cache hit)
511 silly packumentCache full:https://registry.npmjs.org/@walletconnect%2futils set size:2689713 disposed:false
512 silly fetch manifest @walletconnect/events@1.0.1
513 silly packumentCache full:https://registry.npmjs.org/@walletconnect%2fevents cache-miss
514 http cache https://registry.npmjs.org/@walletconnect%2fevents 53ms (cache hit)
515 silly packumentCache full:https://registry.npmjs.org/@walletconnect%2fevents set size:12592 disposed:false
516 silly fetch manifest @walletconnect/logger@2.1.2
517 silly packumentCache full:https://registry.npmjs.org/@walletconnect%2flogger cache-miss
518 http cache https://registry.npmjs.org/@walletconnect%2flogger 54ms (cache hit)
519 silly packumentCache full:https://registry.npmjs.org/@walletconnect%2flogger set size:95393 disposed:false
520 silly fetch manifest @walletconnect/jsonrpc-types@1.0.4
521 silly packumentCache full:https://registry.npmjs.org/@walletconnect%2fjsonrpc-types cache-miss
522 http cache https://registry.npmjs.org/@walletconnect%2fheartbeat 50ms (cache hit)
523 silly packumentCache full:https://registry.npmjs.org/@walletconnect%2fheartbeat set size:28500 disposed:false
524 silly fetch manifest @walletconnect/jsonrpc-utils@1.0.8
525 silly packumentCache full:https://registry.npmjs.org/@walletconnect%2fjsonrpc-utils cache-miss
526 http cache https://registry.npmjs.org/@walletconnect%2fjsonrpc-utils 48ms (cache hit)
527 silly packumentCache full:https://registry.npmjs.org/@walletconnect%2fjsonrpc-utils set size:56729 disposed:false
528 silly fetch manifest @walletconnect/keyvaluestorage@1.1.1
529 silly packumentCache full:https://registry.npmjs.org/@walletconnect%2fkeyvaluestorage cache-miss
530 http cache https://registry.npmjs.org/@walletconnect%2fevents 9ms (cache hit)
531 silly packumentCache full:https://registry.npmjs.org/@walletconnect%2fevents set size:12592 disposed:false
532 silly packumentCache full:https://registry.npmjs.org/@walletconnect%2fevents dispose
533 silly fetch manifest @walletconnect/jsonrpc-provider@1.0.14
534 silly packumentCache full:https://registry.npmjs.org/@walletconnect%2fjsonrpc-provider cache-miss
535 http cache https://registry.npmjs.org/@walletconnect%2futils 25ms (cache hit)
536 silly packumentCache full:https://registry.npmjs.org/@walletconnect%2futils set size:2689713 disposed:false
537 silly fetch manifest @walletconnect/jsonrpc-http-connection@1.0.8
538 silly packumentCache full:https://registry.npmjs.org/@walletconnect%2fjsonrpc-http-connection cache-miss
539 http cache https://registry.npmjs.org/@walletconnect%2flogger 22ms (cache hit)
540 silly packumentCache full:https://registry.npmjs.org/@walletconnect%2flogger set size:95393 disposed:false
541 silly packumentCache full:https://registry.npmjs.org/@walletconnect%2flogger dispose
542 silly fetch manifest which@^2.0.1
543 silly packumentCache full:https://registry.npmjs.org/which cache-miss
544 http cache https://registry.npmjs.org/@walletconnect%2fjsonrpc-utils 21ms (cache hit)
545 silly packumentCache full:https://registry.npmjs.org/@walletconnect%2fjsonrpc-utils set size:56729 disposed:false
546 silly packumentCache full:https://registry.npmjs.org/@walletconnect%2fjsonrpc-utils dispose
547 silly fetch manifest path-key@^3.1.0
548 silly packumentCache full:https://registry.npmjs.org/path-key cache-miss
549 http cache https://registry.npmjs.org/@walletconnect%2fjsonrpc-types 24ms (cache hit)
550 silly packumentCache full:https://registry.npmjs.org/@walletconnect%2fjsonrpc-types set size:34603 disposed:false
551 silly fetch manifest shebang-command@^2.0.0
552 silly packumentCache full:https://registry.npmjs.org/shebang-command cache-miss
553 http cache https://registry.npmjs.org/@walletconnect%2fjsonrpc-provider 23ms (cache hit)
554 silly packumentCache full:https://registry.npmjs.org/@walletconnect%2fjsonrpc-provider set size:120875 disposed:false
555 silly fetch manifest is-wsl@^3.1.0
556 silly packumentCache full:https://registry.npmjs.org/is-wsl cache-miss
557 http cache https://registry.npmjs.org/es-toolkit 65ms (cache hit)
558 silly packumentCache full:https://registry.npmjs.org/es-toolkit set size:10035387 disposed:false
559 silly fetch manifest default-browser@^5.2.1
560 silly packumentCache full:https://registry.npmjs.org/default-browser cache-miss
561 http cache https://registry.npmjs.org/@walletconnect%2fkeyvaluestorage 97ms (cache hit)
562 silly packumentCache full:https://registry.npmjs.org/@walletconnect%2fkeyvaluestorage set size:98363 disposed:false
563 silly fetch manifest define-lazy-prop@^3.0.0
564 silly packumentCache full:https://registry.npmjs.org/define-lazy-prop cache-miss
565 http cache https://registry.npmjs.org/@walletconnect%2fjsonrpc-http-connection 84ms (cache hit)
566 silly packumentCache full:https://registry.npmjs.org/@walletconnect%2fjsonrpc-http-connection set size:45752 disposed:false
567 silly fetch manifest is-inside-container@^1.0.0
568 silly packumentCache full:https://registry.npmjs.org/is-inside-container cache-miss
569 http cache https://registry.npmjs.org/which 82ms (cache hit)
570 silly packumentCache full:https://registry.npmjs.org/which set size:65264 disposed:false
571 silly fetch manifest chalk@^5.3.0
572 silly packumentCache full:https://registry.npmjs.org/chalk cache-miss
573 http cache https://registry.npmjs.org/shebang-command 80ms (cache hit)
574 silly packumentCache full:https://registry.npmjs.org/shebang-command set size:8525 disposed:false
575 silly fetch manifest cli-cursor@^5.0.0
576 silly packumentCache full:https://registry.npmjs.org/cli-cursor cache-miss
577 http cache https://registry.npmjs.org/path-key 84ms (cache hit)
578 silly packumentCache full:https://registry.npmjs.org/path-key set size:16975 disposed:false
579 silly fetch manifest strip-ansi@^7.1.0
580 silly packumentCache full:https://registry.npmjs.org/strip-ansi cache-miss
581 http cache https://registry.npmjs.org/is-wsl 81ms (cache hit)
582 silly packumentCache full:https://registry.npmjs.org/is-wsl set size:18741 disposed:false
583 silly fetch manifest log-symbols@^6.0.0
584 silly packumentCache full:https://registry.npmjs.org/log-symbols cache-miss
585 http cache https://registry.npmjs.org/define-lazy-prop 8ms (cache hit)
586 silly packumentCache full:https://registry.npmjs.org/define-lazy-prop set size:9337 disposed:false
587 silly fetch manifest cli-spinners@^2.9.2
588 silly packumentCache full:https://registry.npmjs.org/cli-spinners cache-miss
589 http cache https://registry.npmjs.org/is-inside-container 8ms (cache hit)
590 silly packumentCache full:https://registry.npmjs.org/is-inside-container set size:4403 disposed:false
591 silly fetch manifest string-width@^7.2.0
592 silly packumentCache full:https://registry.npmjs.org/string-width cache-miss
593 http cache https://registry.npmjs.org/default-browser 15ms (cache hit)
594 silly packumentCache full:https://registry.npmjs.org/default-browser set size:31475 disposed:false
595 silly fetch manifest is-interactive@^2.0.0
596 silly packumentCache full:https://registry.npmjs.org/is-interactive cache-miss
597 http cache https://registry.npmjs.org/chalk 9ms (cache hit)
598 silly packumentCache full:https://registry.npmjs.org/chalk set size:117861 disposed:false
599 silly fetch manifest stdin-discarder@^0.2.2
600 silly packumentCache full:https://registry.npmjs.org/stdin-discarder cache-miss
601 http cache https://registry.npmjs.org/cli-cursor 11ms (cache hit)
602 silly packumentCache full:https://registry.npmjs.org/cli-cursor set size:18913 disposed:false
603 silly fetch manifest is-unicode-supported@^2.0.0
604 silly packumentCache full:https://registry.npmjs.org/is-unicode-supported cache-miss
605 http cache https://registry.npmjs.org/log-symbols 9ms (cache hit)
606 silly packumentCache full:https://registry.npmjs.org/log-symbols set size:31977 disposed:false
607 silly fetch manifest @scure/bip32@^1.5.0
608 silly packumentCache full:https://registry.npmjs.org/@scure%2fbip32 cache-miss
609 http cache https://registry.npmjs.org/strip-ansi 11ms (cache hit)
610 silly packumentCache full:https://registry.npmjs.org/strip-ansi set size:41855 disposed:false
611 silly fetch manifest @scure/bip39@^1.4.0
612 silly packumentCache full:https://registry.npmjs.org/@scure%2fbip39 cache-miss
613 http cache https://registry.npmjs.org/cli-spinners 10ms (cache hit)
614 silly packumentCache full:https://registry.npmjs.org/cli-spinners set size:67473 disposed:false
615 silly fetch manifest @adraffy/ens-normalize@^1.10.1
616 silly packumentCache full:https://registry.npmjs.org/@adraffy%2fens-normalize cache-miss
617 http cache https://registry.npmjs.org/string-width 10ms (cache hit)
618 silly packumentCache full:https://registry.npmjs.org/string-width set size:66232 disposed:false
619 silly fetch manifest kleur@^3.0.3
620 silly packumentCache full:https://registry.npmjs.org/kleur cache-miss
621 http cache https://registry.npmjs.org/is-interactive 11ms (cache hit)
622 silly packumentCache full:https://registry.npmjs.org/is-interactive set size:10692 disposed:false
623 silly fetch manifest sisteransi@^1.0.5
624 silly packumentCache full:https://registry.npmjs.org/sisteransi cache-miss
625 http cache https://registry.npmjs.org/stdin-discarder 14ms (cache hit)
626 silly packumentCache full:https://registry.npmjs.org/stdin-discarder set size:13423 disposed:false
627 silly fetch manifest pngjs@^5.0.0
628 silly packumentCache full:https://registry.npmjs.org/pngjs cache-miss
629 http cache https://registry.npmjs.org/@scure%2fbip39 11ms (cache hit)
630 silly packumentCache full:https://registry.npmjs.org/@scure%2fbip39 set size:65580 disposed:false
631 silly fetch manifest yargs@^15.3.1
632 silly packumentCache full:https://registry.npmjs.org/yargs cache-miss
633 http cache https://registry.npmjs.org/@adraffy%2fens-normalize 12ms (cache hit)
634 silly packumentCache full:https://registry.npmjs.org/@adraffy%2fens-normalize set size:148524 disposed:false
635 silly fetch manifest dijkstrajs@^1.0.1
636 silly packumentCache full:https://registry.npmjs.org/dijkstrajs cache-miss
637 http cache https://registry.npmjs.org/is-unicode-supported 17ms (cache hit)
638 silly packumentCache full:https://registry.npmjs.org/is-unicode-supported set size:19461 disposed:false
639 silly fetch manifest encode-utf8@^1.0.3
640 silly packumentCache full:https://registry.npmjs.org/encode-utf8 cache-miss
641 http cache https://registry.npmjs.org/@scure%2fbip32 16ms (cache hit)
642 silly packumentCache full:https://registry.npmjs.org/@scure%2fbip32 set size:67841 disposed:false
643 silly fetch manifest ox@0.9.6
644 silly packumentCache full:https://registry.npmjs.org/ox cache-miss
645 http cache https://registry.npmjs.org/kleur 14ms (cache hit)
646 silly packumentCache full:https://registry.npmjs.org/kleur set size:61853 disposed:false
647 silly fetch manifest ws@8.18.3
648 silly packumentCache full:https://registry.npmjs.org/ws cache-miss
649 http cache https://registry.npmjs.org/sisteransi 14ms (cache hit)
650 silly packumentCache full:https://registry.npmjs.org/sisteransi set size:23215 disposed:false
651 silly fetch manifest isows@1.0.7
652 silly packumentCache full:https://registry.npmjs.org/isows cache-miss
653 http cache https://registry.npmjs.org/pngjs 12ms (cache hit)
654 silly packumentCache full:https://registry.npmjs.org/pngjs set size:70154 disposed:false
655 silly fetch manifest abitype@1.1.0
656 silly packumentCache full:https://registry.npmjs.org/abitype cache-hit
657 silly fetch manifest @scure/bip32@1.7.0
658 silly packumentCache full:https://registry.npmjs.org/@scure%2fbip32 cache-hit
659 silly fetch manifest @scure/bip39@1.6.0
660 silly packumentCache full:https://registry.npmjs.org/@scure%2fbip39 cache-hit
661 silly fetch manifest @noble/curves@1.9.1
662 silly packumentCache full:https://registry.npmjs.org/@noble%2fcurves cache-hit
663 silly fetch manifest @noble/hashes@1.8.0
664 silly packumentCache full:https://registry.npmjs.org/@noble%2fhashes cache-hit
665 silly fetch manifest zod@^3.24.2
666 silly packumentCache full:https://registry.npmjs.org/zod cache-miss
667 http cache https://registry.npmjs.org/encode-utf8 8ms (cache hit)
668 silly packumentCache full:https://registry.npmjs.org/encode-utf8 set size:10725 disposed:false
669 silly fetch manifest wagmi@^2.15.6
670 silly packumentCache full:https://registry.npmjs.org/wagmi cache-miss
671 http cache https://registry.npmjs.org/dijkstrajs 10ms (cache hit)
672 silly packumentCache full:https://registry.npmjs.org/dijkstrajs set size:10832 disposed:false
673 silly fetch manifest @scure/base@^1.2.6
674 silly packumentCache full:https://registry.npmjs.org/@scure%2fbase cache-miss
675 http cache https://registry.npmjs.org/yargs 12ms (cache hit)
676 silly packumentCache full:https://registry.npmjs.org/yargs set size:743056 disposed:false
677 silly fetch manifest @solana/kit@^2.1.1
678 silly packumentCache full:https://registry.npmjs.org/@solana%2fkit cache-miss
679 http cache https://registry.npmjs.org/ox 18ms (cache hit)
680 silly packumentCache full:https://registry.npmjs.org/ox set size:3560482 disposed:false
681 silly fetch manifest @solana-program/token@^0.5.1
682 silly packumentCache full:https://registry.npmjs.org/@solana-program%2ftoken cache-miss
683 http cache https://registry.npmjs.org/ws 44ms (cache hit)
684 silly packumentCache full:https://registry.npmjs.org/ws set size:413307 disposed:false
685 silly fetch manifest @solana-program/token-2022@^0.4.2
686 silly packumentCache full:https://registry.npmjs.org/@solana-program%2ftoken-2022 cache-miss
687 http cache https://registry.npmjs.org/isows 49ms (cache hit)
688 silly packumentCache full:https://registry.npmjs.org/isows set size:83098 disposed:false
689 silly fetch manifest @solana-program/compute-budget@^0.8.0
690 silly packumentCache full:https://registry.npmjs.org/@solana-program%2fcompute-budget cache-miss
691 http cache https://registry.npmjs.org/@scure%2fbase 48ms (cache hit)
692 silly packumentCache full:https://registry.npmjs.org/@scure%2fbase set size:59544 disposed:false
693 silly fetch manifest @solana/transaction-confirmation@^2.1.1
694 silly packumentCache full:https://registry.npmjs.org/@solana%2ftransaction-confirmation cache-miss
695 http cache https://registry.npmjs.org/zod 53ms (cache hit)
696 silly packumentCache full:https://registry.npmjs.org/zod set size:3489329 disposed:false
697 http cache https://registry.npmjs.org/wagmi 73ms (cache hit)
698 silly packumentCache full:https://registry.npmjs.org/wagmi set size:3320348 disposed:false
699 http cache https://registry.npmjs.org/@solana%2fkit 87ms (cache hit)
700 silly packumentCache full:https://registry.npmjs.org/@solana%2fkit set size:2905597 disposed:false
701 http cache https://registry.npmjs.org/@solana-program%2ftoken-2022 86ms (cache hit)
702 silly packumentCache full:https://registry.npmjs.org/@solana-program%2ftoken-2022 set size:48152 disposed:false
703 http cache https://registry.npmjs.org/@solana-program%2ftoken 95ms (cache hit)
704 silly packumentCache full:https://registry.npmjs.org/@solana-program%2ftoken set size:57363 disposed:false
705 http cache https://registry.npmjs.org/@solana-program%2fcompute-budget 87ms (cache hit)
706 silly packumentCache full:https://registry.npmjs.org/@solana-program%2fcompute-budget set size:61360 disposed:false
707 http cache https://registry.npmjs.org/@solana%2ftransaction-confirmation 96ms (cache hit)
708 silly packumentCache full:https://registry.npmjs.org/@solana%2ftransaction-confirmation set size:7620452 disposed:false
709 silly fetch manifest typescript@>=5.4.0
710 silly packumentCache full:https://registry.npmjs.org/typescript cache-miss
711 http cache https://registry.npmjs.org/typescript 39ms (cache hit)
712 silly packumentCache full:https://registry.npmjs.org/typescript set size:15212314 disposed:false
713 silly fetch manifest @types/react@>=18.0.0
714 silly packumentCache full:https://registry.npmjs.org/@types%2freact cache-miss
715 http cache https://registry.npmjs.org/@types%2freact 7ms (cache hit)
716 silly packumentCache full:https://registry.npmjs.org/@types%2freact set size:2584421 disposed:false
717 silly fetch manifest immer@>=9.0.6
718 silly packumentCache full:https://registry.npmjs.org/immer cache-miss
719 http cache https://registry.npmjs.org/immer 8ms (cache hit)
720 silly packumentCache full:https://registry.npmjs.org/immer set size:743795 disposed:false
721 silly fetch manifest react@>=18.0.0
722 silly packumentCache full:https://registry.npmjs.org/react cache-miss
723 http cache https://registry.npmjs.org/react 14ms (cache hit)
724 silly packumentCache full:https://registry.npmjs.org/react set size:6466562 disposed:false
725 silly fetch manifest use-sync-external-store@>=1.2.0
726 silly packumentCache full:https://registry.npmjs.org/use-sync-external-store cache-miss
727 http cache https://registry.npmjs.org/use-sync-external-store 29ms (cache hit)
728 silly packumentCache full:https://registry.npmjs.org/use-sync-external-store set size:4479974 disposed:false
729 silly placeDep ROOT @coinbase/cdp-sdk@1.44.0 OK for: @base-org/account@2.5.0 want: ^1.0.0
730 silly placeDep ROOT brotli-wasm@3.0.1 OK for: @base-org/account@2.5.0 want: ^3.0.0
731 silly placeDep ROOT clsx@1.2.1 OK for: @base-org/account@2.5.0 want: 1.2.1
732 silly placeDep ROOT eventemitter3@5.0.1 OK for: @base-org/account@2.5.0 want: 5.0.1
733 silly placeDep ROOT idb-keyval@6.2.1 OK for: @base-org/account@2.5.0 want: 6.2.1
734 silly placeDep node_modules/@base-org/account ox@0.6.9 OK for: @base-org/account@2.5.0 want: 0.6.9
735 silly placeDep ROOT preact@10.24.2 OK for: @base-org/account@2.5.0 want: 10.24.2
736 silly placeDep ROOT zustand@5.0.3 OK for: @base-org/account@2.5.0 want: 5.0.3
737 silly fetch manifest @solana/kit@^5.1.0
738 silly packumentCache full:https://registry.npmjs.org/@solana%2fkit cache-miss
739 silly fetch manifest @solana-program/token@^0.9.0
740 silly packumentCache full:https://registry.npmjs.org/@solana-program%2ftoken cache-hit
741 silly fetch manifest @solana-program/system@^0.10.0
742 silly packumentCache full:https://registry.npmjs.org/@solana-program%2fsystem cache-miss
743 silly fetch manifest @solana/web3.js@^1.98.1
744 silly packumentCache full:https://registry.npmjs.org/@solana%2fweb3.js cache-miss
745 silly fetch manifest abitype@1.0.6
746 silly packumentCache full:https://registry.npmjs.org/abitype cache-hit
747 silly fetch manifest axios@^1.12.2
748 silly packumentCache full:https://registry.npmjs.org/axios cache-miss
749 silly fetch manifest axios-retry@^4.5.0
750 silly packumentCache full:https://registry.npmjs.org/axios-retry cache-miss
751 silly fetch manifest jose@^6.0.8
752 silly packumentCache full:https://registry.npmjs.org/jose cache-miss
753 silly fetch manifest md5@^2.3.0
754 silly packumentCache full:https://registry.npmjs.org/md5 cache-miss
755 http cache https://registry.npmjs.org/@solana%2fkit 10ms (cache hit)
756 silly packumentCache full:https://registry.npmjs.org/@solana%2fkit set size:2905597 disposed:false
757 silly fetch manifest uncrypto@^0.1.3
758 silly packumentCache full:https://registry.npmjs.org/uncrypto cache-miss
759 http cache https://registry.npmjs.org/axios-retry 36ms (cache hit)
760 silly packumentCache full:https://registry.npmjs.org/axios-retry set size:139286 disposed:false
761 http cache https://registry.npmjs.org/axios 39ms (cache hit)
762 silly packumentCache full:https://registry.npmjs.org/axios set size:751549 disposed:false
763 http cache https://registry.npmjs.org/jose 45ms (cache hit)
764 silly packumentCache full:https://registry.npmjs.org/jose set size:1390941 disposed:false
765 http cache https://registry.npmjs.org/md5 54ms (cache hit)
766 silly packumentCache full:https://registry.npmjs.org/md5 set size:16792 disposed:false
767 http cache https://registry.npmjs.org/@solana-program%2fsystem 60ms (cache hit)
768 silly packumentCache full:https://registry.npmjs.org/@solana-program%2fsystem set size:71376 disposed:false
769 http cache https://registry.npmjs.org/uncrypto 38ms (cache hit)
770 silly packumentCache full:https://registry.npmjs.org/uncrypto set size:15333 disposed:false
771 http cache https://registry.npmjs.org/@solana%2fweb3.js 91ms (cache hit)
772 silly packumentCache full:https://registry.npmjs.org/@solana%2fweb3.js set size:11964965 disposed:false
773 silly fetch manifest typescript@^5.0.0
774 silly packumentCache full:https://registry.npmjs.org/typescript cache-miss
775 http cache https://registry.npmjs.org/typescript 22ms (cache hit)
776 silly packumentCache full:https://registry.npmjs.org/typescript set size:15212314 disposed:false
777 silly fetch manifest zod@^3.24.4
778 silly packumentCache full:https://registry.npmjs.org/zod cache-miss
779 http cache https://registry.npmjs.org/zod 15ms (cache hit)
780 silly packumentCache full:https://registry.npmjs.org/zod set size:3489329 disposed:false
781 silly placeDep ROOT @solana-program/system@0.10.0 OK for: @coinbase/cdp-sdk@1.44.0 want: ^0.10.0
782 silly placeDep ROOT @solana/kit@5.5.1 OK for: @solana-program/system@0.10.0 want: ^5.0
783 silly placeDep ROOT @solana-program/token@0.9.0 OK for: @coinbase/cdp-sdk@1.44.0 want: ^0.9.0
784 silly placeDep ROOT @solana/web3.js@1.98.4 OK for: @coinbase/cdp-sdk@1.44.0 want: ^1.98.1
785 silly placeDep node_modules/@coinbase/cdp-sdk abitype@1.0.6 OK for: @coinbase/cdp-sdk@1.44.0 want: 1.0.6
786 silly placeDep ROOT axios@1.13.4 OK for: @coinbase/cdp-sdk@1.44.0 want: ^1.12.2
787 silly placeDep ROOT axios-retry@4.5.0 OK for: @coinbase/cdp-sdk@1.44.0 want: ^4.5.0
788 silly placeDep ROOT jose@6.1.3 OK for: @coinbase/cdp-sdk@1.44.0 want: ^6.0.8
789 silly placeDep ROOT md5@2.3.0 OK for: @coinbase/cdp-sdk@1.44.0 want: ^2.3.0
790 silly placeDep ROOT uncrypto@0.1.3 OK for: @coinbase/cdp-sdk@1.44.0 want: ^0.1.3
791 silly fetch manifest @solana/rpc@5.5.1
792 silly packumentCache full:https://registry.npmjs.org/@solana%2frpc cache-miss
793 silly fetch manifest @solana/keys@5.5.1
794 silly packumentCache full:https://registry.npmjs.org/@solana%2fkeys cache-miss
795 silly fetch manifest @solana/codecs@5.5.1
796 silly packumentCache full:https://registry.npmjs.org/@solana%2fcodecs cache-miss
797 silly fetch manifest @solana/errors@5.5.1
798 silly packumentCache full:https://registry.npmjs.org/@solana%2ferrors cache-miss
799 silly fetch manifest @solana/rpc-api@5.5.1
800 silly packumentCache full:https://registry.npmjs.org/@solana%2frpc-api cache-miss
801 silly fetch manifest @solana/signers@5.5.1
802 silly packumentCache full:https://registry.npmjs.org/@solana%2fsigners cache-miss
803 silly fetch manifest @solana/sysvars@5.5.1
804 silly packumentCache full:https://registry.npmjs.org/@solana%2fsysvars cache-miss
805 http cache https://registry.npmjs.org/@solana%2fcodecs 23ms (cache hit)
806 silly packumentCache full:https://registry.npmjs.org/@solana%2fcodecs set size:7202046 disposed:false
807 silly fetch manifest @solana/accounts@5.5.1
808 silly packumentCache full:https://registry.npmjs.org/@solana%2faccounts cache-miss
809 http cache https://registry.npmjs.org/@solana%2frpc 67ms (cache hit)
810 silly packumentCache full:https://registry.npmjs.org/@solana%2frpc set size:7380040 disposed:false
811 silly fetch manifest @solana/programs@5.5.1
812 silly packumentCache full:https://registry.npmjs.org/@solana%2fprograms cache-miss
813 http cache https://registry.npmjs.org/@solana%2ferrors 109ms (cache hit)
814 silly packumentCache full:https://registry.npmjs.org/@solana%2ferrors set size:7866547 disposed:false
815 silly fetch manifest @solana/addresses@5.5.1
816 silly packumentCache full:https://registry.npmjs.org/@solana%2faddresses cache-miss
817 http cache https://registry.npmjs.org/@solana%2frpc-api 169ms (cache hit)
818 silly packumentCache full:https://registry.npmjs.org/@solana%2frpc-api set size:8231858 disposed:false
819 silly fetch manifest @solana/rpc-types@5.5.1
820 silly packumentCache full:https://registry.npmjs.org/@solana%2frpc-types cache-miss
821 http cache https://registry.npmjs.org/@solana%2fsigners 202ms (cache hit)
822 silly packumentCache full:https://registry.npmjs.org/@solana%2fsigners set size:8183544 disposed:false
823 silly fetch manifest @solana/functional@5.5.1
824 silly packumentCache full:https://registry.npmjs.org/@solana%2ffunctional cache-miss
825 http cache https://registry.npmjs.org/@solana%2fkeys 249ms (cache hit)
826 silly packumentCache full:https://registry.npmjs.org/@solana%2fkeys set size:10445333 disposed:false
827 silly fetch manifest @solana/plugin-core@5.5.1
828 silly packumentCache full:https://registry.npmjs.org/@solana%2fplugin-core cache-miss
829 http cache https://registry.npmjs.org/@solana%2fsysvars 319ms (cache hit)
830 silly packumentCache full:https://registry.npmjs.org/@solana%2fsysvars set size:6989514 disposed:false
831 silly fetch manifest @solana/instructions@5.5.1
832 silly packumentCache full:https://registry.npmjs.org/@solana%2finstructions cache-miss
833 http cache https://registry.npmjs.org/@solana%2fplugin-core 37ms (cache hit)
834 silly packumentCache full:https://registry.npmjs.org/@solana%2fplugin-core set size:489046 disposed:false
835 silly fetch manifest @solana/transactions@5.5.1
836 silly packumentCache full:https://registry.npmjs.org/@solana%2ftransactions cache-miss
837 http cache https://registry.npmjs.org/@solana%2ffunctional 124ms (cache hit)
838 silly packumentCache full:https://registry.npmjs.org/@solana%2ffunctional set size:8903232 disposed:false
839 silly fetch manifest @solana/rpc-spec-types@5.5.1
840 silly packumentCache full:https://registry.npmjs.org/@solana%2frpc-spec-types cache-miss
841 http cache https://registry.npmjs.org/@solana%2faddresses 261ms (cache hit)
842 silly packumentCache full:https://registry.npmjs.org/@solana%2faddresses set size:9550290 disposed:false
843 silly fetch manifest @solana/rpc-parsed-types@5.5.1
844 silly packumentCache full:https://registry.npmjs.org/@solana%2frpc-parsed-types cache-miss
845 http cache https://registry.npmjs.org/@solana%2faccounts 409ms (cache hit)
846 silly packumentCache full:https://registry.npmjs.org/@solana%2faccounts set size:7909718 disposed:false
847 silly fetch manifest @solana/instruction-plans@5.5.1
848 silly packumentCache full:https://registry.npmjs.org/@solana%2finstruction-plans cache-miss
849 http cache https://registry.npmjs.org/@solana%2frpc-types 319ms (cache hit)
850 silly packumentCache full:https://registry.npmjs.org/@solana%2frpc-types set size:9114215 disposed:false
851 silly fetch manifest @solana/offchain-messages@5.5.1
852 silly packumentCache full:https://registry.npmjs.org/@solana%2foffchain-messages cache-miss
853 http cache https://registry.npmjs.org/@solana%2fprograms 470ms (cache hit)
854 silly packumentCache full:https://registry.npmjs.org/@solana%2fprograms set size:7536886 disposed:false
855 silly fetch manifest @solana/rpc-subscriptions@5.5.1
856 silly packumentCache full:https://registry.npmjs.org/@solana%2frpc-subscriptions cache-miss
857 http cache https://registry.npmjs.org/@solana%2finstruction-plans 101ms (cache hit)
858 silly packumentCache full:https://registry.npmjs.org/@solana%2finstruction-plans set size:1331040 disposed:false
859 silly fetch manifest @solana/transaction-messages@5.5.1
860 silly packumentCache full:https://registry.npmjs.org/@solana%2ftransaction-messages cache-miss
861 http cache https://registry.npmjs.org/@solana%2foffchain-messages 48ms (cache hit)
862 silly packumentCache full:https://registry.npmjs.org/@solana%2foffchain-messages set size:598724 disposed:false
863 silly fetch manifest @solana/transaction-confirmation@5.5.1
864 silly packumentCache full:https://registry.npmjs.org/@solana%2ftransaction-confirmation cache-miss
865 http cache https://registry.npmjs.org/@solana%2finstructions 283ms (cache hit)
866 silly packumentCache full:https://registry.npmjs.org/@solana%2finstructions set size:9344046 disposed:false
867 silly fetch manifest bs58@^4.0.1
868 silly packumentCache full:https://registry.npmjs.org/bs58 cache-miss
869 http cache https://registry.npmjs.org/@solana%2ftransactions 322ms (cache hit)
870 silly packumentCache full:https://registry.npmjs.org/@solana%2ftransactions set size:9888319 disposed:false
871 silly fetch manifest bn.js@^5.2.1
872 silly packumentCache full:https://registry.npmjs.org/bn.js cache-miss
873 http cache https://registry.npmjs.org/@solana%2frpc-spec-types 335ms (cache hit)
874 silly packumentCache full:https://registry.npmjs.org/@solana%2frpc-spec-types set size:7505427 disposed:false
875 silly fetch manifest borsh@^0.7.0
876 silly packumentCache full:https://registry.npmjs.org/borsh cache-miss
877 http cache https://registry.npmjs.org/@solana%2frpc-subscriptions 193ms (cache hit)
878 silly packumentCache full:https://registry.npmjs.org/@solana%2frpc-subscriptions set size:7651366 disposed:false
879 silly fetch manifest buffer@6.0.3
880 silly packumentCache full:https://registry.npmjs.org/buffer cache-miss
881 http cache https://registry.npmjs.org/bs58 157ms (cache hit)
882 silly packumentCache full:https://registry.npmjs.org/bs58 set size:28639 disposed:false
883 silly fetch manifest jayson@^4.1.1
884 silly packumentCache full:https://registry.npmjs.org/jayson cache-miss
885 http cache https://registry.npmjs.org/bn.js 88ms (cache hit)
886 silly packumentCache full:https://registry.npmjs.org/bn.js set size:185129 disposed:false
887 silly fetch manifest node-fetch@^2.7.0
888 silly packumentCache full:https://registry.npmjs.org/node-fetch cache-miss
889 http cache https://registry.npmjs.org/@solana%2frpc-parsed-types 371ms (cache hit)
890 silly packumentCache full:https://registry.npmjs.org/@solana%2frpc-parsed-types set size:7486428 disposed:false
891 silly fetch manifest superstruct@^2.0.2
892 silly packumentCache full:https://registry.npmjs.org/superstruct cache-miss
893 http cache https://registry.npmjs.org/@solana%2ftransaction-confirmation 248ms (cache hit)
894 silly packumentCache full:https://registry.npmjs.org/@solana%2ftransaction-confirmation set size:7620452 disposed:false
895 silly fetch manifest @babel/runtime@^7.25.0
896 silly packumentCache full:https://registry.npmjs.org/@babel%2fruntime cache-miss
897 http cache https://registry.npmjs.org/@solana%2ftransaction-messages 313ms (cache hit)
898 silly packumentCache full:https://registry.npmjs.org/@solana%2ftransaction-messages set size:6903058 disposed:false
899 silly fetch manifest agentkeepalive@^4.5.0
900 silly packumentCache full:https://registry.npmjs.org/agentkeepalive cache-miss
901 http cache https://registry.npmjs.org/borsh 167ms (cache hit)
902 silly packumentCache full:https://registry.npmjs.org/borsh set size:31810 disposed:false
903 silly fetch manifest rpc-websockets@^9.0.2
904 silly packumentCache full:https://registry.npmjs.org/rpc-websockets cache-miss
905 http cache https://registry.npmjs.org/buffer 139ms (cache hit)
906 silly packumentCache full:https://registry.npmjs.org/buffer set size:280480 disposed:false
907 silly fetch manifest @solana/buffer-layout@^4.0.1
908 silly packumentCache full:https://registry.npmjs.org/@solana%2fbuffer-layout cache-miss
909 http cache https://registry.npmjs.org/jayson 135ms (cache hit)
910 silly packumentCache full:https://registry.npmjs.org/jayson set size:233255 disposed:false
911 silly fetch manifest fast-stable-stringify@^1.0.0
912 silly packumentCache full:https://registry.npmjs.org/fast-stable-stringify cache-miss
913 http cache https://registry.npmjs.org/superstruct 103ms (cache hit)
914 silly packumentCache full:https://registry.npmjs.org/superstruct set size:403823 disposed:false
915 silly fetch manifest @solana/codecs-numbers@^2.1.0
916 silly packumentCache full:https://registry.npmjs.org/@solana%2fcodecs-numbers cache-miss
917 http cache https://registry.npmjs.org/@babel%2fruntime 46ms (cache hit)
918 silly packumentCache full:https://registry.npmjs.org/@babel%2fruntime set size:3305729 disposed:false
919 silly fetch manifest follow-redirects@^1.15.6
920 silly packumentCache full:https://registry.npmjs.org/follow-redirects cache-miss
921 http cache https://registry.npmjs.org/node-fetch 179ms (cache hit)
922 silly packumentCache full:https://registry.npmjs.org/node-fetch set size:896010 disposed:false
923 silly fetch manifest form-data@^4.0.4
924 silly packumentCache full:https://registry.npmjs.org/form-data cache-miss
925 http cache https://registry.npmjs.org/agentkeepalive 66ms (cache hit)
926 silly packumentCache full:https://registry.npmjs.org/agentkeepalive set size:139473 disposed:false
927 silly fetch manifest proxy-from-env@^1.1.0
928 silly packumentCache full:https://registry.npmjs.org/proxy-from-env cache-miss
929 http cache https://registry.npmjs.org/rpc-websockets 67ms (cache hit)
930 silly packumentCache full:https://registry.npmjs.org/rpc-websockets set size:442132 disposed:false
931 silly fetch manifest is-retry-allowed@^2.2.0
932 silly packumentCache full:https://registry.npmjs.org/is-retry-allowed cache-miss
933 http cache https://registry.npmjs.org/@solana%2fbuffer-layout 66ms (cache hit)
934 silly packumentCache full:https://registry.npmjs.org/@solana%2fbuffer-layout set size:26557 disposed:false
935 silly fetch manifest crypt@0.0.2
936 silly packumentCache full:https://registry.npmjs.org/crypt cache-miss
937 http cache https://registry.npmjs.org/fast-stable-stringify 66ms (cache hit)
938 silly packumentCache full:https://registry.npmjs.org/fast-stable-stringify set size:14479 disposed:false
939 silly fetch manifest charenc@0.0.2
940 silly packumentCache full:https://registry.npmjs.org/charenc cache-miss
941 http cache https://registry.npmjs.org/follow-redirects 47ms (cache hit)
942 silly packumentCache full:https://registry.npmjs.org/follow-redirects set size:186700 disposed:false
943 silly fetch manifest is-buffer@~1.1.6
944 silly packumentCache full:https://registry.npmjs.org/is-buffer cache-miss
945 http cache https://registry.npmjs.org/@solana%2fcodecs-numbers 79ms (cache hit)
946 silly packumentCache full:https://registry.npmjs.org/@solana%2fcodecs-numbers set size:8941837 disposed:false
947 http cache https://registry.npmjs.org/form-data 92ms (cache hit)
948 silly packumentCache full:https://registry.npmjs.org/form-data set size:153646 disposed:false
949 http cache https://registry.npmjs.org/proxy-from-env 92ms (cache hit)
950 silly packumentCache full:https://registry.npmjs.org/proxy-from-env set size:15831 disposed:false
951 http cache https://registry.npmjs.org/is-retry-allowed 86ms (cache hit)
952 silly packumentCache full:https://registry.npmjs.org/is-retry-allowed set size:18061 disposed:false
953 http cache https://registry.npmjs.org/crypt 85ms (cache hit)
954 silly packumentCache full:https://registry.npmjs.org/crypt set size:4414 disposed:false
955 http cache https://registry.npmjs.org/charenc 84ms (cache hit)
956 silly packumentCache full:https://registry.npmjs.org/charenc set size:4415 disposed:false
957 http cache https://registry.npmjs.org/is-buffer 81ms (cache hit)
958 silly packumentCache full:https://registry.npmjs.org/is-buffer set size:34803 disposed:false
959 silly fetch manifest react@>=16.8.0
960 silly packumentCache full:https://registry.npmjs.org/react cache-miss
961 http cache https://registry.npmjs.org/react 10ms (cache hit)
962 silly packumentCache full:https://registry.npmjs.org/react set size:6466562 disposed:false
963 silly placeDep ROOT @babel/runtime@7.28.6 OK for: @emotion/react@11.14.0 want: ^7.18.3
964 silly placeDep ROOT @emotion/babel-plugin@11.13.5 OK for: @emotion/react@11.14.0 want: ^11.13.5
965 silly placeDep ROOT @emotion/cache@11.14.0 OK for: @emotion/react@11.14.0 want: ^11.14.0
966 silly placeDep ROOT @emotion/serialize@1.3.3 OK for: @emotion/react@11.14.0 want: ^1.3.3
967 silly placeDep ROOT @emotion/use-insertion-effect-with-fallbacks@1.2.0 OK for: @emotion/react@11.14.0 want: ^1.2.0
968 silly placeDep ROOT @emotion/utils@1.4.2 OK for: @emotion/react@11.14.0 want: ^1.4.2
969 silly placeDep ROOT @emotion/weak-memoize@0.4.0 OK for: @emotion/react@11.14.0 want: ^0.4.0
970 silly placeDep ROOT hoist-non-react-statics@3.3.2 OK for: @emotion/react@11.14.0 want: ^3.3.1
971 silly fetch manifest @babel/helper-module-imports@^7.16.7
972 silly packumentCache full:https://registry.npmjs.org/@babel%2fhelper-module-imports cache-miss
973 silly fetch manifest @emotion/hash@^0.9.2
974 silly packumentCache full:https://registry.npmjs.org/@emotion%2fhash cache-miss
975 silly fetch manifest @emotion/memoize@^0.9.0
976 silly packumentCache full:https://registry.npmjs.org/@emotion%2fmemoize cache-miss
977 silly fetch manifest babel-plugin-macros@^3.1.0
978 silly packumentCache full:https://registry.npmjs.org/babel-plugin-macros cache-miss
979 silly fetch manifest convert-source-map@^1.5.0
980 silly packumentCache full:https://registry.npmjs.org/convert-source-map cache-miss
981 silly fetch manifest escape-string-regexp@^4.0.0
982 silly packumentCache full:https://registry.npmjs.org/escape-string-regexp cache-miss
983 silly fetch manifest find-root@^1.1.0
984 silly packumentCache full:https://registry.npmjs.org/find-root cache-miss
985 http cache https://registry.npmjs.org/babel-plugin-macros 7ms (cache hit)
986 silly packumentCache full:https://registry.npmjs.org/babel-plugin-macros set size:124320 disposed:false
987 silly fetch manifest source-map@^0.5.7
988 silly packumentCache full:https://registry.npmjs.org/source-map cache-miss
989 http cache https://registry.npmjs.org/@emotion%2fhash 11ms (cache hit)
990 silly packumentCache full:https://registry.npmjs.org/@emotion%2fhash set size:40996 disposed:false
991 silly fetch manifest stylis@4.2.0
992 silly packumentCache full:https://registry.npmjs.org/stylis cache-miss
993 http cache https://registry.npmjs.org/@emotion%2fmemoize 11ms (cache hit)
994 silly packumentCache full:https://registry.npmjs.org/@emotion%2fmemoize set size:42731 disposed:false
995 silly fetch manifest @emotion/sheet@^1.4.0
996 silly packumentCache full:https://registry.npmjs.org/@emotion%2fsheet cache-miss
997 http cache https://registry.npmjs.org/@babel%2fhelper-module-imports 12ms (cache hit)
998 silly packumentCache full:https://registry.npmjs.org/@babel%2fhelper-module-imports set size:189601 disposed:false
999 silly fetch manifest stylis@4.2.0
1000 silly packumentCache full:https://registry.npmjs.org/stylis cache-miss
1001 http cache https://registry.npmjs.org/escape-string-regexp 13ms (cache hit)
1002 silly packumentCache full:https://registry.npmjs.org/escape-string-regexp set size:22244 disposed:false
1003 silly fetch manifest @emotion/unitless@^0.10.0
1004 silly packumentCache full:https://registry.npmjs.org/@emotion%2funitless cache-miss
1005 http cache https://registry.npmjs.org/convert-source-map 14ms (cache hit)
1006 silly packumentCache full:https://registry.npmjs.org/convert-source-map set size:66997 disposed:false
1007 silly fetch manifest csstype@^3.0.2
1008 silly packumentCache full:https://registry.npmjs.org/csstype cache-miss
1009 http cache https://registry.npmjs.org/find-root 17ms (cache hit)
1010 silly packumentCache full:https://registry.npmjs.org/find-root set size:9367 disposed:false
1011 silly fetch manifest react-is@^16.7.0
1012 silly packumentCache full:https://registry.npmjs.org/react-is cache-miss
1013 http cache https://registry.npmjs.org/@emotion%2fsheet 9ms (cache hit)
1014 silly packumentCache full:https://registry.npmjs.org/@emotion%2fsheet set size:96903 disposed:false
1015 http cache https://registry.npmjs.org/stylis 11ms (cache hit)
1016 silly packumentCache full:https://registry.npmjs.org/stylis set size:334780 disposed:false
1017 http cache https://registry.npmjs.org/source-map 15ms (cache hit)
1018 silly packumentCache full:https://registry.npmjs.org/source-map set size:226141 disposed:false
1019 http cache https://registry.npmjs.org/stylis 14ms (cache hit)
1020 silly packumentCache full:https://registry.npmjs.org/stylis set size:334780 disposed:false
1021 silly packumentCache full:https://registry.npmjs.org/stylis dispose
1022 http cache https://registry.npmjs.org/@emotion%2funitless 16ms (cache hit)
1023 silly packumentCache full:https://registry.npmjs.org/@emotion%2funitless set size:45815 disposed:false
1024 http cache https://registry.npmjs.org/csstype 17ms (cache hit)
1025 silly packumentCache full:https://registry.npmjs.org/csstype set size:274189 disposed:false
1026 http cache https://registry.npmjs.org/react-is 31ms (cache hit)
1027 silly packumentCache full:https://registry.npmjs.org/react-is set size:5237416 disposed:false
1028 silly placeDep ROOT @babel/helper-module-imports@7.28.6 OK for: @emotion/babel-plugin@11.13.5 want: ^7.16.7
1029 silly placeDep ROOT @emotion/hash@0.9.2 OK for: @emotion/babel-plugin@11.13.5 want: ^0.9.2
1030 silly placeDep ROOT @emotion/memoize@0.9.0 OK for: @emotion/babel-plugin@11.13.5 want: ^0.9.0
1031 silly placeDep ROOT babel-plugin-macros@3.1.0 OK for: @emotion/babel-plugin@11.13.5 want: ^3.1.0
1032 silly placeDep ROOT convert-source-map@1.9.0 OK for: @emotion/babel-plugin@11.13.5 want: ^1.5.0
1033 silly placeDep ROOT escape-string-regexp@4.0.0 OK for: @emotion/babel-plugin@11.13.5 want: ^4.0.0
1034 silly placeDep ROOT find-root@1.1.0 OK for: @emotion/babel-plugin@11.13.5 want: ^1.1.0
1035 silly placeDep ROOT source-map@0.5.7 OK for: @emotion/babel-plugin@11.13.5 want: ^0.5.7
1036 silly placeDep ROOT stylis@4.2.0 OK for: @emotion/babel-plugin@11.13.5 want: 4.2.0
1037 silly fetch manifest @babel/types@^7.28.6
1038 silly packumentCache full:https://registry.npmjs.org/@babel%2ftypes cache-miss
1039 silly fetch manifest @babel/traverse@^7.28.6
1040 silly packumentCache full:https://registry.npmjs.org/@babel%2ftraverse cache-miss
1041 silly fetch manifest cosmiconfig@^7.0.0
1042 silly packumentCache full:https://registry.npmjs.org/cosmiconfig cache-miss
1043 silly fetch manifest resolve@^1.19.0
1044 silly packumentCache full:https://registry.npmjs.org/resolve cache-miss
1045 http cache https://registry.npmjs.org/@babel%2ftraverse 8ms (cache hit)
1046 silly packumentCache full:https://registry.npmjs.org/@babel%2ftraverse set size:544276 disposed:false
1047 http cache https://registry.npmjs.org/resolve 11ms (cache hit)
1048 silly packumentCache full:https://registry.npmjs.org/resolve set size:246681 disposed:false
1049 http cache https://registry.npmjs.org/cosmiconfig 15ms (cache hit)
1050 silly packumentCache full:https://registry.npmjs.org/cosmiconfig set size:275399 disposed:false
1051 http cache https://registry.npmjs.org/@babel%2ftypes 18ms (cache hit)
1052 silly packumentCache full:https://registry.npmjs.org/@babel%2ftypes set size:483793 disposed:false
1053 silly placeDep ROOT @babel/traverse@7.29.0 OK for: @babel/helper-module-imports@7.28.6 want: ^7.28.6
1054 silly placeDep ROOT @babel/types@7.29.0 OK for: @babel/helper-module-imports@7.28.6 want: ^7.28.6
1055 silly fetch manifest debug@^4.3.1
1056 silly packumentCache full:https://registry.npmjs.org/debug cache-miss
1057 silly fetch manifest @babel/types@^7.29.0
1058 silly packumentCache full:https://registry.npmjs.org/@babel%2ftypes cache-hit
1059 silly fetch manifest @babel/parser@^7.29.0
1060 silly packumentCache full:https://registry.npmjs.org/@babel%2fparser cache-miss
1061 silly fetch manifest @babel/template@^7.28.6
1062 silly packumentCache full:https://registry.npmjs.org/@babel%2ftemplate cache-miss
1063 silly fetch manifest @babel/generator@^7.29.0
1064 silly packumentCache full:https://registry.npmjs.org/@babel%2fgenerator cache-miss
1065 silly fetch manifest @babel/code-frame@^7.29.0
1066 silly packumentCache full:https://registry.npmjs.org/@babel%2fcode-frame cache-miss
1067 silly fetch manifest @babel/helper-globals@^7.28.0
1068 silly packumentCache full:https://registry.npmjs.org/@babel%2fhelper-globals cache-miss
1069 silly fetch manifest @babel/helper-string-parser@^7.27.1
1070 silly packumentCache full:https://registry.npmjs.org/@babel%2fhelper-string-parser cache-miss
1071 http cache https://registry.npmjs.org/debug 7ms (cache hit)
1072 silly packumentCache full:https://registry.npmjs.org/debug set size:195840 disposed:false
1073 silly fetch manifest @babel/helper-validator-identifier@^7.28.5
1074 silly packumentCache full:https://registry.npmjs.org/@babel%2fhelper-validator-identifier cache-miss
1075 http cache https://registry.npmjs.org/@babel%2ftemplate 10ms (cache hit)
1076 silly packumentCache full:https://registry.npmjs.org/@babel%2ftemplate set size:223320 disposed:false
1077 http cache https://registry.npmjs.org/@babel%2fgenerator 12ms (cache hit)
1078 silly packumentCache full:https://registry.npmjs.org/@babel%2fgenerator set size:502715 disposed:false
1079 http cache https://registry.npmjs.org/@babel%2fparser 15ms (cache hit)
1080 silly packumentCache full:https://registry.npmjs.org/@babel%2fparser set size:711883 disposed:false
1081 http cache https://registry.npmjs.org/@babel%2fcode-frame 20ms (cache hit)
1082 silly packumentCache full:https://registry.npmjs.org/@babel%2fcode-frame set size:192156 disposed:false
1083 http cache https://registry.npmjs.org/@babel%2fhelper-globals 21ms (cache hit)
1084 silly packumentCache full:https://registry.npmjs.org/@babel%2fhelper-globals set size:11775 disposed:false
1085 http cache https://registry.npmjs.org/@babel%2fhelper-string-parser 21ms (cache hit)
1086 silly packumentCache full:https://registry.npmjs.org/@babel%2fhelper-string-parser set size:78394 disposed:false
1087 http cache https://registry.npmjs.org/@babel%2fhelper-validator-identifier 17ms (cache hit)
1088 silly packumentCache full:https://registry.npmjs.org/@babel%2fhelper-validator-identifier set size:112652 disposed:false
1089 silly placeDep ROOT @babel/code-frame@7.29.0 OK for: @babel/traverse@7.29.0 want: ^7.29.0
1090 silly placeDep ROOT @babel/generator@7.29.1 OK for: @babel/traverse@7.29.0 want: ^7.29.0
1091 silly placeDep ROOT @babel/helper-globals@7.28.0 OK for: @babel/traverse@7.29.0 want: ^7.28.0
1092 silly placeDep ROOT @babel/parser@7.29.0 OK for: @babel/traverse@7.29.0 want: ^7.29.0
1093 silly placeDep ROOT @babel/template@7.28.6 OK for: @babel/traverse@7.29.0 want: ^7.28.6
1094 silly placeDep ROOT debug@4.4.3 OK for: @babel/traverse@7.29.0 want: ^4.3.1
1095 silly fetch manifest js-tokens@^4.0.0
1096 silly packumentCache full:https://registry.npmjs.org/js-tokens cache-miss
1097 silly fetch manifest picocolors@^1.1.1
1098 silly packumentCache full:https://registry.npmjs.org/picocolors cache-miss
1099 silly fetch manifest @jridgewell/gen-mapping@^0.3.12
1100 silly packumentCache full:https://registry.npmjs.org/@jridgewell%2fgen-mapping cache-miss
1101 silly fetch manifest @jridgewell/trace-mapping@^0.3.28
1102 silly packumentCache full:https://registry.npmjs.org/@jridgewell%2ftrace-mapping cache-miss
1103 silly fetch manifest jsesc@^3.0.2
1104 silly packumentCache full:https://registry.npmjs.org/jsesc cache-miss
1105 silly fetch manifest ms@^2.1.3
1106 silly packumentCache full:https://registry.npmjs.org/ms cache-miss
1107 http cache https://registry.npmjs.org/js-tokens 12ms (cache hit)
1108 silly packumentCache full:https://registry.npmjs.org/js-tokens set size:41947 disposed:false
1109 http cache https://registry.npmjs.org/picocolors 13ms (cache hit)
1110 silly packumentCache full:https://registry.npmjs.org/picocolors set size:16648 disposed:false
1111 http cache https://registry.npmjs.org/@jridgewell%2fgen-mapping 14ms (cache hit)
1112 silly packumentCache full:https://registry.npmjs.org/@jridgewell%2fgen-mapping set size:80719 disposed:false
1113 http cache https://registry.npmjs.org/jsesc 15ms (cache hit)
1114 silly packumentCache full:https://registry.npmjs.org/jsesc set size:61512 disposed:false
1115 http cache https://registry.npmjs.org/ms 15ms (cache hit)
1116 silly packumentCache full:https://registry.npmjs.org/ms set size:92208 disposed:false
1117 http cache https://registry.npmjs.org/@jridgewell%2ftrace-mapping 17ms (cache hit)
1118 silly packumentCache full:https://registry.npmjs.org/@jridgewell%2ftrace-mapping set size:170909 disposed:false
1119 silly placeDep ROOT @babel/helper-validator-identifier@7.28.5 OK for: @babel/code-frame@7.29.0 want: ^7.28.5
1120 silly placeDep ROOT js-tokens@4.0.0 OK for: @babel/code-frame@7.29.0 want: ^4.0.0
1121 silly placeDep ROOT picocolors@1.1.1 OK for: @babel/code-frame@7.29.0 want: ^1.1.1
1122 silly placeDep ROOT @jridgewell/gen-mapping@0.3.13 OK for: @babel/generator@7.29.1 want: ^0.3.12
1123 silly placeDep ROOT @jridgewell/trace-mapping@0.3.31 OK for: @babel/generator@7.29.1 want: ^0.3.28
1124 silly placeDep ROOT jsesc@3.1.0 OK for: @babel/generator@7.29.1 want: ^3.0.2
1125 silly fetch manifest @jridgewell/sourcemap-codec@^1.5.0
1126 silly packumentCache full:https://registry.npmjs.org/@jridgewell%2fsourcemap-codec cache-miss
1127 silly fetch manifest @jridgewell/trace-mapping@^0.3.24
1128 silly packumentCache full:https://registry.npmjs.org/@jridgewell%2ftrace-mapping cache-hit
1129 silly fetch manifest @jridgewell/resolve-uri@^3.1.0
1130 silly packumentCache full:https://registry.npmjs.org/@jridgewell%2fresolve-uri cache-miss
1131 silly fetch manifest @jridgewell/sourcemap-codec@^1.4.14
1132 silly packumentCache full:https://registry.npmjs.org/@jridgewell%2fsourcemap-codec cache-miss
1133 http cache https://registry.npmjs.org/@jridgewell%2fresolve-uri 4ms (cache hit)
1134 silly packumentCache full:https://registry.npmjs.org/@jridgewell%2fresolve-uri set size:57361 disposed:false
1135 http cache https://registry.npmjs.org/@jridgewell%2fsourcemap-codec 6ms (cache hit)
1136 silly packumentCache full:https://registry.npmjs.org/@jridgewell%2fsourcemap-codec set size:59275 disposed:false
1137 http cache https://registry.npmjs.org/@jridgewell%2fsourcemap-codec 6ms (cache hit)
1138 silly packumentCache full:https://registry.npmjs.org/@jridgewell%2fsourcemap-codec set size:59275 disposed:false
1139 silly packumentCache full:https://registry.npmjs.org/@jridgewell%2fsourcemap-codec dispose
1140 silly placeDep ROOT @babel/helper-string-parser@7.27.1 OK for: @babel/types@7.29.0 want: ^7.27.1
1141 silly placeDep ROOT @emotion/sheet@1.4.0 OK for: @emotion/cache@11.14.0 want: ^1.4.0
1142 silly placeDep ROOT @emotion/unitless@0.10.0 OK for: @emotion/serialize@1.3.3 want: ^0.10.0
1143 silly placeDep ROOT csstype@3.2.3 OK for: @emotion/serialize@1.3.3 want: ^3.0.2
1144 silly placeDep ROOT @emotion/is-prop-valid@1.4.0 OK for: @emotion/styled@11.14.1 want: ^1.3.0
1145 silly placeDep ROOT @jridgewell/sourcemap-codec@1.5.5 OK for: @jridgewell/gen-mapping@0.3.13 want: ^1.5.0
1146 silly placeDep ROOT @jridgewell/resolve-uri@3.1.2 OK for: @jridgewell/trace-mapping@0.3.31 want: ^3.1.0
1147 silly fetch manifest react@^16.8 || ^17.0 || ^18.0 || ^19.0 || ^19.0.0-rc
1148 silly packumentCache full:https://registry.npmjs.org/react cache-miss
1149 http cache https://registry.npmjs.org/react 16ms (cache hit)
1150 silly packumentCache full:https://registry.npmjs.org/react set size:6466562 disposed:false
1151 silly placeDep ROOT @radix-ui/primitive@1.1.2 OK for: @radix-ui/react-dialog@1.1.14 want: 1.1.2
1152 silly placeDep ROOT @radix-ui/react-compose-refs@1.1.2 OK for: @radix-ui/react-dialog@1.1.14 want: 1.1.2
1153 silly placeDep ROOT @radix-ui/react-context@1.1.2 OK for: @radix-ui/react-dialog@1.1.14 want: 1.1.2
1154 silly placeDep ROOT @radix-ui/react-dismissable-layer@1.1.10 OK for: @radix-ui/react-dialog@1.1.14 want: 1.1.10
1155 silly placeDep ROOT @radix-ui/react-focus-guards@1.1.2 OK for: @radix-ui/react-dialog@1.1.14 want: 1.1.2
1156 silly placeDep ROOT @radix-ui/react-id@1.1.1 OK for: @radix-ui/react-dialog@1.1.14 want: 1.1.1
1157 silly placeDep ROOT @radix-ui/react-portal@1.1.9 OK for: @radix-ui/react-dialog@1.1.14 want: 1.1.9
1158 silly placeDep ROOT @radix-ui/react-presence@1.1.4 OK for: @radix-ui/react-dialog@1.1.14 want: 1.1.4
1159 silly placeDep ROOT @radix-ui/react-primitive@2.1.3 OK for: @radix-ui/react-dialog@1.1.14 want: 2.1.3
1160 silly placeDep ROOT @radix-ui/react-slot@1.2.3 OK for: @radix-ui/react-dialog@1.1.14 want: 1.2.3
1161 silly placeDep ROOT @radix-ui/react-use-controllable-state@1.2.2 OK for: @radix-ui/react-dialog@1.1.14 want: 1.2.2
1162 silly placeDep ROOT aria-hidden@1.2.6 OK for: @radix-ui/react-dialog@1.1.14 want: ^1.2.4
1163 silly placeDep ROOT react-remove-scroll@2.7.2 OK for: @radix-ui/react-dialog@1.1.14 want: ^2.6.3
1164 silly fetch manifest @radix-ui/react-use-escape-keydown@1.1.1
1165 silly packumentCache full:https://registry.npmjs.org/@radix-ui%2freact-use-escape-keydown cache-miss
1166 silly fetch manifest @radix-ui/react-use-layout-effect@1.1.1
1167 silly packumentCache full:https://registry.npmjs.org/@radix-ui%2freact-use-layout-effect cache-miss
1168 silly fetch manifest @radix-ui/react-use-layout-effect@1.1.1
1169 silly packumentCache full:https://registry.npmjs.org/@radix-ui%2freact-use-layout-effect cache-miss
1170 silly fetch manifest @radix-ui/react-use-layout-effect@1.1.1
1171 silly packumentCache full:https://registry.npmjs.org/@radix-ui%2freact-use-layout-effect cache-miss
1172 silly fetch manifest @radix-ui/react-use-effect-event@0.0.2
1173 silly packumentCache full:https://registry.npmjs.org/@radix-ui%2freact-use-effect-event cache-miss
1174 silly fetch manifest @radix-ui/react-use-layout-effect@1.1.1
1175 silly packumentCache full:https://registry.npmjs.org/@radix-ui%2freact-use-layout-effect cache-miss
1176 silly fetch manifest tslib@^2.0.0
1177 silly packumentCache full:https://registry.npmjs.org/tslib cache-miss
1178 http cache https://registry.npmjs.org/tslib 19ms (cache hit)
1179 silly packumentCache full:https://registry.npmjs.org/tslib set size:108760 disposed:false
1180 silly fetch manifest react-remove-scroll-bar@^2.3.7
1181 silly packumentCache full:https://registry.npmjs.org/react-remove-scroll-bar cache-miss
1182 http cache https://registry.npmjs.org/@radix-ui%2freact-use-layout-effect 22ms (cache hit)
1183 silly packumentCache full:https://registry.npmjs.org/@radix-ui%2freact-use-layout-effect set size:213388 disposed:false
1184 silly fetch manifest react-style-singleton@^2.2.3
1185 silly packumentCache full:https://registry.npmjs.org/react-style-singleton cache-miss
1186 http cache https://registry.npmjs.org/@radix-ui%2freact-use-layout-effect 23ms (cache hit)
1187 silly packumentCache full:https://registry.npmjs.org/@radix-ui%2freact-use-layout-effect set size:213388 disposed:false
1188 silly packumentCache full:https://registry.npmjs.org/@radix-ui%2freact-use-layout-effect dispose
1189 silly fetch manifest tslib@^2.1.0
1190 silly packumentCache full:https://registry.npmjs.org/tslib cache-hit
1191 silly fetch manifest use-callback-ref@^1.3.3
1192 silly packumentCache full:https://registry.npmjs.org/use-callback-ref cache-miss
1193 http cache https://registry.npmjs.org/@radix-ui%2freact-use-effect-event 24ms (cache hit)
1194 silly packumentCache full:https://registry.npmjs.org/@radix-ui%2freact-use-effect-event set size:23349 disposed:false
1195 silly fetch manifest use-sidecar@^1.1.3
1196 silly packumentCache full:https://registry.npmjs.org/use-sidecar cache-miss
1197 http cache https://registry.npmjs.org/@radix-ui%2freact-use-layout-effect 26ms (cache hit)
1198 silly packumentCache full:https://registry.npmjs.org/@radix-ui%2freact-use-layout-effect set size:213388 disposed:true
1199 silly packumentCache full:https://registry.npmjs.org/@radix-ui%2freact-use-layout-effect dispose
1200 http cache https://registry.npmjs.org/@radix-ui%2freact-use-layout-effect 26ms (cache hit)
1201 silly packumentCache full:https://registry.npmjs.org/@radix-ui%2freact-use-layout-effect set size:213388 disposed:true
1202 silly packumentCache full:https://registry.npmjs.org/@radix-ui%2freact-use-layout-effect dispose
1203 http cache https://registry.npmjs.org/@radix-ui%2freact-use-escape-keydown 30ms (cache hit)
1204 silly packumentCache full:https://registry.npmjs.org/@radix-ui%2freact-use-escape-keydown set size:278235 disposed:false
1205 http cache https://registry.npmjs.org/use-sidecar 8ms (cache hit)
1206 silly packumentCache full:https://registry.npmjs.org/use-sidecar set size:58998 disposed:false
1207 http cache https://registry.npmjs.org/use-callback-ref 10ms (cache hit)
1208 silly packumentCache full:https://registry.npmjs.org/use-callback-ref set size:47599 disposed:false
1209 http cache https://registry.npmjs.org/react-remove-scroll-bar 15ms (cache hit)
1210 silly packumentCache full:https://registry.npmjs.org/react-remove-scroll-bar set size:66434 disposed:false
1211 http cache https://registry.npmjs.org/react-style-singleton 13ms (cache hit)
1212 silly packumentCache full:https://registry.npmjs.org/react-style-singleton set size:33682 disposed:false
1213 silly placeDep ROOT @radix-ui/react-use-callback-ref@1.1.1 OK for: @radix-ui/react-dismissable-layer@1.1.10 want: 1.1.1
1214 silly placeDep ROOT @radix-ui/react-use-escape-keydown@1.1.1 OK for: @radix-ui/react-dismissable-layer@1.1.10 want: 1.1.1
1215 silly placeDep ROOT @radix-ui/react-use-layout-effect@1.1.1 OK for: @radix-ui/react-id@1.1.1 want: 1.1.1
1216 silly placeDep ROOT @radix-ui/react-popper@1.2.7 OK for: @radix-ui/react-tooltip@1.2.7 want: 1.2.7
1217 silly placeDep ROOT @radix-ui/react-visually-hidden@1.2.3 OK for: @radix-ui/react-tooltip@1.2.7 want: 1.2.3
1218 silly fetch manifest @radix-ui/rect@1.1.1
1219 silly packumentCache full:https://registry.npmjs.org/@radix-ui%2frect cache-miss
1220 silly fetch manifest @radix-ui/react-arrow@1.1.7
1221 silly packumentCache full:https://registry.npmjs.org/@radix-ui%2freact-arrow cache-miss
1222 silly fetch manifest @floating-ui/react-dom@^2.0.0
1223 silly packumentCache full:https://registry.npmjs.org/@floating-ui%2freact-dom cache-miss
1224 silly fetch manifest @radix-ui/react-use-rect@1.1.1
1225 silly packumentCache full:https://registry.npmjs.org/@radix-ui%2freact-use-rect cache-miss
1226 silly fetch manifest @radix-ui/react-use-size@1.1.1
1227 silly packumentCache full:https://registry.npmjs.org/@radix-ui%2freact-use-size cache-miss
1228 http cache https://registry.npmjs.org/@floating-ui%2freact-dom 5ms (cache hit)
1229 silly packumentCache full:https://registry.npmjs.org/@floating-ui%2freact-dom set size:161986 disposed:false
1230 http cache https://registry.npmjs.org/@radix-ui%2freact-use-rect 7ms (cache hit)
1231 silly packumentCache full:https://registry.npmjs.org/@radix-ui%2freact-use-rect set size:226040 disposed:false
1232 http cache https://registry.npmjs.org/@radix-ui%2freact-arrow 9ms (cache hit)
1233 silly packumentCache full:https://registry.npmjs.org/@radix-ui%2freact-arrow set size:584244 disposed:false
1234 http cache https://registry.npmjs.org/@radix-ui%2frect 14ms (cache hit)
1235 silly packumentCache full:https://registry.npmjs.org/@radix-ui%2frect set size:101360 disposed:false
1236 http cache https://registry.npmjs.org/@radix-ui%2freact-use-size 15ms (cache hit)
1237 silly packumentCache full:https://registry.npmjs.org/@radix-ui%2freact-use-size set size:272110 disposed:false
1238 silly placeDep ROOT @floating-ui/react-dom@2.1.7 OK for: @radix-ui/react-popper@1.2.7 want: ^2.0.0
1239 silly placeDep ROOT @radix-ui/react-arrow@1.1.7 OK for: @radix-ui/react-popper@1.2.7 want: 1.1.7
1240 silly placeDep ROOT @radix-ui/react-use-rect@1.1.1 OK for: @radix-ui/react-popper@1.2.7 want: 1.1.1
1241 silly placeDep ROOT @radix-ui/react-use-size@1.1.1 OK for: @radix-ui/react-popper@1.2.7 want: 1.1.1
1242 silly placeDep ROOT @radix-ui/rect@1.1.1 OK for: @radix-ui/react-popper@1.2.7 want: 1.1.1
1243 silly fetch manifest @floating-ui/dom@^1.7.5
1244 silly packumentCache full:https://registry.npmjs.org/@floating-ui%2fdom cache-miss
1245 http cache https://registry.npmjs.org/@floating-ui%2fdom 4ms (cache hit)
1246 silly packumentCache full:https://registry.npmjs.org/@floating-ui%2fdom set size:248610 disposed:false
1247 silly placeDep ROOT @floating-ui/dom@1.7.5 OK for: @floating-ui/react-dom@2.1.7 want: ^1.7.5
1248 silly fetch manifest @floating-ui/core@^1.7.4
1249 silly packumentCache full:https://registry.npmjs.org/@floating-ui%2fcore cache-miss
1250 silly fetch manifest @floating-ui/utils@^0.2.10
1251 silly packumentCache full:https://registry.npmjs.org/@floating-ui%2futils cache-miss
1252 http cache https://registry.npmjs.org/@floating-ui%2fcore 4ms (cache hit)
1253 silly packumentCache full:https://registry.npmjs.org/@floating-ui%2fcore set size:176509 disposed:false
1254 http cache https://registry.npmjs.org/@floating-ui%2futils 4ms (cache hit)
1255 silly packumentCache full:https://registry.npmjs.org/@floating-ui%2futils set size:48234 disposed:false
1256 silly placeDep ROOT @floating-ui/core@1.7.4 OK for: @floating-ui/dom@1.7.5 want: ^1.7.4
1257 silly placeDep ROOT @floating-ui/utils@0.2.10 OK for: @floating-ui/dom@1.7.5 want: ^0.2.10
1258 silly placeDep ROOT @radix-ui/react-use-effect-event@0.0.2 OK for: @radix-ui/react-use-controllable-state@1.2.2 want: 0.0.2
1259 silly placeDep ROOT @solana/accounts@5.5.1 OK for: @solana/kit@5.5.1 want: 5.5.1
1260 silly placeDep ROOT @solana/addresses@5.5.1 OK for: @solana/kit@5.5.1 want: 5.5.1
1261 silly placeDep ROOT @solana/codecs@5.5.1 OK for: @solana/kit@5.5.1 want: 5.5.1
1262 silly placeDep ROOT @solana/errors@5.5.1 OK for: @solana/kit@5.5.1 want: 5.5.1
1263 silly placeDep ROOT @solana/functional@5.5.1 OK for: @solana/kit@5.5.1 want: 5.5.1
1264 silly placeDep ROOT @solana/instruction-plans@5.5.1 OK for: @solana/kit@5.5.1 want: 5.5.1
1265 silly placeDep ROOT @solana/instructions@5.5.1 OK for: @solana/kit@5.5.1 want: 5.5.1
1266 silly placeDep ROOT @solana/keys@5.5.1 OK for: @solana/kit@5.5.1 want: 5.5.1
1267 silly placeDep ROOT @solana/offchain-messages@5.5.1 OK for: @solana/kit@5.5.1 want: 5.5.1
1268 silly placeDep ROOT @solana/plugin-core@5.5.1 OK for: @solana/kit@5.5.1 want: 5.5.1
1269 silly placeDep ROOT @solana/programs@5.5.1 OK for: @solana/kit@5.5.1 want: 5.5.1
1270 silly placeDep ROOT @solana/rpc@5.5.1 OK for: @solana/kit@5.5.1 want: 5.5.1
1271 silly placeDep ROOT @solana/rpc-api@5.5.1 OK for: @solana/kit@5.5.1 want: 5.5.1
1272 silly placeDep ROOT @solana/rpc-parsed-types@5.5.1 OK for: @solana/kit@5.5.1 want: 5.5.1
1273 silly placeDep ROOT @solana/rpc-spec-types@5.5.1 OK for: @solana/kit@5.5.1 want: 5.5.1
1274 silly placeDep ROOT @solana/rpc-subscriptions@5.5.1 OK for: @solana/kit@5.5.1 want: 5.5.1
1275 silly placeDep ROOT @solana/rpc-types@5.5.1 OK for: @solana/kit@5.5.1 want: 5.5.1
1276 silly placeDep ROOT @solana/signers@5.5.1 OK for: @solana/kit@5.5.1 want: 5.5.1
1277 silly placeDep ROOT @solana/sysvars@5.5.1 OK for: @solana/kit@5.5.1 want: 5.5.1
1278 silly placeDep ROOT @solana/transaction-confirmation@5.5.1 OK for: @solana/kit@5.5.1 want: 5.5.1
1279 silly placeDep ROOT @solana/transaction-messages@5.5.1 OK for: @solana/kit@5.5.1 want: 5.5.1
1280 silly placeDep ROOT @solana/transactions@5.5.1 OK for: @solana/kit@5.5.1 want: 5.5.1
1281 silly fetch manifest @solana/rpc-spec@5.5.1
1282 silly packumentCache full:https://registry.npmjs.org/@solana%2frpc-spec cache-miss
1283 silly fetch manifest @solana/codecs-core@5.5.1
1284 silly packumentCache full:https://registry.npmjs.org/@solana%2fcodecs-core cache-miss
1285 silly fetch manifest @solana/codecs-strings@5.5.1
1286 silly packumentCache full:https://registry.npmjs.org/@solana%2fcodecs-strings cache-miss
1287 silly fetch manifest @solana/assertions@5.5.1
1288 silly packumentCache full:https://registry.npmjs.org/@solana%2fassertions cache-miss
1289 silly fetch manifest @solana/codecs-core@5.5.1
1290 silly packumentCache full:https://registry.npmjs.org/@solana%2fcodecs-core cache-miss
1291 silly fetch manifest @solana/nominal-types@5.5.1
1292 silly packumentCache full:https://registry.npmjs.org/@solana%2fnominal-types cache-miss
1293 silly fetch manifest @solana/codecs-strings@5.5.1
1294 silly packumentCache full:https://registry.npmjs.org/@solana%2fcodecs-strings cache-miss
1295 http cache https://registry.npmjs.org/@solana%2frpc-spec 34ms (cache hit)
1296 silly packumentCache full:https://registry.npmjs.org/@solana%2frpc-spec set size:7467868 disposed:false
1297 silly fetch manifest @solana/options@5.5.1
1298 silly packumentCache full:https://registry.npmjs.org/@solana%2foptions cache-miss
1299 http cache https://registry.npmjs.org/@solana%2fcodecs-strings 83ms (cache hit)
1300 silly packumentCache full:https://registry.npmjs.org/@solana%2fcodecs-strings set size:9100283 disposed:false
1301 silly fetch manifest @solana/codecs-core@5.5.1
1302 silly packumentCache full:https://registry.npmjs.org/@solana%2fcodecs-core cache-miss
1303 http cache https://registry.npmjs.org/@solana%2fcodecs-core 135ms (cache hit)
1304 silly packumentCache full:https://registry.npmjs.org/@solana%2fcodecs-core set size:8969612 disposed:false
1305 silly fetch manifest @solana/codecs-numbers@5.5.1
1306 silly packumentCache full:https://registry.npmjs.org/@solana%2fcodecs-numbers cache-miss
1307 http cache https://registry.npmjs.org/@solana%2fcodecs-strings 194ms (cache hit)
1308 silly packumentCache full:https://registry.npmjs.org/@solana%2fcodecs-strings set size:9100283 disposed:false
1309 silly fetch manifest @solana/codecs-data-structures@5.5.1
1310 silly packumentCache full:https://registry.npmjs.org/@solana%2fcodecs-data-structures cache-miss
1311 http cache https://registry.npmjs.org/@solana%2fnominal-types 252ms (cache hit)
1312 silly packumentCache full:https://registry.npmjs.org/@solana%2fnominal-types set size:1429838 disposed:false
1313 silly fetch manifest chalk@5.6.2
1314 silly packumentCache full:https://registry.npmjs.org/chalk cache-hit
1315 silly fetch manifest commander@14.0.2
1316 silly packumentCache full:https://registry.npmjs.org/commander cache-miss
1317 http cache https://registry.npmjs.org/@solana%2fcodecs-core 265ms (cache hit)
1318 silly packumentCache full:https://registry.npmjs.org/@solana%2fcodecs-core set size:8969612 disposed:false
1319 silly fetch manifest @solana/promises@5.5.1
1320 silly packumentCache full:https://registry.npmjs.org/@solana%2fpromises cache-miss
1321 http cache https://registry.npmjs.org/@solana%2fassertions 329ms (cache hit)
1322 silly packumentCache full:https://registry.npmjs.org/@solana%2fassertions set size:9645114 disposed:false
1323 silly fetch manifest @solana/codecs-numbers@5.5.1
1324 silly packumentCache full:https://registry.npmjs.org/@solana%2fcodecs-numbers cache-miss
1325 http cache https://registry.npmjs.org/@solana%2fcodecs-numbers 211ms (cache hit)
1326 silly packumentCache full:https://registry.npmjs.org/@solana%2fcodecs-numbers set size:8941837 disposed:false
1327 silly fetch manifest @solana/codecs-data-structures@5.5.1
1328 silly packumentCache full:https://registry.npmjs.org/@solana%2fcodecs-data-structures cache-miss
1329 http cache https://registry.npmjs.org/@solana%2fcodecs-numbers 77ms (cache hit)
1330 silly packumentCache full:https://registry.npmjs.org/@solana%2fcodecs-numbers set size:8941837 disposed:false
1331 silly fetch manifest @solana/rpc-transformers@5.5.1
1332 silly packumentCache full:https://registry.npmjs.org/@solana%2frpc-transformers cache-miss
1333 http cache https://registry.npmjs.org/@solana%2fcodecs-core 372ms (cache hit)
1334 silly packumentCache full:https://registry.npmjs.org/@solana%2fcodecs-core set size:8969612 disposed:false
1335 silly fetch manifest @solana/rpc-transport-http@5.5.1
1336 silly packumentCache full:https://registry.npmjs.org/@solana%2frpc-transport-http cache-miss
1337 http cache https://registry.npmjs.org/@solana%2fcodecs-data-structures 301ms (cache hit)
1338 silly packumentCache full:https://registry.npmjs.org/@solana%2fcodecs-data-structures set size:8899817 disposed:false
1339 silly fetch manifest @solana/fast-stable-stringify@5.5.1
1340 silly packumentCache full:https://registry.npmjs.org/@solana%2ffast-stable-stringify cache-miss
1341 http cache https://registry.npmjs.org/commander 360ms (cache hit)
1342 silly packumentCache full:https://registry.npmjs.org/commander set size:348500 disposed:false
1343 silly fetch manifest @solana/rpc-transformers@5.5.1
1344 silly packumentCache full:https://registry.npmjs.org/@solana%2frpc-transformers cache-miss
1345 http cache https://registry.npmjs.org/@solana%2foptions 559ms (cache hit)
1346 silly packumentCache full:https://registry.npmjs.org/@solana%2foptions set size:8886854 disposed:false
1347 silly fetch manifest @solana/promises@5.5.1
1348 silly packumentCache full:https://registry.npmjs.org/@solana%2fpromises cache-miss
1349 http cache https://registry.npmjs.org/@solana%2fpromises 355ms (cache hit)
1350 silly packumentCache full:https://registry.npmjs.org/@solana%2fpromises set size:4334104 disposed:false
1351 silly fetch manifest @solana/subscribable@5.5.1
1352 silly packumentCache full:https://registry.npmjs.org/@solana%2fsubscribable cache-miss
1353 http cache https://registry.npmjs.org/@solana%2fpromises 47ms (cache hit)
1354 silly packumentCache full:https://registry.npmjs.org/@solana%2fpromises set size:4334104 disposed:false
1355 silly fetch manifest @solana/rpc-transformers@5.5.1
1356 silly packumentCache full:https://registry.npmjs.org/@solana%2frpc-transformers cache-miss
1357 http cache https://registry.npmjs.org/@solana%2fsubscribable 79ms (cache hit)
1358 silly packumentCache full:https://registry.npmjs.org/@solana%2fsubscribable set size:3822002 disposed:false
1359 silly fetch manifest @solana/fast-stable-stringify@5.5.1
1360 silly packumentCache full:https://registry.npmjs.org/@solana%2ffast-stable-stringify cache-miss
1361 http cache https://registry.npmjs.org/@solana%2fcodecs-data-structures 358ms (cache hit)
1362 silly packumentCache full:https://registry.npmjs.org/@solana%2fcodecs-data-structures set size:8899817 disposed:false
1363 silly fetch manifest @solana/rpc-subscriptions-api@5.5.1
1364 silly packumentCache full:https://registry.npmjs.org/@solana%2frpc-subscriptions-api cache-miss
1365 http cache https://registry.npmjs.org/@solana%2frpc-transformers 354ms (cache hit)
1366 silly packumentCache full:https://registry.npmjs.org/@solana%2frpc-transformers set size:7410813 disposed:false
1367 silly fetch manifest @solana/rpc-subscriptions-spec@5.5.1
1368 silly packumentCache full:https://registry.npmjs.org/@solana%2frpc-subscriptions-spec cache-miss
1369 http cache https://registry.npmjs.org/@solana%2frpc-transformers 258ms (cache hit)
1370 silly packumentCache full:https://registry.npmjs.org/@solana%2frpc-transformers set size:7410813 disposed:false
1371 silly fetch manifest @solana/rpc-subscriptions-channel-websocket@5.5.1
1372 silly packumentCache full:https://registry.npmjs.org/@solana%2frpc-subscriptions-channel-websocket cache-miss
1373 http cache https://registry.npmjs.org/@solana%2frpc-transport-http 400ms (cache hit)
1374 silly packumentCache full:https://registry.npmjs.org/@solana%2frpc-transport-http set size:7649842 disposed:false
1375 http cache https://registry.npmjs.org/@solana%2frpc-transformers 237ms (cache hit)
1376 silly packumentCache full:https://registry.npmjs.org/@solana%2frpc-transformers set size:7410813 disposed:false
1377 http cache https://registry.npmjs.org/@solana%2ffast-stable-stringify 244ms (cache hit)
1378 silly packumentCache full:https://registry.npmjs.org/@solana%2ffast-stable-stringify set size:6610609 disposed:false
1379 http cache https://registry.npmjs.org/@solana%2ffast-stable-stringify 468ms (cache hit)
1380 silly packumentCache full:https://registry.npmjs.org/@solana%2ffast-stable-stringify set size:6610609 disposed:false
1381 http cache https://registry.npmjs.org/@solana%2frpc-subscriptions-api 284ms (cache hit)
1382 silly packumentCache full:https://registry.npmjs.org/@solana%2frpc-subscriptions-api set size:8074891 disposed:false
1383 http cache https://registry.npmjs.org/@solana%2frpc-subscriptions-spec 284ms (cache hit)
1384 silly packumentCache full:https://registry.npmjs.org/@solana%2frpc-subscriptions-spec set size:7726014 disposed:false
1385 http cache https://registry.npmjs.org/@solana%2frpc-subscriptions-channel-websocket 286ms (cache hit)
1386 silly packumentCache full:https://registry.npmjs.org/@solana%2frpc-subscriptions-channel-websocket set size:3811346 disposed:false
1387 silly fetch manifest fastestsmallesttextencoderdecoder@^1.0.22
1388 silly packumentCache full:https://registry.npmjs.org/fastestsmallesttextencoderdecoder cache-miss
1389 http cache https://registry.npmjs.org/fastestsmallesttextencoderdecoder 8ms (cache hit)
1390 silly packumentCache full:https://registry.npmjs.org/fastestsmallesttextencoderdecoder set size:148884 disposed:false
1391 silly placeDep ROOT @solana/codecs-core@5.5.1 OK for: @solana/accounts@5.5.1 want: 5.5.1
1392 silly placeDep ROOT @solana/codecs-strings@5.5.1 OK for: @solana/accounts@5.5.1 want: 5.5.1
1393 silly placeDep ROOT @solana/rpc-spec@5.5.1 OK for: @solana/accounts@5.5.1 want: 5.5.1
1394 silly placeDep ROOT @solana/assertions@5.5.1 OK for: @solana/addresses@5.5.1 want: 5.5.1
1395 silly placeDep ROOT @solana/nominal-types@5.5.1 OK for: @solana/addresses@5.5.1 want: 5.5.1
1396 silly placeDep ROOT @solana/codecs-data-structures@5.5.1 OK for: @solana/codecs@5.5.1 want: 5.5.1
1397 silly placeDep ROOT @solana/codecs-numbers@5.5.1 OK for: @solana/codecs@5.5.1 want: 5.5.1
1398 silly placeDep ROOT @solana/options@5.5.1 OK for: @solana/codecs@5.5.1 want: 5.5.1
1399 silly placeDep ROOT chalk@5.6.2 OK for: @solana/errors@5.5.1 want: 5.6.2
1400 silly placeDep ROOT commander@14.0.2 OK for: @solana/errors@5.5.1 want: 14.0.2
1401 silly placeDep ROOT @solana/promises@5.5.1 OK for: @solana/instruction-plans@5.5.1 want: 5.5.1
1402 silly placeDep ROOT @solana/fast-stable-stringify@5.5.1 OK for: @solana/rpc@5.5.1 want: 5.5.1
1403 silly placeDep ROOT @solana/rpc-transformers@5.5.1 OK for: @solana/rpc@5.5.1 want: 5.5.1
1404 silly placeDep ROOT @solana/rpc-transport-http@5.5.1 OK for: @solana/rpc@5.5.1 want: 5.5.1
1405 silly fetch manifest undici-types@^7.19.2
1406 silly packumentCache full:https://registry.npmjs.org/undici-types cache-miss
1407 http cache https://registry.npmjs.org/undici-types 6ms (cache hit)
1408 silly packumentCache full:https://registry.npmjs.org/undici-types set size:169496 disposed:false
1409 silly placeDep ROOT @solana/rpc-subscriptions-api@5.5.1 OK for: @solana/rpc-subscriptions@5.5.1 want: 5.5.1
1410 silly placeDep ROOT @solana/rpc-subscriptions-channel-websocket@5.5.1 OK for: @solana/rpc-subscriptions@5.5.1 want: 5.5.1
1411 silly placeDep ROOT @solana/rpc-subscriptions-spec@5.5.1 OK for: @solana/rpc-subscriptions@5.5.1 want: 5.5.1
1412 silly placeDep ROOT @solana/subscribable@5.5.1 OK for: @solana/rpc-subscriptions@5.5.1 want: 5.5.1
1413 silly fetch manifest ws@^8.19.0
1414 silly packumentCache full:https://registry.npmjs.org/ws cache-hit
1415 silly fetch manifest bufferutil@^4.0.1
1416 silly packumentCache full:https://registry.npmjs.org/bufferutil cache-miss
1417 http cache https://registry.npmjs.org/bufferutil 4ms (cache hit)
1418 silly packumentCache full:https://registry.npmjs.org/bufferutil set size:52763 disposed:false
1419 silly fetch manifest utf-8-validate@>=5.0.2
1420 silly packumentCache full:https://registry.npmjs.org/utf-8-validate cache-miss
1421 http cache https://registry.npmjs.org/utf-8-validate 3ms (cache hit)
1422 silly packumentCache full:https://registry.npmjs.org/utf-8-validate set size:77148 disposed:false
1423 silly placeDep ROOT ws@8.19.0 OK for: @solana/rpc-subscriptions-channel-websocket@5.5.1 want: ^8.19.0
1424 silly placeDep ROOT undici-types@7.21.0 OK for: @solana/rpc-transport-http@5.5.1 want: ^7.19.2
1425 silly fetch manifest encoding@^0.1.0
1426 silly packumentCache full:https://registry.npmjs.org/encoding cache-miss
1427 http cache https://registry.npmjs.org/encoding 5ms (cache hit)
1428 silly packumentCache full:https://registry.npmjs.org/encoding set size:17833 disposed:false
1429 silly fetch manifest typescript@>=5.3.3
1430 silly packumentCache full:https://registry.npmjs.org/typescript cache-miss
1431 http cache https://registry.npmjs.org/typescript 26ms (cache hit)
1432 silly packumentCache full:https://registry.npmjs.org/typescript set size:15212314 disposed:false
1433 silly placeDep ROOT @solana/buffer-layout@4.0.1 OK for: @solana/web3.js@1.98.4 want: ^4.0.1
1434 silly placeDep node_modules/@solana/web3.js @solana/codecs-numbers@2.3.0 OK for: @solana/web3.js@1.98.4 want: ^2.1.0
1435 silly placeDep ROOT typescript@5.9.3 OK for: @solana/codecs-numbers@2.3.0 want: >=5.3.3
1436 silly placeDep ROOT agentkeepalive@4.6.0 OK for: @solana/web3.js@1.98.4 want: ^4.5.0
1437 silly placeDep ROOT bn.js@5.2.2 OK for: @solana/web3.js@1.98.4 want: ^5.2.1
1438 silly placeDep ROOT borsh@0.7.0 OK for: @solana/web3.js@1.98.4 want: ^0.7.0
1439 silly placeDep ROOT bs58@4.0.1 OK for: @solana/web3.js@1.98.4 want: ^4.0.1
1440 silly placeDep ROOT buffer@6.0.3 OK for: @solana/web3.js@1.98.4 want: 6.0.3
1441 silly placeDep ROOT fast-stable-stringify@1.0.0 OK for: @solana/web3.js@1.98.4 want: ^1.0.0
1442 silly placeDep ROOT jayson@4.3.0 OK for: @solana/web3.js@1.98.4 want: ^4.1.1
1443 silly placeDep ROOT node-fetch@2.7.0 OK for: @solana/web3.js@1.98.4 want: ^2.7.0
1444 silly placeDep ROOT rpc-websockets@9.3.3 OK for: @solana/web3.js@1.98.4 want: ^9.0.2
1445 silly placeDep ROOT superstruct@2.0.2 OK for: @solana/web3.js@1.98.4 want: ^2.0.2
1446 silly fetch manifest buffer@~6.0.3
1447 silly packumentCache full:https://registry.npmjs.org/buffer cache-hit
1448 silly fetch manifest @solana/errors@2.3.0
1449 silly packumentCache full:https://registry.npmjs.org/@solana%2ferrors cache-miss
1450 silly fetch manifest @solana/codecs-core@2.3.0
1451 silly packumentCache full:https://registry.npmjs.org/@solana%2fcodecs-core cache-miss
1452 silly fetch manifest humanize-ms@^1.2.1
1453 silly packumentCache full:https://registry.npmjs.org/humanize-ms cache-miss
1454 silly fetch manifest bs58@^4.0.0
1455 silly packumentCache full:https://registry.npmjs.org/bs58 cache-hit
1456 silly fetch manifest text-encoding-utf-8@^1.0.2
1457 silly packumentCache full:https://registry.npmjs.org/text-encoding-utf-8 cache-miss
1458 silly fetch manifest base-x@^3.0.2
1459 silly packumentCache full:https://registry.npmjs.org/base-x cache-miss
1460 silly fetch manifest base64-js@^1.3.1
1461 silly packumentCache full:https://registry.npmjs.org/base64-js cache-miss
1462 silly fetch manifest ieee754@^1.2.1
1463 silly packumentCache full:https://registry.npmjs.org/ieee754 cache-miss
1464 http cache https://registry.npmjs.org/ieee754 7ms (cache hit)
1465 silly packumentCache full:https://registry.npmjs.org/ieee754 set size:34910 disposed:false
1466 silly fetch manifest @types/connect@^3.4.33
1467 silly packumentCache full:https://registry.npmjs.org/@types%2fconnect cache-miss
1468 http cache https://registry.npmjs.org/text-encoding-utf-8 10ms (cache hit)
1469 silly packumentCache full:https://registry.npmjs.org/text-encoding-utf-8 set size:7421 disposed:false
1470 silly fetch manifest @types/node@^12.12.54
1471 silly packumentCache full:https://registry.npmjs.org/@types%2fnode cache-miss
1472 http cache https://registry.npmjs.org/base64-js 10ms (cache hit)
1473 silly packumentCache full:https://registry.npmjs.org/base64-js set size:41270 disposed:false
1474 silly fetch manifest @types/ws@^7.4.4
1475 silly packumentCache full:https://registry.npmjs.org/@types%2fws cache-miss
1476 http cache https://registry.npmjs.org/@solana%2ferrors 21ms (cache hit)
1477 silly packumentCache full:https://registry.npmjs.org/@solana%2ferrors set size:7866547 disposed:false
1478 silly fetch manifest commander@^2.20.3
1479 silly packumentCache full:https://registry.npmjs.org/commander cache-hit
1480 silly fetch manifest delay@^5.0.0
1481 silly packumentCache full:https://registry.npmjs.org/delay cache-miss
1482 http cache https://registry.npmjs.org/@solana%2fcodecs-core 65ms (cache hit)
1483 silly packumentCache full:https://registry.npmjs.org/@solana%2fcodecs-core set size:8969612 disposed:false
1484 silly fetch manifest es6-promisify@^5.0.0
1485 silly packumentCache full:https://registry.npmjs.org/es6-promisify cache-miss
1486 http cache https://registry.npmjs.org/base-x 135ms (cache hit)
1487 silly packumentCache full:https://registry.npmjs.org/base-x set size:59894 disposed:false
1488 silly fetch manifest eyes@^0.1.8
1489 silly packumentCache full:https://registry.npmjs.org/eyes cache-miss
1490 http cache https://registry.npmjs.org/humanize-ms 138ms (cache hit)
1491 silly packumentCache full:https://registry.npmjs.org/humanize-ms set size:12275 disposed:false
1492 silly fetch manifest isomorphic-ws@^4.0.1
1493 silly packumentCache full:https://registry.npmjs.org/isomorphic-ws cache-miss
1494 http cache https://registry.npmjs.org/@types%2fconnect 139ms (cache hit)
1495 silly packumentCache full:https://registry.npmjs.org/@types%2fconnect set size:31512 disposed:false
1496 silly fetch manifest json-stringify-safe@^5.0.1
1497 silly packumentCache full:https://registry.npmjs.org/json-stringify-safe cache-miss
1498 http cache https://registry.npmjs.org/@types%2fws 137ms (cache hit)
1499 silly packumentCache full:https://registry.npmjs.org/@types%2fws set size:167959 disposed:false
1500 silly fetch manifest stream-json@^1.9.1
1501 silly packumentCache full:https://registry.npmjs.org/stream-json cache-miss
1502 http cache https://registry.npmjs.org/delay 96ms (cache hit)
1503 silly packumentCache full:https://registry.npmjs.org/delay set size:45574 disposed:false
1504 silly fetch manifest uuid@^8.3.2
1505 silly packumentCache full:https://registry.npmjs.org/uuid cache-miss
1506 http cache https://registry.npmjs.org/es6-promisify 21ms (cache hit)
1507 silly packumentCache full:https://registry.npmjs.org/es6-promisify set size:36935 disposed:false
1508 silly fetch manifest ws@^7.5.10
1509 silly packumentCache full:https://registry.npmjs.org/ws cache-hit
1510 silly fetch manifest whatwg-url@^5.0.0
1511 silly packumentCache full:https://registry.npmjs.org/whatwg-url cache-miss
1512 http cache https://registry.npmjs.org/eyes 20ms (cache hit)
1513 silly packumentCache full:https://registry.npmjs.org/eyes set size:11297 disposed:false
1514 silly fetch manifest @swc/helpers@^0.5.11
1515 silly packumentCache full:https://registry.npmjs.org/@swc%2fhelpers cache-miss
1516 http cache https://registry.npmjs.org/isomorphic-ws 21ms (cache hit)
1517 silly packumentCache full:https://registry.npmjs.org/isomorphic-ws set size:21346 disposed:false
1518 silly fetch manifest @types/uuid@^8.3.4
1519 silly packumentCache full:https://registry.npmjs.org/@types%2fuuid cache-miss
1520 http cache https://registry.npmjs.org/stream-json 10ms (cache hit)
1521 silly packumentCache full:https://registry.npmjs.org/stream-json set size:122555 disposed:false
1522 silly fetch manifest @types/ws@^8.2.2
1523 silly packumentCache full:https://registry.npmjs.org/@types%2fws cache-hit
1524 silly fetch manifest uuid@^8.3.2
1525 silly packumentCache full:https://registry.npmjs.org/uuid cache-miss
1526 http cache https://registry.npmjs.org/json-stringify-safe 15ms (cache hit)
1527 silly packumentCache full:https://registry.npmjs.org/json-stringify-safe set size:8806 disposed:false
1528 silly fetch manifest utf-8-validate@^5.0.2
1529 silly packumentCache full:https://registry.npmjs.org/utf-8-validate cache-hit
1530 http cache https://registry.npmjs.org/@types%2fnode 162ms (cache hit)
1531 silly packumentCache full:https://registry.npmjs.org/@types%2fnode set size:10833619 disposed:false
1532 http cache https://registry.npmjs.org/uuid 99ms (cache hit)
1533 silly packumentCache full:https://registry.npmjs.org/uuid set size:224608 disposed:false
1534 http cache https://registry.npmjs.org/whatwg-url 102ms (cache hit)
1535 silly packumentCache full:https://registry.npmjs.org/whatwg-url set size:168036 disposed:false
1536 http cache https://registry.npmjs.org/uuid 100ms (cache hit)
1537 silly packumentCache full:https://registry.npmjs.org/uuid set size:224608 disposed:false
1538 silly packumentCache full:https://registry.npmjs.org/uuid dispose
1539 http cache https://registry.npmjs.org/@types%2fuuid 106ms (cache hit)
1540 silly packumentCache full:https://registry.npmjs.org/@types%2fuuid set size:118952 disposed:false
1541 http cache https://registry.npmjs.org/@swc%2fhelpers 109ms (cache hit)
1542 silly packumentCache full:https://registry.npmjs.org/@swc%2fhelpers set size:655395 disposed:false
1543 silly placeDep ROOT @tanstack/query-core@5.81.5 OK for: @tanstack/react-query@5.81.5 want: 5.81.5
1544 silly fetch manifest @hey-api/openapi-ts@< 2
1545 silly packumentCache full:https://registry.npmjs.org/@hey-api%2fopenapi-ts cache-miss
1546 http cache https://registry.npmjs.org/@hey-api%2fopenapi-ts 5ms (cache hit)
1547 silly packumentCache full:https://registry.npmjs.org/@hey-api%2fopenapi-ts set size:961004 disposed:false
1548 silly placeDep ROOT @hey-api/client-fetch@0.10.0 OK for: @thirdweb-dev/engine@3.4.0 want: 0.10.0
1549 silly placeDep ROOT @hey-api/openapi-ts@0.92.3 OK for: @hey-api/client-fetch@0.10.0 want: < 2
1550 silly fetch manifest @hey-api/json-schema-ref-parser@1.2.4
1551 silly packumentCache full:https://registry.npmjs.org/@hey-api%2fjson-schema-ref-parser cache-miss
1552 silly fetch manifest ansi-colors@4.1.3
1553 silly packumentCache full:https://registry.npmjs.org/ansi-colors cache-miss
1554 silly fetch manifest color-support@1.1.3
1555 silly packumentCache full:https://registry.npmjs.org/color-support cache-miss
1556 silly fetch manifest commander@14.0.3
1557 silly packumentCache full:https://registry.npmjs.org/commander cache-hit
1558 silly fetch manifest @hey-api/codegen-core@0.7.0
1559 silly packumentCache full:https://registry.npmjs.org/@hey-api%2fcodegen-core cache-miss
1560 silly fetch manifest @hey-api/types@0.1.3
1561 silly packumentCache full:https://registry.npmjs.org/@hey-api%2ftypes cache-miss
1562 silly fetch manifest @hey-api/shared@0.1.2
1563 silly packumentCache full:https://registry.npmjs.org/@hey-api%2fshared cache-miss
1564 http cache https://registry.npmjs.org/@hey-api%2fcodegen-core 13ms (cache hit)
1565 silly packumentCache full:https://registry.npmjs.org/@hey-api%2fcodegen-core set size:49197 disposed:false
1566 http cache https://registry.npmjs.org/@hey-api%2ftypes 14ms (cache hit)
1567 silly packumentCache full:https://registry.npmjs.org/@hey-api%2ftypes set size:5551 disposed:false
1568 http cache https://registry.npmjs.org/@hey-api%2fjson-schema-ref-parser 16ms (cache hit)
1569 silly packumentCache full:https://registry.npmjs.org/@hey-api%2fjson-schema-ref-parser set size:55962 disposed:false
1570 http cache https://registry.npmjs.org/ansi-colors 17ms (cache hit)
1571 silly packumentCache full:https://registry.npmjs.org/ansi-colors set size:110876 disposed:false
1572 http cache https://registry.npmjs.org/color-support 18ms (cache hit)
1573 silly packumentCache full:https://registry.npmjs.org/color-support set size:13824 disposed:false
1574 http cache https://registry.npmjs.org/@hey-api%2fshared 17ms (cache hit)
1575 silly packumentCache full:https://registry.npmjs.org/@hey-api%2fshared set size:12039 disposed:false
1576 silly fetch manifest typescript@>=5.5.3
1577 silly packumentCache full:https://registry.npmjs.org/typescript cache-miss
1578 http cache https://registry.npmjs.org/typescript 19ms (cache hit)
1579 silly packumentCache full:https://registry.npmjs.org/typescript set size:15212314 disposed:false
1580 silly placeDep ROOT @hey-api/codegen-core@0.7.0 OK for: @hey-api/openapi-ts@0.92.3 want: 0.7.0
1581 silly placeDep ROOT @hey-api/json-schema-ref-parser@1.2.4 OK for: @hey-api/openapi-ts@0.92.3 want: 1.2.4
1582 silly placeDep ROOT @hey-api/shared@0.1.2 OK for: @hey-api/openapi-ts@0.92.3 want: 0.1.2
1583 silly placeDep ROOT @hey-api/types@0.1.3 OK for: @hey-api/openapi-ts@0.92.3 want: 0.1.3
1584 silly placeDep ROOT ansi-colors@4.1.3 OK for: @hey-api/openapi-ts@0.92.3 want: 4.1.3
1585 silly placeDep ROOT color-support@1.1.3 OK for: @hey-api/openapi-ts@0.92.3 want: 1.1.3
1586 silly placeDep node_modules/@hey-api/openapi-ts commander@14.0.3 OK for: @hey-api/openapi-ts@0.92.3 want: 14.0.3
1587 silly fetch manifest c12@3.3.3
1588 silly packumentCache full:https://registry.npmjs.org/c12 cache-miss
1589 silly fetch manifest @jsdevtools/ono@^7.1.3
1590 silly packumentCache full:https://registry.npmjs.org/@jsdevtools%2fono cache-miss
1591 silly fetch manifest @types/json-schema@^7.0.15
1592 silly packumentCache full:https://registry.npmjs.org/@types%2fjson-schema cache-miss
1593 silly fetch manifest js-yaml@^4.1.1
1594 silly packumentCache full:https://registry.npmjs.org/js-yaml cache-miss
1595 silly fetch manifest lodash@^4.17.23
1596 silly packumentCache full:https://registry.npmjs.org/lodash cache-miss
1597 silly fetch manifest open@11.0.0
1598 silly packumentCache full:https://registry.npmjs.org/open cache-hit
1599 silly fetch manifest semver@7.7.3
1600 silly packumentCache full:https://registry.npmjs.org/semver cache-miss
1601 http cache https://registry.npmjs.org/js-yaml 6ms (cache hit)
1602 silly packumentCache full:https://registry.npmjs.org/js-yaml set size:152232 disposed:false
1603 http cache https://registry.npmjs.org/@jsdevtools%2fono 8ms (cache hit)
1604 silly packumentCache full:https://registry.npmjs.org/@jsdevtools%2fono set size:45695 disposed:false
1605 http cache https://registry.npmjs.org/c12 8ms (cache hit)
1606 silly packumentCache full:https://registry.npmjs.org/c12 set size:177208 disposed:false
1607 http cache https://registry.npmjs.org/semver 14ms (cache hit)
1608 silly packumentCache full:https://registry.npmjs.org/semver set size:229678 disposed:false
1609 http cache https://registry.npmjs.org/@types%2fjson-schema 21ms (cache hit)
1610 silly packumentCache full:https://registry.npmjs.org/@types%2fjson-schema set size:44704 disposed:false
1611 http cache https://registry.npmjs.org/lodash 20ms (cache hit)
1612 silly packumentCache full:https://registry.npmjs.org/lodash set size:244244 disposed:false
1613 silly fetch manifest magicast@*
1614 silly packumentCache full:https://registry.npmjs.org/magicast cache-miss
1615 http cache https://registry.npmjs.org/magicast 3ms (cache hit)
1616 silly packumentCache full:https://registry.npmjs.org/magicast set size:81021 disposed:false
1617 silly placeDep ROOT c12@3.3.3 OK for: @hey-api/codegen-core@0.7.0 want: 3.3.3
1618 silly fetch manifest rc9@^2.1.2
1619 silly packumentCache full:https://registry.npmjs.org/rc9 cache-miss
1620 silly fetch manifest defu@^6.1.4
1621 silly packumentCache full:https://registry.npmjs.org/defu cache-miss
1622 silly fetch manifest jiti@^2.6.1
1623 silly packumentCache full:https://registry.npmjs.org/jiti cache-miss
1624 silly fetch manifest giget@^2.0.0
1625 silly packumentCache full:https://registry.npmjs.org/giget cache-miss
1626 silly fetch manifest ohash@^2.0.11
1627 silly packumentCache full:https://registry.npmjs.org/ohash cache-miss
1628 silly fetch manifest pathe@^2.0.3
1629 silly packumentCache full:https://registry.npmjs.org/pathe cache-miss
1630 silly fetch manifest dotenv@^17.2.3
1631 silly packumentCache full:https://registry.npmjs.org/dotenv cache-miss
1632 http cache https://registry.npmjs.org/defu 4ms (cache hit)
1633 silly packumentCache full:https://registry.npmjs.org/defu set size:85562 disposed:false
1634 silly fetch manifest confbox@^0.2.2
1635 silly packumentCache full:https://registry.npmjs.org/confbox cache-miss
1636 http cache https://registry.npmjs.org/giget 6ms (cache hit)
1637 silly packumentCache full:https://registry.npmjs.org/giget set size:93314 disposed:false
1638 silly fetch manifest exsolve@^1.0.8
1639 silly packumentCache full:https://registry.npmjs.org/exsolve cache-miss
1640 http cache https://registry.npmjs.org/rc9 8ms (cache hit)
1641 silly packumentCache full:https://registry.npmjs.org/rc9 set size:60646 disposed:false
1642 silly fetch manifest chokidar@^5.0.0
1643 silly packumentCache full:https://registry.npmjs.org/chokidar cache-miss
1644 http cache https://registry.npmjs.org/ohash 8ms (cache hit)
1645 silly packumentCache full:https://registry.npmjs.org/ohash set size:69122 disposed:false
1646 silly fetch manifest pkg-types@^2.3.0
1647 silly packumentCache full:https://registry.npmjs.org/pkg-types cache-miss
1648 http cache https://registry.npmjs.org/jiti 9ms (cache hit)
1649 silly packumentCache full:https://registry.npmjs.org/jiti set size:382310 disposed:false
1650 silly fetch manifest perfect-debounce@^2.0.0
1651 silly packumentCache full:https://registry.npmjs.org/perfect-debounce cache-miss
1652 http cache https://registry.npmjs.org/pathe 13ms (cache hit)
1653 silly packumentCache full:https://registry.npmjs.org/pathe set size:68788 disposed:false
1654 http cache https://registry.npmjs.org/dotenv 15ms (cache hit)
1655 silly packumentCache full:https://registry.npmjs.org/dotenv set size:263487 disposed:false
1656 http cache https://registry.npmjs.org/confbox 13ms (cache hit)
1657 silly packumentCache full:https://registry.npmjs.org/confbox set size:44789 disposed:false
1658 http cache https://registry.npmjs.org/exsolve 13ms (cache hit)
1659 silly packumentCache full:https://registry.npmjs.org/exsolve set size:56620 disposed:false
1660 http cache https://registry.npmjs.org/perfect-debounce 8ms (cache hit)
1661 silly packumentCache full:https://registry.npmjs.org/perfect-debounce set size:28201 disposed:false
1662 http cache https://registry.npmjs.org/pkg-types 12ms (cache hit)
1663 silly packumentCache full:https://registry.npmjs.org/pkg-types set size:85931 disposed:false
1664 http cache https://registry.npmjs.org/chokidar 14ms (cache hit)
1665 silly packumentCache full:https://registry.npmjs.org/chokidar set size:255902 disposed:false
1666 silly placeDep ROOT @jsdevtools/ono@7.1.3 OK for: @hey-api/json-schema-ref-parser@1.2.4 want: ^7.1.3
1667 silly placeDep ROOT @types/json-schema@7.0.15 OK for: @hey-api/json-schema-ref-parser@1.2.4 want: ^7.0.15
1668 silly placeDep ROOT js-yaml@4.1.1 OK for: @hey-api/json-schema-ref-parser@1.2.4 want: ^4.1.1
1669 silly placeDep ROOT lodash@4.17.23 OK for: @hey-api/json-schema-ref-parser@1.2.4 want: ^4.17.23
1670 silly fetch manifest argparse@^2.0.1
1671 silly packumentCache full:https://registry.npmjs.org/argparse cache-miss
1672 http cache https://registry.npmjs.org/argparse 6ms (cache hit)
1673 silly packumentCache full:https://registry.npmjs.org/argparse set size:49266 disposed:false
1674 silly placeDep node_modules/@hey-api/shared open@11.0.0 OK for: @hey-api/shared@0.1.2 want: 11.0.0
1675 silly placeDep ROOT semver@7.7.3 OK for: @hey-api/shared@0.1.2 want: 7.7.3
1676 silly fetch manifest default-browser@^5.4.0
1677 silly packumentCache full:https://registry.npmjs.org/default-browser cache-hit
1678 silly fetch manifest is-in-ssh@^1.0.0
1679 silly packumentCache full:https://registry.npmjs.org/is-in-ssh cache-miss
1680 silly fetch manifest powershell-utils@^0.1.0
1681 silly packumentCache full:https://registry.npmjs.org/powershell-utils cache-miss
1682 silly fetch manifest wsl-utils@^0.3.0
1683 silly packumentCache full:https://registry.npmjs.org/wsl-utils cache-miss
1684 http cache https://registry.npmjs.org/is-in-ssh 3ms (cache hit)
1685 silly packumentCache full:https://registry.npmjs.org/is-in-ssh set size:3973 disposed:false
1686 http cache https://registry.npmjs.org/powershell-utils 4ms (cache hit)
1687 silly packumentCache full:https://registry.npmjs.org/powershell-utils set size:9284 disposed:false
1688 http cache https://registry.npmjs.org/wsl-utils 6ms (cache hit)
1689 silly packumentCache full:https://registry.npmjs.org/wsl-utils set size:15127 disposed:false
1690 silly placeDep ROOT @walletconnect/core@2.21.8 OK for: @walletconnect/sign-client@2.21.8 want: 2.21.8
1691 silly placeDep ROOT @walletconnect/events@1.0.1 OK for: @walletconnect/sign-client@2.21.8 want: 1.0.1
1692 silly placeDep ROOT @walletconnect/heartbeat@1.2.2 OK for: @walletconnect/sign-client@2.21.8 want: 1.2.2
1693 silly placeDep ROOT @walletconnect/jsonrpc-utils@1.0.8 OK for: @walletconnect/sign-client@2.21.8 want: 1.0.8
1694 silly placeDep ROOT @walletconnect/logger@2.1.2 OK for: @walletconnect/sign-client@2.21.8 want: 2.1.2
1695 silly placeDep ROOT @walletconnect/time@1.0.2 OK for: @walletconnect/sign-client@2.21.8 want: 1.0.2
1696 silly placeDep ROOT @walletconnect/types@2.21.8 OK for: @walletconnect/sign-client@2.21.8 want: 2.21.8
1697 silly placeDep ROOT @walletconnect/utils@2.21.8 OK for: @walletconnect/sign-client@2.21.8 want: 2.21.8
1698 silly placeDep ROOT events@3.3.0 OK for: @walletconnect/sign-client@2.21.8 want: 3.3.0
1699 silly fetch manifest uint8arrays@3.1.1
1700 silly packumentCache full:https://registry.npmjs.org/uint8arrays cache-miss
1701 silly fetch manifest @walletconnect/relay-api@1.0.11
1702 silly packumentCache full:https://registry.npmjs.org/@walletconnect%2frelay-api cache-miss
1703 silly fetch manifest @walletconnect/safe-json@1.0.2
1704 silly packumentCache full:https://registry.npmjs.org/@walletconnect%2fsafe-json cache-miss
1705 silly fetch manifest @walletconnect/relay-auth@1.1.0
1706 silly packumentCache full:https://registry.npmjs.org/@walletconnect%2frelay-auth cache-miss
1707 silly fetch manifest @walletconnect/window-getters@1.0.1
1708 silly packumentCache full:https://registry.npmjs.org/@walletconnect%2fwindow-getters cache-miss
1709 silly fetch manifest @walletconnect/jsonrpc-ws-connection@1.0.16
1710 silly packumentCache full:https://registry.npmjs.org/@walletconnect%2fjsonrpc-ws-connection cache-miss
1711 silly fetch manifest tslib@1.14.1
1712 silly packumentCache full:https://registry.npmjs.org/tslib cache-hit
1713 silly fetch manifest keyvaluestorage-interface@^1.0.0
1714 silly packumentCache full:https://registry.npmjs.org/keyvaluestorage-interface cache-miss
1715 http cache https://registry.npmjs.org/@walletconnect%2fsafe-json 6ms (cache hit)
1716 silly packumentCache full:https://registry.npmjs.org/@walletconnect%2fsafe-json set size:14680 disposed:false
1717 silly fetch manifest events@^3.3.0
1718 silly packumentCache full:https://registry.npmjs.org/events cache-hit
1719 silly fetch manifest @walletconnect/time@^1.0.2
1720 silly packumentCache full:https://registry.npmjs.org/@walletconnect%2ftime cache-hit
1721 silly fetch manifest @walletconnect/environment@^1.0.1
1722 silly packumentCache full:https://registry.npmjs.org/@walletconnect%2fenvironment cache-miss
1723 http cache https://registry.npmjs.org/@walletconnect%2frelay-auth 7ms (cache hit)
1724 silly packumentCache full:https://registry.npmjs.org/@walletconnect%2frelay-auth set size:32578 disposed:false
1725 silly fetch manifest @walletconnect/jsonrpc-types@^1.0.3
1726 silly packumentCache full:https://registry.npmjs.org/@walletconnect%2fjsonrpc-types cache-hit
1727 silly fetch manifest pino@7.11.0
1728 silly packumentCache full:https://registry.npmjs.org/pino cache-miss
1729 http cache https://registry.npmjs.org/@walletconnect%2frelay-api 8ms (cache hit)
1730 silly packumentCache full:https://registry.npmjs.org/@walletconnect%2frelay-api set size:50598 disposed:false
1731 silly fetch manifest @walletconnect/safe-json@^1.0.2
1732 silly packumentCache full:https://registry.npmjs.org/@walletconnect%2fsafe-json cache-hit
1733 silly fetch manifest bs58@6.0.0
1734 silly packumentCache full:https://registry.npmjs.org/bs58 cache-hit
1735 silly fetch manifest viem@2.31.0
1736 silly packumentCache full:https://registry.npmjs.org/viem cache-miss
1737 http cache https://registry.npmjs.org/uint8arrays 9ms (cache hit)
1738 silly packumentCache full:https://registry.npmjs.org/uint8arrays set size:170305 disposed:false
1739 silly fetch manifest blakejs@1.2.1
1740 silly packumentCache full:https://registry.npmjs.org/blakejs cache-miss
1741 http cache https://registry.npmjs.org/@walletconnect%2fwindow-getters 10ms (cache hit)
1742 silly packumentCache full:https://registry.npmjs.org/@walletconnect%2fwindow-getters set size:11401 disposed:false
1743 silly fetch manifest @scure/base@1.2.6
1744 silly packumentCache full:https://registry.npmjs.org/@scure%2fbase cache-hit
1745 silly fetch manifest query-string@7.1.3
1746 silly packumentCache full:https://registry.npmjs.org/query-string cache-miss
1747 http cache https://registry.npmjs.org/keyvaluestorage-interface 12ms (cache hit)
1748 silly packumentCache full:https://registry.npmjs.org/keyvaluestorage-interface set size:6351 disposed:false
1749 silly fetch manifest @noble/curves@1.9.2
1750 silly packumentCache full:https://registry.npmjs.org/@noble%2fcurves cache-hit
1751 silly fetch manifest @noble/ciphers@1.3.0
1752 silly packumentCache full:https://registry.npmjs.org/@noble%2fciphers cache-miss
1753 http cache https://registry.npmjs.org/@walletconnect%2fjsonrpc-ws-connection 13ms (cache hit)
1754 silly packumentCache full:https://registry.npmjs.org/@walletconnect%2fjsonrpc-ws-connection set size:193525 disposed:false
1755 silly fetch manifest detect-browser@5.3.0
1756 silly packumentCache full:https://registry.npmjs.org/detect-browser cache-miss
1757 http cache https://registry.npmjs.org/blakejs 7ms (cache hit)
1758 silly packumentCache full:https://registry.npmjs.org/blakejs set size:33036 disposed:false
1759 silly fetch manifest @msgpack/msgpack@3.1.2
1760 silly packumentCache full:https://registry.npmjs.org/@msgpack%2fmsgpack cache-miss
1761 http cache https://registry.npmjs.org/@walletconnect%2fenvironment 12ms (cache hit)
1762 silly packumentCache full:https://registry.npmjs.org/@walletconnect%2fenvironment set size:11096 disposed:false
1763 silly fetch manifest @walletconnect/window-metadata@1.0.1
1764 silly packumentCache full:https://registry.npmjs.org/@walletconnect%2fwindow-metadata cache-miss
1765 http cache https://registry.npmjs.org/pino 13ms (cache hit)
1766 silly packumentCache full:https://registry.npmjs.org/pino set size:1269383 disposed:false
1767 http cache https://registry.npmjs.org/query-string 19ms (cache hit)
1768 silly packumentCache full:https://registry.npmjs.org/query-string set size:217776 disposed:false
1769 http cache https://registry.npmjs.org/viem 31ms (cache hit)
1770 silly packumentCache full:https://registry.npmjs.org/viem set size:10606527 disposed:false
1771 http cache https://registry.npmjs.org/@noble%2fciphers 104ms (cache hit)
1772 silly packumentCache full:https://registry.npmjs.org/@noble%2fciphers set size:122703 disposed:false
1773 http cache https://registry.npmjs.org/detect-browser 103ms (cache hit)
1774 silly packumentCache full:https://registry.npmjs.org/detect-browser set size:129768 disposed:false
1775 http cache https://registry.npmjs.org/@msgpack%2fmsgpack 103ms (cache hit)
1776 silly packumentCache full:https://registry.npmjs.org/@msgpack%2fmsgpack set size:373041 disposed:false
1777 http cache https://registry.npmjs.org/@walletconnect%2fwindow-metadata 105ms (cache hit)
1778 silly packumentCache full:https://registry.npmjs.org/@walletconnect%2fwindow-metadata set size:11204 disposed:false
1779 silly fetch manifest @react-native-async-storage/async-storage@1.x
1780 silly packumentCache full:https://registry.npmjs.org/@react-native-async-storage%2fasync-storage cache-hit
1781 silly fetch manifest react-native@^0.0.0-0 || >=0.60 <1.0
1782 silly packumentCache full:https://registry.npmjs.org/react-native cache-miss
1783 http cache https://registry.npmjs.org/react-native 40ms (cache hit)
1784 silly packumentCache full:https://registry.npmjs.org/react-native set size:14798652 disposed:false
1785 silly fetch manifest react@^19.2.0
1786 silly packumentCache full:https://registry.npmjs.org/react cache-miss
1787 http cache https://registry.npmjs.org/react 20ms (cache hit)
1788 silly packumentCache full:https://registry.npmjs.org/react set size:6466562 disposed:false
1789 silly placeDep ROOT @walletconnect/jsonrpc-provider@1.0.14 OK for: @walletconnect/core@2.21.8 want: 1.0.14
1790 silly placeDep ROOT @walletconnect/jsonrpc-types@1.0.4 OK for: @walletconnect/core@2.21.8 want: 1.0.4
1791 silly placeDep ROOT @walletconnect/jsonrpc-ws-connection@1.0.16 OK for: @walletconnect/core@2.21.8 want: 1.0.16
1792 silly placeDep ROOT @walletconnect/keyvaluestorage@1.1.1 OK for: @walletconnect/core@2.21.8 want: 1.1.1
1793 silly placeDep ROOT @walletconnect/relay-api@1.0.11 OK for: @walletconnect/core@2.21.8 want: 1.0.11
1794 silly placeDep ROOT @walletconnect/relay-auth@1.1.0 OK for: @walletconnect/core@2.21.8 want: 1.1.0
1795 silly placeDep ROOT @walletconnect/safe-json@1.0.2 OK for: @walletconnect/core@2.21.8 want: 1.0.2
1796 silly placeDep ROOT @walletconnect/window-getters@1.0.1 OK for: @walletconnect/core@2.21.8 want: 1.0.1
1797 silly placeDep ROOT es-toolkit@1.39.3 OK for: @walletconnect/core@2.21.8 want: 1.39.3
1798 silly placeDep ROOT uint8arrays@3.1.1 OK for: @walletconnect/core@2.21.8 want: 3.1.1
1799 silly fetch manifest ws@^7.5.1
1800 silly packumentCache full:https://registry.npmjs.org/ws cache-hit
1801 silly fetch manifest unstorage@^1.9.0
1802 silly packumentCache full:https://registry.npmjs.org/unstorage cache-miss
1803 silly fetch manifest @walletconnect/safe-json@^1.0.1
1804 silly packumentCache full:https://registry.npmjs.org/@walletconnect%2fsafe-json cache-hit
1805 silly fetch manifest uint8arrays@^3.0.0
1806 silly packumentCache full:https://registry.npmjs.org/uint8arrays cache-hit
1807 silly fetch manifest @noble/curves@1.8.0
1808 silly packumentCache full:https://registry.npmjs.org/@noble%2fcurves cache-hit
1809 silly fetch manifest @noble/hashes@1.7.0
1810 silly packumentCache full:https://registry.npmjs.org/@noble%2fhashes cache-hit
1811 silly fetch manifest @walletconnect/safe-json@^1.0.1
1812 silly packumentCache full:https://registry.npmjs.org/@walletconnect%2fsafe-json cache-hit
1813 silly fetch manifest multiformats@^9.4.2
1814 silly packumentCache full:https://registry.npmjs.org/multiformats cache-miss
1815 http cache https://registry.npmjs.org/multiformats 11ms (cache hit)
1816 silly packumentCache full:https://registry.npmjs.org/multiformats set size:1009726 disposed:false
1817 http cache https://registry.npmjs.org/unstorage 22ms (cache hit)
1818 silly packumentCache full:https://registry.npmjs.org/unstorage set size:340440 disposed:false
1819 silly placeDep ROOT keyvaluestorage-interface@1.0.0 OK for: @walletconnect/events@1.0.1 want: ^1.0.0
1820 silly placeDep ROOT tslib@1.14.1 OK for: @walletconnect/events@1.0.1 want: 1.14.1
1821 silly placeDep ROOT @walletconnect/environment@1.0.1 OK for: @walletconnect/jsonrpc-utils@1.0.8 want: ^1.0.1
1822 silly placeDep node_modules/@walletconnect/jsonrpc-ws-connection ws@7.5.10 OK for: @walletconnect/jsonrpc-ws-connection@1.0.16 want: ^7.5.1
1823 silly fetch manifest @azure/app-configuration@^1.8.0
1824 silly packumentCache full:https://registry.npmjs.org/@azure%2fapp-configuration cache-miss
1825 http cache https://registry.npmjs.org/@azure%2fapp-configuration 13ms (cache hit)
1826 silly packumentCache full:https://registry.npmjs.org/@azure%2fapp-configuration set size:4123419 disposed:false
1827 silly fetch manifest @azure/cosmos@^4.2.0
1828 silly packumentCache full:https://registry.npmjs.org/@azure%2fcosmos cache-miss
1829 http cache https://registry.npmjs.org/@azure%2fcosmos 19ms (cache hit)
1830 silly packumentCache full:https://registry.npmjs.org/@azure%2fcosmos set size:6863880 disposed:false
1831 silly fetch manifest @azure/data-tables@^13.3.0
1832 silly packumentCache full:https://registry.npmjs.org/@azure%2fdata-tables cache-miss
1833 http cache https://registry.npmjs.org/@azure%2fdata-tables 18ms (cache hit)
1834 silly packumentCache full:https://registry.npmjs.org/@azure%2fdata-tables set size:3527519 disposed:false
1835 silly fetch manifest @azure/identity@^4.6.0
1836 silly packumentCache full:https://registry.npmjs.org/@azure%2fidentity cache-miss
1837 http cache https://registry.npmjs.org/@azure%2fidentity 14ms (cache hit)
1838 silly packumentCache full:https://registry.npmjs.org/@azure%2fidentity set size:5912147 disposed:false
1839 silly fetch manifest @azure/keyvault-secrets@^4.9.0
1840 silly packumentCache full:https://registry.npmjs.org/@azure%2fkeyvault-secrets cache-miss
1841 http cache https://registry.npmjs.org/@azure%2fkeyvault-secrets 15ms (cache hit)
1842 silly packumentCache full:https://registry.npmjs.org/@azure%2fkeyvault-secrets set size:4097592 disposed:false
1843 silly fetch manifest @azure/storage-blob@^12.26.0
1844 silly packumentCache full:https://registry.npmjs.org/@azure%2fstorage-blob cache-miss
1845 http cache https://registry.npmjs.org/@azure%2fstorage-blob 13ms (cache hit)
1846 silly packumentCache full:https://registry.npmjs.org/@azure%2fstorage-blob set size:4667384 disposed:false
1847 silly fetch manifest @capacitor/preferences@^6 || ^7 || ^8
1848 silly packumentCache full:https://registry.npmjs.org/@capacitor%2fpreferences cache-miss
1849 http cache https://registry.npmjs.org/@capacitor%2fpreferences 20ms (cache hit)
1850 silly packumentCache full:https://registry.npmjs.org/@capacitor%2fpreferences set size:4132316 disposed:false
1851 silly fetch manifest @capacitor/core@>=8.0.0
1852 silly packumentCache full:https://registry.npmjs.org/@capacitor%2fcore cache-miss
1853 http cache https://registry.npmjs.org/@capacitor%2fcore 28ms (cache hit)
1854 silly packumentCache full:https://registry.npmjs.org/@capacitor%2fcore set size:4076235 disposed:false
1855 silly fetch manifest @deno/kv@>=0.9.0
1856 silly packumentCache full:https://registry.npmjs.org/@deno%2fkv cache-miss
1857 http cache https://registry.npmjs.org/@deno%2fkv 7ms (cache hit)
1858 silly packumentCache full:https://registry.npmjs.org/@deno%2fkv set size:34604 disposed:false
1859 silly fetch manifest @netlify/blobs@^6.5.0 || ^7.0.0 || ^8.1.0 || ^9.0.0 || ^10.0.0
1860 silly packumentCache full:https://registry.npmjs.org/@netlify%2fblobs cache-miss
1861 http cache https://registry.npmjs.org/@netlify%2fblobs 7ms (cache hit)
1862 silly packumentCache full:https://registry.npmjs.org/@netlify%2fblobs set size:383653 disposed:false
1863 silly fetch manifest @planetscale/database@^1.19.0
1864 silly packumentCache full:https://registry.npmjs.org/@planetscale%2fdatabase cache-miss
1865 http cache https://registry.npmjs.org/@planetscale%2fdatabase 9ms (cache hit)
1866 silly packumentCache full:https://registry.npmjs.org/@planetscale%2fdatabase set size:124817 disposed:false
1867 silly fetch manifest @upstash/redis@^1.34.3
1868 silly packumentCache full:https://registry.npmjs.org/@upstash%2fredis cache-miss
1869 http cache https://registry.npmjs.org/@upstash%2fredis 15ms (cache hit)
1870 silly packumentCache full:https://registry.npmjs.org/@upstash%2fredis set size:3112135 disposed:false
1871 silly fetch manifest @vercel/blob@>=0.27.1
1872 silly packumentCache full:https://registry.npmjs.org/@vercel%2fblob cache-miss
1873 http cache https://registry.npmjs.org/@vercel%2fblob 7ms (cache hit)
1874 silly packumentCache full:https://registry.npmjs.org/@vercel%2fblob set size:901601 disposed:false
1875 silly fetch manifest @vercel/functions@^2.2.12 || ^3.0.0
1876 silly packumentCache full:https://registry.npmjs.org/@vercel%2ffunctions cache-miss
1877 http cache https://registry.npmjs.org/@vercel%2ffunctions 6ms (cache hit)
1878 silly packumentCache full:https://registry.npmjs.org/@vercel%2ffunctions set size:160760 disposed:false
1879 silly fetch manifest @aws-sdk/credential-provider-web-identity@*
1880 silly packumentCache full:https://registry.npmjs.org/@aws-sdk%2fcredential-provider-web-identity cache-miss
1881 http cache https://registry.npmjs.org/@aws-sdk%2fcredential-provider-web-identity 9ms (cache hit)
1882 silly packumentCache full:https://registry.npmjs.org/@aws-sdk%2fcredential-provider-web-identity set size:843293 disposed:false
1883 silly fetch manifest @vercel/kv@^1 || ^2 || ^3
1884 silly packumentCache full:https://registry.npmjs.org/@vercel%2fkv cache-miss
1885 http cache https://registry.npmjs.org/@vercel%2fkv 12ms (cache hit)
1886 silly packumentCache full:https://registry.npmjs.org/@vercel%2fkv set size:112499 disposed:false
1887 silly fetch manifest aws4fetch@^1.0.20
1888 silly packumentCache full:https://registry.npmjs.org/aws4fetch cache-miss
1889 http cache https://registry.npmjs.org/aws4fetch 9ms (cache hit)
1890 silly packumentCache full:https://registry.npmjs.org/aws4fetch set size:75112 disposed:false
1891 silly fetch manifest db0@>=0.2.1
1892 silly packumentCache full:https://registry.npmjs.org/db0 cache-miss
1893 http cache https://registry.npmjs.org/db0 5ms (cache hit)
1894 silly packumentCache full:https://registry.npmjs.org/db0 set size:71272 disposed:false
1895 silly fetch manifest @electric-sql/pglite@*
1896 silly packumentCache full:https://registry.npmjs.org/@electric-sql%2fpglite cache-miss
1897 http cache https://registry.npmjs.org/@electric-sql%2fpglite 5ms (cache hit)
1898 silly packumentCache full:https://registry.npmjs.org/@electric-sql%2fpglite set size:263020 disposed:false
1899 silly fetch manifest @libsql/client@*
1900 silly packumentCache full:https://registry.npmjs.org/@libsql%2fclient cache-miss
1901 http cache https://registry.npmjs.org/@libsql%2fclient 7ms (cache hit)
1902 silly packumentCache full:https://registry.npmjs.org/@libsql%2fclient set size:369952 disposed:false
1903 silly fetch manifest better-sqlite3@*
1904 silly packumentCache full:https://registry.npmjs.org/better-sqlite3 cache-miss
1905 http cache https://registry.npmjs.org/better-sqlite3 8ms (cache hit)
1906 silly packumentCache full:https://registry.npmjs.org/better-sqlite3 set size:369802 disposed:false
1907 silly fetch manifest drizzle-orm@*
1908 silly packumentCache full:https://registry.npmjs.org/drizzle-orm cache-miss
1909 http cache https://registry.npmjs.org/drizzle-orm 155ms (cache hit)
1910 silly packumentCache full:https://registry.npmjs.org/drizzle-orm set size:81085611 disposed:false
1911 silly fetch manifest @aws-sdk/client-rds-data@>=3
1912 silly packumentCache full:https://registry.npmjs.org/@aws-sdk%2fclient-rds-data cache-miss
1913 http cache https://registry.npmjs.org/@aws-sdk%2fclient-rds-data 48ms (cache hit)
1914 silly packumentCache full:https://registry.npmjs.org/@aws-sdk%2fclient-rds-data set size:2515846 disposed:false
1915 silly fetch manifest @cloudflare/workers-types@>=4
1916 silly packumentCache full:https://registry.npmjs.org/@cloudflare%2fworkers-types cache-miss
1917 http cache https://registry.npmjs.org/@cloudflare%2fworkers-types 11ms (cache hit)
1918 silly packumentCache full:https://registry.npmjs.org/@cloudflare%2fworkers-types set size:1325074 disposed:false
1919 silly fetch manifest @libsql/client-wasm@>=0.10.0
1920 silly packumentCache full:https://registry.npmjs.org/@libsql%2fclient-wasm cache-miss
1921 http cache https://registry.npmjs.org/@libsql%2fclient-wasm 12ms (cache hit)
1922 silly packumentCache full:https://registry.npmjs.org/@libsql%2fclient-wasm set size:134117 disposed:false
1923 silly fetch manifest @neondatabase/serverless@>=0.10.0
1924 silly packumentCache full:https://registry.npmjs.org/@neondatabase%2fserverless cache-miss
1925 http cache https://registry.npmjs.org/@neondatabase%2fserverless 5ms (cache hit)
1926 silly packumentCache full:https://registry.npmjs.org/@neondatabase%2fserverless set size:173277 disposed:false
1927 silly fetch manifest @op-engineering/op-sqlite@>=2
1928 silly packumentCache full:https://registry.npmjs.org/@op-engineering%2fop-sqlite cache-miss
1929 http cache https://registry.npmjs.org/@op-engineering%2fop-sqlite 9ms (cache hit)
1930 silly packumentCache full:https://registry.npmjs.org/@op-engineering%2fop-sqlite set size:453564 disposed:false
1931 silly fetch manifest @opentelemetry/api@^1.4.1
1932 silly packumentCache full:https://registry.npmjs.org/@opentelemetry%2fapi cache-miss
1933 http cache https://registry.npmjs.org/@opentelemetry%2fapi 8ms (cache hit)
1934 silly packumentCache full:https://registry.npmjs.org/@opentelemetry%2fapi set size:455567 disposed:false
1935 silly fetch manifest @prisma/client@*
1936 silly packumentCache full:https://registry.npmjs.org/@prisma%2fclient cache-miss
1937 http cache https://registry.npmjs.org/@prisma%2fclient 159ms (cache hit)
1938 silly packumentCache full:https://registry.npmjs.org/@prisma%2fclient set size:66621159 disposed:false
1939 silly fetch manifest prisma@*
1940 silly packumentCache full:https://registry.npmjs.org/prisma cache-miss
1941 http cache https://registry.npmjs.org/prisma 160ms (cache hit)
1942 silly packumentCache full:https://registry.npmjs.org/prisma set size:42432422 disposed:false
1943 silly fetch manifest @tidbcloud/serverless@*
1944 silly packumentCache full:https://registry.npmjs.org/@tidbcloud%2fserverless cache-miss
1945 http cache https://registry.npmjs.org/@tidbcloud%2fserverless 8ms (cache hit)
1946 silly packumentCache full:https://registry.npmjs.org/@tidbcloud%2fserverless set size:46583 disposed:false
1947 silly fetch manifest @types/better-sqlite3@*
1948 silly packumentCache full:https://registry.npmjs.org/@types%2fbetter-sqlite3 cache-miss
1949 http cache https://registry.npmjs.org/@types%2fbetter-sqlite3 12ms (cache hit)
1950 silly packumentCache full:https://registry.npmjs.org/@types%2fbetter-sqlite3 set size:81988 disposed:false
1951 silly fetch manifest @types/pg@*
1952 silly packumentCache full:https://registry.npmjs.org/@types%2fpg cache-miss
1953 http cache https://registry.npmjs.org/@types%2fpg 17ms (cache hit)
1954 silly packumentCache full:https://registry.npmjs.org/@types%2fpg set size:191651 disposed:false
1955 silly fetch manifest @types/sql.js@*
1956 silly packumentCache full:https://registry.npmjs.org/@types%2fsql.js cache-miss
1957 http cache https://registry.npmjs.org/@types%2fsql.js 17ms (cache hit)
1958 silly packumentCache full:https://registry.npmjs.org/@types%2fsql.js set size:46334 disposed:false
1959 silly fetch manifest @vercel/postgres@>=0.8.0
1960 silly packumentCache full:https://registry.npmjs.org/@vercel%2fpostgres cache-miss
1961 http cache https://registry.npmjs.org/@vercel%2fpostgres 19ms (cache hit)
1962 silly packumentCache full:https://registry.npmjs.org/@vercel%2fpostgres set size:247667 disposed:false
1963 silly fetch manifest @xata.io/client@*
1964 silly packumentCache full:https://registry.npmjs.org/@xata.io%2fclient cache-miss
1965 http cache https://registry.npmjs.org/@xata.io%2fclient 119ms (cache hit)
1966 silly packumentCache full:https://registry.npmjs.org/@xata.io%2fclient set size:11381979 disposed:false
1967 silly fetch manifest bun-types@*
1968 silly packumentCache full:https://registry.npmjs.org/bun-types cache-miss
1969 http cache https://registry.npmjs.org/bun-types 85ms (cache hit)
1970 silly packumentCache full:https://registry.npmjs.org/bun-types set size:2251220 disposed:false
1971 silly fetch manifest expo-sqlite@>=14.0.0
1972 silly packumentCache full:https://registry.npmjs.org/expo-sqlite cache-miss
1973 http cache https://registry.npmjs.org/expo-sqlite 41ms (cache hit)
1974 silly packumentCache full:https://registry.npmjs.org/expo-sqlite set size:821162 disposed:false
1975 silly fetch manifest gel@>=2
1976 silly packumentCache full:https://registry.npmjs.org/gel cache-miss
1977 http cache https://registry.npmjs.org/gel 66ms (cache hit)
1978 silly packumentCache full:https://registry.npmjs.org/gel set size:248308 disposed:false
1979 silly fetch manifest knex@*
1980 silly packumentCache full:https://registry.npmjs.org/knex cache-miss
1981 http cache https://registry.npmjs.org/knex 41ms (cache hit)
1982 silly packumentCache full:https://registry.npmjs.org/knex set size:1366961 disposed:false
1983 silly fetch manifest kysely@*
1984 silly packumentCache full:https://registry.npmjs.org/kysely cache-miss
1985 http cache https://registry.npmjs.org/kysely 15ms (cache hit)
1986 silly packumentCache full:https://registry.npmjs.org/kysely set size:649250 disposed:false
1987 silly fetch manifest mysql2@>=2
1988 silly packumentCache full:https://registry.npmjs.org/mysql2 cache-miss
1989 http cache https://registry.npmjs.org/mysql2 10ms (cache hit)
1990 silly packumentCache full:https://registry.npmjs.org/mysql2 set size:642436 disposed:false
1991 silly fetch manifest pg@>=8
1992 silly packumentCache full:https://registry.npmjs.org/pg cache-miss
1993 http cache https://registry.npmjs.org/pg 11ms (cache hit)
1994 silly packumentCache full:https://registry.npmjs.org/pg set size:470757 disposed:false
1995 silly fetch manifest pg-native@>=3.0.1
1996 silly packumentCache full:https://registry.npmjs.org/pg-native cache-miss
1997 http cache https://registry.npmjs.org/pg-native 22ms (cache hit)
1998 silly packumentCache full:https://registry.npmjs.org/pg-native set size:87130 disposed:false
1999 silly fetch manifest postgres@>=3
2000 silly packumentCache full:https://registry.npmjs.org/postgres cache-miss
2001 http cache https://registry.npmjs.org/postgres 15ms (cache hit)
2002 silly packumentCache full:https://registry.npmjs.org/postgres set size:183426 disposed:false
2003 silly fetch manifest sql.js@>=1
2004 silly packumentCache full:https://registry.npmjs.org/sql.js cache-miss
2005 http cache https://registry.npmjs.org/sql.js 34ms (cache hit)
2006 silly packumentCache full:https://registry.npmjs.org/sql.js set size:120189 disposed:false
2007 silly fetch manifest sqlite3@>=5
2008 silly packumentCache full:https://registry.npmjs.org/sqlite3 cache-miss
2009 http cache https://registry.npmjs.org/sqlite3 7ms (cache hit)
2010 silly packumentCache full:https://registry.npmjs.org/sqlite3 set size:326993 disposed:false
2011 silly fetch manifest idb-keyval@^6.2.1
2012 silly packumentCache full:https://registry.npmjs.org/idb-keyval cache-hit
2013 silly fetch manifest ioredis@^5.4.2
2014 silly packumentCache full:https://registry.npmjs.org/ioredis cache-miss
2015 http cache https://registry.npmjs.org/ioredis 9ms (cache hit)
2016 silly packumentCache full:https://registry.npmjs.org/ioredis set size:831048 disposed:false
2017 silly fetch manifest uploadthing@^7.4.4
2018 silly packumentCache full:https://registry.npmjs.org/uploadthing cache-miss
2019 http cache https://registry.npmjs.org/uploadthing 9ms (cache hit)
2020 silly packumentCache full:https://registry.npmjs.org/uploadthing set size:1017149 disposed:false
2021 silly fetch manifest express@*
2022 silly packumentCache full:https://registry.npmjs.org/express cache-miss
2023 http cache https://registry.npmjs.org/express 19ms (cache hit)
2024 silly packumentCache full:https://registry.npmjs.org/express set size:801222 disposed:false
2025 silly fetch manifest h3@*
2026 silly packumentCache full:https://registry.npmjs.org/h3 cache-miss
2027 http cache https://registry.npmjs.org/h3 18ms (cache hit)
2028 silly packumentCache full:https://registry.npmjs.org/h3 set size:406923 disposed:false
2029 silly fetch manifest crossws@^0.4.1
2030 silly packumentCache full:https://registry.npmjs.org/crossws cache-miss
2031 http cache https://registry.npmjs.org/crossws 15ms (cache hit)
2032 silly packumentCache full:https://registry.npmjs.org/crossws set size:86517 disposed:false
2033 silly fetch manifest srvx@>=0.7.1
2034 silly packumentCache full:https://registry.npmjs.org/srvx cache-miss
2035 http cache https://registry.npmjs.org/srvx 15ms (cache hit)
2036 silly packumentCache full:https://registry.npmjs.org/srvx set size:194970 disposed:false
2037 silly fetch manifest tailwindcss@^3.0.0 || ^4.0.0-beta.0
2038 silly packumentCache full:https://registry.npmjs.org/tailwindcss cache-miss
2039 http cache https://registry.npmjs.org/tailwindcss 66ms (cache hit)
2040 silly packumentCache full:https://registry.npmjs.org/tailwindcss set size:10156862 disposed:false
2041 silly placeDep ROOT unstorage@1.17.4 OK for: @walletconnect/keyvaluestorage@1.1.1 want: ^1.9.0
2042 silly fetch manifest anymatch@^3.1.3
2043 silly packumentCache full:https://registry.npmjs.org/anymatch cache-miss
2044 silly fetch manifest destr@^2.0.5
2045 silly packumentCache full:https://registry.npmjs.org/destr cache-miss
2046 silly fetch manifest h3@^1.15.5
2047 silly packumentCache full:https://registry.npmjs.org/h3 cache-hit
2048 silly fetch manifest lru-cache@^11.2.0
2049 silly packumentCache full:https://registry.npmjs.org/lru-cache cache-miss
2050 silly fetch manifest node-fetch-native@^1.6.7
2051 silly packumentCache full:https://registry.npmjs.org/node-fetch-native cache-miss
2052 silly fetch manifest ofetch@^1.5.1
2053 silly packumentCache full:https://registry.npmjs.org/ofetch cache-miss
2054 silly fetch manifest ufo@^1.6.3
2055 silly packumentCache full:https://registry.npmjs.org/ufo cache-miss
2056 http cache https://registry.npmjs.org/destr 27ms (cache hit)
2057 silly packumentCache full:https://registry.npmjs.org/destr set size:65344 disposed:false
2058 http cache https://registry.npmjs.org/lru-cache 30ms (cache hit)
2059 silly packumentCache full:https://registry.npmjs.org/lru-cache set size:410669 disposed:false
2060 http cache https://registry.npmjs.org/anymatch 42ms (cache hit)
2061 silly packumentCache full:https://registry.npmjs.org/anymatch set size:42974 disposed:false
2062 http cache https://registry.npmjs.org/node-fetch-native 42ms (cache hit)
2063 silly packumentCache full:https://registry.npmjs.org/node-fetch-native set size:114626 disposed:false
2064 http cache https://registry.npmjs.org/ofetch 48ms (cache hit)
2065 silly packumentCache full:https://registry.npmjs.org/ofetch set size:75280 disposed:false
2066 http cache https://registry.npmjs.org/ufo 51ms (cache hit)
2067 silly packumentCache full:https://registry.npmjs.org/ufo set size:167084 disposed:false
2068 silly placeDep ROOT pino@7.11.0 OK for: @walletconnect/logger@2.1.2 want: 7.11.0
2069 silly fetch manifest sonic-boom@^2.2.1
2070 silly packumentCache full:https://registry.npmjs.org/sonic-boom cache-miss
2071 silly fetch manifest fast-redact@^3.0.0
2072 silly packumentCache full:https://registry.npmjs.org/fast-redact cache-miss
2073 silly fetch manifest atomic-sleep@^1.0.0
2074 silly packumentCache full:https://registry.npmjs.org/atomic-sleep cache-miss
2075 silly fetch manifest real-require@^0.1.0
2076 silly packumentCache full:https://registry.npmjs.org/real-require cache-miss
2077 silly fetch manifest thread-stream@^0.15.1
2078 silly packumentCache full:https://registry.npmjs.org/thread-stream cache-miss
2079 silly fetch manifest process-warning@^1.0.0
2080 silly packumentCache full:https://registry.npmjs.org/process-warning cache-miss
2081 silly fetch manifest on-exit-leak-free@^0.2.0
2082 silly packumentCache full:https://registry.npmjs.org/on-exit-leak-free cache-miss
2083 http cache https://registry.npmjs.org/real-require 15ms (cache hit)
2084 silly packumentCache full:https://registry.npmjs.org/real-require set size:9152 disposed:false
2085 silly fetch manifest pino-std-serializers@^4.0.0
2086 silly packumentCache full:https://registry.npmjs.org/pino-std-serializers cache-miss
2087 http cache https://registry.npmjs.org/fast-redact 20ms (cache hit)
2088 silly packumentCache full:https://registry.npmjs.org/fast-redact set size:114752 disposed:false
2089 silly fetch manifest safe-stable-stringify@^2.1.0
2090 silly packumentCache full:https://registry.npmjs.org/safe-stable-stringify cache-miss
2091 http cache https://registry.npmjs.org/sonic-boom 27ms (cache hit)
2092 silly packumentCache full:https://registry.npmjs.org/sonic-boom set size:166846 disposed:false
2093 silly fetch manifest quick-format-unescaped@^4.0.3
2094 silly packumentCache full:https://registry.npmjs.org/quick-format-unescaped cache-miss
2095 http cache https://registry.npmjs.org/atomic-sleep 31ms (cache hit)
2096 silly packumentCache full:https://registry.npmjs.org/atomic-sleep set size:5192 disposed:false
2097 silly fetch manifest pino-abstract-transport@v0.5.0
2098 silly packumentCache full:https://registry.npmjs.org/pino-abstract-transport cache-miss
2099 http cache https://registry.npmjs.org/process-warning 32ms (cache hit)
2100 silly packumentCache full:https://registry.npmjs.org/process-warning set size:32480 disposed:false
2101 http cache https://registry.npmjs.org/thread-stream 34ms (cache hit)
2102 silly packumentCache full:https://registry.npmjs.org/thread-stream set size:127672 disposed:false
2103 http cache https://registry.npmjs.org/on-exit-leak-free 37ms (cache hit)
2104 silly packumentCache full:https://registry.npmjs.org/on-exit-leak-free set size:18719 disposed:false
2105 http cache https://registry.npmjs.org/safe-stable-stringify 24ms (cache hit)
2106 silly packumentCache full:https://registry.npmjs.org/safe-stable-stringify set size:45091 disposed:false
2107 http cache https://registry.npmjs.org/pino-abstract-transport 19ms (cache hit)
2108 silly packumentCache full:https://registry.npmjs.org/pino-abstract-transport set size:28687 disposed:false
2109 http cache https://registry.npmjs.org/pino-std-serializers 36ms (cache hit)
2110 silly packumentCache full:https://registry.npmjs.org/pino-std-serializers set size:96176 disposed:false
2111 http cache https://registry.npmjs.org/quick-format-unescaped 28ms (cache hit)
2112 silly packumentCache full:https://registry.npmjs.org/quick-format-unescaped set size:36121 disposed:false
2113 silly placeDep node_modules/@walletconnect/relay-auth @noble/curves@1.8.0 OK for: @walletconnect/relay-auth@1.1.0 want: 1.8.0
2114 silly placeDep node_modules/@walletconnect/relay-auth @noble/hashes@1.7.0 OK for: @walletconnect/relay-auth@1.1.0 want: 1.7.0
2115 silly placeDep ROOT @walletconnect/jsonrpc-http-connection@1.0.8 OK for: @walletconnect/universal-provider@2.21.8 want: 1.0.8
2116 silly fetch manifest cross-fetch@^3.1.4
2117 silly packumentCache full:https://registry.npmjs.org/cross-fetch cache-miss
2118 http cache https://registry.npmjs.org/cross-fetch 19ms (cache hit)
2119 silly packumentCache full:https://registry.npmjs.org/cross-fetch set size:156922 disposed:false
2120 silly placeDep ROOT cross-fetch@3.2.0 OK for: @walletconnect/jsonrpc-http-connection@1.0.8 want: ^3.1.4
2121 silly placeDep ROOT @msgpack/msgpack@3.1.2 OK for: @walletconnect/utils@2.21.8 want: 3.1.2
2122 silly placeDep ROOT @noble/ciphers@1.3.0 OK for: @walletconnect/utils@2.21.8 want: 1.3.0
2123 silly placeDep node_modules/@walletconnect/utils @noble/curves@1.9.2 OK for: @walletconnect/utils@2.21.8 want: 1.9.2
2124 silly placeDep node_modules/@walletconnect/utils @noble/hashes@1.8.0 OK for: @walletconnect/utils@2.21.8 want: 1.8.0
2125 silly placeDep ROOT @scure/base@1.2.6 OK for: @walletconnect/utils@2.21.8 want: 1.2.6
2126 silly placeDep ROOT @walletconnect/window-metadata@1.0.1 OK for: @walletconnect/utils@2.21.8 want: 1.0.1
2127 silly placeDep ROOT blakejs@1.2.1 OK for: @walletconnect/utils@2.21.8 want: 1.2.1
2128 silly placeDep node_modules/@walletconnect/utils bs58@6.0.0 OK for: @walletconnect/utils@2.21.8 want: 6.0.0
2129 silly placeDep ROOT detect-browser@5.3.0 OK for: @walletconnect/utils@2.21.8 want: 5.3.0
2130 silly placeDep ROOT query-string@7.1.3 OK for: @walletconnect/utils@2.21.8 want: 7.1.3
2131 silly placeDep node_modules/@walletconnect/utils viem@2.31.0 OK for: @walletconnect/utils@2.21.8 want: 2.31.0
2132 silly fetch manifest base-x@^5.0.0
2133 silly packumentCache full:https://registry.npmjs.org/base-x cache-hit
2134 silly fetch manifest filter-obj@^1.1.0
2135 silly packumentCache full:https://registry.npmjs.org/filter-obj cache-miss
2136 silly fetch manifest split-on-first@^1.0.0
2137 silly packumentCache full:https://registry.npmjs.org/split-on-first cache-miss
2138 silly fetch manifest strict-uri-encode@^2.0.0
2139 silly packumentCache full:https://registry.npmjs.org/strict-uri-encode cache-miss
2140 silly fetch manifest decode-uri-component@^0.2.2
2141 silly packumentCache full:https://registry.npmjs.org/decode-uri-component cache-miss
2142 silly fetch manifest ox@0.7.1
2143 silly packumentCache full:https://registry.npmjs.org/ox cache-miss
2144 silly fetch manifest ws@8.18.2
2145 silly packumentCache full:https://registry.npmjs.org/ws cache-hit
2146 http cache https://registry.npmjs.org/split-on-first 31ms (cache hit)
2147 silly packumentCache full:https://registry.npmjs.org/split-on-first set size:16494 disposed:false
2148 http cache https://registry.npmjs.org/strict-uri-encode 34ms (cache hit)
2149 silly packumentCache full:https://registry.npmjs.org/strict-uri-encode set size:8716 disposed:false
2150 http cache https://registry.npmjs.org/decode-uri-component 35ms (cache hit)
2151 silly packumentCache full:https://registry.npmjs.org/decode-uri-component set size:20325 disposed:false
2152 http cache https://registry.npmjs.org/filter-obj 39ms (cache hit)
2153 silly packumentCache full:https://registry.npmjs.org/filter-obj set size:26902 disposed:false
2154 http cache https://registry.npmjs.org/ox 56ms (cache hit)
2155 silly packumentCache full:https://registry.npmjs.org/ox set size:3560482 disposed:false
2156 silly placeDep ROOT humanize-ms@1.2.1 OK for: agentkeepalive@4.6.0 want: ^1.2.1
2157 silly fetch manifest ms@^2.0.0
2158 silly packumentCache full:https://registry.npmjs.org/ms cache-hit
2159 silly placeDep node_modules/aria-hidden tslib@2.8.1 OK for: aria-hidden@1.2.6 want: ^2.0.0
2160 silly placeDep ROOT follow-redirects@1.15.11 OK for: axios@1.13.4 want: ^1.15.6
2161 silly placeDep ROOT form-data@4.0.5 OK for: axios@1.13.4 want: ^4.0.4
2162 silly placeDep ROOT proxy-from-env@1.1.0 OK for: axios@1.13.4 want: ^1.1.0
2163 silly fetch manifest asynckit@^0.4.0
2164 silly packumentCache full:https://registry.npmjs.org/asynckit cache-miss
2165 silly fetch manifest combined-stream@^1.0.8
2166 silly packumentCache full:https://registry.npmjs.org/combined-stream cache-miss
2167 silly fetch manifest es-set-tostringtag@^2.1.0
2168 silly packumentCache full:https://registry.npmjs.org/es-set-tostringtag cache-miss
2169 silly fetch manifest hasown@^2.0.2
2170 silly packumentCache full:https://registry.npmjs.org/hasown cache-miss
2171 silly fetch manifest mime-types@^2.1.12
2172 silly packumentCache full:https://registry.npmjs.org/mime-types cache-miss
2173 http cache https://registry.npmjs.org/es-set-tostringtag 25ms (cache hit)
2174 silly packumentCache full:https://registry.npmjs.org/es-set-tostringtag set size:22094 disposed:false
2175 http cache https://registry.npmjs.org/mime-types 28ms (cache hit)
2176 silly packumentCache full:https://registry.npmjs.org/mime-types set size:139110 disposed:false
2177 http cache https://registry.npmjs.org/hasown 88ms (cache hit)
2178 silly packumentCache full:https://registry.npmjs.org/hasown set size:12476 disposed:false
2179 http cache https://registry.npmjs.org/combined-stream 91ms (cache hit)
2180 silly packumentCache full:https://registry.npmjs.org/combined-stream set size:40337 disposed:false
2181 http cache https://registry.npmjs.org/asynckit 96ms (cache hit)
2182 silly packumentCache full:https://registry.npmjs.org/asynckit set size:18932 disposed:false
2183 silly placeDep ROOT is-retry-allowed@2.2.0 OK for: axios-retry@4.5.0 want: ^2.2.0
2184 silly placeDep ROOT cosmiconfig@7.1.0 OK for: babel-plugin-macros@3.1.0 want: ^7.0.0
2185 silly placeDep ROOT resolve@1.22.11 OK for: babel-plugin-macros@3.1.0 want: ^1.19.0
2186 silly fetch manifest @types/parse-json@^4.0.0
2187 silly packumentCache full:https://registry.npmjs.org/@types%2fparse-json cache-miss
2188 silly fetch manifest import-fresh@^3.2.1
2189 silly packumentCache full:https://registry.npmjs.org/import-fresh cache-miss
2190 silly fetch manifest parse-json@^5.0.0
2191 silly packumentCache full:https://registry.npmjs.org/parse-json cache-miss
2192 silly fetch manifest path-type@^4.0.0
2193 silly packumentCache full:https://registry.npmjs.org/path-type cache-miss
2194 silly fetch manifest yaml@^1.10.0
2195 silly packumentCache full:https://registry.npmjs.org/yaml cache-miss
2196 silly fetch manifest is-core-module@^2.16.1
2197 silly packumentCache full:https://registry.npmjs.org/is-core-module cache-miss
2198 silly fetch manifest path-parse@^1.0.7
2199 silly packumentCache full:https://registry.npmjs.org/path-parse cache-miss
2200 http cache https://registry.npmjs.org/import-fresh 22ms (cache hit)
2201 silly packumentCache full:https://registry.npmjs.org/import-fresh set size:21461 disposed:false
2202 silly fetch manifest supports-preserve-symlinks-flag@^1.0.0
2203 silly packumentCache full:https://registry.npmjs.org/supports-preserve-symlinks-flag cache-miss
2204 http cache https://registry.npmjs.org/is-core-module 24ms (cache hit)
2205 silly packumentCache full:https://registry.npmjs.org/is-core-module set size:71788 disposed:false
2206 http cache https://registry.npmjs.org/path-type 29ms (cache hit)
2207 silly packumentCache full:https://registry.npmjs.org/path-type set size:15341 disposed:false
2208 http cache https://registry.npmjs.org/parse-json 32ms (cache hit)
2209 silly packumentCache full:https://registry.npmjs.org/parse-json set size:48198 disposed:false
2210 http cache https://registry.npmjs.org/yaml 35ms (cache hit)
2211 silly packumentCache full:https://registry.npmjs.org/yaml set size:364997 disposed:false
2212 http cache https://registry.npmjs.org/@types%2fparse-json 52ms (cache hit)
2213 silly packumentCache full:https://registry.npmjs.org/@types%2fparse-json set size:6477 disposed:false
2214 http cache https://registry.npmjs.org/path-parse 52ms (cache hit)
2215 silly packumentCache full:https://registry.npmjs.org/path-parse set size:14523 disposed:false
2216 http cache https://registry.npmjs.org/supports-preserve-symlinks-flag 44ms (cache hit)
2217 silly packumentCache full:https://registry.npmjs.org/supports-preserve-symlinks-flag set size:6802 disposed:false
2218 silly placeDep ROOT text-encoding-utf-8@1.0.2 OK for: borsh@0.7.0 want: ^1.0.2
2219 silly placeDep ROOT base-x@3.0.11 OK for: bs58@4.0.1 want: ^3.0.2
2220 silly fetch manifest safe-buffer@^5.0.1
2221 silly packumentCache full:https://registry.npmjs.org/safe-buffer cache-miss
2222 http cache https://registry.npmjs.org/safe-buffer 37ms (cache hit)
2223 silly packumentCache full:https://registry.npmjs.org/safe-buffer set size:41183 disposed:false
2224 silly placeDep ROOT safe-buffer@5.2.1 OK for: base-x@3.0.11 want: ^5.0.1
2225 silly placeDep ROOT base64-js@1.5.1 OK for: buffer@6.0.3 want: ^1.3.1
2226 silly placeDep ROOT ieee754@1.2.1 OK for: buffer@6.0.3 want: ^1.2.1
2227 silly placeDep ROOT chokidar@5.0.0 OK for: c12@3.3.3 want: ^5.0.0
2228 silly placeDep ROOT confbox@0.2.4 OK for: c12@3.3.3 want: ^0.2.2
2229 silly placeDep ROOT defu@6.1.4 OK for: c12@3.3.3 want: ^6.1.4
2230 silly placeDep ROOT dotenv@17.2.4 OK for: c12@3.3.3 want: ^17.2.3
2231 silly placeDep ROOT exsolve@1.0.8 OK for: c12@3.3.3 want: ^1.0.8
2232 silly placeDep ROOT giget@2.0.0 OK for: c12@3.3.3 want: ^2.0.0
2233 silly placeDep ROOT jiti@2.6.1 OK for: c12@3.3.3 want: ^2.6.1
2234 silly placeDep ROOT ohash@2.0.11 OK for: c12@3.3.3 want: ^2.0.11
2235 silly placeDep ROOT pathe@2.0.3 OK for: c12@3.3.3 want: ^2.0.3
2236 silly placeDep ROOT perfect-debounce@2.1.0 OK for: c12@3.3.3 want: ^2.0.0
2237 silly placeDep ROOT pkg-types@2.3.0 OK for: c12@3.3.3 want: ^2.3.0
2238 silly placeDep ROOT rc9@2.1.2 OK for: c12@3.3.3 want: ^2.1.2
2239 silly fetch manifest readdirp@^5.0.0
2240 silly packumentCache full:https://registry.npmjs.org/readdirp cache-miss
2241 silly fetch manifest nypm@^0.6.0
2242 silly packumentCache full:https://registry.npmjs.org/nypm cache-miss
2243 silly fetch manifest citty@^0.1.6
2244 silly packumentCache full:https://registry.npmjs.org/citty cache-miss
2245 silly fetch manifest consola@^3.4.0
2246 silly packumentCache full:https://registry.npmjs.org/consola cache-miss
2247 silly fetch manifest node-fetch-native@^1.6.6
2248 silly packumentCache full:https://registry.npmjs.org/node-fetch-native cache-hit
2249 silly fetch manifest destr@^2.0.3
2250 silly packumentCache full:https://registry.npmjs.org/destr cache-hit
2251 http cache https://registry.npmjs.org/nypm 32ms (cache hit)
2252 silly packumentCache full:https://registry.npmjs.org/nypm set size:82586 disposed:false
2253 http cache https://registry.npmjs.org/readdirp 47ms (cache hit)
2254 silly packumentCache full:https://registry.npmjs.org/readdirp set size:107589 disposed:false
2255 http cache https://registry.npmjs.org/consola 63ms (cache hit)
2256 silly packumentCache full:https://registry.npmjs.org/consola set size:324648 disposed:false
2257 http cache https://registry.npmjs.org/citty 78ms (cache hit)
2258 silly packumentCache full:https://registry.npmjs.org/citty set size:29428 disposed:false
2259 silly placeDep ROOT readdirp@5.0.0 OK for: chokidar@5.0.0 want: ^5.0.0
2260 silly placeDep ROOT @types/parse-json@4.0.2 OK for: cosmiconfig@7.1.0 want: ^4.0.0
2261 silly placeDep ROOT import-fresh@3.3.1 OK for: cosmiconfig@7.1.0 want: ^3.2.1
2262 silly placeDep ROOT parse-json@5.2.0 OK for: cosmiconfig@7.1.0 want: ^5.0.0
2263 silly placeDep ROOT path-type@4.0.0 OK for: cosmiconfig@7.1.0 want: ^4.0.0
2264 silly placeDep ROOT yaml@1.10.2 OK for: cosmiconfig@7.1.0 want: ^1.10.0
2265 silly fetch manifest parent-module@^1.0.0
2266 silly packumentCache full:https://registry.npmjs.org/parent-module cache-miss
2267 silly fetch manifest resolve-from@^4.0.0
2268 silly packumentCache full:https://registry.npmjs.org/resolve-from cache-miss
2269 silly fetch manifest error-ex@^1.3.1
2270 silly packumentCache full:https://registry.npmjs.org/error-ex cache-miss
2271 silly fetch manifest lines-and-columns@^1.1.6
2272 silly packumentCache full:https://registry.npmjs.org/lines-and-columns cache-miss
2273 silly fetch manifest json-parse-even-better-errors@^2.3.0
2274 silly packumentCache full:https://registry.npmjs.org/json-parse-even-better-errors cache-miss
2275 http cache https://registry.npmjs.org/lines-and-columns 15ms (cache hit)
2276 silly packumentCache full:https://registry.npmjs.org/lines-and-columns set size:73796 disposed:false
2277 http cache https://registry.npmjs.org/error-ex 23ms (cache hit)
2278 silly packumentCache full:https://registry.npmjs.org/error-ex set size:31684 disposed:false
2279 http cache https://registry.npmjs.org/json-parse-even-better-errors 25ms (cache hit)
2280 silly packumentCache full:https://registry.npmjs.org/json-parse-even-better-errors set size:34572 disposed:false
2281 http cache https://registry.npmjs.org/resolve-from 29ms (cache hit)
2282 silly packumentCache full:https://registry.npmjs.org/resolve-from set size:12911 disposed:false
2283 http cache https://registry.npmjs.org/parent-module 32ms (cache hit)
2284 silly packumentCache full:https://registry.npmjs.org/parent-module set size:18255 disposed:false
2285 silly placeDep ROOT path-key@3.1.1 OK for: cross-spawn@7.0.6 want: ^3.1.0
2286 silly placeDep ROOT shebang-command@2.0.0 OK for: cross-spawn@7.0.6 want: ^2.0.0
2287 silly placeDep ROOT which@2.0.2 OK for: cross-spawn@7.0.6 want: ^2.0.1
2288 silly fetch manifest shebang-regex@^3.0.0
2289 silly packumentCache full:https://registry.npmjs.org/shebang-regex cache-miss
2290 silly fetch manifest isexe@^2.0.0
2291 silly packumentCache full:https://registry.npmjs.org/isexe cache-miss
2292 http cache https://registry.npmjs.org/isexe 8ms (cache hit)
2293 silly packumentCache full:https://registry.npmjs.org/isexe set size:21493 disposed:false
2294 http cache https://registry.npmjs.org/shebang-regex 13ms (cache hit)
2295 silly packumentCache full:https://registry.npmjs.org/shebang-regex set size:9763 disposed:false
2296 silly placeDep ROOT ms@2.1.3 OK for: debug@4.4.3 want: ^2.1.3
2297 silly placeDep ROOT asynckit@0.4.0 OK for: form-data@4.0.5 want: ^0.4.0
2298 silly placeDep ROOT combined-stream@1.0.8 OK for: form-data@4.0.5 want: ^1.0.8
2299 silly placeDep ROOT es-set-tostringtag@2.1.0 OK for: form-data@4.0.5 want: ^2.1.0
2300 silly placeDep ROOT hasown@2.0.2 OK for: form-data@4.0.5 want: ^2.0.2
2301 silly placeDep ROOT mime-types@2.1.35 OK for: form-data@4.0.5 want: ^2.1.12
2302 silly fetch manifest delayed-stream@~1.0.0
2303 silly packumentCache full:https://registry.npmjs.org/delayed-stream cache-miss
2304 silly fetch manifest es-errors@^1.3.0
2305 silly packumentCache full:https://registry.npmjs.org/es-errors cache-miss
2306 silly fetch manifest get-intrinsic@^1.2.6
2307 silly packumentCache full:https://registry.npmjs.org/get-intrinsic cache-miss
2308 silly fetch manifest has-tostringtag@^1.0.2
2309 silly packumentCache full:https://registry.npmjs.org/has-tostringtag cache-miss
2310 silly fetch manifest function-bind@^1.1.2
2311 silly packumentCache full:https://registry.npmjs.org/function-bind cache-miss
2312 silly fetch manifest mime-db@1.52.0
2313 silly packumentCache full:https://registry.npmjs.org/mime-db cache-miss
2314 http cache https://registry.npmjs.org/has-tostringtag 19ms (cache hit)
2315 silly packumentCache full:https://registry.npmjs.org/has-tostringtag set size:13945 disposed:false
2316 http cache https://registry.npmjs.org/function-bind 21ms (cache hit)
2317 silly packumentCache full:https://registry.npmjs.org/function-bind set size:15733 disposed:false
2318 http cache https://registry.npmjs.org/mime-db 24ms (cache hit)
2319 silly packumentCache full:https://registry.npmjs.org/mime-db set size:164953 disposed:false
2320 http cache https://registry.npmjs.org/delayed-stream 33ms (cache hit)
2321 silly packumentCache full:https://registry.npmjs.org/delayed-stream set size:15820 disposed:false
2322 http cache https://registry.npmjs.org/es-errors 35ms (cache hit)
2323 silly packumentCache full:https://registry.npmjs.org/es-errors set size:16918 disposed:false
2324 http cache https://registry.npmjs.org/get-intrinsic 38ms (cache hit)
2325 silly packumentCache full:https://registry.npmjs.org/get-intrinsic set size:60985 disposed:false
2326 silly placeDep ROOT delayed-stream@1.0.0 OK for: combined-stream@1.0.8 want: ~1.0.0
2327 silly placeDep ROOT es-errors@1.3.0 OK for: es-set-tostringtag@2.1.0 want: ^1.3.0
2328 silly placeDep ROOT get-intrinsic@1.3.0 OK for: es-set-tostringtag@2.1.0 want: ^1.2.6
2329 silly placeDep ROOT has-tostringtag@1.0.2 OK for: es-set-tostringtag@2.1.0 want: ^1.0.2
2330 silly fetch manifest gopd@^1.2.0
2331 silly packumentCache full:https://registry.npmjs.org/gopd cache-miss
2332 silly fetch manifest get-proto@^1.0.1
2333 silly packumentCache full:https://registry.npmjs.org/get-proto cache-miss
2334 silly fetch manifest has-symbols@^1.1.0
2335 silly packumentCache full:https://registry.npmjs.org/has-symbols cache-miss
2336 silly fetch manifest es-object-atoms@^1.1.1
2337 silly packumentCache full:https://registry.npmjs.org/es-object-atoms cache-miss
2338 silly fetch manifest math-intrinsics@^1.1.0
2339 silly packumentCache full:https://registry.npmjs.org/math-intrinsics cache-miss
2340 silly fetch manifest es-define-property@^1.0.1
2341 silly packumentCache full:https://registry.npmjs.org/es-define-property cache-miss
2342 silly fetch manifest call-bind-apply-helpers@^1.0.2
2343 silly packumentCache full:https://registry.npmjs.org/call-bind-apply-helpers cache-miss
2344 http cache https://registry.npmjs.org/gopd 26ms (cache hit)
2345 silly packumentCache full:https://registry.npmjs.org/gopd set size:11458 disposed:false
2346 silly fetch manifest has-symbols@^1.0.3
2347 silly packumentCache full:https://registry.npmjs.org/has-symbols cache-miss
2348 http cache https://registry.npmjs.org/es-define-property 26ms (cache hit)
2349 silly packumentCache full:https://registry.npmjs.org/es-define-property set size:8542 disposed:false
2350 http cache https://registry.npmjs.org/math-intrinsics 29ms (cache hit)
2351 silly packumentCache full:https://registry.npmjs.org/math-intrinsics set size:9265 disposed:false
2352 http cache https://registry.npmjs.org/has-symbols 32ms (cache hit)
2353 silly packumentCache full:https://registry.npmjs.org/has-symbols set size:21550 disposed:false
2354 http cache https://registry.npmjs.org/call-bind-apply-helpers 30ms (cache hit)
2355 silly packumentCache full:https://registry.npmjs.org/call-bind-apply-helpers set size:12744 disposed:false
2356 http cache https://registry.npmjs.org/get-proto 36ms (cache hit)
2357 silly packumentCache full:https://registry.npmjs.org/get-proto set size:8300 disposed:false
2358 http cache https://registry.npmjs.org/has-symbols 18ms (cache hit)
2359 silly packumentCache full:https://registry.npmjs.org/has-symbols set size:21550 disposed:false
2360 silly packumentCache full:https://registry.npmjs.org/has-symbols dispose
2361 http cache https://registry.npmjs.org/es-object-atoms 47ms (cache hit)
2362 silly packumentCache full:https://registry.npmjs.org/es-object-atoms set size:15304 disposed:false
2363 silly placeDep ROOT call-bind-apply-helpers@1.0.2 OK for: get-intrinsic@1.3.0 want: ^1.0.2
2364 silly placeDep ROOT es-define-property@1.0.1 OK for: get-intrinsic@1.3.0 want: ^1.0.1
2365 silly placeDep ROOT es-object-atoms@1.1.1 OK for: get-intrinsic@1.3.0 want: ^1.1.1
2366 silly placeDep ROOT function-bind@1.1.2 OK for: get-intrinsic@1.3.0 want: ^1.1.2
2367 silly placeDep ROOT get-proto@1.0.1 OK for: get-intrinsic@1.3.0 want: ^1.0.1
2368 silly placeDep ROOT gopd@1.2.0 OK for: get-intrinsic@1.3.0 want: ^1.2.0
2369 silly placeDep ROOT has-symbols@1.1.0 OK for: get-intrinsic@1.3.0 want: ^1.1.0
2370 silly placeDep ROOT math-intrinsics@1.1.0 OK for: get-intrinsic@1.3.0 want: ^1.1.0
2371 silly fetch manifest dunder-proto@^1.0.1
2372 silly packumentCache full:https://registry.npmjs.org/dunder-proto cache-miss
2373 http cache https://registry.npmjs.org/dunder-proto 25ms (cache hit)
2374 silly packumentCache full:https://registry.npmjs.org/dunder-proto set size:8256 disposed:false
2375 silly placeDep ROOT dunder-proto@1.0.1 OK for: get-proto@1.0.1 want: ^1.0.1
2376 silly placeDep ROOT citty@0.1.6 OK for: giget@2.0.0 want: ^0.1.6
2377 silly placeDep ROOT consola@3.4.2 OK for: giget@2.0.0 want: ^3.4.0
2378 silly placeDep ROOT node-fetch-native@1.6.7 OK for: giget@2.0.0 want: ^1.6.6
2379 silly placeDep ROOT nypm@0.6.5 OK for: giget@2.0.0 want: ^0.6.0
2380 silly fetch manifest consola@^3.2.3
2381 silly packumentCache full:https://registry.npmjs.org/consola cache-hit
2382 silly fetch manifest citty@^0.2.0
2383 silly packumentCache full:https://registry.npmjs.org/citty cache-hit
2384 silly fetch manifest tinyexec@^1.0.2
2385 silly packumentCache full:https://registry.npmjs.org/tinyexec cache-miss
2386 http cache https://registry.npmjs.org/tinyexec 12ms (cache hit)
2387 silly packumentCache full:https://registry.npmjs.org/tinyexec set size:38584 disposed:false
2388 silly placeDep ROOT react-is@16.13.1 OK for: hoist-non-react-statics@3.3.2 want: ^16.7.0
2389 silly placeDep ROOT parent-module@1.0.1 OK for: import-fresh@3.3.1 want: ^1.0.0
2390 silly placeDep ROOT resolve-from@4.0.0 OK for: import-fresh@3.3.1 want: ^4.0.0
2391 silly fetch manifest callsites@^3.0.0
2392 silly packumentCache full:https://registry.npmjs.org/callsites cache-miss
2393 http cache https://registry.npmjs.org/callsites 16ms (cache hit)
2394 silly packumentCache full:https://registry.npmjs.org/callsites set size:21349 disposed:false
2395 silly placeDep ROOT @types/connect@3.4.38 OK for: jayson@4.3.0 want: ^3.4.33
2396 silly placeDep ROOT @types/node@12.20.55 OK for: jayson@4.3.0 want: ^12.12.54
2397 silly placeDep ROOT @types/ws@7.4.7 OK for: jayson@4.3.0 want: ^7.4.4
2398 silly placeDep node_modules/jayson commander@2.20.3 OK for: jayson@4.3.0 want: ^2.20.3
2399 silly placeDep ROOT delay@5.0.0 OK for: jayson@4.3.0 want: ^5.0.0
2400 silly placeDep ROOT es6-promisify@5.0.0 OK for: jayson@4.3.0 want: ^5.0.0
2401 silly placeDep ROOT eyes@0.1.8 OK for: jayson@4.3.0 want: ^0.1.8
2402 silly placeDep ROOT isomorphic-ws@4.0.1 OK for: jayson@4.3.0 want: ^4.0.1
2403 silly placeDep ROOT json-stringify-safe@5.0.1 OK for: jayson@4.3.0 want: ^5.0.1
2404 silly placeDep ROOT stream-json@1.9.1 OK for: jayson@4.3.0 want: ^1.9.1
2405 silly placeDep ROOT uuid@8.3.2 OK for: jayson@4.3.0 want: ^8.3.2
2406 silly placeDep node_modules/jayson ws@7.5.10 OK for: jayson@4.3.0 want: ^7.5.10
2407 silly fetch manifest @types/node@*
2408 silly packumentCache full:https://registry.npmjs.org/@types%2fnode cache-miss
2409 silly fetch manifest es6-promise@^4.0.3
2410 silly packumentCache full:https://registry.npmjs.org/es6-promise cache-miss
2411 silly fetch manifest stream-chain@^2.2.5
2412 silly packumentCache full:https://registry.npmjs.org/stream-chain cache-miss
2413 http cache https://registry.npmjs.org/stream-chain 22ms (cache hit)
2414 silly packumentCache full:https://registry.npmjs.org/stream-chain set size:59873 disposed:false
2415 http cache https://registry.npmjs.org/es6-promise 26ms (cache hit)
2416 silly packumentCache full:https://registry.npmjs.org/es6-promise set size:96828 disposed:false
2417 http cache https://registry.npmjs.org/@types%2fnode 64ms (cache hit)
2418 silly packumentCache full:https://registry.npmjs.org/@types%2fnode set size:10833619 disposed:false
2419 silly placeDep ROOT es6-promise@4.2.8 OK for: es6-promisify@5.0.0 want: ^4.0.3
2420 silly placeDep ROOT argparse@2.0.1 OK for: js-yaml@4.1.1 want: ^2.0.1
2421 silly placeDep ROOT charenc@0.0.2 OK for: md5@2.3.0 want: 0.0.2
2422 silly placeDep ROOT crypt@0.0.2 OK for: md5@2.3.0 want: 0.0.2
2423 silly placeDep ROOT is-buffer@1.1.6 OK for: md5@2.3.0 want: ~1.1.6
2424 silly placeDep ROOT mime-db@1.52.0 OK for: mime-types@2.1.35 want: 1.52.0
2425 silly placeDep ROOT whatwg-url@5.0.0 OK for: node-fetch@2.7.0 want: ^5.0.0
2426 silly fetch manifest tr46@~0.0.3
2427 silly packumentCache full:https://registry.npmjs.org/tr46 cache-miss
2428 silly fetch manifest webidl-conversions@^3.0.0
2429 silly packumentCache full:https://registry.npmjs.org/webidl-conversions cache-miss
2430 http cache https://registry.npmjs.org/tr46 22ms (cache hit)
2431 silly packumentCache full:https://registry.npmjs.org/tr46 set size:47377 disposed:false
2432 http cache https://registry.npmjs.org/webidl-conversions 25ms (cache hit)
2433 silly packumentCache full:https://registry.npmjs.org/webidl-conversions set size:46073 disposed:false
2434 silly placeDep node_modules/nypm citty@0.2.0 OK for: nypm@0.6.5 want: ^0.2.0
2435 silly placeDep ROOT tinyexec@1.0.2 OK for: nypm@0.6.5 want: ^1.0.2
2436 silly placeDep ROOT default-browser@5.5.0 OK for: open@10.1.1 want: ^5.2.1
2437 silly placeDep ROOT define-lazy-prop@3.0.0 OK for: open@10.1.1 want: ^3.0.0
2438 silly placeDep ROOT is-inside-container@1.0.0 OK for: open@10.1.1 want: ^1.0.0
2439 silly placeDep ROOT is-wsl@3.1.0 OK for: open@10.1.1 want: ^3.1.0
2440 silly fetch manifest bundle-name@^4.1.0
2441 silly packumentCache full:https://registry.npmjs.org/bundle-name cache-miss
2442 silly fetch manifest default-browser-id@^5.0.0
2443 silly packumentCache full:https://registry.npmjs.org/default-browser-id cache-miss
2444 silly fetch manifest is-docker@^3.0.0
2445 silly packumentCache full:https://registry.npmjs.org/is-docker cache-miss
2446 http cache https://registry.npmjs.org/default-browser-id 24ms (cache hit)
2447 silly packumentCache full:https://registry.npmjs.org/default-browser-id set size:24398 disposed:false
2448 http cache https://registry.npmjs.org/is-docker 26ms (cache hit)
2449 silly packumentCache full:https://registry.npmjs.org/is-docker set size:23690 disposed:false
2450 http cache https://registry.npmjs.org/bundle-name 29ms (cache hit)
2451 silly packumentCache full:https://registry.npmjs.org/bundle-name set size:17344 disposed:false
2452 silly placeDep ROOT bundle-name@4.1.0 OK for: default-browser@5.5.0 want: ^4.1.0
2453 silly placeDep ROOT default-browser-id@5.0.1 OK for: default-browser@5.5.0 want: ^5.0.0
2454 silly fetch manifest run-applescript@^7.0.0
2455 silly packumentCache full:https://registry.npmjs.org/run-applescript cache-miss
2456 http cache https://registry.npmjs.org/run-applescript 17ms (cache hit)
2457 silly packumentCache full:https://registry.npmjs.org/run-applescript set size:27897 disposed:false
2458 silly placeDep ROOT run-applescript@7.1.0 OK for: bundle-name@4.1.0 want: ^7.0.0
2459 silly placeDep ROOT is-docker@3.0.0 OK for: is-inside-container@1.0.0 want: ^3.0.0
2460 silly placeDep ROOT cli-cursor@5.0.0 OK for: ora@8.2.0 want: ^5.0.0
2461 silly placeDep ROOT cli-spinners@2.9.2 OK for: ora@8.2.0 want: ^2.9.2
2462 silly placeDep ROOT is-interactive@2.0.0 OK for: ora@8.2.0 want: ^2.0.0
2463 silly placeDep ROOT is-unicode-supported@2.1.0 OK for: ora@8.2.0 want: ^2.0.0
2464 silly placeDep ROOT log-symbols@6.0.0 OK for: ora@8.2.0 want: ^6.0.0
2465 silly placeDep ROOT stdin-discarder@0.2.2 OK for: ora@8.2.0 want: ^0.2.2
2466 silly placeDep ROOT string-width@7.2.0 OK for: ora@8.2.0 want: ^7.2.0
2467 silly placeDep ROOT strip-ansi@7.1.2 OK for: ora@8.2.0 want: ^7.1.0
2468 silly fetch manifest restore-cursor@^5.0.0
2469 silly packumentCache full:https://registry.npmjs.org/restore-cursor cache-miss
2470 silly fetch manifest is-unicode-supported@^1.3.0
2471 silly packumentCache full:https://registry.npmjs.org/is-unicode-supported cache-hit
2472 silly fetch manifest emoji-regex@^10.3.0
2473 silly packumentCache full:https://registry.npmjs.org/emoji-regex cache-miss
2474 silly fetch manifest get-east-asian-width@^1.0.0
2475 silly packumentCache full:https://registry.npmjs.org/get-east-asian-width cache-miss
2476 silly fetch manifest ansi-regex@^6.0.1
2477 silly packumentCache full:https://registry.npmjs.org/ansi-regex cache-miss
2478 http cache https://registry.npmjs.org/get-east-asian-width 17ms (cache hit)
2479 silly packumentCache full:https://registry.npmjs.org/get-east-asian-width set size:16137 disposed:false
2480 http cache https://registry.npmjs.org/emoji-regex 20ms (cache hit)
2481 silly packumentCache full:https://registry.npmjs.org/emoji-regex set size:89088 disposed:false
2482 http cache https://registry.npmjs.org/restore-cursor 25ms (cache hit)
2483 silly packumentCache full:https://registry.npmjs.org/restore-cursor set size:17895 disposed:false
2484 http cache https://registry.npmjs.org/ansi-regex 26ms (cache hit)
2485 silly packumentCache full:https://registry.npmjs.org/ansi-regex set size:43572 disposed:false
2486 silly placeDep ROOT restore-cursor@5.1.0 OK for: cli-cursor@5.0.0 want: ^5.0.0
2487 silly fetch manifest onetime@^7.0.0
2488 silly packumentCache full:https://registry.npmjs.org/onetime cache-miss
2489 silly fetch manifest signal-exit@^4.1.0
2490 silly packumentCache full:https://registry.npmjs.org/signal-exit cache-miss
2491 http cache https://registry.npmjs.org/onetime 18ms (cache hit)
2492 silly packumentCache full:https://registry.npmjs.org/onetime set size:32314 disposed:false
2493 http cache https://registry.npmjs.org/signal-exit 23ms (cache hit)
2494 silly packumentCache full:https://registry.npmjs.org/signal-exit set size:53489 disposed:false
2495 silly placeDep node_modules/log-symbols is-unicode-supported@1.3.0 OK for: log-symbols@6.0.0 want: ^1.3.0
2496 silly placeDep ROOT @adraffy/ens-normalize@1.11.1 OK for: ox@0.7.0 want: ^1.10.1
2497 silly placeDep ROOT @scure/bip32@1.7.0 OK for: ox@0.7.0 want: ^1.5.0
2498 silly placeDep ROOT @scure/bip39@1.6.0 OK for: ox@0.7.0 want: ^1.4.0
2499 silly fetch manifest @noble/curves@~1.9.0
2500 silly packumentCache full:https://registry.npmjs.org/@noble%2fcurves cache-hit
2501 silly fetch manifest @noble/hashes@~1.8.0
2502 silly packumentCache full:https://registry.npmjs.org/@noble%2fhashes cache-hit
2503 silly fetch manifest @noble/hashes@~1.8.0
2504 silly packumentCache full:https://registry.npmjs.org/@noble%2fhashes cache-hit
2505 silly placeDep node_modules/@scure/bip32 @noble/curves@1.9.7 OK for: @scure/bip32@1.7.0 want: ~1.9.0
2506 silly placeDep node_modules/@scure/bip32 @noble/hashes@1.8.0 OK for: @scure/bip32@1.7.0 want: ~1.8.0
2507 silly placeDep node_modules/@scure/bip39 @noble/hashes@1.8.0 OK for: @scure/bip39@1.6.0 want: ~1.8.0
2508 silly placeDep ROOT callsites@3.1.0 OK for: parent-module@1.0.1 want: ^3.0.0
2509 silly placeDep ROOT error-ex@1.3.4 OK for: parse-json@5.2.0 want: ^1.3.1
2510 silly placeDep ROOT json-parse-even-better-errors@2.3.1 OK for: parse-json@5.2.0 want: ^2.3.0
2511 silly placeDep ROOT lines-and-columns@1.2.4 OK for: parse-json@5.2.0 want: ^1.1.6
2512 silly fetch manifest is-arrayish@^0.2.1
2513 silly packumentCache full:https://registry.npmjs.org/is-arrayish cache-miss
2514 http cache https://registry.npmjs.org/is-arrayish 35ms (cache hit)
2515 silly packumentCache full:https://registry.npmjs.org/is-arrayish set size:15371 disposed:false
2516 silly placeDep ROOT is-arrayish@0.2.1 OK for: error-ex@1.3.4 want: ^0.2.1
2517 silly placeDep ROOT atomic-sleep@1.0.0 OK for: pino@7.11.0 want: ^1.0.0
2518 silly placeDep ROOT fast-redact@3.5.0 OK for: pino@7.11.0 want: ^3.0.0
2519 silly placeDep ROOT on-exit-leak-free@0.2.0 OK for: pino@7.11.0 want: ^0.2.0
2520 silly placeDep ROOT pino-abstract-transport@0.5.0 OK for: pino@7.11.0 want: v0.5.0
2521 silly placeDep ROOT pino-std-serializers@4.0.0 OK for: pino@7.11.0 want: ^4.0.0
2522 silly placeDep ROOT process-warning@1.0.0 OK for: pino@7.11.0 want: ^1.0.0
2523 silly placeDep ROOT quick-format-unescaped@4.0.4 OK for: pino@7.11.0 want: ^4.0.3
2524 silly placeDep ROOT real-require@0.1.0 OK for: pino@7.11.0 want: ^0.1.0
2525 silly placeDep ROOT safe-stable-stringify@2.5.0 OK for: pino@7.11.0 want: ^2.1.0
2526 silly placeDep ROOT sonic-boom@2.8.0 OK for: pino@7.11.0 want: ^2.2.1
2527 silly placeDep ROOT thread-stream@0.15.2 OK for: pino@7.11.0 want: ^0.15.1
2528 silly fetch manifest split2@^4.0.0
2529 silly packumentCache full:https://registry.npmjs.org/split2 cache-miss
2530 silly fetch manifest duplexify@^4.1.2
2531 silly packumentCache full:https://registry.npmjs.org/duplexify cache-miss
2532 http cache https://registry.npmjs.org/split2 10ms (cache hit)
2533 silly packumentCache full:https://registry.npmjs.org/split2 set size:47438 disposed:false
2534 http cache https://registry.npmjs.org/duplexify 14ms (cache hit)
2535 silly packumentCache full:https://registry.npmjs.org/duplexify set size:73064 disposed:false
2536 silly placeDep ROOT duplexify@4.1.3 OK for: pino-abstract-transport@0.5.0 want: ^4.1.2
2537 silly placeDep ROOT split2@4.2.0 OK for: pino-abstract-transport@0.5.0 want: ^4.0.0
2538 silly fetch manifest end-of-stream@^1.4.1
2539 silly packumentCache full:https://registry.npmjs.org/end-of-stream cache-miss
2540 silly fetch manifest inherits@^2.0.3
2541 silly packumentCache full:https://registry.npmjs.org/inherits cache-miss
2542 silly fetch manifest readable-stream@^3.1.1
2543 silly packumentCache full:https://registry.npmjs.org/readable-stream cache-miss
2544 silly fetch manifest stream-shift@^1.0.2
2545 silly packumentCache full:https://registry.npmjs.org/stream-shift cache-miss
2546 http cache https://registry.npmjs.org/inherits 16ms (cache hit)
2547 silly packumentCache full:https://registry.npmjs.org/inherits set size:12925 disposed:false
2548 http cache https://registry.npmjs.org/stream-shift 18ms (cache hit)
2549 silly packumentCache full:https://registry.npmjs.org/stream-shift set size:8066 disposed:false
2550 http cache https://registry.npmjs.org/readable-stream 20ms (cache hit)
2551 silly packumentCache full:https://registry.npmjs.org/readable-stream set size:261096 disposed:false
2552 http cache https://registry.npmjs.org/end-of-stream 32ms (cache hit)
2553 silly packumentCache full:https://registry.npmjs.org/end-of-stream set size:27842 disposed:false
2554 silly placeDep ROOT end-of-stream@1.4.5 OK for: duplexify@4.1.3 want: ^1.4.1
2555 silly placeDep ROOT inherits@2.0.4 OK for: duplexify@4.1.3 want: ^2.0.3
2556 silly placeDep ROOT readable-stream@3.6.2 OK for: duplexify@4.1.3 want: ^3.1.1
2557 silly placeDep ROOT stream-shift@1.0.3 OK for: duplexify@4.1.3 want: ^1.0.2
2558 silly fetch manifest once@^1.4.0
2559 silly packumentCache full:https://registry.npmjs.org/once cache-miss
2560 silly fetch manifest string_decoder@^1.1.1
2561 silly packumentCache full:https://registry.npmjs.org/string_decoder cache-miss
2562 silly fetch manifest util-deprecate@^1.0.1
2563 silly packumentCache full:https://registry.npmjs.org/util-deprecate cache-miss
2564 http cache https://registry.npmjs.org/once 14ms (cache hit)
2565 silly packumentCache full:https://registry.npmjs.org/once set size:11768 disposed:false
2566 http cache https://registry.npmjs.org/string_decoder 16ms (cache hit)
2567 silly packumentCache full:https://registry.npmjs.org/string_decoder set size:28441 disposed:false
2568 http cache https://registry.npmjs.org/util-deprecate 17ms (cache hit)
2569 silly packumentCache full:https://registry.npmjs.org/util-deprecate set size:6674 disposed:false
2570 silly placeDep ROOT once@1.4.0 OK for: end-of-stream@1.4.5 want: ^1.4.0
2571 silly fetch manifest wrappy@1
2572 silly packumentCache full:https://registry.npmjs.org/wrappy cache-miss
2573 http cache https://registry.npmjs.org/wrappy 13ms (cache hit)
2574 silly packumentCache full:https://registry.npmjs.org/wrappy set size:7682 disposed:false
2575 silly placeDep ROOT wrappy@1.0.2 OK for: once@1.4.0 want: 1
2576 silly placeDep ROOT kleur@3.0.3 OK for: prompts@2.4.2 want: ^3.0.3
2577 silly placeDep ROOT sisteransi@1.0.5 OK for: prompts@2.4.2 want: ^1.0.5
2578 silly placeDep ROOT dijkstrajs@1.0.3 OK for: qrcode@1.5.3 want: ^1.0.1
2579 silly placeDep ROOT encode-utf8@1.0.3 OK for: qrcode@1.5.3 want: ^1.0.3
2580 silly placeDep ROOT pngjs@5.0.0 OK for: qrcode@1.5.3 want: ^5.0.0
2581 silly placeDep ROOT yargs@15.4.1 OK for: qrcode@1.5.3 want: ^15.3.1
2582 silly fetch manifest y18n@^4.0.0
2583 silly packumentCache full:https://registry.npmjs.org/y18n cache-miss
2584 silly fetch manifest cliui@^6.0.0
2585 silly packumentCache full:https://registry.npmjs.org/cliui cache-miss
2586 silly fetch manifest find-up@^4.1.0
2587 silly packumentCache full:https://registry.npmjs.org/find-up cache-miss
2588 silly fetch manifest decamelize@^1.2.0
2589 silly packumentCache full:https://registry.npmjs.org/decamelize cache-miss
2590 silly fetch manifest set-blocking@^2.0.0
2591 silly packumentCache full:https://registry.npmjs.org/set-blocking cache-miss
2592 silly fetch manifest string-width@^4.2.0
2593 silly packumentCache full:https://registry.npmjs.org/string-width cache-hit
2594 silly fetch manifest which-module@^2.0.0
2595 silly packumentCache full:https://registry.npmjs.org/which-module cache-miss
2596 silly fetch manifest yargs-parser@^18.1.2
2597 silly packumentCache full:https://registry.npmjs.org/yargs-parser cache-miss
2598 http cache https://registry.npmjs.org/find-up 19ms (cache hit)
2599 silly packumentCache full:https://registry.npmjs.org/find-up set size:42620 disposed:false
2600 silly fetch manifest get-caller-file@^2.0.1
2601 silly packumentCache full:https://registry.npmjs.org/get-caller-file cache-miss
2602 http cache https://registry.npmjs.org/yargs-parser 20ms (cache hit)
2603 silly packumentCache full:https://registry.npmjs.org/yargs-parser set size:238630 disposed:false
2604 silly fetch manifest require-directory@^2.1.1
2605 silly packumentCache full:https://registry.npmjs.org/require-directory cache-miss
2606 http cache https://registry.npmjs.org/cliui 31ms (cache hit)
2607 silly packumentCache full:https://registry.npmjs.org/cliui set size:69089 disposed:false
2608 silly fetch manifest require-main-filename@^2.0.0
2609 silly packumentCache full:https://registry.npmjs.org/require-main-filename cache-miss
2610 http cache https://registry.npmjs.org/decamelize 34ms (cache hit)
2611 silly packumentCache full:https://registry.npmjs.org/decamelize set size:34500 disposed:false
2612 http cache https://registry.npmjs.org/y18n 38ms (cache hit)
2613 silly packumentCache full:https://registry.npmjs.org/y18n set size:76155 disposed:false
2614 http cache https://registry.npmjs.org/set-blocking 38ms (cache hit)
2615 silly packumentCache full:https://registry.npmjs.org/set-blocking set size:5763 disposed:false
2616 http cache https://registry.npmjs.org/which-module 38ms (cache hit)
2617 silly packumentCache full:https://registry.npmjs.org/which-module set size:13898 disposed:false
2618 http cache https://registry.npmjs.org/require-main-filename 17ms (cache hit)
2619 silly packumentCache full:https://registry.npmjs.org/require-main-filename set size:7471 disposed:false
2620 http cache https://registry.npmjs.org/get-caller-file 30ms (cache hit)
2621 silly packumentCache full:https://registry.npmjs.org/get-caller-file set size:26456 disposed:false
2622 http cache https://registry.npmjs.org/require-directory 25ms (cache hit)
2623 silly packumentCache full:https://registry.npmjs.org/require-directory set size:26866 disposed:false
2624 silly placeDep ROOT decode-uri-component@0.2.2 OK for: query-string@7.1.3 want: ^0.2.2
2625 silly placeDep ROOT filter-obj@1.1.0 OK for: query-string@7.1.3 want: ^1.1.0
2626 silly placeDep ROOT split-on-first@1.1.0 OK for: query-string@7.1.3 want: ^1.0.0
2627 silly placeDep ROOT strict-uri-encode@2.0.0 OK for: query-string@7.1.3 want: ^2.0.0
2628 silly placeDep ROOT destr@2.0.5 OK for: rc9@2.1.2 want: ^2.0.3
2629 silly placeDep ROOT scheduler@0.27.0 OK for: react-dom@19.2.4 want: ^0.27.0
2630 silly fetch manifest react@^16.8.0 || ^17.0.0 || ^18.0.0 || ^19.0.0 || ^19.0.0-rc
2631 silly packumentCache full:https://registry.npmjs.org/react cache-miss
2632 http cache https://registry.npmjs.org/react 47ms (cache hit)
2633 silly packumentCache full:https://registry.npmjs.org/react set size:6466562 disposed:false
2634 silly placeDep ROOT react-remove-scroll-bar@2.3.8 OK for: react-remove-scroll@2.7.2 want: ^2.3.7
2635 silly placeDep ROOT react-style-singleton@2.2.3 OK for: react-remove-scroll@2.7.2 want: ^2.2.3
2636 silly placeDep node_modules/react-remove-scroll tslib@2.8.1 OK for: react-remove-scroll@2.7.2 want: ^2.1.0
2637 silly placeDep ROOT use-callback-ref@1.3.3 OK for: react-remove-scroll@2.7.2 want: ^1.3.3
2638 silly placeDep ROOT use-sidecar@1.1.3 OK for: react-remove-scroll@2.7.2 want: ^1.1.3
2639 silly fetch manifest react-style-singleton@^2.2.2
2640 silly packumentCache full:https://registry.npmjs.org/react-style-singleton cache-hit
2641 silly fetch manifest get-nonce@^1.0.0
2642 silly packumentCache full:https://registry.npmjs.org/get-nonce cache-miss
2643 silly fetch manifest detect-node-es@^1.1.0
2644 silly packumentCache full:https://registry.npmjs.org/detect-node-es cache-miss
2645 http cache https://registry.npmjs.org/detect-node-es 24ms (cache hit)
2646 silly packumentCache full:https://registry.npmjs.org/detect-node-es set size:6554 disposed:false
2647 http cache https://registry.npmjs.org/get-nonce 28ms (cache hit)
2648 silly packumentCache full:https://registry.npmjs.org/get-nonce set size:8902 disposed:false
2649 silly placeDep node_modules/react-remove-scroll-bar tslib@2.8.1 OK for: react-remove-scroll-bar@2.3.8 want: ^2.0.0
2650 silly placeDep ROOT get-nonce@1.0.1 OK for: react-style-singleton@2.2.3 want: ^1.0.0
2651 silly placeDep node_modules/react-style-singleton tslib@2.8.1 OK for: react-style-singleton@2.2.3 want: ^2.0.0
2652 silly placeDep ROOT string_decoder@1.3.0 OK for: readable-stream@3.6.2 want: ^1.1.1
2653 silly placeDep ROOT util-deprecate@1.0.2 OK for: readable-stream@3.6.2 want: ^1.0.1
2654 silly placeDep ROOT is-core-module@2.16.1 OK for: resolve@1.22.11 want: ^2.16.1
2655 silly placeDep ROOT path-parse@1.0.7 OK for: resolve@1.22.11 want: ^1.0.7
2656 silly placeDep ROOT supports-preserve-symlinks-flag@1.0.0 OK for: resolve@1.22.11 want: ^1.0.0
2657 silly placeDep ROOT onetime@7.0.0 OK for: restore-cursor@5.1.0 want: ^7.0.0
2658 silly placeDep ROOT signal-exit@4.1.0 OK for: restore-cursor@5.1.0 want: ^4.1.0
2659 silly fetch manifest mimic-function@^5.0.0
2660 silly packumentCache full:https://registry.npmjs.org/mimic-function cache-miss
2661 http cache https://registry.npmjs.org/mimic-function 25ms (cache hit)
2662 silly packumentCache full:https://registry.npmjs.org/mimic-function set size:6356 disposed:false
2663 silly placeDep ROOT mimic-function@5.0.1 OK for: onetime@7.0.0 want: ^5.0.0
2664 silly placeDep ROOT @swc/helpers@0.5.18 OK for: rpc-websockets@9.3.3 want: ^0.5.11
2665 silly placeDep ROOT @types/uuid@8.3.4 OK for: rpc-websockets@9.3.3 want: ^8.3.4
2666 silly placeDep node_modules/rpc-websockets @types/ws@8.18.1 OK for: rpc-websockets@9.3.3 want: ^8.2.2
2667 silly placeDep ROOT bufferutil@4.1.0 OK for: rpc-websockets@9.3.3 want: ^4.0.1
2668 silly placeDep ROOT utf-8-validate@5.0.10 OK for: rpc-websockets@9.3.3 want: ^5.0.2
2669 silly fetch manifest tslib@^2.8.0
2670 silly packumentCache full:https://registry.npmjs.org/tslib cache-hit
2671 silly fetch manifest node-gyp-build@^4.3.0
2672 silly packumentCache full:https://registry.npmjs.org/node-gyp-build cache-miss
2673 silly fetch manifest node-gyp-build@^4.3.0
2674 silly packumentCache full:https://registry.npmjs.org/node-gyp-build cache-miss
2675 http cache https://registry.npmjs.org/node-gyp-build 27ms (cache hit)
2676 silly packumentCache full:https://registry.npmjs.org/node-gyp-build set size:84545 disposed:false
2677 http cache https://registry.npmjs.org/node-gyp-build 33ms (cache hit)
2678 silly packumentCache full:https://registry.npmjs.org/node-gyp-build set size:84545 disposed:false
2679 silly packumentCache full:https://registry.npmjs.org/node-gyp-build dispose
2680 silly placeDep node_modules/@swc/helpers tslib@2.8.1 OK for: @swc/helpers@0.5.18 want: ^2.8.0
2681 silly placeDep ROOT node-gyp-build@4.8.4 OK for: bufferutil@4.1.0 want: ^4.3.0
2682 silly placeDep ROOT shebang-regex@3.0.0 OK for: shebang-command@2.0.0 want: ^3.0.0
2683 silly placeDep ROOT stream-chain@2.2.5 OK for: stream-json@1.9.1 want: ^2.2.5
2684 silly placeDep ROOT emoji-regex@10.6.0 OK for: string-width@7.2.0 want: ^10.3.0
2685 silly placeDep ROOT get-east-asian-width@1.4.0 OK for: string-width@7.2.0 want: ^1.0.0
2686 silly placeDep ROOT ansi-regex@6.2.2 OK for: strip-ansi@7.1.2 want: ^6.0.1
2687 silly placeDep ROOT multiformats@9.9.0 OK for: uint8arrays@3.1.1 want: ^9.4.2
2688 silly placeDep ROOT anymatch@3.1.3 OK for: unstorage@1.17.4 want: ^3.1.3
2689 silly placeDep ROOT h3@1.15.5 OK for: unstorage@1.17.4 want: ^1.15.5
2690 silly placeDep ROOT lru-cache@11.2.5 OK for: unstorage@1.17.4 want: ^11.2.0
2691 silly placeDep ROOT ofetch@1.5.1 OK for: unstorage@1.17.4 want: ^1.5.1
2692 silly placeDep ROOT ufo@1.6.3 OK for: unstorage@1.17.4 want: ^1.6.3
2693 silly fetch manifest picomatch@^2.0.4
2694 silly packumentCache full:https://registry.npmjs.org/picomatch cache-miss
2695 silly fetch manifest normalize-path@^3.0.0
2696 silly packumentCache full:https://registry.npmjs.org/normalize-path cache-miss
2697 silly fetch manifest radix3@^1.1.2
2698 silly packumentCache full:https://registry.npmjs.org/radix3 cache-miss
2699 silly fetch manifest crossws@^0.3.5
2700 silly packumentCache full:https://registry.npmjs.org/crossws cache-hit
2701 silly fetch manifest cookie-es@^1.2.2
2702 silly packumentCache full:https://registry.npmjs.org/cookie-es cache-miss
2703 silly fetch manifest iron-webcrypto@^1.2.1
2704 silly packumentCache full:https://registry.npmjs.org/iron-webcrypto cache-miss
2705 silly fetch manifest node-mock-http@^1.0.4
2706 silly packumentCache full:https://registry.npmjs.org/node-mock-http cache-miss
2707 silly fetch manifest ufo@^1.6.1
2708 silly packumentCache full:https://registry.npmjs.org/ufo cache-hit
2709 http cache https://registry.npmjs.org/radix3 30ms (cache hit)
2710 silly packumentCache full:https://registry.npmjs.org/radix3 set size:36680 disposed:false
2711 http cache https://registry.npmjs.org/cookie-es 33ms (cache hit)
2712 silly packumentCache full:https://registry.npmjs.org/cookie-es set size:19705 disposed:false
2713 http cache https://registry.npmjs.org/normalize-path 36ms (cache hit)
2714 silly packumentCache full:https://registry.npmjs.org/normalize-path set size:28713 disposed:false
2715 http cache https://registry.npmjs.org/picomatch 38ms (cache hit)
2716 silly packumentCache full:https://registry.npmjs.org/picomatch set size:118818 disposed:false
2717 http cache https://registry.npmjs.org/iron-webcrypto 40ms (cache hit)
2718 silly packumentCache full:https://registry.npmjs.org/iron-webcrypto set size:132942 disposed:false
2719 http cache https://registry.npmjs.org/node-mock-http 45ms (cache hit)
2720 silly packumentCache full:https://registry.npmjs.org/node-mock-http set size:26097 disposed:false
2721 silly placeDep ROOT normalize-path@3.0.0 OK for: anymatch@3.1.3 want: ^3.0.0
2722 silly placeDep ROOT picomatch@2.3.1 OK for: anymatch@3.1.3 want: ^2.0.4
2723 silly placeDep ROOT cookie-es@1.2.2 OK for: h3@1.15.5 want: ^1.2.2
2724 silly placeDep ROOT crossws@0.3.5 OK for: h3@1.15.5 want: ^0.3.5
2725 silly placeDep ROOT iron-webcrypto@1.2.1 OK for: h3@1.15.5 want: ^1.2.1
2726 silly placeDep ROOT node-mock-http@1.0.4 OK for: h3@1.15.5 want: ^1.0.4
2727 silly placeDep ROOT radix3@1.1.2 OK for: h3@1.15.5 want: ^1.1.2
2728 silly placeDep node_modules/use-callback-ref tslib@2.8.1 OK for: use-callback-ref@1.3.3 want: ^2.0.0
2729 silly placeDep ROOT detect-node-es@1.1.0 OK for: use-sidecar@1.1.3 want: ^1.1.0
2730 silly placeDep node_modules/use-sidecar tslib@2.8.1 OK for: use-sidecar@1.1.3 want: ^2.0.0
2731 silly fetch manifest zod@^3.22.0 || ^4.0.0
2732 silly packumentCache full:https://registry.npmjs.org/zod cache-miss
2733 http cache https://registry.npmjs.org/zod 61ms (cache hit)
2734 silly packumentCache full:https://registry.npmjs.org/zod set size:3489329 disposed:false
2735 silly placeDep node_modules/viem @noble/curves@1.9.1 OK for: viem@2.39.0 want: 1.9.1
2736 silly placeDep node_modules/viem @noble/hashes@1.8.0 OK for: viem@2.39.0 want: 1.8.0
2737 silly placeDep node_modules/viem abitype@1.1.0 OK for: viem@2.39.0 want: 1.1.0
2738 silly placeDep ROOT isows@1.0.7 OK for: viem@2.39.0 want: 1.0.7
2739 silly placeDep node_modules/viem ox@0.9.6 OK for: viem@2.39.0 want: 0.9.6
2740 silly placeDep node_modules/viem ws@8.18.3 OK for: viem@2.39.0 want: 8.18.3
2741 silly placeDep ROOT tr46@0.0.3 OK for: whatwg-url@5.0.0 want: ~0.0.3
2742 silly placeDep ROOT webidl-conversions@3.0.1 OK for: whatwg-url@5.0.0 want: ^3.0.0
2743 silly placeDep ROOT isexe@2.0.0 OK for: which@2.0.2 want: ^2.0.0
2744 silly fetch manifest @tanstack/react-query@>=5.0.0
2745 silly packumentCache full:https://registry.npmjs.org/@tanstack%2freact-query cache-miss
2746 http cache https://registry.npmjs.org/@tanstack%2freact-query 23ms (cache hit)
2747 silly packumentCache full:https://registry.npmjs.org/@tanstack%2freact-query set size:1465524 disposed:false
2748 silly fetch manifest viem@^2.21.26
2749 silly packumentCache full:https://registry.npmjs.org/viem cache-miss
2750 http cache https://registry.npmjs.org/viem 95ms (cache hit)
2751 silly packumentCache full:https://registry.npmjs.org/viem set size:10606527 disposed:false
2752 silly fetch manifest @solana/sysvars@^2.1.0
2753 silly packumentCache full:https://registry.npmjs.org/@solana%2fsysvars cache-miss
2754 http cache https://registry.npmjs.org/@solana%2fsysvars 60ms (cache hit)
2755 silly packumentCache full:https://registry.npmjs.org/@solana%2fsysvars set size:6989514 disposed:false
2756 silly placeDep node_modules/x402 @solana-program/compute-budget@0.8.0 OK for: x402@0.7.0 want: ^0.8.0
2757 silly placeDep node_modules/x402 @solana/kit@2.3.0 OK for: @solana-program/compute-budget@0.8.0 want: ^2.1.0
2758 silly placeDep node_modules/x402 @solana-program/token@0.5.1 OK for: x402@0.7.0 want: ^0.5.1
2759 silly placeDep node_modules/x402 @solana-program/token-2022@0.4.2 OK for: x402@0.7.0 want: ^0.4.2
2760 silly placeDep node_modules/x402 @solana/sysvars@2.3.0 OK for: @solana-program/token-2022@0.4.2 want: ^2.1.0
2761 silly placeDep node_modules/x402 @solana/transaction-confirmation@2.3.0 OK for: x402@0.7.0 want: ^2.1.1
2762 silly placeDep ROOT wagmi@2.19.5 OK for: x402@0.7.0 want: ^2.15.6
2763 silly fetch manifest @solana/rpc@2.3.0
2764 silly packumentCache full:https://registry.npmjs.org/@solana%2frpc cache-miss
2765 silly fetch manifest @solana/keys@2.3.0
2766 silly packumentCache full:https://registry.npmjs.org/@solana%2fkeys cache-miss
2767 silly fetch manifest @solana/codecs@2.3.0
2768 silly packumentCache full:https://registry.npmjs.org/@solana%2fcodecs cache-miss
2769 silly fetch manifest @solana/signers@2.3.0
2770 silly packumentCache full:https://registry.npmjs.org/@solana%2fsigners cache-miss
2771 silly fetch manifest @solana/sysvars@2.3.0
2772 silly packumentCache full:https://registry.npmjs.org/@solana%2fsysvars cache-miss
2773 silly fetch manifest @solana/accounts@2.3.0
2774 silly packumentCache full:https://registry.npmjs.org/@solana%2faccounts cache-miss
2775 silly fetch manifest @solana/programs@2.3.0
2776 silly packumentCache full:https://registry.npmjs.org/@solana%2fprograms cache-miss
2777 http cache https://registry.npmjs.org/@solana%2fprograms 42ms (cache hit)
2778 silly packumentCache full:https://registry.npmjs.org/@solana%2fprograms set size:7536886 disposed:false
2779 silly fetch manifest @solana/addresses@2.3.0
2780 silly packumentCache full:https://registry.npmjs.org/@solana%2faddresses cache-miss
2781 http cache https://registry.npmjs.org/@solana%2fsigners 188ms (cache hit)
2782 silly packumentCache full:https://registry.npmjs.org/@solana%2fsigners set size:8183544 disposed:false
2783 silly fetch manifest @solana/rpc-types@2.3.0
2784 silly packumentCache full:https://registry.npmjs.org/@solana%2frpc-types cache-miss
2785 http cache https://registry.npmjs.org/@solana%2fcodecs 289ms (cache hit)
2786 silly packumentCache full:https://registry.npmjs.org/@solana%2fcodecs set size:7202046 disposed:false
2787 silly fetch manifest @solana/functional@2.3.0
2788 silly packumentCache full:https://registry.npmjs.org/@solana%2ffunctional cache-miss
2789 http cache https://registry.npmjs.org/@solana%2faccounts 362ms (cache hit)
2790 silly packumentCache full:https://registry.npmjs.org/@solana%2faccounts set size:7909718 disposed:false
2791 silly fetch manifest @solana/instructions@2.3.0
2792 silly packumentCache full:https://registry.npmjs.org/@solana%2finstructions cache-miss
2793 http cache https://registry.npmjs.org/@solana%2frpc 442ms (cache hit)
2794 silly packumentCache full:https://registry.npmjs.org/@solana%2frpc set size:7380040 disposed:false
2795 silly fetch manifest @solana/transactions@2.3.0
2796 silly packumentCache full:https://registry.npmjs.org/@solana%2ftransactions cache-miss
2797 http cache https://registry.npmjs.org/@solana%2fsysvars 578ms (cache hit)
2798 silly packumentCache full:https://registry.npmjs.org/@solana%2fsysvars set size:6989514 disposed:false
2799 silly fetch manifest @solana/rpc-spec-types@2.3.0
2800 silly packumentCache full:https://registry.npmjs.org/@solana%2frpc-spec-types cache-miss
2801 http cache https://registry.npmjs.org/@solana%2fkeys 638ms (cache hit)
2802 silly packumentCache full:https://registry.npmjs.org/@solana%2fkeys set size:10445333 disposed:false
2803 silly fetch manifest @solana/rpc-parsed-types@2.3.0
2804 silly packumentCache full:https://registry.npmjs.org/@solana%2frpc-parsed-types cache-miss
2805 http cache https://registry.npmjs.org/@solana%2frpc-spec-types 227ms (cache hit)
2806 silly packumentCache full:https://registry.npmjs.org/@solana%2frpc-spec-types set size:7505427 disposed:false
2807 silly fetch manifest @solana/rpc-subscriptions@2.3.0
2808 silly packumentCache full:https://registry.npmjs.org/@solana%2frpc-subscriptions cache-miss
2809 http cache https://registry.npmjs.org/@solana%2frpc-types 696ms (cache hit)
2810 silly packumentCache full:https://registry.npmjs.org/@solana%2frpc-types set size:9114215 disposed:false
2811 silly fetch manifest @solana/transaction-messages@2.3.0
2812 silly packumentCache full:https://registry.npmjs.org/@solana%2ftransaction-messages cache-miss
2813 http cache https://registry.npmjs.org/@solana%2faddresses 899ms (cache hit)
2814 silly packumentCache full:https://registry.npmjs.org/@solana%2faddresses set size:9550290 disposed:false
2815 silly fetch manifest @solana/transaction-confirmation@2.3.0
2816 silly packumentCache full:https://registry.npmjs.org/@solana%2ftransaction-confirmation cache-miss
2817 http cache https://registry.npmjs.org/@solana%2frpc-parsed-types 424ms (cache hit)
2818 silly packumentCache full:https://registry.npmjs.org/@solana%2frpc-parsed-types set size:7486428 disposed:false
2819 silly fetch manifest @solana/promises@2.3.0
2820 silly packumentCache full:https://registry.npmjs.org/@solana%2fpromises cache-miss
2821 http cache https://registry.npmjs.org/@solana%2ffunctional 914ms (cache hit)
2822 silly packumentCache full:https://registry.npmjs.org/@solana%2ffunctional set size:8903232 disposed:false
2823 silly fetch manifest @solana/transactions@2.3.0
2824 silly packumentCache full:https://registry.npmjs.org/@solana%2ftransactions cache-miss
2825 http cache https://registry.npmjs.org/@solana%2finstructions 909ms (cache hit)
2826 silly packumentCache full:https://registry.npmjs.org/@solana%2finstructions set size:9344046 disposed:false
2827 silly fetch manifest @solana/codecs-strings@2.3.0
2828 silly packumentCache full:https://registry.npmjs.org/@solana%2fcodecs-strings cache-miss
2829 http cache https://registry.npmjs.org/@solana%2frpc-subscriptions 504ms (cache hit)
2830 silly packumentCache full:https://registry.npmjs.org/@solana%2frpc-subscriptions set size:7651366 disposed:false
2831 silly fetch manifest @solana/transaction-messages@2.3.0
2832 silly packumentCache full:https://registry.npmjs.org/@solana%2ftransaction-messages cache-miss
2833 http cache https://registry.npmjs.org/@solana%2ftransactions 985ms (cache hit)
2834 silly packumentCache full:https://registry.npmjs.org/@solana%2ftransactions set size:9888319 disposed:false
2835 silly fetch manifest @wagmi/core@2.22.1
2836 silly packumentCache full:https://registry.npmjs.org/@wagmi%2fcore cache-miss
2837 http cache https://registry.npmjs.org/@solana%2fpromises 480ms (cache hit)
2838 silly packumentCache full:https://registry.npmjs.org/@solana%2fpromises set size:4334104 disposed:false
2839 silly fetch manifest @wagmi/connectors@6.2.0
2840 silly packumentCache full:https://registry.npmjs.org/@wagmi%2fconnectors cache-miss
2841 http cache https://registry.npmjs.org/@solana%2ftransaction-confirmation 693ms (cache hit)
2842 silly packumentCache full:https://registry.npmjs.org/@solana%2ftransaction-confirmation set size:7620452 disposed:false
2843 silly fetch manifest use-sync-external-store@1.4.0
2844 silly packumentCache full:https://registry.npmjs.org/use-sync-external-store cache-miss
2845 http cache https://registry.npmjs.org/@solana%2ftransactions 571ms (cache hit)
2846 silly packumentCache full:https://registry.npmjs.org/@solana%2ftransactions set size:9888319 disposed:false
2847 http cache https://registry.npmjs.org/@solana%2fcodecs-strings 630ms (cache hit)
2848 silly packumentCache full:https://registry.npmjs.org/@solana%2fcodecs-strings set size:9100283 disposed:false
2849 http cache https://registry.npmjs.org/@solana%2ftransaction-messages 1152ms (cache hit)
2850 silly packumentCache full:https://registry.npmjs.org/@solana%2ftransaction-messages set size:6903058 disposed:false
2851 http cache https://registry.npmjs.org/use-sync-external-store 374ms (cache hit)
2852 silly packumentCache full:https://registry.npmjs.org/use-sync-external-store set size:4479974 disposed:false
2853 http cache https://registry.npmjs.org/@solana%2ftransaction-messages 790ms (cache hit)
2854 silly packumentCache full:https://registry.npmjs.org/@solana%2ftransaction-messages set size:6903058 disposed:false
2855 http cache https://registry.npmjs.org/@wagmi%2fcore 733ms (cache hit)
2856 silly packumentCache full:https://registry.npmjs.org/@wagmi%2fcore set size:2376479 disposed:false
2857 http cache https://registry.npmjs.org/@wagmi%2fconnectors 664ms (cache hit)
2858 silly packumentCache full:https://registry.npmjs.org/@wagmi%2fconnectors set size:1852574 disposed:false
2859 silly fetch manifest @tanstack/query-core@>=5.0.0
2860 silly packumentCache full:https://registry.npmjs.org/@tanstack%2fquery-core cache-hit
2861 silly fetch manifest viem@2.x
2862 silly packumentCache full:https://registry.npmjs.org/viem cache-miss
2863 http cache https://registry.npmjs.org/viem 25ms (cache hit)
2864 silly packumentCache full:https://registry.npmjs.org/viem set size:10606527 disposed:false
2865 silly fetch manifest react@>=18
2866 silly packumentCache full:https://registry.npmjs.org/react cache-miss
2867 http cache https://registry.npmjs.org/react 42ms (cache hit)
2868 silly packumentCache full:https://registry.npmjs.org/react set size:6466562 disposed:false
2869 silly placeDep ROOT @wagmi/connectors@6.2.0 OK for: wagmi@2.19.5 want: 6.2.0
2870 silly placeDep ROOT @wagmi/core@2.22.1 OK for: @wagmi/connectors@6.2.0 want: 2.22.1
2871 silly placeDep ROOT use-sync-external-store@1.4.0 OK for: wagmi@2.19.5 want: 1.4.0
2872 silly fetch manifest porto@0.2.35
2873 silly packumentCache full:https://registry.npmjs.org/porto cache-miss
2874 silly fetch manifest cbw-sdk@npm:@coinbase/wallet-sdk@3.9.3
2875 silly packumentCache full:https://registry.npmjs.org/@coinbase%2fwallet-sdk cache-hit
2876 silly fetch manifest @metamask/sdk@0.33.1
2877 silly packumentCache full:https://registry.npmjs.org/@metamask%2fsdk cache-miss
2878 silly fetch manifest @base-org/account@2.4.0
2879 silly packumentCache full:https://registry.npmjs.org/@base-org%2faccount cache-hit
2880 silly fetch manifest @gemini-wallet/core@0.3.2
2881 silly packumentCache full:https://registry.npmjs.org/@gemini-wallet%2fcore cache-miss
2882 silly fetch manifest @coinbase/wallet-sdk@4.3.6
2883 silly packumentCache full:https://registry.npmjs.org/@coinbase%2fwallet-sdk cache-hit
2884 silly fetch manifest @safe-global/safe-apps-sdk@9.1.0
2885 silly packumentCache full:https://registry.npmjs.org/@safe-global%2fsafe-apps-sdk cache-miss
2886 silly fetch manifest @safe-global/safe-apps-provider@0.18.6
2887 silly packumentCache full:https://registry.npmjs.org/@safe-global%2fsafe-apps-provider cache-miss
2888 silly fetch manifest @walletconnect/ethereum-provider@2.21.1
2889 silly packumentCache full:https://registry.npmjs.org/@walletconnect%2fethereum-provider cache-miss
2890 silly fetch manifest zustand@5.0.0
2891 silly packumentCache full:https://registry.npmjs.org/zustand cache-hit
2892 http cache https://registry.npmjs.org/@safe-global%2fsafe-apps-provider 15ms (cache hit)
2893 silly packumentCache full:https://registry.npmjs.org/@safe-global%2fsafe-apps-provider set size:27634 disposed:false
2894 http cache https://registry.npmjs.org/@metamask%2fsdk 22ms (cache hit)
2895 silly packumentCache full:https://registry.npmjs.org/@metamask%2fsdk set size:501041 disposed:false
2896 http cache https://registry.npmjs.org/@safe-global%2fsafe-apps-sdk 30ms (cache hit)
2897 silly packumentCache full:https://registry.npmjs.org/@safe-global%2fsafe-apps-sdk set size:86533 disposed:false
2898 http cache https://registry.npmjs.org/porto 34ms (cache hit)
2899 silly packumentCache full:https://registry.npmjs.org/porto set size:744916 disposed:false
2900 http cache https://registry.npmjs.org/@walletconnect%2fethereum-provider 44ms (cache hit)
2901 silly packumentCache full:https://registry.npmjs.org/@walletconnect%2fethereum-provider set size:2461731 disposed:false
2902 http cache https://registry.npmjs.org/@gemini-wallet%2fcore 70ms (cache hit)
2903 silly packumentCache full:https://registry.npmjs.org/@gemini-wallet%2fcore set size:29321 disposed:false
2904 silly fetch manifest @tanstack/react-query@>=5.59.0
2905 silly packumentCache full:https://registry.npmjs.org/@tanstack%2freact-query cache-miss
2906 http cache https://registry.npmjs.org/@tanstack%2freact-query 8ms (cache hit)
2907 silly packumentCache full:https://registry.npmjs.org/@tanstack%2freact-query set size:1465524 disposed:false
2908 silly fetch manifest expo-auth-session@>=7.0.8
2909 silly packumentCache full:https://registry.npmjs.org/expo-auth-session cache-miss
2910 http cache https://registry.npmjs.org/expo-auth-session 20ms (cache hit)
2911 silly packumentCache full:https://registry.npmjs.org/expo-auth-session set size:698721 disposed:false
2912 silly fetch manifest expo-crypto@>=15.0.7
2913 silly packumentCache full:https://registry.npmjs.org/expo-crypto cache-miss
2914 http cache https://registry.npmjs.org/expo-crypto 38ms (cache hit)
2915 silly packumentCache full:https://registry.npmjs.org/expo-crypto set size:593725 disposed:false
2916 silly fetch manifest expo-web-browser@>=15.0.8
2917 silly packumentCache full:https://registry.npmjs.org/expo-web-browser cache-hit
2918 silly fetch manifest wagmi@>=2.0.0
2919 silly packumentCache full:https://registry.npmjs.org/wagmi cache-miss
2920 http cache https://registry.npmjs.org/wagmi 34ms (cache hit)
2921 silly packumentCache full:https://registry.npmjs.org/wagmi set size:3320348 disposed:false
2922 silly placeDep node_modules/@wagmi/connectors @base-org/account@2.4.0 OK for: @wagmi/connectors@6.2.0 want: 2.4.0
2923 silly placeDep node_modules/@wagmi/connectors @coinbase/wallet-sdk@4.3.6 OK for: @wagmi/connectors@6.2.0 want: 4.3.6
2924 silly placeDep ROOT @gemini-wallet/core@0.3.2 OK for: @wagmi/connectors@6.2.0 want: 0.3.2
2925 silly placeDep ROOT @metamask/sdk@0.33.1 OK for: @wagmi/connectors@6.2.0 want: 0.33.1
2926 silly placeDep ROOT @safe-global/safe-apps-provider@0.18.6 OK for: @wagmi/connectors@6.2.0 want: 0.18.6
2927 silly placeDep ROOT @safe-global/safe-apps-sdk@9.1.0 OK for: @wagmi/connectors@6.2.0 want: 9.1.0
2928 silly placeDep ROOT @walletconnect/ethereum-provider@2.21.1 OK for: @wagmi/connectors@6.2.0 want: 2.21.1
2929 silly placeDep ROOT cbw-sdk@3.9.3 OK for: @wagmi/connectors@6.2.0 want: npm:@coinbase/wallet-sdk@3.9.3
2930 silly placeDep ROOT porto@0.2.35 OK for: @wagmi/connectors@6.2.0 want: 0.2.35
2931 silly fetch manifest @noble/hashes@1.4.0
2932 silly packumentCache full:https://registry.npmjs.org/@noble%2fhashes cache-hit
2933 silly fetch manifest @noble/hashes@1.4.0
2934 silly packumentCache full:https://registry.npmjs.org/@noble%2fhashes cache-hit
2935 silly fetch manifest @metamask/rpc-errors@7.0.2
2936 silly packumentCache full:https://registry.npmjs.org/@metamask%2frpc-errors cache-miss
2937 silly fetch manifest pump@^3.0.0
2938 silly packumentCache full:https://registry.npmjs.org/pump cache-miss
2939 silly fetch manifest util@^0.12.4
2940 silly packumentCache full:https://registry.npmjs.org/util cache-miss
2941 silly fetch manifest debug@4.3.4
2942 silly packumentCache full:https://registry.npmjs.org/debug cache-hit
2943 silly fetch manifest tslib@^2.6.0
2944 silly packumentCache full:https://registry.npmjs.org/tslib cache-hit
2945 silly fetch manifest bowser@^2.9.0
2946 silly packumentCache full:https://registry.npmjs.org/bowser cache-miss
2947 silly fetch manifest eciesjs@^0.4.11
2948 silly packumentCache full:https://registry.npmjs.org/eciesjs cache-miss
2949 silly fetch manifest cross-fetch@^4.0.0
2950 silly packumentCache full:https://registry.npmjs.org/cross-fetch cache-hit
2951 silly fetch manifest @paulmillr/qr@^0.2.1
2952 silly packumentCache full:https://registry.npmjs.org/@paulmillr%2fqr cache-miss
2953 silly fetch manifest eventemitter2@^6.4.9
2954 silly packumentCache full:https://registry.npmjs.org/eventemitter2 cache-miss
2955 http cache https://registry.npmjs.org/pump 22ms (cache hit)
2956 silly packumentCache full:https://registry.npmjs.org/pump set size:39621 disposed:false
2957 silly fetch manifest obj-multiplex@^1.0.0
2958 silly packumentCache full:https://registry.npmjs.org/obj-multiplex cache-miss
2959 http cache https://registry.npmjs.org/@paulmillr%2fqr 21ms (cache hit)
2960 silly packumentCache full:https://registry.npmjs.org/@paulmillr%2fqr set size:26527 disposed:false
2961 silly fetch manifest eth-rpc-errors@^4.0.3
2962 silly packumentCache full:https://registry.npmjs.org/eth-rpc-errors cache-miss
2963 http cache https://registry.npmjs.org/eciesjs 25ms (cache hit)
2964 silly packumentCache full:https://registry.npmjs.org/eciesjs set size:131765 disposed:false
2965 silly fetch manifest socket.io-client@^4.5.1
2966 silly packumentCache full:https://registry.npmjs.org/socket.io-client cache-miss
2967 http cache https://registry.npmjs.org/bowser 32ms (cache hit)
2968 silly packumentCache full:https://registry.npmjs.org/bowser set size:189795 disposed:false
2969 silly fetch manifest @metamask/providers@16.1.0
2970 silly packumentCache full:https://registry.npmjs.org/@metamask%2fproviders cache-miss
2971 http cache https://registry.npmjs.org/util 40ms (cache hit)
2972 silly packumentCache full:https://registry.npmjs.org/util set size:40411 disposed:false
2973 silly fetch manifest @metamask/onboarding@^1.0.1
2974 silly packumentCache full:https://registry.npmjs.org/@metamask%2fonboarding cache-miss
2975 http cache https://registry.npmjs.org/@metamask%2frpc-errors 49ms (cache hit)
2976 silly packumentCache full:https://registry.npmjs.org/@metamask%2frpc-errors set size:61464 disposed:false
2977 silly fetch manifest @metamask/sdk-analytics@0.0.5
2978 silly packumentCache full:https://registry.npmjs.org/@metamask%2fsdk-analytics cache-miss
2979 http cache https://registry.npmjs.org/eventemitter2 47ms (cache hit)
2980 silly packumentCache full:https://registry.npmjs.org/eventemitter2 set size:172525 disposed:false
2981 silly fetch manifest @metamask/sdk-install-modal-web@0.32.1
2982 silly packumentCache full:https://registry.npmjs.org/@metamask%2fsdk-install-modal-web cache-miss
2983 http cache https://registry.npmjs.org/eth-rpc-errors 38ms (cache hit)
2984 silly packumentCache full:https://registry.npmjs.org/eth-rpc-errors set size:25580 disposed:false
2985 silly fetch manifest @metamask/sdk-communication-layer@0.33.1
2986 silly packumentCache full:https://registry.npmjs.org/@metamask%2fsdk-communication-layer cache-miss
2987 http cache https://registry.npmjs.org/socket.io-client 35ms (cache hit)
2988 silly packumentCache full:https://registry.npmjs.org/socket.io-client set size:410355 disposed:false
2989 silly fetch manifest @safe-global/safe-apps-sdk@^9.1.0
2990 silly packumentCache full:https://registry.npmjs.org/@safe-global%2fsafe-apps-sdk cache-hit
2991 silly fetch manifest @safe-global/safe-gateway-typescript-sdk@^3.5.3
2992 silly packumentCache full:https://registry.npmjs.org/@safe-global%2fsafe-gateway-typescript-sdk cache-miss
2993 http cache https://registry.npmjs.org/@metamask%2fonboarding 39ms (cache hit)
2994 silly packumentCache full:https://registry.npmjs.org/@metamask%2fonboarding set size:34771 disposed:false
2995 silly fetch manifest @reown/appkit@1.7.8
2996 silly packumentCache full:https://registry.npmjs.org/@reown%2fappkit cache-miss
2997 http cache https://registry.npmjs.org/obj-multiplex 65ms (cache hit)
2998 silly packumentCache full:https://registry.npmjs.org/obj-multiplex set size:2157 disposed:false
2999 silly fetch manifest @walletconnect/types@2.21.1
3000 silly packumentCache full:https://registry.npmjs.org/@walletconnect%2ftypes cache-miss
3001 http cache https://registry.npmjs.org/@metamask%2fproviders 52ms (cache hit)
3002 silly packumentCache full:https://registry.npmjs.org/@metamask%2fproviders set size:196387 disposed:false
3003 silly fetch manifest @walletconnect/utils@2.21.1
3004 silly packumentCache full:https://registry.npmjs.org/@walletconnect%2futils cache-miss
3005 http cache https://registry.npmjs.org/@metamask%2fsdk-analytics 49ms (cache hit)
3006 silly packumentCache full:https://registry.npmjs.org/@metamask%2fsdk-analytics set size:8165 disposed:false
3007 silly fetch manifest @walletconnect/sign-client@2.21.1
3008 silly packumentCache full:https://registry.npmjs.org/@walletconnect%2fsign-client cache-miss
3009 http cache https://registry.npmjs.org/@metamask%2fsdk-install-modal-web 48ms (cache hit)
3010 silly packumentCache full:https://registry.npmjs.org/@metamask%2fsdk-install-modal-web set size:186067 disposed:false
3011 silly fetch manifest @walletconnect/universal-provider@2.21.1
3012 silly packumentCache full:https://registry.npmjs.org/@walletconnect%2funiversal-provider cache-miss
3013 http cache https://registry.npmjs.org/@safe-global%2fsafe-gateway-typescript-sdk 38ms (cache hit)
3014 silly packumentCache full:https://registry.npmjs.org/@safe-global%2fsafe-gateway-typescript-sdk set size:255854 disposed:false
3015 silly fetch manifest keccak@^3.0.3
3016 silly packumentCache full:https://registry.npmjs.org/keccak cache-miss
3017 http cache https://registry.npmjs.org/@metamask%2fsdk-communication-layer 63ms (cache hit)
3018 silly packumentCache full:https://registry.npmjs.org/@metamask%2fsdk-communication-layer set size:324843 disposed:false
3019 silly fetch manifest sha.js@^2.4.11
3020 silly packumentCache full:https://registry.npmjs.org/sha.js cache-miss
3021 http cache https://registry.npmjs.org/@walletconnect%2futils 45ms (cache hit)
3022 silly packumentCache full:https://registry.npmjs.org/@walletconnect%2futils set size:2689713 disposed:false
3023 silly fetch manifest eth-block-tracker@^7.1.0
3024 silly packumentCache full:https://registry.npmjs.org/eth-block-tracker cache-miss
3025 http cache https://registry.npmjs.org/@walletconnect%2ftypes 81ms (cache hit)
3026 silly packumentCache full:https://registry.npmjs.org/@walletconnect%2ftypes set size:2188649 disposed:false
3027 silly fetch manifest eth-json-rpc-filters@^6.0.0
3028 silly packumentCache full:https://registry.npmjs.org/eth-json-rpc-filters cache-miss
3029 http cache https://registry.npmjs.org/@reown%2fappkit 138ms (cache hit)
3030 silly packumentCache full:https://registry.npmjs.org/@reown%2fappkit set size:5383512 disposed:false
3031 silly fetch manifest ox@^0.9.6
3032 silly packumentCache full:https://registry.npmjs.org/ox cache-miss
3033 http cache https://registry.npmjs.org/@walletconnect%2funiversal-provider 189ms (cache hit)
3034 silly packumentCache full:https://registry.npmjs.org/@walletconnect%2funiversal-provider set size:1744920 disposed:false
3035 silly fetch manifest zod@^4.1.5
3036 silly packumentCache full:https://registry.npmjs.org/zod cache-miss
3037 http cache https://registry.npmjs.org/@walletconnect%2fsign-client 216ms (cache hit)
3038 silly packumentCache full:https://registry.npmjs.org/@walletconnect%2fsign-client set size:1968636 disposed:false
3039 silly fetch manifest hono@^4.10.3
3040 silly packumentCache full:https://registry.npmjs.org/hono cache-miss
3041 http cache https://registry.npmjs.org/keccak 215ms (cache hit)
3042 silly packumentCache full:https://registry.npmjs.org/keccak set size:38464 disposed:false
3043 http cache https://registry.npmjs.org/sha.js 207ms (cache hit)
3044 silly packumentCache full:https://registry.npmjs.org/sha.js set size:68119 disposed:false
3045 http cache https://registry.npmjs.org/eth-json-rpc-filters 158ms (cache hit)
3046 silly packumentCache full:https://registry.npmjs.org/eth-json-rpc-filters set size:91317 disposed:false
3047 http cache https://registry.npmjs.org/ox 68ms (cache hit)
3048 silly packumentCache full:https://registry.npmjs.org/ox set size:3560482 disposed:false
3049 http cache https://registry.npmjs.org/eth-block-tracker 250ms (cache hit)
3050 silly packumentCache full:https://registry.npmjs.org/eth-block-tracker set size:161292 disposed:false
3051 http cache https://registry.npmjs.org/zod 122ms (cache hit)
3052 silly packumentCache full:https://registry.npmjs.org/zod set size:3489329 disposed:false
3053 http cache https://registry.npmjs.org/hono 155ms (cache hit)
3054 silly packumentCache full:https://registry.npmjs.org/hono set size:5294095 disposed:false
3055 silly placeDep ROOT @metamask/rpc-errors@7.0.2 OK for: @gemini-wallet/core@0.3.2 want: 7.0.2
3056 silly fetch manifest @metamask/utils@^11.0.1
3057 silly packumentCache full:https://registry.npmjs.org/@metamask%2futils cache-miss
3058 silly fetch manifest fast-safe-stringify@^2.0.6
3059 silly packumentCache full:https://registry.npmjs.org/fast-safe-stringify cache-miss
3060 http cache https://registry.npmjs.org/@metamask%2futils 15ms (cache hit)
3061 silly packumentCache full:https://registry.npmjs.org/@metamask%2futils set size:238130 disposed:false
3062 http cache https://registry.npmjs.org/fast-safe-stringify 26ms (cache hit)
3063 silly packumentCache full:https://registry.npmjs.org/fast-safe-stringify set size:76810 disposed:false
3064 silly placeDep ROOT @metamask/utils@11.9.0 OK for: @metamask/rpc-errors@7.0.2 want: ^11.0.1
3065 silly placeDep ROOT fast-safe-stringify@2.1.1 OK for: @metamask/rpc-errors@7.0.2 want: ^2.0.6
3066 silly fetch manifest @ethereumjs/tx@^4.2.0
3067 silly packumentCache full:https://registry.npmjs.org/@ethereumjs%2ftx cache-miss
3068 silly fetch manifest @metamask/superstruct@^3.1.0
3069 silly packumentCache full:https://registry.npmjs.org/@metamask%2fsuperstruct cache-miss
3070 silly fetch manifest @types/debug@^4.1.7
3071 silly packumentCache full:https://registry.npmjs.org/@types%2fdebug cache-miss
3072 silly fetch manifest @types/lodash@^4.17.20
3073 silly packumentCache full:https://registry.npmjs.org/@types%2flodash cache-miss
3074 silly fetch manifest pony-cause@^2.1.10
3075 silly packumentCache full:https://registry.npmjs.org/pony-cause cache-miss
3076 silly fetch manifest uuid@^9.0.1
3077 silly packumentCache full:https://registry.npmjs.org/uuid cache-hit
3078 http cache https://registry.npmjs.org/@metamask%2fsuperstruct 104ms (cache hit)
3079 silly packumentCache full:https://registry.npmjs.org/@metamask%2fsuperstruct set size:21387 disposed:false
3080 http cache https://registry.npmjs.org/@ethereumjs%2ftx 112ms (cache hit)
3081 silly packumentCache full:https://registry.npmjs.org/@ethereumjs%2ftx set size:200640 disposed:false
3082 http cache https://registry.npmjs.org/@types%2flodash 106ms (cache hit)
3083 silly packumentCache full:https://registry.npmjs.org/@types%2flodash set size:489512 disposed:false
3084 http cache https://registry.npmjs.org/@types%2fdebug 117ms (cache hit)
3085 silly packumentCache full:https://registry.npmjs.org/@types%2fdebug set size:51351 disposed:false
3086 http cache https://registry.npmjs.org/pony-cause 107ms (cache hit)
3087 silly packumentCache full:https://registry.npmjs.org/pony-cause set size:91632 disposed:false
3088 silly fetch manifest readable-stream@^3.6.2
3089 silly packumentCache full:https://registry.npmjs.org/readable-stream cache-hit
3090 silly placeDep ROOT @metamask/onboarding@1.0.1 OK for: @metamask/sdk@0.33.1 want: ^1.0.1
3091 silly placeDep ROOT @metamask/providers@16.1.0 OK for: @metamask/sdk@0.33.1 want: 16.1.0
3092 silly placeDep ROOT @metamask/sdk-analytics@0.0.5 OK for: @metamask/sdk@0.33.1 want: 0.0.5
3093 silly placeDep node_modules/@metamask/sdk @metamask/sdk-communication-layer@0.33.1 OK for: @metamask/sdk@0.33.1 want: 0.33.1
3094 silly placeDep ROOT eciesjs@0.4.17 OK for: @metamask/sdk-communication-layer@0.33.1 want: *
3095 silly placeDep node_modules/@metamask/sdk cross-fetch@4.1.0 OK for: @metamask/sdk-communication-layer@0.33.1 want: ^4.0.0
3096 silly placeDep ROOT eventemitter2@6.4.9 OK for: @metamask/sdk-communication-layer@0.33.1 want: ^6.4.9
3097 silly placeDep ROOT socket.io-client@4.8.3 OK for: @metamask/sdk-communication-layer@0.33.1 want: ^4.5.1
3098 silly placeDep ROOT @metamask/sdk-install-modal-web@0.32.1 OK for: @metamask/sdk@0.33.1 want: 0.32.1
3099 silly placeDep ROOT @paulmillr/qr@0.2.1 OK for: @metamask/sdk@0.33.1 want: ^0.2.1
3100 silly placeDep ROOT bowser@2.13.1 OK for: @metamask/sdk@0.33.1 want: ^2.9.0
3101 silly placeDep node_modules/@metamask/sdk debug@4.3.4 OK for: @metamask/sdk@0.33.1 want: 4.3.4
3102 silly placeDep ROOT eth-rpc-errors@4.0.3 OK for: @metamask/sdk@0.33.1 want: ^4.0.3
3103 silly placeDep ROOT obj-multiplex@1.0.0 OK for: @metamask/sdk@0.33.1 want: ^1.0.0
3104 silly placeDep ROOT pump@3.0.3 OK for: @metamask/sdk@0.33.1 want: ^3.0.0
3105 silly placeDep node_modules/@metamask/sdk tslib@2.8.1 OK for: @metamask/sdk@0.33.1 want: ^2.6.0
3106 silly placeDep ROOT util@0.12.5 OK for: @metamask/sdk@0.33.1 want: ^0.12.4
3107 silly fetch manifest is-stream@^2.0.0
3108 silly packumentCache full:https://registry.npmjs.org/is-stream cache-miss
3109 silly fetch manifest @metamask/utils@^8.3.0
3110 silly packumentCache full:https://registry.npmjs.org/@metamask%2futils cache-hit
3111 silly fetch manifest fast-deep-equal@^3.1.3
3112 silly packumentCache full:https://registry.npmjs.org/fast-deep-equal cache-miss
3113 silly fetch manifest @metamask/rpc-errors@^6.2.1
3114 silly packumentCache full:https://registry.npmjs.org/@metamask%2frpc-errors cache-hit
3115 silly fetch manifest extension-port-stream@^3.0.0
3116 silly packumentCache full:https://registry.npmjs.org/extension-port-stream cache-miss
3117 silly fetch manifest webextension-polyfill@^0.10.0
3118 silly packumentCache full:https://registry.npmjs.org/webextension-polyfill cache-miss
3119 silly fetch manifest @metamask/json-rpc-engine@^8.0.1
3120 silly packumentCache full:https://registry.npmjs.org/@metamask%2fjson-rpc-engine cache-miss
3121 silly fetch manifest @metamask/object-multiplex@^2.0.0
3122 silly packumentCache full:https://registry.npmjs.org/@metamask%2fobject-multiplex cache-miss
3123 silly fetch manifest @metamask/safe-event-emitter@^3.1.1
3124 silly packumentCache full:https://registry.npmjs.org/@metamask%2fsafe-event-emitter cache-miss
3125 http cache https://registry.npmjs.org/is-stream 11ms (cache hit)
3126 silly packumentCache full:https://registry.npmjs.org/is-stream set size:18582 disposed:false
3127 silly fetch manifest @metamask/json-rpc-middleware-stream@^7.0.1
3128 silly packumentCache full:https://registry.npmjs.org/@metamask%2fjson-rpc-middleware-stream cache-miss
3129 http cache https://registry.npmjs.org/fast-deep-equal 14ms (cache hit)
3130 silly packumentCache full:https://registry.npmjs.org/fast-deep-equal set size:48634 disposed:false
3131 silly fetch manifest openapi-fetch@^0.13.5
3132 silly packumentCache full:https://registry.npmjs.org/openapi-fetch cache-miss
3133 http cache https://registry.npmjs.org/extension-port-stream 15ms (cache hit)
3134 silly packumentCache full:https://registry.npmjs.org/extension-port-stream set size:33804 disposed:false
3135 silly fetch manifest date-fns@^2.29.3
3136 silly packumentCache full:https://registry.npmjs.org/date-fns cache-miss
3137 http cache https://registry.npmjs.org/@metamask%2fjson-rpc-engine 16ms (cache hit)
3138 silly packumentCache full:https://registry.npmjs.org/@metamask%2fjson-rpc-engine set size:92501 disposed:false
3139 silly fetch manifest @socket.io/component-emitter@~3.1.0
3140 silly packumentCache full:https://registry.npmjs.org/@socket.io%2fcomponent-emitter cache-miss
3141 http cache https://registry.npmjs.org/webextension-polyfill 21ms (cache hit)
3142 silly packumentCache full:https://registry.npmjs.org/webextension-polyfill set size:67102 disposed:false
3143 silly fetch manifest engine.io-client@~6.6.1
3144 silly packumentCache full:https://registry.npmjs.org/engine.io-client cache-miss
3145 http cache https://registry.npmjs.org/@metamask%2fsafe-event-emitter 21ms (cache hit)
3146 silly packumentCache full:https://registry.npmjs.org/@metamask%2fsafe-event-emitter set size:18030 disposed:false
3147 silly fetch manifest socket.io-parser@~4.2.4
3148 silly packumentCache full:https://registry.npmjs.org/socket.io-parser cache-miss
3149 http cache https://registry.npmjs.org/@metamask%2fobject-multiplex 24ms (cache hit)
3150 silly packumentCache full:https://registry.npmjs.org/@metamask%2fobject-multiplex set size:19177 disposed:false
3151 silly fetch manifest @ecies/ciphers@^0.2.5
3152 silly packumentCache full:https://registry.npmjs.org/@ecies%2fciphers cache-miss
3153 http cache https://registry.npmjs.org/@metamask%2fjson-rpc-middleware-stream 23ms (cache hit)
3154 silly packumentCache full:https://registry.npmjs.org/@metamask%2fjson-rpc-middleware-stream set size:56138 disposed:false
3155 silly fetch manifest @noble/curves@^1.9.7
3156 silly packumentCache full:https://registry.npmjs.org/@noble%2fcurves cache-hit
3157 silly fetch manifest @noble/hashes@^1.8.0
3158 silly packumentCache full:https://registry.npmjs.org/@noble%2fhashes cache-hit
3159 silly fetch manifest ms@2.1.2
3160 silly packumentCache full:https://registry.npmjs.org/ms cache-hit
3161 silly fetch manifest readable-stream@^2.3.3
3162 silly packumentCache full:https://registry.npmjs.org/readable-stream cache-hit
3163 silly fetch manifest is-arguments@^1.0.4
3164 silly packumentCache full:https://registry.npmjs.org/is-arguments cache-miss
3165 http cache https://registry.npmjs.org/openapi-fetch 26ms (cache hit)
3166 silly packumentCache full:https://registry.npmjs.org/openapi-fetch set size:245230 disposed:false
3167 silly fetch manifest is-generator-function@^1.0.7
3168 silly packumentCache full:https://registry.npmjs.org/is-generator-function cache-miss
3169 http cache https://registry.npmjs.org/date-fns 34ms (cache hit)
3170 silly packumentCache full:https://registry.npmjs.org/date-fns set size:3443779 disposed:false
3171 silly fetch manifest is-typed-array@^1.1.3
3172 silly packumentCache full:https://registry.npmjs.org/is-typed-array cache-miss
3173 http cache https://registry.npmjs.org/@socket.io%2fcomponent-emitter 89ms (cache hit)
3174 silly packumentCache full:https://registry.npmjs.org/@socket.io%2fcomponent-emitter set size:14099 disposed:false
3175 silly fetch manifest which-typed-array@^1.1.2
3176 silly packumentCache full:https://registry.npmjs.org/which-typed-array cache-miss
3177 http cache https://registry.npmjs.org/engine.io-client 88ms (cache hit)
3178 silly packumentCache full:https://registry.npmjs.org/engine.io-client set size:469044 disposed:false
3179 http cache https://registry.npmjs.org/socket.io-parser 97ms (cache hit)
3180 silly packumentCache full:https://registry.npmjs.org/socket.io-parser set size:120299 disposed:false
3181 http cache https://registry.npmjs.org/@ecies%2fciphers 98ms (cache hit)
3182 silly packumentCache full:https://registry.npmjs.org/@ecies%2fciphers set size:22510 disposed:false
3183 http cache https://registry.npmjs.org/is-arguments 97ms (cache hit)
3184 silly packumentCache full:https://registry.npmjs.org/is-arguments set size:27083 disposed:false
3185 http cache https://registry.npmjs.org/which-typed-array 29ms (cache hit)
3186 silly packumentCache full:https://registry.npmjs.org/which-typed-array set size:93605 disposed:false
3187 http cache https://registry.npmjs.org/is-generator-function 98ms (cache hit)
3188 silly packumentCache full:https://registry.npmjs.org/is-generator-function set size:44643 disposed:false
3189 http cache https://registry.npmjs.org/is-typed-array 38ms (cache hit)
3190 silly packumentCache full:https://registry.npmjs.org/is-typed-array set size:79965 disposed:false
3191 silly placeDep ROOT @metamask/json-rpc-engine@8.0.2 OK for: @metamask/providers@16.1.0 want: ^8.0.1
3192 silly placeDep ROOT @metamask/json-rpc-middleware-stream@7.0.2 OK for: @metamask/providers@16.1.0 want: ^7.0.1
3193 silly placeDep ROOT @metamask/object-multiplex@2.1.0 OK for: @metamask/providers@16.1.0 want: ^2.0.0
3194 silly placeDep node_modules/@metamask/providers @metamask/rpc-errors@6.4.0 OK for: @metamask/providers@16.1.0 want: ^6.2.1
3195 silly placeDep ROOT @metamask/safe-event-emitter@3.1.2 OK for: @metamask/providers@16.1.0 want: ^3.1.1
3196 silly placeDep node_modules/@metamask/providers @metamask/utils@8.5.0 OK for: @metamask/providers@16.1.0 want: ^8.3.0
3197 silly placeDep ROOT extension-port-stream@3.0.0 OK for: @metamask/providers@16.1.0 want: ^3.0.0
3198 silly placeDep ROOT fast-deep-equal@3.1.3 OK for: @metamask/providers@16.1.0 want: ^3.1.3
3199 silly placeDep ROOT is-stream@2.0.1 OK for: @metamask/providers@16.1.0 want: ^2.0.0
3200 silly placeDep ROOT webextension-polyfill@0.10.0 OK for: @metamask/providers@16.1.0 want: ^0.10.0
3201 silly fetch manifest @metamask/safe-event-emitter@^3.0.0
3202 silly packumentCache full:https://registry.npmjs.org/@metamask%2fsafe-event-emitter cache-hit
3203 silly fetch manifest @metamask/safe-event-emitter@^3.0.0
3204 silly packumentCache full:https://registry.npmjs.org/@metamask%2fsafe-event-emitter cache-hit
3205 silly fetch manifest @metamask/utils@^9.0.0
3206 silly packumentCache full:https://registry.npmjs.org/@metamask%2futils cache-hit
3207 silly fetch manifest @metamask/superstruct@^3.0.0
3208 silly packumentCache full:https://registry.npmjs.org/@metamask%2fsuperstruct cache-hit
3209 silly fetch manifest webextension-polyfill@>=0.10.0 <1.0
3210 silly packumentCache full:https://registry.npmjs.org/webextension-polyfill cache-hit
3211 silly placeDep node_modules/@metamask/json-rpc-engine @metamask/rpc-errors@6.4.0 OK for: @metamask/json-rpc-engine@8.0.2 want: ^6.2.1
3212 silly placeDep node_modules/@metamask/json-rpc-engine @metamask/utils@8.5.0 OK for: @metamask/json-rpc-engine@8.0.2 want: ^8.3.0
3213 silly placeDep node_modules/@metamask/json-rpc-middleware-stream @metamask/utils@8.5.0 OK for: @metamask/json-rpc-middleware-stream@7.0.2 want: ^8.3.0
3214 silly placeDep ROOT openapi-fetch@0.13.8 OK for: @metamask/sdk-analytics@0.0.5 want: ^0.13.5
3215 silly fetch manifest openapi-typescript-helpers@^0.0.15
3216 silly packumentCache full:https://registry.npmjs.org/openapi-typescript-helpers cache-miss
3217 http cache https://registry.npmjs.org/openapi-typescript-helpers 41ms (cache hit)
3218 silly packumentCache full:https://registry.npmjs.org/openapi-typescript-helpers set size:31462 disposed:false
3219 silly placeDep ROOT @ethereumjs/tx@4.2.0 OK for: @metamask/utils@11.9.0 want: ^4.2.0
3220 silly placeDep ROOT @metamask/superstruct@3.2.1 OK for: @metamask/utils@11.9.0 want: ^3.1.0
3221 silly placeDep ROOT @types/debug@4.1.12 OK for: @metamask/utils@11.9.0 want: ^4.1.7
3222 silly placeDep ROOT @types/lodash@4.17.23 OK for: @metamask/utils@11.9.0 want: ^4.17.20
3223 silly placeDep ROOT pony-cause@2.1.11 OK for: @metamask/utils@11.9.0 want: ^2.1.10
3224 silly placeDep node_modules/@metamask/utils uuid@9.0.1 OK for: @metamask/utils@11.9.0 want: ^9.0.1
3225 silly fetch manifest @ethereumjs/rlp@^4.0.1
3226 silly packumentCache full:https://registry.npmjs.org/@ethereumjs%2frlp cache-miss
3227 silly fetch manifest @ethereumjs/util@^8.1.0
3228 silly packumentCache full:https://registry.npmjs.org/@ethereumjs%2futil cache-miss
3229 silly fetch manifest @ethereumjs/common@^3.2.0
3230 silly packumentCache full:https://registry.npmjs.org/@ethereumjs%2fcommon cache-miss
3231 silly fetch manifest ethereum-cryptography@^2.0.0
3232 silly packumentCache full:https://registry.npmjs.org/ethereum-cryptography cache-miss
3233 silly fetch manifest @types/ms@*
3234 silly packumentCache full:https://registry.npmjs.org/@types%2fms cache-miss
3235 http cache https://registry.npmjs.org/@ethereumjs%2frlp 17ms (cache hit)
3236 silly packumentCache full:https://registry.npmjs.org/@ethereumjs%2frlp set size:53221 disposed:false
3237 http cache https://registry.npmjs.org/@types%2fms 20ms (cache hit)
3238 silly packumentCache full:https://registry.npmjs.org/@types%2fms set size:24399 disposed:false
3239 http cache https://registry.npmjs.org/@ethereumjs%2futil 23ms (cache hit)
3240 silly packumentCache full:https://registry.npmjs.org/@ethereumjs%2futil set size:110550 disposed:false
3241 http cache https://registry.npmjs.org/@ethereumjs%2fcommon 27ms (cache hit)
3242 silly packumentCache full:https://registry.npmjs.org/@ethereumjs%2fcommon set size:151303 disposed:false
3243 http cache https://registry.npmjs.org/ethereum-cryptography 33ms (cache hit)
3244 silly packumentCache full:https://registry.npmjs.org/ethereum-cryptography set size:230903 disposed:false
3245 silly placeDep ROOT @ethereumjs/common@3.2.0 OK for: @ethereumjs/tx@4.2.0 want: ^3.2.0
3246 silly placeDep ROOT @ethereumjs/rlp@4.0.1 OK for: @ethereumjs/tx@4.2.0 want: ^4.0.1
3247 silly placeDep ROOT @ethereumjs/util@8.1.0 OK for: @ethereumjs/tx@4.2.0 want: ^8.1.0
3248 silly placeDep ROOT ethereum-cryptography@2.2.1 OK for: @ethereumjs/tx@4.2.0 want: ^2.0.0
3249 silly fetch manifest crc-32@^1.2.0
3250 silly packumentCache full:https://registry.npmjs.org/crc-32 cache-miss
3251 silly fetch manifest micro-ftch@^0.3.1
3252 silly packumentCache full:https://registry.npmjs.org/micro-ftch cache-miss
3253 silly fetch manifest @scure/bip32@1.4.0
3254 silly packumentCache full:https://registry.npmjs.org/@scure%2fbip32 cache-hit
3255 silly fetch manifest @scure/bip39@1.3.0
3256 silly packumentCache full:https://registry.npmjs.org/@scure%2fbip39 cache-hit
3257 silly fetch manifest @noble/curves@1.4.2
3258 silly packumentCache full:https://registry.npmjs.org/@noble%2fcurves cache-hit
3259 http cache https://registry.npmjs.org/micro-ftch 13ms (cache hit)
3260 silly packumentCache full:https://registry.npmjs.org/micro-ftch set size:25696 disposed:false
3261 http cache https://registry.npmjs.org/crc-32 18ms (cache hit)
3262 silly packumentCache full:https://registry.npmjs.org/crc-32 set size:32170 disposed:false
3263 silly placeDep ROOT crc-32@1.2.2 OK for: @ethereumjs/common@3.2.0 want: ^1.2.0
3264 silly placeDep ROOT micro-ftch@0.3.1 OK for: @ethereumjs/util@8.1.0 want: ^0.3.1
3265 silly placeDep ROOT @safe-global/safe-gateway-typescript-sdk@3.23.1 OK for: @safe-global/safe-apps-sdk@9.1.0 want: ^3.5.3
3266 silly placeDep ROOT @types/ms@2.1.0 OK for: @types/debug@4.1.12 want: *
3267 silly placeDep node_modules/@wagmi/core zustand@5.0.0 OK for: @wagmi/core@2.22.1 want: 5.0.0
3268 silly placeDep ROOT @reown/appkit@1.7.8 OK for: @walletconnect/ethereum-provider@2.21.1 want: 1.7.8
3269 silly placeDep node_modules/@walletconnect/ethereum-provider @walletconnect/sign-client@2.21.1 OK for: @walletconnect/ethereum-provider@2.21.1 want: 2.21.1
3270 silly placeDep node_modules/@walletconnect/ethereum-provider @walletconnect/types@2.21.1 OK for: @walletconnect/ethereum-provider@2.21.1 want: 2.21.1
3271 silly placeDep node_modules/@walletconnect/ethereum-provider @walletconnect/universal-provider@2.21.1 OK for: @walletconnect/ethereum-provider@2.21.1 want: 2.21.1
3272 silly placeDep node_modules/@walletconnect/ethereum-provider @walletconnect/utils@2.21.1 OK for: @walletconnect/ethereum-provider@2.21.1 want: 2.21.1
3273 silly fetch manifest valtio@1.13.2
3274 silly packumentCache full:https://registry.npmjs.org/valtio cache-miss
3275 silly fetch manifest @reown/appkit-ui@1.7.8
3276 silly packumentCache full:https://registry.npmjs.org/@reown%2fappkit-ui cache-miss
3277 silly fetch manifest @reown/appkit-pay@1.7.8
3278 silly packumentCache full:https://registry.npmjs.org/@reown%2fappkit-pay cache-miss
3279 silly fetch manifest @reown/appkit-utils@1.7.8
3280 silly packumentCache full:https://registry.npmjs.org/@reown%2fappkit-utils cache-miss
3281 silly fetch manifest @reown/appkit-common@1.7.8
3282 silly packumentCache full:https://registry.npmjs.org/@reown%2fappkit-common cache-miss
3283 silly fetch manifest @reown/appkit-wallet@1.7.8
3284 silly packumentCache full:https://registry.npmjs.org/@reown%2fappkit-wallet cache-miss
3285 silly fetch manifest @walletconnect/types@2.21.0
3286 silly packumentCache full:https://registry.npmjs.org/@walletconnect%2ftypes cache-miss
3287 http cache https://registry.npmjs.org/@walletconnect%2ftypes 18ms (cache hit)
3288 silly packumentCache full:https://registry.npmjs.org/@walletconnect%2ftypes set size:2188649 disposed:false
3289 silly fetch manifest @reown/appkit-polyfills@1.7.8
3290 silly packumentCache full:https://registry.npmjs.org/@reown%2fappkit-polyfills cache-miss
3291 http cache https://registry.npmjs.org/@reown%2fappkit-common 49ms (cache hit)
3292 silly packumentCache full:https://registry.npmjs.org/@reown%2fappkit-common set size:2436523 disposed:false
3293 silly fetch manifest @reown/appkit-controllers@1.7.8
3294 silly packumentCache full:https://registry.npmjs.org/@reown%2fappkit-controllers cache-miss
3295 http cache https://registry.npmjs.org/@reown%2fappkit-pay 85ms (cache hit)
3296 silly packumentCache full:https://registry.npmjs.org/@reown%2fappkit-pay set size:2062244 disposed:false
3297 silly fetch manifest @reown/appkit-scaffold-ui@1.7.8
3298 silly packumentCache full:https://registry.npmjs.org/@reown%2fappkit-scaffold-ui cache-miss
3299 http cache https://registry.npmjs.org/@reown%2fappkit-utils 107ms (cache hit)
3300 silly packumentCache full:https://registry.npmjs.org/@reown%2fappkit-utils set size:3599992 disposed:false
3301 silly fetch manifest @walletconnect/universal-provider@2.21.0
3302 silly packumentCache full:https://registry.npmjs.org/@walletconnect%2funiversal-provider cache-miss
3303 http cache https://registry.npmjs.org/@reown%2fappkit-ui 187ms (cache hit)
3304 silly packumentCache full:https://registry.npmjs.org/@reown%2fappkit-ui set size:14113512 disposed:false
3305 silly fetch manifest @walletconnect/core@2.21.1
3306 silly packumentCache full:https://registry.npmjs.org/@walletconnect%2fcore cache-miss
3307 http cache https://registry.npmjs.org/valtio 331ms (cache hit)
3308 silly packumentCache full:https://registry.npmjs.org/valtio set size:348681 disposed:false
3309 silly fetch manifest es-toolkit@1.33.0
3310 silly packumentCache full:https://registry.npmjs.org/es-toolkit cache-miss
3311 http cache https://registry.npmjs.org/@reown%2fappkit-wallet 339ms (cache hit)
3312 silly packumentCache full:https://registry.npmjs.org/@reown%2fappkit-wallet set size:2649912 disposed:false
3313 silly fetch manifest viem@2.23.2
3314 silly packumentCache full:https://registry.npmjs.org/viem cache-miss
3315 http cache https://registry.npmjs.org/es-toolkit 110ms (cache hit)
3316 silly packumentCache full:https://registry.npmjs.org/es-toolkit set size:10035387 disposed:false
3317 silly fetch manifest uint8arrays@3.1.0
3318 silly packumentCache full:https://registry.npmjs.org/uint8arrays cache-hit
3319 silly fetch manifest @noble/curves@1.8.1
3320 silly packumentCache full:https://registry.npmjs.org/@noble%2fcurves cache-hit
3321 silly fetch manifest @noble/hashes@1.7.1
3322 silly packumentCache full:https://registry.npmjs.org/@noble%2fhashes cache-hit
3323 silly fetch manifest @noble/ciphers@1.2.1
3324 silly packumentCache full:https://registry.npmjs.org/@noble%2fciphers cache-hit
3325 http cache https://registry.npmjs.org/@walletconnect%2fcore 265ms (cache hit)
3326 silly packumentCache full:https://registry.npmjs.org/@walletconnect%2fcore set size:2454438 disposed:false
3327 http cache https://registry.npmjs.org/@reown%2fappkit-polyfills 576ms (cache hit)
3328 silly packumentCache full:https://registry.npmjs.org/@reown%2fappkit-polyfills set size:2244263 disposed:false
3329 http cache https://registry.npmjs.org/@reown%2fappkit-controllers 590ms (cache hit)
3330 silly packumentCache full:https://registry.npmjs.org/@reown%2fappkit-controllers set size:2983535 disposed:false
3331 http cache https://registry.npmjs.org/@walletconnect%2funiversal-provider 569ms (cache hit)
3332 silly packumentCache full:https://registry.npmjs.org/@walletconnect%2funiversal-provider set size:1744920 disposed:false
3333 http cache https://registry.npmjs.org/viem 397ms (cache hit)
3334 silly packumentCache full:https://registry.npmjs.org/viem set size:10606527 disposed:false
3335 http cache https://registry.npmjs.org/@reown%2fappkit-scaffold-ui 806ms (cache hit)
3336 silly packumentCache full:https://registry.npmjs.org/@reown%2fappkit-scaffold-ui set size:4508973 disposed:false
3337 silly fetch manifest @types/react@>=16.8
3338 silly packumentCache full:https://registry.npmjs.org/@types%2freact cache-miss
3339 http cache https://registry.npmjs.org/@types%2freact 27ms (cache hit)
3340 silly packumentCache full:https://registry.npmjs.org/@types%2freact set size:2584421 disposed:false
3341 silly fetch manifest react@>=16.8
3342 silly packumentCache full:https://registry.npmjs.org/react cache-miss
3343 http cache https://registry.npmjs.org/react 52ms (cache hit)
3344 silly packumentCache full:https://registry.npmjs.org/react set size:6466562 disposed:false
3345 silly placeDep ROOT @reown/appkit-common@1.7.8 OK for: @reown/appkit@1.7.8 want: 1.7.8
3346 silly placeDep ROOT @reown/appkit-controllers@1.7.8 OK for: @reown/appkit@1.7.8 want: 1.7.8
3347 silly placeDep ROOT @reown/appkit-pay@1.7.8 OK for: @reown/appkit@1.7.8 want: 1.7.8
3348 silly placeDep ROOT @reown/appkit-polyfills@1.7.8 OK for: @reown/appkit@1.7.8 want: 1.7.8
3349 silly placeDep ROOT @reown/appkit-scaffold-ui@1.7.8 OK for: @reown/appkit@1.7.8 want: 1.7.8
3350 silly placeDep ROOT @reown/appkit-ui@1.7.8 OK for: @reown/appkit@1.7.8 want: 1.7.8
3351 silly placeDep ROOT @reown/appkit-utils@1.7.8 OK for: @reown/appkit@1.7.8 want: 1.7.8
3352 silly placeDep ROOT @reown/appkit-wallet@1.7.8 OK for: @reown/appkit@1.7.8 want: 1.7.8
3353 silly placeDep node_modules/@reown/appkit @walletconnect/types@2.21.0 OK for: @reown/appkit@1.7.8 want: 2.21.0
3354 silly placeDep node_modules/@reown/appkit @walletconnect/universal-provider@2.21.0 OK for: @reown/appkit@1.7.8 want: 2.21.0
3355 silly placeDep node_modules/@reown/appkit bs58@6.0.0 OK for: @reown/appkit@1.7.8 want: 6.0.0
3356 silly placeDep ROOT valtio@1.13.2 OK for: @reown/appkit@1.7.8 want: 1.13.2
3357 silly fetch manifest dayjs@1.11.13
3358 silly packumentCache full:https://registry.npmjs.org/dayjs cache-miss
3359 silly fetch manifest big.js@6.2.2
3360 silly packumentCache full:https://registry.npmjs.org/big.js cache-miss
3361 silly fetch manifest lit@3.3.0
3362 silly packumentCache full:https://registry.npmjs.org/lit cache-miss
3363 silly fetch manifest lit@3.3.0
3364 silly packumentCache full:https://registry.npmjs.org/lit cache-miss
3365 silly fetch manifest lit@3.3.0
3366 silly packumentCache full:https://registry.npmjs.org/lit cache-miss
3367 silly fetch manifest zod@3.22.4
3368 silly packumentCache full:https://registry.npmjs.org/zod cache-miss
3369 silly fetch manifest @walletconnect/utils@2.21.0
3370 silly packumentCache full:https://registry.npmjs.org/@walletconnect%2futils cache-miss
3371 http cache https://registry.npmjs.org/lit 17ms (cache hit)
3372 silly packumentCache full:https://registry.npmjs.org/lit set size:443698 disposed:false
3373 silly fetch manifest @walletconnect/sign-client@2.21.0
3374 silly packumentCache full:https://registry.npmjs.org/@walletconnect%2fsign-client cache-miss
3375 http cache https://registry.npmjs.org/lit 23ms (cache hit)
3376 silly packumentCache full:https://registry.npmjs.org/lit set size:443698 disposed:false
3377 silly packumentCache full:https://registry.npmjs.org/lit dispose
3378 silly fetch manifest derive-valtio@0.1.0
3379 silly packumentCache full:https://registry.npmjs.org/derive-valtio cache-miss
3380 http cache https://registry.npmjs.org/lit 31ms (cache hit)
3381 silly packumentCache full:https://registry.npmjs.org/lit set size:443698 disposed:true
3382 silly packumentCache full:https://registry.npmjs.org/lit dispose
3383 silly fetch manifest proxy-compare@2.6.0
3384 silly packumentCache full:https://registry.npmjs.org/proxy-compare cache-miss
3385 http cache https://registry.npmjs.org/@walletconnect%2futils 38ms (cache hit)
3386 silly packumentCache full:https://registry.npmjs.org/@walletconnect%2futils set size:2689713 disposed:false
3387 silly fetch manifest use-sync-external-store@1.2.0
3388 silly packumentCache full:https://registry.npmjs.org/use-sync-external-store cache-miss
3389 http cache https://registry.npmjs.org/zod 69ms (cache hit)
3390 silly packumentCache full:https://registry.npmjs.org/zod set size:3489329 disposed:false
3391 http cache https://registry.npmjs.org/dayjs 110ms (cache hit)
3392 silly packumentCache full:https://registry.npmjs.org/dayjs set size:483478 disposed:false
3393 http cache https://registry.npmjs.org/big.js 124ms (cache hit)
3394 silly packumentCache full:https://registry.npmjs.org/big.js set size:75813 disposed:false
3395 http cache https://registry.npmjs.org/@walletconnect%2fsign-client 116ms (cache hit)
3396 silly packumentCache full:https://registry.npmjs.org/@walletconnect%2fsign-client set size:1968636 disposed:false
3397 http cache https://registry.npmjs.org/derive-valtio 133ms (cache hit)
3398 silly packumentCache full:https://registry.npmjs.org/derive-valtio set size:7692 disposed:false
3399 http cache https://registry.npmjs.org/use-sync-external-store 103ms (cache hit)
3400 silly packumentCache full:https://registry.npmjs.org/use-sync-external-store set size:4479974 disposed:false
3401 http cache https://registry.npmjs.org/proxy-compare 195ms (cache hit)
3402 silly packumentCache full:https://registry.npmjs.org/proxy-compare set size:93976 disposed:false
3403 silly placeDep ROOT big.js@6.2.2 OK for: @reown/appkit-common@1.7.8 want: 6.2.2
3404 silly placeDep ROOT dayjs@1.11.13 OK for: @reown/appkit-common@1.7.8 want: 1.11.13
3405 silly placeDep node_modules/@reown/appkit-controllers @walletconnect/universal-provider@2.21.0 OK for: @reown/appkit-controllers@1.7.8 want: 2.21.0
3406 silly placeDep ROOT lit@3.3.0 OK for: @reown/appkit-pay@1.7.8 want: 3.3.0
3407 silly fetch manifest lit-html@^3.3.0
3408 silly packumentCache full:https://registry.npmjs.org/lit-html cache-miss
3409 silly fetch manifest lit-element@^4.2.0
3410 silly packumentCache full:https://registry.npmjs.org/lit-element cache-miss
3411 silly fetch manifest @lit/reactive-element@^2.1.0
3412 silly packumentCache full:https://registry.npmjs.org/@lit%2freactive-element cache-miss
3413 http cache https://registry.npmjs.org/@lit%2freactive-element 13ms (cache hit)
3414 silly packumentCache full:https://registry.npmjs.org/@lit%2freactive-element set size:344740 disposed:false
3415 http cache https://registry.npmjs.org/lit-element 19ms (cache hit)
3416 silly packumentCache full:https://registry.npmjs.org/lit-element set size:478668 disposed:false
3417 http cache https://registry.npmjs.org/lit-html 31ms (cache hit)
3418 silly packumentCache full:https://registry.npmjs.org/lit-html set size:741279 disposed:false
3419 silly placeDep node_modules/@reown/appkit-utils @walletconnect/universal-provider@2.21.0 OK for: @reown/appkit-utils@1.7.8 want: 2.21.0
3420 silly placeDep node_modules/@reown/appkit-wallet zod@3.22.4 OK for: @reown/appkit-wallet@1.7.8 want: 3.22.4
3421 silly placeDep ROOT eth-block-tracker@7.1.0 OK for: @coinbase/wallet-sdk@3.9.3 want: ^7.1.0
3422 silly placeDep ROOT eth-json-rpc-filters@6.0.1 OK for: @coinbase/wallet-sdk@3.9.3 want: ^6.0.0
3423 silly placeDep ROOT keccak@3.0.4 OK for: @coinbase/wallet-sdk@3.9.3 want: ^3.0.3
3424 silly placeDep ROOT sha.js@2.4.12 OK for: @coinbase/wallet-sdk@3.9.3 want: ^2.4.11
3425 silly fetch manifest pify@^3.0.0
3426 silly packumentCache full:https://registry.npmjs.org/pify cache-miss
3427 silly fetch manifest @metamask/utils@^5.0.1
3428 silly packumentCache full:https://registry.npmjs.org/@metamask%2futils cache-hit
3429 silly fetch manifest json-rpc-random-id@^1.0.1
3430 silly packumentCache full:https://registry.npmjs.org/json-rpc-random-id cache-miss
3431 silly fetch manifest @metamask/eth-json-rpc-provider@^1.0.0
3432 silly packumentCache full:https://registry.npmjs.org/@metamask%2feth-json-rpc-provider cache-miss
3433 silly fetch manifest pify@^5.0.0
3434 silly packumentCache full:https://registry.npmjs.org/pify cache-miss
3435 silly fetch manifest eth-query@^2.1.2
3436 silly packumentCache full:https://registry.npmjs.org/eth-query cache-miss
3437 silly fetch manifest async-mutex@^0.2.6
3438 silly packumentCache full:https://registry.npmjs.org/async-mutex cache-miss
3439 silly fetch manifest json-rpc-engine@^6.1.0
3440 silly packumentCache full:https://registry.npmjs.org/json-rpc-engine cache-miss
3441 http cache https://registry.npmjs.org/eth-query 19ms (cache hit)
3442 silly packumentCache full:https://registry.npmjs.org/eth-query set size:17171 disposed:false
3443 silly fetch manifest node-addon-api@^2.0.0
3444 silly packumentCache full:https://registry.npmjs.org/node-addon-api cache-miss
3445 http cache https://registry.npmjs.org/json-rpc-random-id 22ms (cache hit)
3446 silly packumentCache full:https://registry.npmjs.org/json-rpc-random-id set size:3527 disposed:false
3447 silly fetch manifest to-buffer@^1.2.0
3448 silly packumentCache full:https://registry.npmjs.org/to-buffer cache-miss
3449 http cache https://registry.npmjs.org/pify 23ms (cache hit)
3450 silly packumentCache full:https://registry.npmjs.org/pify set size:33583 disposed:false
3451 http cache https://registry.npmjs.org/@metamask%2feth-json-rpc-provider 25ms (cache hit)
3452 silly packumentCache full:https://registry.npmjs.org/@metamask%2feth-json-rpc-provider set size:88311 disposed:false
3453 http cache https://registry.npmjs.org/async-mutex 26ms (cache hit)
3454 silly packumentCache full:https://registry.npmjs.org/async-mutex set size:76106 disposed:false
3455 http cache https://registry.npmjs.org/pify 30ms (cache hit)
3456 silly packumentCache full:https://registry.npmjs.org/pify set size:33583 disposed:false
3457 silly packumentCache full:https://registry.npmjs.org/pify dispose
3458 http cache https://registry.npmjs.org/json-rpc-engine 29ms (cache hit)
3459 silly packumentCache full:https://registry.npmjs.org/json-rpc-engine set size:96875 disposed:false
3460 http cache https://registry.npmjs.org/to-buffer 23ms (cache hit)
3461 silly packumentCache full:https://registry.npmjs.org/to-buffer set size:16584 disposed:false
3462 http cache https://registry.npmjs.org/node-addon-api 27ms (cache hit)
3463 silly packumentCache full:https://registry.npmjs.org/node-addon-api set size:328136 disposed:false
3464 silly fetch manifest @noble/ciphers@^1.3.0
3465 silly packumentCache full:https://registry.npmjs.org/@noble%2fciphers cache-hit
3466 silly placeDep ROOT @ecies/ciphers@0.2.5 OK for: eciesjs@0.4.17 want: ^0.2.5
3467 silly placeDep node_modules/eciesjs @noble/curves@1.9.7 OK for: eciesjs@0.4.17 want: ^1.9.7
3468 silly placeDep node_modules/eciesjs @noble/hashes@1.8.0 OK for: eciesjs@0.4.17 want: ^1.8.0
3469 silly placeDep ROOT @metamask/eth-json-rpc-provider@1.0.1 OK for: eth-block-tracker@7.1.0 want: ^1.0.0
3470 silly placeDep node_modules/eth-block-tracker @metamask/utils@5.0.2 OK for: eth-block-tracker@7.1.0 want: ^5.0.1
3471 silly placeDep ROOT json-rpc-random-id@1.0.1 OK for: eth-block-tracker@7.1.0 want: ^1.0.1
3472 silly placeDep ROOT pify@3.0.0 OK for: eth-block-tracker@7.1.0 want: ^3.0.0
3473 silly fetch manifest @metamask/json-rpc-engine@^7.0.0
3474 silly packumentCache full:https://registry.npmjs.org/@metamask%2fjson-rpc-engine cache-hit
3475 silly fetch manifest superstruct@^1.0.3
3476 silly packumentCache full:https://registry.npmjs.org/superstruct cache-hit
3477 silly placeDep node_modules/@metamask/eth-json-rpc-provider @metamask/json-rpc-engine@7.3.3 OK for: @metamask/eth-json-rpc-provider@1.0.1 want: ^7.0.0
3478 silly placeDep node_modules/@metamask/eth-json-rpc-provider @metamask/utils@5.0.2 OK for: @metamask/eth-json-rpc-provider@1.0.1 want: ^5.0.1
3479 silly placeDep ROOT async-mutex@0.2.6 OK for: eth-json-rpc-filters@6.0.1 want: ^0.2.6
3480 silly placeDep ROOT eth-query@2.1.2 OK for: eth-json-rpc-filters@6.0.1 want: ^2.1.2
3481 silly placeDep ROOT json-rpc-engine@6.1.0 OK for: eth-json-rpc-filters@6.0.1 want: ^6.1.0
3482 silly placeDep node_modules/eth-json-rpc-filters pify@5.0.0 OK for: eth-json-rpc-filters@6.0.1 want: ^5.0.0
3483 silly fetch manifest xtend@^4.0.1
3484 silly packumentCache full:https://registry.npmjs.org/xtend cache-miss
3485 silly fetch manifest @metamask/safe-event-emitter@^2.0.0
3486 silly packumentCache full:https://registry.npmjs.org/@metamask%2fsafe-event-emitter cache-hit
3487 http cache https://registry.npmjs.org/xtend 18ms (cache hit)
3488 silly packumentCache full:https://registry.npmjs.org/xtend set size:28314 disposed:false
3489 silly placeDep node_modules/async-mutex tslib@2.8.1 OK for: async-mutex@0.2.6 want: ^2.0.0
3490 silly placeDep ROOT xtend@4.0.2 OK for: eth-query@2.1.2 want: ^4.0.1
3491 silly placeDep node_modules/ethereum-cryptography @noble/curves@1.4.2 OK for: ethereum-cryptography@2.2.1 want: 1.4.2
3492 silly placeDep node_modules/ethereum-cryptography @noble/hashes@1.4.0 OK for: ethereum-cryptography@2.2.1 want: 1.4.0
3493 silly placeDep node_modules/ethereum-cryptography @scure/bip32@1.4.0 OK for: ethereum-cryptography@2.2.1 want: 1.4.0
3494 silly placeDep node_modules/ethereum-cryptography @scure/bip39@1.3.0 OK for: ethereum-cryptography@2.2.1 want: 1.3.0
3495 silly fetch manifest @scure/base@~1.1.6
3496 silly packumentCache full:https://registry.npmjs.org/@scure%2fbase cache-hit
3497 silly fetch manifest @scure/base@~1.1.6
3498 silly packumentCache full:https://registry.npmjs.org/@scure%2fbase cache-hit
3499 silly placeDep node_modules/json-rpc-engine @metamask/safe-event-emitter@2.0.0 OK for: json-rpc-engine@6.1.0 want: ^2.0.0
3500 silly placeDep ROOT node-addon-api@2.0.2 OK for: keccak@3.0.4 want: ^2.0.0
3501 silly placeDep ROOT @lit/reactive-element@2.1.2 OK for: lit@3.3.0 want: ^2.1.0
3502 silly placeDep ROOT lit-element@4.2.2 OK for: lit@3.3.0 want: ^4.2.0
3503 silly placeDep ROOT lit-html@3.3.2 OK for: lit@3.3.0 want: ^3.3.0
3504 silly fetch manifest @lit-labs/ssr-dom-shim@^1.5.0
3505 silly packumentCache full:https://registry.npmjs.org/@lit-labs%2fssr-dom-shim cache-miss
3506 silly fetch manifest @lit-labs/ssr-dom-shim@^1.5.0
3507 silly packumentCache full:https://registry.npmjs.org/@lit-labs%2fssr-dom-shim cache-miss
3508 silly fetch manifest @types/trusted-types@^2.0.2
3509 silly packumentCache full:https://registry.npmjs.org/@types%2ftrusted-types cache-miss
3510 http cache https://registry.npmjs.org/@lit-labs%2fssr-dom-shim 17ms (cache hit)
3511 silly packumentCache full:https://registry.npmjs.org/@lit-labs%2fssr-dom-shim set size:40035 disposed:false
3512 http cache https://registry.npmjs.org/@types%2ftrusted-types 18ms (cache hit)
3513 silly packumentCache full:https://registry.npmjs.org/@types%2ftrusted-types set size:37046 disposed:false
3514 http cache https://registry.npmjs.org/@lit-labs%2fssr-dom-shim 23ms (cache hit)
3515 silly packumentCache full:https://registry.npmjs.org/@lit-labs%2fssr-dom-shim set size:40035 disposed:false
3516 silly packumentCache full:https://registry.npmjs.org/@lit-labs%2fssr-dom-shim dispose
3517 silly placeDep ROOT @lit-labs/ssr-dom-shim@1.5.1 OK for: @lit/reactive-element@2.1.2 want: ^1.5.0
3518 silly placeDep ROOT @types/trusted-types@2.0.7 OK for: lit-html@3.3.2 want: ^2.0.2
3519 silly placeDep node_modules/obj-multiplex readable-stream@2.3.8 OK for: obj-multiplex@1.0.0 want: ^2.3.3
3520 silly fetch manifest isarray@~1.0.0
3521 silly packumentCache full:https://registry.npmjs.org/isarray cache-miss
3522 silly fetch manifest safe-buffer@~5.1.1
3523 silly packumentCache full:https://registry.npmjs.org/safe-buffer cache-hit
3524 silly fetch manifest core-util-is@~1.0.0
3525 silly packumentCache full:https://registry.npmjs.org/core-util-is cache-miss
3526 silly fetch manifest string_decoder@~1.1.1
3527 silly packumentCache full:https://registry.npmjs.org/string_decoder cache-hit
3528 silly fetch manifest process-nextick-args@~2.0.0
3529 silly packumentCache full:https://registry.npmjs.org/process-nextick-args cache-miss
3530 http cache https://registry.npmjs.org/isarray 16ms (cache hit)
3531 silly packumentCache full:https://registry.npmjs.org/isarray set size:17392 disposed:false
3532 http cache https://registry.npmjs.org/core-util-is 18ms (cache hit)
3533 silly packumentCache full:https://registry.npmjs.org/core-util-is set size:7163 disposed:false
3534 http cache https://registry.npmjs.org/process-nextick-args 19ms (cache hit)
3535 silly packumentCache full:https://registry.npmjs.org/process-nextick-args set size:15428 disposed:false
3536 silly placeDep ROOT openapi-typescript-helpers@0.0.15 OK for: openapi-fetch@0.13.8 want: ^0.0.15
3537 silly placeDep ROOT hono@4.11.8 OK for: porto@0.2.35 want: ^4.10.3
3538 silly placeDep node_modules/porto ox@0.9.17 OK for: porto@0.2.35 want: ^0.9.6
3539 silly placeDep node_modules/porto zod@4.3.6 OK for: porto@0.2.35 want: ^4.1.5
3540 silly fetch manifest abitype@^1.0.9
3541 silly packumentCache full:https://registry.npmjs.org/abitype cache-hit
3542 silly placeDep ROOT to-buffer@1.2.2 OK for: sha.js@2.4.12 want: ^1.2.0
3543 silly fetch manifest isarray@^2.0.5
3544 silly packumentCache full:https://registry.npmjs.org/isarray cache-hit
3545 silly fetch manifest typed-array-buffer@^1.0.3
3546 silly packumentCache full:https://registry.npmjs.org/typed-array-buffer cache-miss
3547 http cache https://registry.npmjs.org/typed-array-buffer 12ms (cache hit)
3548 silly packumentCache full:https://registry.npmjs.org/typed-array-buffer set size:14045 disposed:false
3549 silly placeDep ROOT @socket.io/component-emitter@3.1.2 OK for: socket.io-client@4.8.3 want: ~3.1.0
3550 silly placeDep ROOT engine.io-client@6.6.4 OK for: socket.io-client@4.8.3 want: ~6.6.1
3551 silly placeDep ROOT socket.io-parser@4.2.5 OK for: socket.io-client@4.8.3 want: ~4.2.4
3552 silly fetch manifest engine.io-parser@~5.2.1
3553 silly packumentCache full:https://registry.npmjs.org/engine.io-parser cache-miss
3554 silly fetch manifest ws@~8.18.3
3555 silly packumentCache full:https://registry.npmjs.org/ws cache-hit
3556 silly fetch manifest xmlhttprequest-ssl@~2.1.1
3557 silly packumentCache full:https://registry.npmjs.org/xmlhttprequest-ssl cache-miss
3558 http cache https://registry.npmjs.org/engine.io-parser 17ms (cache hit)
3559 silly packumentCache full:https://registry.npmjs.org/engine.io-parser set size:116455 disposed:false
3560 http cache https://registry.npmjs.org/xmlhttprequest-ssl 23ms (cache hit)
3561 silly packumentCache full:https://registry.npmjs.org/xmlhttprequest-ssl set size:41046 disposed:false
3562 silly placeDep ROOT engine.io-parser@5.2.3 OK for: engine.io-client@6.6.4 want: ~5.2.1
3563 silly placeDep node_modules/engine.io-client ws@8.18.3 OK for: engine.io-client@6.6.4 want: ~8.18.3
3564 silly placeDep ROOT xmlhttprequest-ssl@2.1.2 OK for: engine.io-client@6.6.4 want: ~2.1.1
3565 silly placeDep ROOT isarray@2.0.5 OK for: to-buffer@1.2.2 want: ^2.0.5
3566 silly placeDep ROOT typed-array-buffer@1.0.3 OK for: to-buffer@1.2.2 want: ^1.0.3
3567 silly fetch manifest call-bound@^1.0.3
3568 silly packumentCache full:https://registry.npmjs.org/call-bound cache-miss
3569 silly fetch manifest is-typed-array@^1.1.14
3570 silly packumentCache full:https://registry.npmjs.org/is-typed-array cache-hit
3571 http cache https://registry.npmjs.org/call-bound 16ms (cache hit)
3572 silly packumentCache full:https://registry.npmjs.org/call-bound set size:15317 disposed:false
3573 silly placeDep ROOT call-bound@1.0.4 OK for: typed-array-buffer@1.0.3 want: ^1.0.3
3574 silly placeDep ROOT is-typed-array@1.1.15 OK for: typed-array-buffer@1.0.3 want: ^1.1.14
3575 silly fetch manifest which-typed-array@^1.1.16
3576 silly packumentCache full:https://registry.npmjs.org/which-typed-array cache-hit
3577 silly placeDep ROOT which-typed-array@1.1.20 OK for: is-typed-array@1.1.15 want: ^1.1.16
3578 silly fetch manifest available-typed-arrays@^1.0.7
3579 silly packumentCache full:https://registry.npmjs.org/available-typed-arrays cache-miss
3580 silly fetch manifest call-bind@^1.0.8
3581 silly packumentCache full:https://registry.npmjs.org/call-bind cache-miss
3582 silly fetch manifest for-each@^0.3.5
3583 silly packumentCache full:https://registry.npmjs.org/for-each cache-miss
3584 http cache https://registry.npmjs.org/call-bind 22ms (cache hit)
3585 silly packumentCache full:https://registry.npmjs.org/call-bind set size:30096 disposed:false
3586 http cache https://registry.npmjs.org/for-each 27ms (cache hit)
3587 silly packumentCache full:https://registry.npmjs.org/for-each set size:14327 disposed:false
3588 http cache https://registry.npmjs.org/available-typed-arrays 32ms (cache hit)
3589 silly packumentCache full:https://registry.npmjs.org/available-typed-arrays set size:31390 disposed:false
3590 silly placeDep ROOT is-arguments@1.2.0 OK for: util@0.12.5 want: ^1.0.4
3591 silly placeDep ROOT is-generator-function@1.1.2 OK for: util@0.12.5 want: ^1.0.7
3592 silly fetch manifest generator-function@^2.0.0
3593 silly packumentCache full:https://registry.npmjs.org/generator-function cache-miss
3594 silly fetch manifest safe-regex-test@^1.1.0
3595 silly packumentCache full:https://registry.npmjs.org/safe-regex-test cache-miss
3596 http cache https://registry.npmjs.org/safe-regex-test 32ms (cache hit)
3597 silly packumentCache full:https://registry.npmjs.org/safe-regex-test set size:17412 disposed:false
3598 http cache https://registry.npmjs.org/generator-function 34ms (cache hit)
3599 silly packumentCache full:https://registry.npmjs.org/generator-function set size:10401 disposed:false
3600 silly placeDep ROOT generator-function@2.0.1 OK for: is-generator-function@1.1.2 want: ^2.0.0
3601 silly placeDep ROOT safe-regex-test@1.1.0 OK for: is-generator-function@1.1.2 want: ^1.1.0
3602 silly fetch manifest is-regex@^1.2.1
3603 silly packumentCache full:https://registry.npmjs.org/is-regex cache-miss
3604 http cache https://registry.npmjs.org/is-regex 18ms (cache hit)
3605 silly packumentCache full:https://registry.npmjs.org/is-regex set size:42924 disposed:false
3606 silly placeDep ROOT is-regex@1.2.1 OK for: safe-regex-test@1.1.0 want: ^1.2.1
3607 silly fetch manifest valtio@*
3608 silly packumentCache full:https://registry.npmjs.org/valtio cache-hit
3609 silly fetch manifest react@^16.8.0 || ^17.0.0 || ^18.0.0
3610 silly packumentCache full:https://registry.npmjs.org/react cache-miss
3611 http cache https://registry.npmjs.org/react 16ms (cache hit)
3612 silly packumentCache full:https://registry.npmjs.org/react set size:6466562 disposed:false
3613 silly placeDep ROOT derive-valtio@0.1.0 OK for: valtio@1.13.2 want: 0.1.0
3614 silly placeDep ROOT proxy-compare@2.6.0 OK for: valtio@1.13.2 want: 2.6.0
3615 silly placeDep node_modules/valtio use-sync-external-store@1.2.0 CONFLICT for: valtio@1.13.2 want: 1.2.0
3616 warn ERESOLVE overriding peer dependency {
3616 warn ERESOLVE   code: 'ERESOLVE',
3616 warn ERESOLVE   edge: {
3616 warn ERESOLVE     type: 'peer',
3616 warn ERESOLVE     name: 'react',
3616 warn ERESOLVE     spec: '^16.8.0 || ^17.0.0 || ^18.0.0',
3616 warn ERESOLVE     error: 'INVALID',
3616 warn ERESOLVE     from: {
3616 warn ERESOLVE       name: 'use-sync-external-store',
3616 warn ERESOLVE       version: '1.2.0',
3616 warn ERESOLVE       location: 'node_modules/valtio/node_modules/use-sync-external-store',
3616 warn ERESOLVE       isWorkspace: false,
3616 warn ERESOLVE       dependents: [Array]
3616 warn ERESOLVE     }
3616 warn ERESOLVE   },
3616 warn ERESOLVE   dep: {
3616 warn ERESOLVE     name: 'react',
3616 warn ERESOLVE     version: '18.3.1',
3616 warn ERESOLVE     whileInstalling: {
3616 warn ERESOLVE       name: 'valtio',
3616 warn ERESOLVE       version: '1.13.2',
3616 warn ERESOLVE       path: '/data/data/com.termux/files/home/.npm/_npx/8d2f9c029655e602/node_modules/valtio'
3616 warn ERESOLVE     },
3616 warn ERESOLVE     location: 'node_modules/react',
3616 warn ERESOLVE     isWorkspace: false,
3616 warn ERESOLVE     dependents: [ [Object] ]
3616 warn ERESOLVE   },
3616 warn ERESOLVE   force: false,
3616 warn ERESOLVE   isMine: false,
3616 warn ERESOLVE   strictPeerDeps: false,
3616 warn ERESOLVE   current: {
3616 warn ERESOLVE     name: 'react',
3616 warn ERESOLVE     version: '19.2.4',
3616 warn ERESOLVE     location: 'node_modules/react',
3616 warn ERESOLVE     isWorkspace: false,
3616 warn ERESOLVE     dependents: [ [Object] ]
3616 warn ERESOLVE   },
3616 warn ERESOLVE   peerConflict: {
3616 warn ERESOLVE     name: 'react',
3616 warn ERESOLVE     version: '19.2.4',
3616 warn ERESOLVE     location: 'node_modules/react',
3616 warn ERESOLVE     isWorkspace: false,
3616 warn ERESOLVE     dependents: [ [Object] ]
3616 warn ERESOLVE   }
3616 warn ERESOLVE }
3617 silly placeDep ROOT available-typed-arrays@1.0.7 OK for: which-typed-array@1.1.20 want: ^1.0.7
3618 silly placeDep ROOT call-bind@1.0.8 OK for: which-typed-array@1.1.20 want: ^1.0.8
3619 silly placeDep ROOT for-each@0.3.5 OK for: which-typed-array@1.1.20 want: ^0.3.5
3620 silly fetch manifest possible-typed-array-names@^1.0.0
3621 silly packumentCache full:https://registry.npmjs.org/possible-typed-array-names cache-miss
3622 silly fetch manifest set-function-length@^1.2.2
3623 silly packumentCache full:https://registry.npmjs.org/set-function-length cache-miss
3624 silly fetch manifest is-callable@^1.2.7
3625 silly packumentCache full:https://registry.npmjs.org/is-callable cache-miss
3626 http cache https://registry.npmjs.org/is-callable 21ms (cache hit)
3627 silly packumentCache full:https://registry.npmjs.org/is-callable set size:66606 disposed:false
3628 http cache https://registry.npmjs.org/set-function-length 24ms (cache hit)
3629 silly packumentCache full:https://registry.npmjs.org/set-function-length set size:24261 disposed:false
3630 http cache https://registry.npmjs.org/possible-typed-array-names 27ms (cache hit)
3631 silly packumentCache full:https://registry.npmjs.org/possible-typed-array-names set size:9167 disposed:false
3632 silly placeDep ROOT possible-typed-array-names@1.1.0 OK for: available-typed-arrays@1.0.7 want: ^1.0.0
3633 silly placeDep ROOT set-function-length@1.2.2 OK for: call-bind@1.0.8 want: ^1.2.2
3634 silly fetch manifest define-data-property@^1.1.4
3635 silly packumentCache full:https://registry.npmjs.org/define-data-property cache-miss
3636 silly fetch manifest has-property-descriptors@^1.0.2
3637 silly packumentCache full:https://registry.npmjs.org/has-property-descriptors cache-miss
3638 http cache https://registry.npmjs.org/define-data-property 14ms (cache hit)
3639 silly packumentCache full:https://registry.npmjs.org/define-data-property set size:28048 disposed:false
3640 http cache https://registry.npmjs.org/has-property-descriptors 15ms (cache hit)
3641 silly packumentCache full:https://registry.npmjs.org/has-property-descriptors set size:12452 disposed:false
3642 silly placeDep ROOT is-callable@1.2.7 OK for: for-each@0.3.5 want: ^1.2.7
3643 silly placeDep ROOT define-data-property@1.1.4 OK for: set-function-length@1.2.2 want: ^1.1.4
3644 silly placeDep ROOT has-property-descriptors@1.0.2 OK for: set-function-length@1.2.2 want: ^1.0.2
3645 silly placeDep ROOT cliui@6.0.0 OK for: yargs@15.4.1 want: ^6.0.0
3646 silly placeDep ROOT decamelize@1.2.0 OK for: yargs@15.4.1 want: ^1.2.0
3647 silly placeDep ROOT find-up@4.1.0 OK for: yargs@15.4.1 want: ^4.1.0
3648 silly placeDep ROOT get-caller-file@2.0.5 OK for: yargs@15.4.1 want: ^2.0.1
3649 silly placeDep ROOT require-directory@2.1.1 OK for: yargs@15.4.1 want: ^2.1.1
3650 silly placeDep ROOT require-main-filename@2.0.0 OK for: yargs@15.4.1 want: ^2.0.0
3651 silly placeDep ROOT set-blocking@2.0.0 OK for: yargs@15.4.1 want: ^2.0.0
3652 silly placeDep node_modules/yargs string-width@4.2.3 OK for: yargs@15.4.1 want: ^4.2.0
3653 silly placeDep ROOT which-module@2.0.1 OK for: yargs@15.4.1 want: ^2.0.0
3654 silly placeDep ROOT y18n@4.0.3 OK for: yargs@15.4.1 want: ^4.0.0
3655 silly placeDep ROOT yargs-parser@18.1.3 OK for: yargs@15.4.1 want: ^18.1.2
3656 silly fetch manifest wrap-ansi@^6.2.0
3657 silly packumentCache full:https://registry.npmjs.org/wrap-ansi cache-miss
3658 silly fetch manifest strip-ansi@^6.0.0
3659 silly packumentCache full:https://registry.npmjs.org/strip-ansi cache-hit
3660 silly fetch manifest locate-path@^5.0.0
3661 silly packumentCache full:https://registry.npmjs.org/locate-path cache-miss
3662 silly fetch manifest path-exists@^4.0.0
3663 silly packumentCache full:https://registry.npmjs.org/path-exists cache-miss
3664 silly fetch manifest strip-ansi@^6.0.1
3665 silly packumentCache full:https://registry.npmjs.org/strip-ansi cache-hit
3666 silly fetch manifest emoji-regex@^8.0.0
3667 silly packumentCache full:https://registry.npmjs.org/emoji-regex cache-hit
3668 silly fetch manifest is-fullwidth-code-point@^3.0.0
3669 silly packumentCache full:https://registry.npmjs.org/is-fullwidth-code-point cache-miss
3670 silly fetch manifest camelcase@^5.0.0
3671 silly packumentCache full:https://registry.npmjs.org/camelcase cache-miss
3672 http cache https://registry.npmjs.org/path-exists 16ms (cache hit)
3673 silly packumentCache full:https://registry.npmjs.org/path-exists set size:13704 disposed:false
3674 http cache https://registry.npmjs.org/wrap-ansi 19ms (cache hit)
3675 silly packumentCache full:https://registry.npmjs.org/wrap-ansi set size:51195 disposed:false
3676 http cache https://registry.npmjs.org/is-fullwidth-code-point 19ms (cache hit)
3677 silly packumentCache full:https://registry.npmjs.org/is-fullwidth-code-point set size:14578 disposed:false
3678 http cache https://registry.npmjs.org/locate-path 23ms (cache hit)
3679 silly packumentCache full:https://registry.npmjs.org/locate-path set size:31329 disposed:false
3680 http cache https://registry.npmjs.org/camelcase 21ms (cache hit)
3681 silly packumentCache full:https://registry.npmjs.org/camelcase set size:60255 disposed:false
3682 silly placeDep node_modules/cliui string-width@4.2.3 OK for: cliui@6.0.0 want: ^4.2.0
3683 silly placeDep node_modules/cliui strip-ansi@6.0.1 OK for: cliui@6.0.0 want: ^6.0.0
3684 silly placeDep ROOT wrap-ansi@6.2.0 OK for: cliui@6.0.0 want: ^6.2.0
3685 silly fetch manifest ansi-regex@^5.0.1
3686 silly packumentCache full:https://registry.npmjs.org/ansi-regex cache-hit
3687 silly fetch manifest ansi-styles@^4.0.0
3688 silly packumentCache full:https://registry.npmjs.org/ansi-styles cache-miss
3689 silly fetch manifest string-width@^4.1.0
3690 silly packumentCache full:https://registry.npmjs.org/string-width cache-hit
3691 http cache https://registry.npmjs.org/ansi-styles 8ms (cache hit)
3692 silly packumentCache full:https://registry.npmjs.org/ansi-styles set size:63233 disposed:false
3693 silly placeDep ROOT locate-path@5.0.0 OK for: find-up@4.1.0 want: ^5.0.0
3694 silly placeDep ROOT path-exists@4.0.0 OK for: find-up@4.1.0 want: ^4.0.0
3695 silly fetch manifest p-locate@^4.1.0
3696 silly packumentCache full:https://registry.npmjs.org/p-locate cache-miss
3697 http cache https://registry.npmjs.org/p-locate 7ms (cache hit)
3698 silly packumentCache full:https://registry.npmjs.org/p-locate set size:22488 disposed:false
3699 silly placeDep ROOT p-locate@4.1.0 OK for: locate-path@5.0.0 want: ^4.1.0
3700 silly fetch manifest p-limit@^2.2.0
3701 silly packumentCache full:https://registry.npmjs.org/p-limit cache-miss
3702 http cache https://registry.npmjs.org/p-limit 12ms (cache hit)
3703 silly packumentCache full:https://registry.npmjs.org/p-limit set size:61867 disposed:false
3704 silly placeDep ROOT p-limit@2.3.0 OK for: p-locate@4.1.0 want: ^2.2.0
3705 silly fetch manifest p-try@^2.0.0
3706 silly packumentCache full:https://registry.npmjs.org/p-try cache-miss
3707 http cache https://registry.npmjs.org/p-try 11ms (cache hit)
3708 silly packumentCache full:https://registry.npmjs.org/p-try set size:13014 disposed:false
3709 silly placeDep ROOT p-try@2.2.0 OK for: p-limit@2.3.0 want: ^2.0.0
3710 silly placeDep ROOT ansi-styles@4.3.0 OK for: wrap-ansi@6.2.0 want: ^4.0.0
3711 silly placeDep node_modules/wrap-ansi string-width@4.2.3 OK for: wrap-ansi@6.2.0 want: ^4.1.0
3712 silly placeDep node_modules/wrap-ansi strip-ansi@6.0.1 OK for: wrap-ansi@6.2.0 want: ^6.0.0
3713 silly fetch manifest color-convert@^2.0.1
3714 silly packumentCache full:https://registry.npmjs.org/color-convert cache-miss
3715 http cache https://registry.npmjs.org/color-convert 16ms (cache hit)
3716 silly packumentCache full:https://registry.npmjs.org/color-convert set size:72663 disposed:false
3717 silly placeDep ROOT color-convert@2.0.1 OK for: ansi-styles@4.3.0 want: ^2.0.1
3718 silly fetch manifest color-name@~1.1.4
3719 silly packumentCache full:https://registry.npmjs.org/color-name cache-miss
3720 http cache https://registry.npmjs.org/color-name 17ms (cache hit)
3721 silly packumentCache full:https://registry.npmjs.org/color-name set size:19467 disposed:false
3722 silly placeDep ROOT color-name@1.1.4 OK for: color-convert@2.0.1 want: ~1.1.4
3723 silly placeDep ROOT camelcase@5.3.1 OK for: yargs-parser@18.1.3 want: ^5.0.0
3724 silly placeDep ROOT is-in-ssh@1.0.0 OK for: open@11.0.0 want: ^1.0.0
3725 silly placeDep ROOT powershell-utils@0.1.0 OK for: open@11.0.0 want: ^0.1.0
3726 silly placeDep ROOT wsl-utils@0.3.1 OK for: open@11.0.0 want: ^0.3.0
3727 silly placeDep node_modules/@metamask/eth-json-rpc-provider @metamask/rpc-errors@6.4.0 OK for: @metamask/json-rpc-engine@7.3.3 want: ^6.2.1
3728 silly placeDep node_modules/@metamask/eth-json-rpc-provider/node_modules/@metamask/json-rpc-engine @metamask/utils@8.5.0 OK for: @metamask/json-rpc-engine@7.3.3 want: ^8.3.0
3729 silly placeDep node_modules/@metamask/eth-json-rpc-provider/node_modules/@metamask/rpc-errors @metamask/utils@9.3.0 OK for: @metamask/rpc-errors@6.4.0 want: ^9.0.0
3730 silly placeDep node_modules/@metamask/eth-json-rpc-provider superstruct@1.0.4 OK for: @metamask/utils@5.0.2 want: ^1.0.3
3731 silly placeDep node_modules/@metamask/json-rpc-engine/node_modules/@metamask/rpc-errors @metamask/utils@9.3.0 OK for: @metamask/rpc-errors@6.4.0 want: ^9.0.0
3732 silly placeDep node_modules/@metamask/json-rpc-engine uuid@9.0.1 OK for: @metamask/utils@8.5.0 want: ^9.0.1
3733 silly placeDep node_modules/@metamask/json-rpc-middleware-stream uuid@9.0.1 OK for: @metamask/utils@8.5.0 want: ^9.0.1
3734 silly placeDep node_modules/@metamask/providers/node_modules/@metamask/rpc-errors @metamask/utils@9.3.0 OK for: @metamask/rpc-errors@6.4.0 want: ^9.0.0
3735 silly placeDep node_modules/@metamask/providers uuid@9.0.1 OK for: @metamask/utils@8.5.0 want: ^9.0.1
3736 silly placeDep ROOT date-fns@2.30.0 OK for: @metamask/sdk-communication-layer@0.33.1 want: ^2.29.3
3737 silly placeDep node_modules/@metamask/sdk ms@2.1.2 OK for: debug@4.3.4 want: 2.1.2
3738 silly placeDep node_modules/@reown/appkit-controllers @walletconnect/sign-client@2.21.0 OK for: @walletconnect/universal-provider@2.21.0 want: 2.21.0
3739 silly placeDep node_modules/@reown/appkit-controllers @walletconnect/types@2.21.0 OK for: @walletconnect/universal-provider@2.21.0 want: 2.21.0
3740 silly placeDep node_modules/@reown/appkit-controllers @walletconnect/utils@2.21.0 OK for: @walletconnect/universal-provider@2.21.0 want: 2.21.0
3741 silly placeDep node_modules/@reown/appkit-controllers es-toolkit@1.33.0 OK for: @walletconnect/universal-provider@2.21.0 want: 1.33.0
3742 silly fetch manifest @walletconnect/core@2.21.0
3743 silly packumentCache full:https://registry.npmjs.org/@walletconnect%2fcore cache-miss
3744 http cache https://registry.npmjs.org/@walletconnect%2fcore 14ms (cache hit)
3745 silly packumentCache full:https://registry.npmjs.org/@walletconnect%2fcore set size:2454438 disposed:false
3746 silly placeDep node_modules/@reown/appkit-controllers @walletconnect/core@2.21.0 OK for: @walletconnect/sign-client@2.21.0 want: 2.21.0
3747 silly placeDep node_modules/@reown/appkit-controllers uint8arrays@3.1.0 OK for: @walletconnect/core@2.21.0 want: 3.1.0
3748 silly placeDep node_modules/@reown/appkit-controllers @noble/ciphers@1.2.1 OK for: @walletconnect/utils@2.21.0 want: 1.2.1
3749 silly placeDep node_modules/@reown/appkit-controllers @noble/curves@1.8.1 OK for: @walletconnect/utils@2.21.0 want: 1.8.1
3750 silly placeDep node_modules/@reown/appkit-controllers @noble/hashes@1.7.1 OK for: @walletconnect/utils@2.21.0 want: 1.7.1
3751 silly placeDep node_modules/@reown/appkit-controllers bs58@6.0.0 OK for: @walletconnect/utils@2.21.0 want: 6.0.0
3752 silly placeDep node_modules/@reown/appkit-controllers/node_modules/@walletconnect/utils viem@2.23.2 OK for: @walletconnect/utils@2.21.0 want: 2.23.2
3753 silly fetch manifest ox@0.6.7
3754 silly packumentCache full:https://registry.npmjs.org/ox cache-miss
3755 silly fetch manifest ws@8.18.0
3756 silly packumentCache full:https://registry.npmjs.org/ws cache-hit
3757 silly fetch manifest isows@1.0.6
3758 silly packumentCache full:https://registry.npmjs.org/isows cache-hit
3759 silly fetch manifest @scure/bip32@1.6.2
3760 silly packumentCache full:https://registry.npmjs.org/@scure%2fbip32 cache-hit
3761 silly fetch manifest @scure/bip39@1.5.4
3762 silly packumentCache full:https://registry.npmjs.org/@scure%2fbip39 cache-hit
3763 http cache https://registry.npmjs.org/ox 25ms (cache hit)
3764 silly packumentCache full:https://registry.npmjs.org/ox set size:3560482 disposed:false
3765 silly placeDep node_modules/@reown/appkit-controllers base-x@5.0.1 OK for: bs58@6.0.0 want: ^5.0.0
3766 silly placeDep node_modules/@reown/appkit-utils @walletconnect/sign-client@2.21.0 OK for: @walletconnect/universal-provider@2.21.0 want: 2.21.0
3767 silly placeDep node_modules/@reown/appkit-utils @walletconnect/types@2.21.0 OK for: @walletconnect/universal-provider@2.21.0 want: 2.21.0
3768 silly placeDep node_modules/@reown/appkit-utils @walletconnect/utils@2.21.0 OK for: @walletconnect/universal-provider@2.21.0 want: 2.21.0
3769 silly placeDep node_modules/@reown/appkit-utils es-toolkit@1.33.0 OK for: @walletconnect/universal-provider@2.21.0 want: 1.33.0
3770 silly placeDep node_modules/@reown/appkit-utils @walletconnect/core@2.21.0 OK for: @walletconnect/sign-client@2.21.0 want: 2.21.0
3771 silly placeDep node_modules/@reown/appkit-utils uint8arrays@3.1.0 OK for: @walletconnect/core@2.21.0 want: 3.1.0
3772 silly placeDep node_modules/@reown/appkit-utils @noble/ciphers@1.2.1 OK for: @walletconnect/utils@2.21.0 want: 1.2.1
3773 silly placeDep node_modules/@reown/appkit-utils @noble/curves@1.8.1 OK for: @walletconnect/utils@2.21.0 want: 1.8.1
3774 silly placeDep node_modules/@reown/appkit-utils @noble/hashes@1.7.1 OK for: @walletconnect/utils@2.21.0 want: 1.7.1
3775 silly placeDep node_modules/@reown/appkit-utils bs58@6.0.0 OK for: @walletconnect/utils@2.21.0 want: 6.0.0
3776 silly placeDep node_modules/@reown/appkit-utils/node_modules/@walletconnect/utils viem@2.23.2 OK for: @walletconnect/utils@2.21.0 want: 2.23.2
3777 silly placeDep node_modules/@reown/appkit-utils base-x@5.0.1 OK for: bs58@6.0.0 want: ^5.0.0
3778 silly placeDep node_modules/@reown/appkit @walletconnect/sign-client@2.21.0 OK for: @walletconnect/universal-provider@2.21.0 want: 2.21.0
3779 silly placeDep node_modules/@reown/appkit @walletconnect/utils@2.21.0 OK for: @walletconnect/universal-provider@2.21.0 want: 2.21.0
3780 silly placeDep node_modules/@reown/appkit es-toolkit@1.33.0 OK for: @walletconnect/universal-provider@2.21.0 want: 1.33.0
3781 silly placeDep node_modules/@reown/appkit @walletconnect/core@2.21.0 OK for: @walletconnect/sign-client@2.21.0 want: 2.21.0
3782 silly placeDep node_modules/@reown/appkit uint8arrays@3.1.0 OK for: @walletconnect/core@2.21.0 want: 3.1.0
3783 silly placeDep node_modules/@reown/appkit @noble/ciphers@1.2.1 OK for: @walletconnect/utils@2.21.0 want: 1.2.1
3784 silly placeDep node_modules/@reown/appkit @noble/curves@1.8.1 OK for: @walletconnect/utils@2.21.0 want: 1.8.1
3785 silly placeDep node_modules/@reown/appkit @noble/hashes@1.7.1 OK for: @walletconnect/utils@2.21.0 want: 1.7.1
3786 silly placeDep node_modules/@reown/appkit/node_modules/@walletconnect/utils viem@2.23.2 OK for: @walletconnect/utils@2.21.0 want: 2.23.2
3787 silly placeDep node_modules/@reown/appkit base-x@5.0.1 OK for: bs58@6.0.0 want: ^5.0.0
3788 silly placeDep node_modules/@solana/web3.js @solana/codecs-core@2.3.0 OK for: @solana/codecs-numbers@2.3.0 want: 2.3.0
3789 silly placeDep node_modules/@solana/web3.js @solana/errors@2.3.0 OK for: @solana/codecs-numbers@2.3.0 want: 2.3.0
3790 silly placeDep node_modules/@wagmi/connectors @noble/hashes@1.4.0 OK for: @base-org/account@2.4.0 want: 1.4.0
3791 silly placeDep node_modules/@wagmi/connectors ox@0.6.9 OK for: @base-org/account@2.4.0 want: 0.6.9
3792 silly fetch manifest @noble/hashes@^1.5.0
3793 silly packumentCache full:https://registry.npmjs.org/@noble%2fhashes cache-hit
3794 silly placeDep node_modules/@wagmi/connectors/node_modules/ox @noble/hashes@1.8.0 OK for: ox@0.6.9 want: ^1.5.0
3795 silly placeDep node_modules/@walletconnect/ethereum-provider @walletconnect/core@2.21.1 OK for: @walletconnect/sign-client@2.21.1 want: 2.21.1
3796 silly placeDep node_modules/@walletconnect/ethereum-provider es-toolkit@1.33.0 OK for: @walletconnect/core@2.21.1 want: 1.33.0
3797 silly placeDep node_modules/@walletconnect/ethereum-provider uint8arrays@3.1.0 OK for: @walletconnect/core@2.21.1 want: 3.1.0
3798 silly placeDep node_modules/@walletconnect/ethereum-provider @noble/ciphers@1.2.1 OK for: @walletconnect/utils@2.21.1 want: 1.2.1
3799 silly placeDep node_modules/@walletconnect/ethereum-provider @noble/curves@1.8.1 OK for: @walletconnect/utils@2.21.1 want: 1.8.1
3800 silly placeDep node_modules/@walletconnect/ethereum-provider @noble/hashes@1.7.1 OK for: @walletconnect/utils@2.21.1 want: 1.7.1
3801 silly placeDep node_modules/@walletconnect/ethereum-provider bs58@6.0.0 OK for: @walletconnect/utils@2.21.1 want: 6.0.0
3802 silly placeDep node_modules/@walletconnect/ethereum-provider viem@2.23.2 OK for: @walletconnect/utils@2.21.1 want: 2.23.2
3803 silly placeDep node_modules/@walletconnect/ethereum-provider base-x@5.0.1 OK for: bs58@6.0.0 want: ^5.0.0
3804 silly placeDep node_modules/@walletconnect/ethereum-provider @scure/bip32@1.6.2 OK for: viem@2.23.2 want: 1.6.2
3805 silly placeDep node_modules/@walletconnect/ethereum-provider @scure/bip39@1.5.4 OK for: viem@2.23.2 want: 1.5.4
3806 silly placeDep node_modules/@walletconnect/ethereum-provider isows@1.0.6 OK for: viem@2.23.2 want: 1.0.6
3807 silly placeDep node_modules/@walletconnect/ethereum-provider ox@0.6.7 OK for: viem@2.23.2 want: 0.6.7
3808 silly placeDep node_modules/@walletconnect/ethereum-provider ws@8.18.0 OK for: viem@2.23.2 want: 8.18.0
3809 silly placeDep node_modules/@walletconnect/utils base-x@5.0.1 OK for: bs58@6.0.0 want: ^5.0.0
3810 silly placeDep node_modules/@walletconnect/utils/node_modules/viem @noble/curves@1.9.1 OK for: viem@2.31.0 want: 1.9.1
3811 silly placeDep node_modules/@walletconnect/utils ox@0.7.1 OK for: viem@2.31.0 want: 0.7.1
3812 silly placeDep node_modules/@walletconnect/utils ws@8.18.2 OK for: viem@2.31.0 want: 8.18.2
3813 silly placeDep node_modules/cliui emoji-regex@8.0.0 OK for: string-width@4.2.3 want: ^8.0.0
3814 silly placeDep ROOT is-fullwidth-code-point@3.0.0 OK for: string-width@4.2.3 want: ^3.0.0
3815 silly placeDep node_modules/cliui ansi-regex@5.0.1 OK for: strip-ansi@6.0.1 want: ^5.0.1
3816 silly placeDep node_modules/eth-block-tracker superstruct@1.0.4 OK for: @metamask/utils@5.0.2 want: ^1.0.3
3817 silly placeDep node_modules/ethereum-cryptography @scure/base@1.1.9 OK for: @scure/bip32@1.4.0 want: ~1.1.6
3818 silly placeDep ROOT core-util-is@1.0.3 OK for: readable-stream@2.3.8 want: ~1.0.0
3819 silly placeDep node_modules/obj-multiplex isarray@1.0.0 OK for: readable-stream@2.3.8 want: ~1.0.0
3820 silly placeDep ROOT process-nextick-args@2.0.1 OK for: readable-stream@2.3.8 want: ~2.0.0
3821 silly placeDep node_modules/obj-multiplex safe-buffer@5.1.2 OK for: readable-stream@2.3.8 want: ~5.1.1
3822 silly placeDep node_modules/obj-multiplex string_decoder@1.1.1 OK for: readable-stream@2.3.8 want: ~1.1.1
3823 silly placeDep node_modules/porto @noble/curves@1.9.1 OK for: ox@0.9.17 want: 1.9.1
3824 silly placeDep node_modules/porto @noble/hashes@1.8.0 OK for: ox@0.9.17 want: ^1.8.0
3825 silly placeDep node_modules/porto abitype@1.2.3 OK for: ox@0.9.17 want: ^1.0.9
3826 silly placeDep node_modules/wrap-ansi emoji-regex@8.0.0 OK for: string-width@4.2.3 want: ^8.0.0
3827 silly placeDep node_modules/wrap-ansi ansi-regex@5.0.1 OK for: strip-ansi@6.0.1 want: ^5.0.1
3828 silly placeDep node_modules/x402 @solana/accounts@2.3.0 OK for: @solana/kit@2.3.0 want: 2.3.0
3829 silly placeDep node_modules/x402 @solana/addresses@2.3.0 OK for: @solana/kit@2.3.0 want: 2.3.0
3830 silly placeDep node_modules/x402 @solana/codecs@2.3.0 OK for: @solana/kit@2.3.0 want: 2.3.0
3831 silly placeDep node_modules/x402 @solana/errors@2.3.0 OK for: @solana/kit@2.3.0 want: 2.3.0
3832 silly placeDep node_modules/x402 @solana/functional@2.3.0 OK for: @solana/kit@2.3.0 want: 2.3.0
3833 silly placeDep node_modules/x402 @solana/instructions@2.3.0 OK for: @solana/kit@2.3.0 want: 2.3.0
3834 silly placeDep node_modules/x402 @solana/keys@2.3.0 OK for: @solana/kit@2.3.0 want: 2.3.0
3835 silly placeDep node_modules/x402 @solana/programs@2.3.0 OK for: @solana/kit@2.3.0 want: 2.3.0
3836 silly placeDep node_modules/x402 @solana/rpc@2.3.0 OK for: @solana/kit@2.3.0 want: 2.3.0
3837 silly placeDep node_modules/x402 @solana/rpc-parsed-types@2.3.0 OK for: @solana/kit@2.3.0 want: 2.3.0
3838 silly placeDep node_modules/x402 @solana/rpc-spec-types@2.3.0 OK for: @solana/kit@2.3.0 want: 2.3.0
3839 silly placeDep node_modules/x402 @solana/rpc-subscriptions@2.3.0 OK for: @solana/kit@2.3.0 want: 2.3.0
3840 silly placeDep node_modules/x402 @solana/rpc-types@2.3.0 OK for: @solana/kit@2.3.0 want: 2.3.0
3841 silly placeDep node_modules/x402 @solana/signers@2.3.0 OK for: @solana/kit@2.3.0 want: 2.3.0
3842 silly placeDep node_modules/x402 @solana/transaction-messages@2.3.0 OK for: @solana/kit@2.3.0 want: 2.3.0
3843 silly placeDep node_modules/x402 @solana/transactions@2.3.0 OK for: @solana/kit@2.3.0 want: 2.3.0
3844 silly fetch manifest @solana/rpc-spec@2.3.0
3845 silly packumentCache full:https://registry.npmjs.org/@solana%2frpc-spec cache-miss
3846 silly fetch manifest @solana/assertions@2.3.0
3847 silly packumentCache full:https://registry.npmjs.org/@solana%2fassertions cache-miss
3848 silly fetch manifest @solana/nominal-types@2.3.0
3849 silly packumentCache full:https://registry.npmjs.org/@solana%2fnominal-types cache-miss
3850 silly fetch manifest @solana/options@2.3.0
3851 silly packumentCache full:https://registry.npmjs.org/@solana%2foptions cache-miss
3852 silly fetch manifest @solana/codecs-numbers@2.3.0
3853 silly packumentCache full:https://registry.npmjs.org/@solana%2fcodecs-numbers cache-miss
3854 silly fetch manifest @solana/codecs-data-structures@2.3.0
3855 silly packumentCache full:https://registry.npmjs.org/@solana%2fcodecs-data-structures cache-miss
3856 silly fetch manifest @solana/assertions@2.3.0
3857 silly packumentCache full:https://registry.npmjs.org/@solana%2fassertions cache-miss
3858 http cache https://registry.npmjs.org/@solana%2fcodecs-data-structures 29ms (cache hit)
3859 silly packumentCache full:https://registry.npmjs.org/@solana%2fcodecs-data-structures set size:8899817 disposed:false
3860 silly fetch manifest @solana/nominal-types@2.3.0
3861 silly packumentCache full:https://registry.npmjs.org/@solana%2fnominal-types cache-miss
3862 http cache https://registry.npmjs.org/@solana%2fassertions 127ms (cache hit)
3863 silly packumentCache full:https://registry.npmjs.org/@solana%2fassertions set size:9645114 disposed:false
3864 silly fetch manifest @solana/rpc-api@2.3.0
3865 silly packumentCache full:https://registry.npmjs.org/@solana%2frpc-api cache-miss
3866 http cache https://registry.npmjs.org/@solana%2fnominal-types 219ms (cache hit)
3867 silly packumentCache full:https://registry.npmjs.org/@solana%2fnominal-types set size:1429838 disposed:false
3868 silly fetch manifest @solana/rpc-spec@2.3.0
3869 silly packumentCache full:https://registry.npmjs.org/@solana%2frpc-spec cache-miss
3870 http cache https://registry.npmjs.org/@solana%2fassertions 240ms (cache hit)
3871 silly packumentCache full:https://registry.npmjs.org/@solana%2fassertions set size:9645114 disposed:false
3872 silly fetch manifest @solana/rpc-transformers@2.3.0
3873 silly packumentCache full:https://registry.npmjs.org/@solana%2frpc-transformers cache-miss
3874 http cache https://registry.npmjs.org/@solana%2foptions 383ms (cache hit)
3875 silly packumentCache full:https://registry.npmjs.org/@solana%2foptions set size:8886854 disposed:false
3876 silly fetch manifest @solana/rpc-transport-http@2.3.0
3877 silly packumentCache full:https://registry.npmjs.org/@solana%2frpc-transport-http cache-miss
3878 http cache https://registry.npmjs.org/@solana%2frpc-spec 491ms (cache hit)
3879 silly packumentCache full:https://registry.npmjs.org/@solana%2frpc-spec set size:7467868 disposed:false
3880 silly fetch manifest @solana/fast-stable-stringify@2.3.0
3881 silly packumentCache full:https://registry.npmjs.org/@solana%2ffast-stable-stringify cache-miss
3882 http cache https://registry.npmjs.org/@solana%2fnominal-types 451ms (cache hit)
3883 silly packumentCache full:https://registry.npmjs.org/@solana%2fnominal-types set size:1429838 disposed:false
3884 silly fetch manifest @solana/subscribable@2.3.0
3885 silly packumentCache full:https://registry.npmjs.org/@solana%2fsubscribable cache-miss
3886 http cache https://registry.npmjs.org/@solana%2fcodecs-numbers 594ms (cache hit)
3887 silly packumentCache full:https://registry.npmjs.org/@solana%2fcodecs-numbers set size:8941837 disposed:false
3888 silly fetch manifest @solana/rpc-transformers@2.3.0
3889 silly packumentCache full:https://registry.npmjs.org/@solana%2frpc-transformers cache-miss
3890 http cache https://registry.npmjs.org/@solana%2frpc-transformers 381ms (cache hit)
3891 silly packumentCache full:https://registry.npmjs.org/@solana%2frpc-transformers set size:7410813 disposed:false
3892 silly fetch manifest @solana/fast-stable-stringify@2.3.0
3893 silly packumentCache full:https://registry.npmjs.org/@solana%2ffast-stable-stringify cache-miss
3894 http cache https://registry.npmjs.org/@solana%2frpc-spec 619ms (cache hit)
3895 silly packumentCache full:https://registry.npmjs.org/@solana%2frpc-spec set size:7467868 disposed:false
3896 silly fetch manifest @solana/rpc-subscriptions-api@2.3.0
3897 silly packumentCache full:https://registry.npmjs.org/@solana%2frpc-subscriptions-api cache-miss
3898 http cache https://registry.npmjs.org/@solana%2frpc-api 705ms (cache hit)
3899 silly packumentCache full:https://registry.npmjs.org/@solana%2frpc-api set size:8231858 disposed:false
3900 silly fetch manifest @solana/rpc-subscriptions-spec@2.3.0
3901 silly packumentCache full:https://registry.npmjs.org/@solana%2frpc-subscriptions-spec cache-miss
3902 http cache https://registry.npmjs.org/@solana%2frpc-transport-http 509ms (cache hit)
3903 silly packumentCache full:https://registry.npmjs.org/@solana%2frpc-transport-http set size:7649842 disposed:false
3904 silly fetch manifest @solana/rpc-subscriptions-channel-websocket@2.3.0
3905 silly packumentCache full:https://registry.npmjs.org/@solana%2frpc-subscriptions-channel-websocket cache-miss
3906 http cache https://registry.npmjs.org/@solana%2ffast-stable-stringify 579ms (cache hit)
3907 silly packumentCache full:https://registry.npmjs.org/@solana%2ffast-stable-stringify set size:6610609 disposed:false
3908 http cache https://registry.npmjs.org/@solana%2fsubscribable 625ms (cache hit)
3909 silly packumentCache full:https://registry.npmjs.org/@solana%2fsubscribable set size:3822002 disposed:false
3910 http cache https://registry.npmjs.org/@solana%2frpc-transformers 509ms (cache hit)
3911 silly packumentCache full:https://registry.npmjs.org/@solana%2frpc-transformers set size:7410813 disposed:false
3912 http cache https://registry.npmjs.org/@solana%2ffast-stable-stringify 502ms (cache hit)
3913 silly packumentCache full:https://registry.npmjs.org/@solana%2ffast-stable-stringify set size:6610609 disposed:false
3914 http cache https://registry.npmjs.org/@solana%2frpc-subscriptions-spec 429ms (cache hit)
3915 silly packumentCache full:https://registry.npmjs.org/@solana%2frpc-subscriptions-spec set size:7726014 disposed:false
3916 http cache https://registry.npmjs.org/@solana%2frpc-subscriptions-api 560ms (cache hit)
3917 silly packumentCache full:https://registry.npmjs.org/@solana%2frpc-subscriptions-api set size:8074891 disposed:false
3918 http cache https://registry.npmjs.org/@solana%2frpc-subscriptions-channel-websocket 501ms (cache hit)
3919 silly packumentCache full:https://registry.npmjs.org/@solana%2frpc-subscriptions-channel-websocket set size:3811346 disposed:false
3920 silly placeDep node_modules/x402 @solana/codecs-core@2.3.0 OK for: @solana/accounts@2.3.0 want: 2.3.0
3921 silly placeDep node_modules/x402 @solana/codecs-strings@2.3.0 OK for: @solana/accounts@2.3.0 want: 2.3.0
3922 silly placeDep ROOT fastestsmallesttextencoderdecoder@1.0.22 OK for: @solana/codecs-strings@2.3.0 want: ^1.0.22
3923 silly placeDep node_modules/x402 @solana/rpc-spec@2.3.0 OK for: @solana/accounts@2.3.0 want: 2.3.0
3924 silly placeDep node_modules/x402 @solana/assertions@2.3.0 OK for: @solana/addresses@2.3.0 want: 2.3.0
3925 silly placeDep node_modules/x402 @solana/nominal-types@2.3.0 OK for: @solana/addresses@2.3.0 want: 2.3.0
3926 silly placeDep node_modules/x402 @solana/codecs-data-structures@2.3.0 OK for: @solana/codecs@2.3.0 want: 2.3.0
3927 silly placeDep node_modules/x402 @solana/codecs-numbers@2.3.0 OK for: @solana/codecs@2.3.0 want: 2.3.0
3928 silly placeDep node_modules/x402 @solana/options@2.3.0 OK for: @solana/codecs@2.3.0 want: 2.3.0
3929 silly placeDep node_modules/x402 @solana/fast-stable-stringify@2.3.0 OK for: @solana/rpc@2.3.0 want: 2.3.0
3930 silly placeDep node_modules/x402 @solana/rpc-api@2.3.0 OK for: @solana/rpc@2.3.0 want: 2.3.0
3931 silly placeDep node_modules/x402 @solana/rpc-transformers@2.3.0 OK for: @solana/rpc@2.3.0 want: 2.3.0
3932 silly placeDep node_modules/x402 @solana/rpc-transport-http@2.3.0 OK for: @solana/rpc@2.3.0 want: 2.3.0
3933 silly fetch manifest ws@^8.18.0
3934 silly packumentCache full:https://registry.npmjs.org/ws cache-hit
3935 silly placeDep node_modules/x402 @solana/promises@2.3.0 OK for: @solana/rpc-subscriptions@2.3.0 want: 2.3.0
3936 silly placeDep node_modules/x402 @solana/rpc-subscriptions-api@2.3.0 OK for: @solana/rpc-subscriptions@2.3.0 want: 2.3.0
3937 silly placeDep node_modules/x402 @solana/rpc-subscriptions-channel-websocket@2.3.0 OK for: @solana/rpc-subscriptions@2.3.0 want: 2.3.0
3938 silly placeDep node_modules/x402 @solana/rpc-subscriptions-spec@2.3.0 OK for: @solana/rpc-subscriptions@2.3.0 want: 2.3.0
3939 silly placeDep node_modules/x402 @solana/subscribable@2.3.0 OK for: @solana/rpc-subscriptions@2.3.0 want: 2.3.0
3940 silly placeDep node_modules/yargs emoji-regex@8.0.0 OK for: string-width@4.2.3 want: ^8.0.0
3941 silly placeDep node_modules/yargs strip-ansi@6.0.1 OK for: string-width@4.2.3 want: ^6.0.1
3942 silly placeDep node_modules/yargs ansi-regex@5.0.1 OK for: strip-ansi@6.0.1 want: ^5.0.1
3943 silly placeDep node_modules/@metamask/eth-json-rpc-provider uuid@9.0.1 OK for: @metamask/utils@8.5.0 want: ^9.0.1
3944 silly placeDep node_modules/@reown/appkit-controllers @scure/bip32@1.6.2 OK for: viem@2.23.2 want: 1.6.2
3945 silly placeDep node_modules/@reown/appkit-controllers @scure/bip39@1.5.4 OK for: viem@2.23.2 want: 1.5.4
3946 silly placeDep node_modules/@reown/appkit-controllers isows@1.0.6 OK for: viem@2.23.2 want: 1.0.6
3947 silly placeDep node_modules/@reown/appkit-controllers ox@0.6.7 OK for: viem@2.23.2 want: 0.6.7
3948 silly placeDep node_modules/@reown/appkit-controllers ws@8.18.0 OK for: viem@2.23.2 want: 8.18.0
3949 silly placeDep node_modules/@reown/appkit-utils @scure/bip32@1.6.2 OK for: viem@2.23.2 want: 1.6.2
3950 silly placeDep node_modules/@reown/appkit-utils @scure/bip39@1.5.4 OK for: viem@2.23.2 want: 1.5.4
3951 silly placeDep node_modules/@reown/appkit-utils isows@1.0.6 OK for: viem@2.23.2 want: 1.0.6
3952 silly placeDep node_modules/@reown/appkit-utils ox@0.6.7 OK for: viem@2.23.2 want: 0.6.7
3953 silly placeDep node_modules/@reown/appkit-utils ws@8.18.0 OK for: viem@2.23.2 want: 8.18.0
3954 silly placeDep node_modules/@reown/appkit @scure/bip32@1.6.2 OK for: viem@2.23.2 want: 1.6.2
3955 silly placeDep node_modules/@reown/appkit @scure/bip39@1.5.4 OK for: viem@2.23.2 want: 1.5.4
3956 silly placeDep node_modules/@reown/appkit isows@1.0.6 OK for: viem@2.23.2 want: 1.0.6
3957 silly placeDep node_modules/@reown/appkit ox@0.6.7 OK for: viem@2.23.2 want: 0.6.7
3958 silly placeDep node_modules/@reown/appkit ws@8.18.0 OK for: viem@2.23.2 want: 8.18.0
3959 silly reify moves {}
3960 silly audit bulk request {
3960 silly audit   thirdweb: [ '5.118.1' ],
3960 silly audit   '@base-org/account': [ '2.5.0', '2.4.0' ],
3960 silly audit   '@coinbase/wallet-sdk': [ '4.3.0', '4.3.6', '3.9.3' ],
3960 silly audit   '@emotion/react': [ '11.14.0' ],
3960 silly audit   react: [ '19.2.4' ],
3960 silly audit   '@emotion/styled': [ '11.14.1' ],
3960 silly audit   '@noble/curves': [
3960 silly audit     '1.8.2', '1.8.0',
3960 silly audit     '1.9.2', '1.9.7',
3960 silly audit     '1.9.1', '1.4.2',
3960 silly audit     '1.8.1'
3960 silly audit   ],
3960 silly audit   '@noble/hashes': [ '1.7.2', '1.7.0', '1.8.0', '1.4.0', '1.7.1' ],
3960 silly audit   '@passwordless-id/webauthn': [ '2.3.1' ],
3960 silly audit   '@radix-ui/react-dialog': [ '1.1.14' ],
3960 silly audit   'react-dom': [ '19.2.4' ],
3960 silly audit   '@radix-ui/react-focus-scope': [ '1.1.7' ],
3960 silly audit   '@radix-ui/react-icons': [ '1.3.2' ],
3960 silly audit   '@radix-ui/react-tooltip': [ '1.2.7' ],
3960 silly audit   '@tanstack/react-query': [ '5.81.5' ],
3960 silly audit   '@thirdweb-dev/engine': [ '3.4.0' ],
3960 silly audit   '@thirdweb-dev/insight': [ '1.1.1' ],
3960 silly audit   '@walletconnect/sign-client': [ '2.21.8', '2.21.1', '2.21.0' ],
3960 silly audit   '@walletconnect/universal-provider': [ '2.21.8', '2.21.1', '2.21.0' ],
3960 silly audit   abitype: [ '1.0.8', '1.0.6', '1.1.0', '1.2.3' ],
3960 silly audit   'cross-spawn': [ '7.0.6' ],
3960 silly audit   'fuse.js': [ '7.1.0' ],
3960 silly audit   'input-otp': [ '1.4.2' ],
3960 silly audit   mipd: [ '0.0.7' ],
3960 silly audit   open: [ '10.1.1', '11.0.0' ],
3960 silly audit   ora: [ '8.2.0' ],
3960 silly audit   ox: [ '0.7.0', '0.6.9', '0.9.6', '0.9.17', '0.6.7', '0.7.1' ],
3960 silly audit   prompts: [ '2.4.2' ],
3960 silly audit   qrcode: [ '1.5.3' ],
3960 silly audit   toml: [ '3.0.0' ],
3960 silly audit   uqr: [ '0.1.2' ],
3960 silly audit   viem: [ '2.39.0', '2.31.0', '2.23.2' ],
3960 silly audit   x402: [ '0.7.0' ],
3960 silly audit   zod: [ '3.25.75', '3.22.4', '4.3.6' ],
3960 silly audit   '@coinbase/cdp-sdk': [ '1.44.0' ],
3960 silly audit   'brotli-wasm': [ '3.0.1' ],
3960 silly audit   clsx: [ '1.2.1' ],
3960 silly audit   eventemitter3: [ '5.0.1' ],
3960 silly audit   'idb-keyval': [ '6.2.1' ],
3960 silly audit   preact: [ '10.24.2' ],
3960 silly audit   zustand: [ '5.0.3', '5.0.0' ],
3960 silly audit   '@solana-program/system': [ '0.10.0' ],
3960 silly audit   '@solana/kit': [ '5.5.1', '2.3.0' ],
3960 silly audit   '@solana-program/token': [ '0.9.0', '0.5.1' ],
3960 silly audit   '@solana/web3.js': [ '1.98.4' ],
3960 silly audit   axios: [ '1.13.4' ],
3960 silly audit   'axios-retry': [ '4.5.0' ],
3960 silly audit   jose: [ '6.1.3' ],
3960 silly audit   md5: [ '2.3.0' ],
3960 silly audit   uncrypto: [ '0.1.3' ],
3960 silly audit   '@babel/runtime': [ '7.28.6' ],
3960 silly audit   '@emotion/babel-plugin': [ '11.13.5' ],
3960 silly audit   '@emotion/cache': [ '11.14.0' ],
3960 silly audit   '@emotion/serialize': [ '1.3.3' ],
3960 silly audit   '@emotion/use-insertion-effect-with-fallbacks': [ '1.2.0' ],
3960 silly audit   '@emotion/utils': [ '1.4.2' ],
3960 silly audit   '@emotion/weak-memoize': [ '0.4.0' ],
3960 silly audit   'hoist-non-react-statics': [ '3.3.2' ],
3960 silly audit   '@babel/helper-module-imports': [ '7.28.6' ],
3960 silly audit   '@emotion/hash': [ '0.9.2' ],
3960 silly audit   '@emotion/memoize': [ '0.9.0' ],
3960 silly audit   'babel-plugin-macros': [ '3.1.0' ],
3960 silly audit   'convert-source-map': [ '1.9.0' ],
3960 silly audit   'escape-string-regexp': [ '4.0.0' ],
3960 silly audit   'find-root': [ '1.1.0' ],
3960 silly audit   'source-map': [ '0.5.7' ],
3960 silly audit   stylis: [ '4.2.0' ],
3960 silly audit   '@babel/traverse': [ '7.29.0' ],
3960 silly audit   '@babel/types': [ '7.29.0' ],
3960 silly audit   '@babel/code-frame': [ '7.29.0' ],
3960 silly audit   '@babel/generator': [ '7.29.1' ],
3960 silly audit   '@babel/helper-globals': [ '7.28.0' ],
3960 silly audit   '@babel/parser': [ '7.29.0' ],
3960 silly audit   '@babel/template': [ '7.28.6' ],
3960 silly audit   debug: [ '4.4.3', '4.3.4' ],
3960 silly audit   '@babel/helper-validator-identifier': [ '7.28.5' ],
3960 silly audit   'js-tokens': [ '4.0.0' ],
3960 silly audit   picocolors: [ '1.1.1' ],
3960 silly audit   '@jridgewell/gen-mapping': [ '0.3.13' ],
3960 silly audit   '@jridgewell/trace-mapping': [ '0.3.31' ],
3960 silly audit   jsesc: [ '3.1.0' ],
3960 silly audit   '@babel/helper-string-parser': [ '7.27.1' ],
3960 silly audit   '@emotion/sheet': [ '1.4.0' ],
3960 silly audit   '@emotion/unitless': [ '0.10.0' ],
3960 silly audit   csstype: [ '3.2.3' ],
3960 silly audit   '@emotion/is-prop-valid': [ '1.4.0' ],
3960 silly audit   '@jridgewell/sourcemap-codec': [ '1.5.5' ],
3960 silly audit   '@jridgewell/resolve-uri': [ '3.1.2' ],
3960 silly audit   '@radix-ui/primitive': [ '1.1.2' ],
3960 silly audit   '@radix-ui/react-compose-refs': [ '1.1.2' ],
3960 silly audit   '@radix-ui/react-context': [ '1.1.2' ],
3960 silly audit   '@radix-ui/react-dismissable-layer': [ '1.1.10' ],
3960 silly audit   '@radix-ui/react-focus-guards': [ '1.1.2' ],
3960 silly audit   '@radix-ui/react-id': [ '1.1.1' ],
3960 silly audit   '@radix-ui/react-portal': [ '1.1.9' ],
3960 silly audit   '@radix-ui/react-presence': [ '1.1.4' ],
3960 silly audit   '@radix-ui/react-primitive': [ '2.1.3' ],
3960 silly audit   '@radix-ui/react-slot': [ '1.2.3' ],
3960 silly audit   '@radix-ui/react-use-controllable-state': [ '1.2.2' ],
3960 silly audit   'aria-hidden': [ '1.2.6' ],
3960 silly audit   'react-remove-scroll': [ '2.7.2' ],
3960 silly audit   '@radix-ui/react-use-callback-ref': [ '1.1.1' ],
3960 silly audit   '@radix-ui/react-use-escape-keydown': [ '1.1.1' ],
3960 silly audit   '@radix-ui/react-use-layout-effect': [ '1.1.1' ],
3960 silly audit   '@radix-ui/react-popper': [ '1.2.7' ],
3960 silly audit   '@radix-ui/react-visually-hidden': [ '1.2.3' ],
3960 silly audit   '@floating-ui/react-dom': [ '2.1.7' ],
3960 silly audit   '@radix-ui/react-arrow': [ '1.1.7' ],
3960 silly audit   '@radix-ui/react-use-rect': [ '1.1.1' ],
3960 silly audit   '@radix-ui/react-use-size': [ '1.1.1' ],
3960 silly audit   '@radix-ui/rect': [ '1.1.1' ],
3960 silly audit   '@floating-ui/dom': [ '1.7.5' ],
3960 silly audit   '@floating-ui/core': [ '1.7.4' ],
3960 silly audit   '@floating-ui/utils': [ '0.2.10' ],
3960 silly audit   '@radix-ui/react-use-effect-event': [ '0.0.2' ],
3960 silly audit   '@solana/accounts': [ '5.5.1', '2.3.0' ],
3960 silly audit   '@solana/addresses': [ '5.5.1', '2.3.0' ],
3960 silly audit   '@solana/codecs': [ '5.5.1', '2.3.0' ],
3960 silly audit   '@solana/errors': [ '5.5.1', '2.3.0' ],
3960 silly audit   '@solana/functional': [ '5.5.1', '2.3.0' ],
3960 silly audit   '@solana/instruction-plans': [ '5.5.1' ],
3960 silly audit   '@solana/instructions': [ '5.5.1', '2.3.0' ],
3960 silly audit   '@solana/keys': [ '5.5.1', '2.3.0' ],
3960 silly audit   '@solana/offchain-messages': [ '5.5.1' ],
3960 silly audit   '@solana/plugin-core': [ '5.5.1' ],
3960 silly audit   '@solana/programs': [ '5.5.1', '2.3.0' ],
3960 silly audit   '@solana/rpc': [ '5.5.1', '2.3.0' ],
3960 silly audit   '@solana/rpc-api': [ '5.5.1', '2.3.0' ],
3960 silly audit   '@solana/rpc-parsed-types': [ '5.5.1', '2.3.0' ],
3960 silly audit   '@solana/rpc-spec-types': [ '5.5.1', '2.3.0' ],
3960 silly audit   '@solana/rpc-subscriptions': [ '5.5.1', '2.3.0' ],
3960 silly audit   '@solana/rpc-types': [ '5.5.1', '2.3.0' ],
3960 silly audit   '@solana/signers': [ '5.5.1', '2.3.0' ],
3960 silly audit   '@solana/sysvars': [ '5.5.1', '2.3.0' ],
3960 silly audit   '@solana/transaction-confirmation': [ '5.5.1', '2.3.0' ],
3960 silly audit   '@solana/transaction-messages': [ '5.5.1', '2.3.0' ],
3960 silly audit   '@solana/transactions': [ '5.5.1', '2.3.0' ],
3960 silly audit   '@solana/codecs-core': [ '5.5.1', '2.3.0' ],
3960 silly audit   '@solana/codecs-strings': [ '5.5.1', '2.3.0' ],
3960 silly audit   '@solana/rpc-spec': [ '5.5.1', '2.3.0' ],
3960 silly audit   '@solana/assertions': [ '5.5.1', '2.3.0' ],
3960 silly audit   '@solana/nominal-types': [ '5.5.1', '2.3.0' ],
3960 silly audit   '@solana/codecs-data-structures': [ '5.5.1', '2.3.0' ],
3960 silly audit   '@solana/codecs-numbers': [ '5.5.1', '2.3.0' ],
3960 silly audit   '@solana/options': [ '5.5.1', '2.3.0' ],
3960 silly audit   chalk: [ '5.6.2' ],
3960 silly audit   commander: [ '14.0.2', '14.0.3', '2.20.3' ],
3960 silly audit   '@solana/promises': [ '5.5.1', '2.3.0' ],
3960 silly audit   '@solana/fast-stable-stringify': [ '5.5.1', '2.3.0' ],
3960 silly audit   '@solana/rpc-transformers': [ '5.5.1', '2.3.0' ],
3960 silly audit   '@solana/rpc-transport-http': [ '5.5.1', '2.3.0' ],
3960 silly audit   '@solana/rpc-subscriptions-api': [ '5.5.1', '2.3.0' ],
3960 silly audit   '@solana/rpc-subscriptions-channel-websocket': [ '5.5.1', '2.3.0' ],
3960 silly audit   '@solana/rpc-subscriptions-spec': [ '5.5.1', '2.3.0' ],
3960 silly audit   '@solana/subscribable': [ '5.5.1', '2.3.0' ],
3960 silly audit   ws: [ '8.19.0', '7.5.10', '8.18.3', '8.18.0', '8.18.2' ],
3960 silly audit   'undici-types': [ '7.21.0' ],
3960 silly audit   '@solana/buffer-layout': [ '4.0.1' ],
3960 silly audit   typescript: [ '5.9.3' ],
3960 silly audit   agentkeepalive: [ '4.6.0' ],
3960 silly audit   'bn.js': [ '5.2.2' ],
3960 silly audit   borsh: [ '0.7.0' ],
3960 silly audit   bs58: [ '4.0.1', '6.0.0' ],
3960 silly audit   buffer: [ '6.0.3' ],
3960 silly audit   'fast-stable-stringify': [ '1.0.0' ],
3960 silly audit   jayson: [ '4.3.0' ],
3960 silly audit   'node-fetch': [ '2.7.0' ],
3960 silly audit   'rpc-websockets': [ '9.3.3' ],
3960 silly audit   superstruct: [ '2.0.2', '1.0.4' ],
3960 silly audit   '@tanstack/query-core': [ '5.81.5' ],
3960 silly audit   '@hey-api/client-fetch': [ '0.10.0' ],
3960 silly audit   '@hey-api/openapi-ts': [ '0.92.3' ],
3960 silly audit   '@hey-api/codegen-core': [ '0.7.0' ],
3960 silly audit   '@hey-api/json-schema-ref-parser': [ '1.2.4' ],
3960 silly audit   '@hey-api/shared': [ '0.1.2' ],
3960 silly audit   '@hey-api/types': [ '0.1.3' ],
3960 silly audit   'ansi-colors': [ '4.1.3' ],
3960 silly audit   'color-support': [ '1.1.3' ],
3960 silly audit   c12: [ '3.3.3' ],
3960 silly audit   '@jsdevtools/ono': [ '7.1.3' ],
3960 silly audit   '@types/json-schema': [ '7.0.15' ],
3960 silly audit   'js-yaml': [ '4.1.1' ],
3960 silly audit   lodash: [ '4.17.23' ],
3960 silly audit   semver: [ '7.7.3' ],
3960 silly audit   '@walletconnect/core': [ '2.21.8', '2.21.0', '2.21.1' ],
3960 silly audit   '@walletconnect/events': [ '1.0.1' ],
3960 silly audit   '@walletconnect/heartbeat': [ '1.2.2' ],
3960 silly audit   '@walletconnect/jsonrpc-utils': [ '1.0.8' ],
3960 silly audit   '@walletconnect/logger': [ '2.1.2' ],
3960 silly audit   '@walletconnect/time': [ '1.0.2' ],
3960 silly audit   '@walletconnect/types': [ '2.21.8', '2.21.1', '2.21.0' ],
3960 silly audit   '@walletconnect/utils': [ '2.21.8', '2.21.1', '2.21.0' ],
3960 silly audit   events: [ '3.3.0' ],
3960 silly audit   '@walletconnect/jsonrpc-provider': [ '1.0.14' ],
3960 silly audit   '@walletconnect/jsonrpc-types': [ '1.0.4' ],
3960 silly audit   '@walletconnect/jsonrpc-ws-connection': [ '1.0.16' ],
3960 silly audit   '@walletconnect/keyvaluestorage': [ '1.1.1' ],
3960 silly audit   '@walletconnect/relay-api': [ '1.0.11' ],
3960 silly audit   '@walletconnect/relay-auth': [ '1.1.0' ],
3960 silly audit   '@walletconnect/safe-json': [ '1.0.2' ],
3960 silly audit   '@walletconnect/window-getters': [ '1.0.1' ],
3960 silly audit   'es-toolkit': [ '1.39.3', '1.33.0' ],
3960 silly audit   uint8arrays: [ '3.1.1', '3.1.0' ],
3960 silly audit   'keyvaluestorage-interface': [ '1.0.0' ],
3960 silly audit   tslib: [ '1.14.1', '2.8.1' ],
3960 silly audit   '@walletconnect/environment': [ '1.0.1' ],
3960 silly audit   unstorage: [ '1.17.4' ],
3960 silly audit   pino: [ '7.11.0' ],
3960 silly audit   '@walletconnect/jsonrpc-http-connection': [ '1.0.8' ],
3960 silly audit   'cross-fetch': [ '3.2.0', '4.1.0' ],
3960 silly audit   '@msgpack/msgpack': [ '3.1.2' ],
3960 silly audit   '@noble/ciphers': [ '1.3.0', '1.2.1' ],
3960 silly audit   '@scure/base': [ '1.2.6', '1.1.9' ],
3960 silly audit   '@walletconnect/window-metadata': [ '1.0.1' ],
3960 silly audit   blakejs: [ '1.2.1' ],
3960 silly audit   'detect-browser': [ '5.3.0' ],
3960 silly audit   'query-string': [ '7.1.3' ],
3960 silly audit   'humanize-ms': [ '1.2.1' ],
3960 silly audit   'follow-redirects': [ '1.15.11' ],
3960 silly audit   'form-data': [ '4.0.5' ],
3960 silly audit   'proxy-from-env': [ '1.1.0' ],
3960 silly audit   'is-retry-allowed': [ '2.2.0' ],
3960 silly audit   cosmiconfig: [ '7.1.0' ],
3960 silly audit   resolve: [ '1.22.11' ],
3960 silly audit   'text-encoding-utf-8': [ '1.0.2' ],
3960 silly audit   'base-x': [ '3.0.11', '5.0.1' ],
3960 silly audit   'safe-buffer': [ '5.2.1', '5.1.2' ],
3960 silly audit   'base64-js': [ '1.5.1' ],
3960 silly audit   ieee754: [ '1.2.1' ],
3960 silly audit   chokidar: [ '5.0.0' ],
3960 silly audit   confbox: [ '0.2.4' ],
3960 silly audit   defu: [ '6.1.4' ],
3960 silly audit   dotenv: [ '17.2.4' ],
3960 silly audit   exsolve: [ '1.0.8' ],
3960 silly audit   giget: [ '2.0.0' ],
3960 silly audit   jiti: [ '2.6.1' ],
3960 silly audit   ohash: [ '2.0.11' ],
3960 silly audit   pathe: [ '2.0.3' ],
3960 silly audit   'perfect-debounce': [ '2.1.0' ],
3960 silly audit   'pkg-types': [ '2.3.0' ],
3960 silly audit   rc9: [ '2.1.2' ],
3960 silly audit   readdirp: [ '5.0.0' ],
3960 silly audit   '@types/parse-json': [ '4.0.2' ],
3960 silly audit   'import-fresh': [ '3.3.1' ],
3960 silly audit   'parse-json': [ '5.2.0' ],
3960 silly audit   'path-type': [ '4.0.0' ],
3960 silly audit   yaml: [ '1.10.2' ],
3960 silly audit   'path-key': [ '3.1.1' ],
3960 silly audit   'shebang-command': [ '2.0.0' ],
3960 silly audit   which: [ '2.0.2' ],
3960 silly audit   ms: [ '2.1.3', '2.1.2' ],
3960 silly audit   asynckit: [ '0.4.0' ],
3960 silly audit   'combined-stream': [ '1.0.8' ],
3960 silly audit   'es-set-tostringtag': [ '2.1.0' ],
3960 silly audit   hasown: [ '2.0.2' ],
3960 silly audit   'mime-types': [ '2.1.35' ],
3960 silly audit   'delayed-stream': [ '1.0.0' ],
3960 silly audit   'es-errors': [ '1.3.0' ],
3960 silly audit   'get-intrinsic': [ '1.3.0' ],
3960 silly audit   'has-tostringtag': [ '1.0.2' ],
3960 silly audit   'call-bind-apply-helpers': [ '1.0.2' ],
3960 silly audit   'es-define-property': [ '1.0.1' ],
3960 silly audit   'es-object-atoms': [ '1.1.1' ],
3960 silly audit   'function-bind': [ '1.1.2' ],
3960 silly audit   'get-proto': [ '1.0.1' ],
3960 silly audit   gopd: [ '1.2.0' ],
3960 silly audit   'has-symbols': [ '1.1.0' ],
3960 silly audit   'math-intrinsics': [ '1.1.0' ],
3960 silly audit   'dunder-proto': [ '1.0.1' ],
3960 silly audit   citty: [ '0.1.6', '0.2.0' ],
3960 silly audit   consola: [ '3.4.2' ],
3960 silly audit   'node-fetch-native': [ '1.6.7' ],
3960 silly audit   nypm: [ '0.6.5' ],
3960 silly audit   'react-is': [ '16.13.1' ],
3960 silly audit   'parent-module': [ '1.0.1' ],
3960 silly audit   'resolve-from': [ '4.0.0' ],
3960 silly audit   '@types/connect': [ '3.4.38' ],
3960 silly audit   '@types/node': [ '12.20.55' ],
3960 silly audit   '@types/ws': [ '7.4.7', '8.18.1' ],
3960 silly audit   delay: [ '5.0.0' ],
3960 silly audit   'es6-promisify': [ '5.0.0' ],
3960 silly audit   eyes: [ '0.1.8' ],
3960 silly audit   'isomorphic-ws': [ '4.0.1' ],
3960 silly audit   'json-stringify-safe': [ '5.0.1' ],
3960 silly audit   'stream-json': [ '1.9.1' ],
3960 silly audit   uuid: [ '8.3.2', '9.0.1' ],
3960 silly audit   'es6-promise': [ '4.2.8' ],
3960 silly audit   argparse: [ '2.0.1' ],
3960 silly audit   charenc: [ '0.0.2' ],
3960 silly audit   crypt: [ '0.0.2' ],
3960 silly audit   'is-buffer': [ '1.1.6' ],
3960 silly audit   'mime-db': [ '1.52.0' ],
3960 silly audit   'whatwg-url': [ '5.0.0' ],
3960 silly audit   tinyexec: [ '1.0.2' ],
3960 silly audit   'default-browser': [ '5.5.0' ],
3960 silly audit   'define-lazy-prop': [ '3.0.0' ],
3960 silly audit   'is-inside-container': [ '1.0.0' ],
3960 silly audit   'is-wsl': [ '3.1.0' ],
3960 silly audit   'bundle-name': [ '4.1.0' ],
3960 silly audit   'default-browser-id': [ '5.0.1' ],
3960 silly audit   'run-applescript': [ '7.1.0' ],
3960 silly audit   'is-docker': [ '3.0.0' ],
3960 silly audit   'cli-cursor': [ '5.0.0' ],
3960 silly audit   'cli-spinners': [ '2.9.2' ],
3960 silly audit   'is-interactive': [ '2.0.0' ],
3960 silly audit   'is-unicode-supported': [ '2.1.0', '1.3.0' ],
3960 silly audit   'log-symbols': [ '6.0.0' ],
3960 silly audit   'stdin-discarder': [ '0.2.2' ],
3960 silly audit   'string-width': [ '7.2.0', '4.2.3' ],
3960 silly audit   'strip-ansi': [ '7.1.2', '6.0.1' ],
3960 silly audit   'restore-cursor': [ '5.1.0' ],
3960 silly audit   '@adraffy/ens-normalize': [ '1.11.1' ],
3960 silly audit   '@scure/bip32': [ '1.7.0', '1.4.0', '1.6.2' ],
3960 silly audit   '@scure/bip39': [ '1.6.0', '1.3.0', '1.5.4' ],
3960 silly audit   callsites: [ '3.1.0' ],
3960 silly audit   'error-ex': [ '1.3.4' ],
3960 silly audit   'json-parse-even-better-errors': [ '2.3.1' ],
3960 silly audit   'lines-and-columns': [ '1.2.4' ],
3960 silly audit   'is-arrayish': [ '0.2.1' ],
3960 silly audit   'atomic-sleep': [ '1.0.0' ],
3960 silly audit   'fast-redact': [ '3.5.0' ],
3960 silly audit   'on-exit-leak-free': [ '0.2.0' ],
3960 silly audit   'pino-abstract-transport': [ '0.5.0' ],
3960 silly audit   'pino-std-serializers': [ '4.0.0' ],
3960 silly audit   'process-warning': [ '1.0.0' ],
3960 silly audit   'quick-format-unescaped': [ '4.0.4' ],
3960 silly audit   'real-require': [ '0.1.0' ],
3960 silly audit   'safe-stable-stringify': [ '2.5.0' ],
3960 silly audit   'sonic-boom': [ '2.8.0' ],
3960 silly audit   'thread-stream': [ '0.15.2' ],
3960 silly audit   duplexify: [ '4.1.3' ],
3960 silly audit   split2: [ '4.2.0' ],
3960 silly audit   'end-of-stream': [ '1.4.5' ],
3960 silly audit   inherits: [ '2.0.4' ],
3960 silly audit   'readable-stream': [ '3.6.2', '2.3.8' ],
3960 silly audit   'stream-shift': [ '1.0.3' ],
3960 silly audit   once: [ '1.4.0' ],
3960 silly audit   wrappy: [ '1.0.2' ],
3960 silly audit   kleur: [ '3.0.3' ],
3960 silly audit   sisteransi: [ '1.0.5' ],
3960 silly audit   dijkstrajs: [ '1.0.3' ],
3960 silly audit   'encode-utf8': [ '1.0.3' ],
3960 silly audit   pngjs: [ '5.0.0' ],
3960 silly audit   yargs: [ '15.4.1' ],
3960 silly audit   'decode-uri-component': [ '0.2.2' ],
3960 silly audit   'filter-obj': [ '1.1.0' ],
3960 silly audit   'split-on-first': [ '1.1.0' ],
3960 silly audit   'strict-uri-encode': [ '2.0.0' ],
3960 silly audit   destr: [ '2.0.5' ],
3960 silly audit   scheduler: [ '0.27.0' ],
3960 silly audit   'react-remove-scroll-bar': [ '2.3.8' ],
3960 silly audit   'react-style-singleton': [ '2.2.3' ],
3960 silly audit   'use-callback-ref': [ '1.3.3' ],
3960 silly audit   'use-sidecar': [ '1.1.3' ],
3960 silly audit   'get-nonce': [ '1.0.1' ],
3960 silly audit   string_decoder: [ '1.3.0', '1.1.1' ],
3960 silly audit   'util-deprecate': [ '1.0.2' ],
3960 silly audit   'is-core-module': [ '2.16.1' ],
3960 silly audit   'path-parse': [ '1.0.7' ],
3960 silly audit   'supports-preserve-symlinks-flag': [ '1.0.0' ],
3960 silly audit   onetime: [ '7.0.0' ],
3960 silly audit   'signal-exit': [ '4.1.0' ],
3960 silly audit   'mimic-function': [ '5.0.1' ],
3960 silly audit   '@swc/helpers': [ '0.5.18' ],
3960 silly audit   '@types/uuid': [ '8.3.4' ],
3960 silly audit   bufferutil: [ '4.1.0' ],
3960 silly audit   'utf-8-validate': [ '5.0.10' ],
3960 silly audit   'node-gyp-build': [ '4.8.4' ],
3960 silly audit   'shebang-regex': [ '3.0.0' ],
3960 silly audit   'stream-chain': [ '2.2.5' ],
3960 silly audit   'emoji-regex': [ '10.6.0', '8.0.0' ],
3960 silly audit   'get-east-asian-width': [ '1.4.0' ],
3960 silly audit   'ansi-regex': [ '6.2.2', '5.0.1' ],
3960 silly audit   multiformats: [ '9.9.0' ],
3960 silly audit   anymatch: [ '3.1.3' ],
3960 silly audit   h3: [ '1.15.5' ],
3960 silly audit   'lru-cache': [ '11.2.5' ],
3960 silly audit   ofetch: [ '1.5.1' ],
3960 silly audit   ufo: [ '1.6.3' ],
3960 silly audit   'normalize-path': [ '3.0.0' ],
3960 silly audit   picomatch: [ '2.3.1' ],
3960 silly audit   'cookie-es': [ '1.2.2' ],
3960 silly audit   crossws: [ '0.3.5' ],
3960 silly audit   'iron-webcrypto': [ '1.2.1' ],
3960 silly audit   'node-mock-http': [ '1.0.4' ],
3960 silly audit   radix3: [ '1.1.2' ],
3960 silly audit   'detect-node-es': [ '1.1.0' ],
3960 silly audit   isows: [ '1.0.7', '1.0.6' ],
3960 silly audit   tr46: [ '0.0.3' ],
3960 silly audit   'webidl-conversions': [ '3.0.1' ],
3960 silly audit   isexe: [ '2.0.0' ],
3960 silly audit   '@solana-program/compute-budget': [ '0.8.0' ],
3960 silly audit   '@solana-program/token-2022': [ '0.4.2' ],
3960 silly audit   wagmi: [ '2.19.5' ],
3960 silly audit   '@wagmi/connectors': [ '6.2.0' ],
3960 silly audit   '@wagmi/core': [ '2.22.1' ],
3960 silly audit   'use-sync-external-store': [ '1.4.0', '1.2.0' ],
3960 silly audit   '@gemini-wallet/core': [ '0.3.2' ],
3960 silly audit   '@metamask/sdk': [ '0.33.1' ],
3960 silly audit   '@safe-global/safe-apps-provider': [ '0.18.6' ],
3960 silly audit   '@safe-global/safe-apps-sdk': [ '9.1.0' ],
3960 silly audit   '@walletconnect/ethereum-provider': [ '2.21.1' ],
3960 silly audit   porto: [ '0.2.35' ],
3960 silly audit   '@metamask/rpc-errors': [ '7.0.2', '6.4.0' ],
3960 silly audit   '@metamask/utils': [ '11.9.0', '8.5.0', '5.0.2', '9.3.0' ],
3960 silly audit   'fast-safe-stringify': [ '2.1.1' ],
3960 silly audit   '@metamask/onboarding': [ '1.0.1' ],
3960 silly audit   '@metamask/providers': [ '16.1.0' ],
3960 silly audit   '@metamask/sdk-analytics': [ '0.0.5' ],
3960 silly audit   '@metamask/sdk-communication-layer': [ '0.33.1' ],
3960 silly audit   eciesjs: [ '0.4.17' ],
3960 silly audit   eventemitter2: [ '6.4.9' ],
3960 silly audit   'socket.io-client': [ '4.8.3' ],
3960 silly audit   '@metamask/sdk-install-modal-web': [ '0.32.1' ],
3960 silly audit   '@paulmillr/qr': [ '0.2.1' ],
3960 silly audit   bowser: [ '2.13.1' ],
3960 silly audit   'eth-rpc-errors': [ '4.0.3' ],
3960 silly audit   'obj-multiplex': [ '1.0.0' ],
3960 silly audit   pump: [ '3.0.3' ],
3960 silly audit   util: [ '0.12.5' ],
3960 silly audit   '@metamask/json-rpc-engine': [ '8.0.2', '7.3.3' ],
3960 silly audit   '@metamask/json-rpc-middleware-stream': [ '7.0.2' ],
3960 silly audit   '@metamask/object-multiplex': [ '2.1.0' ],
3960 silly audit   '@metamask/safe-event-emitter': [ '3.1.2', '2.0.0' ],
3960 silly audit   'extension-port-stream': [ '3.0.0' ],
3960 silly audit   'fast-deep-equal': [ '3.1.3' ],
3960 silly audit   'is-stream': [ '2.0.1' ],
3960 silly audit   'webextension-polyfill': [ '0.10.0' ],
3960 silly audit   'openapi-fetch': [ '0.13.8' ],
3960 silly audit   '@ethereumjs/tx': [ '4.2.0' ],
3960 silly audit   '@metamask/superstruct': [ '3.2.1' ],
3960 silly audit   '@types/debug': [ '4.1.12' ],
3960 silly audit   '@types/lodash': [ '4.17.23' ],
3960 silly audit   'pony-cause': [ '2.1.11' ],
3960 silly audit   '@ethereumjs/common': [ '3.2.0' ],
3960 silly audit   '@ethereumjs/rlp': [ '4.0.1' ],
3960 silly audit   '@ethereumjs/util': [ '8.1.0' ],
3960 silly audit   'ethereum-cryptography': [ '2.2.1' ],
3960 silly audit   'crc-32': [ '1.2.2' ],
3960 silly audit   'micro-ftch': [ '0.3.1' ],
3960 silly audit   '@safe-global/safe-gateway-typescript-sdk': [ '3.23.1' ],
3960 silly audit   '@types/ms': [ '2.1.0' ],
3960 silly audit   '@reown/appkit': [ '1.7.8' ],
3960 silly audit   '@reown/appkit-common': [ '1.7.8' ],
3960 silly audit   '@reown/appkit-controllers': [ '1.7.8' ],
3960 silly audit   '@reown/appkit-pay': [ '1.7.8' ],
3960 silly audit   '@reown/appkit-polyfills': [ '1.7.8' ],
3960 silly audit   '@reown/appkit-scaffold-ui': [ '1.7.8' ],
3960 silly audit   '@reown/appkit-ui': [ '1.7.8' ],
3960 silly audit   '@reown/appkit-utils': [ '1.7.8' ],
3960 silly audit   '@reown/appkit-wallet': [ '1.7.8' ],
3960 silly audit   valtio: [ '1.13.2' ],
3960 silly audit   'big.js': [ '6.2.2' ],
3960 silly audit   dayjs: [ '1.11.13' ],
3960 silly audit   lit: [ '3.3.0' ],
3960 silly audit   'eth-block-tracker': [ '7.1.0' ],
3960 silly audit   'eth-json-rpc-filters': [ '6.0.1' ],
3960 silly audit   keccak: [ '3.0.4' ],
3960 silly audit   'sha.js': [ '2.4.12' ],
3960 silly audit   '@ecies/ciphers': [ '0.2.5' ],
3960 silly audit   '@metamask/eth-json-rpc-provider': [ '1.0.1' ],
3960 silly audit   'json-rpc-random-id': [ '1.0.1' ],
3960 silly audit   pify: [ '3.0.0', '5.0.0' ],
3960 silly audit   'async-mutex': [ '0.2.6' ],
3960 silly audit   'eth-query': [ '2.1.2' ],
3960 silly audit   'json-rpc-engine': [ '6.1.0' ],
3960 silly audit   xtend: [ '4.0.2' ],
3960 silly audit   'node-addon-api': [ '2.0.2' ],
3960 silly audit   '@lit/reactive-element': [ '2.1.2' ],
3960 silly audit   'lit-element': [ '4.2.2' ],
3960 silly audit   'lit-html': [ '3.3.2' ],
3960 silly audit   '@lit-labs/ssr-dom-shim': [ '1.5.1' ],
3960 silly audit   '@types/trusted-types': [ '2.0.7' ],
3960 silly audit   'openapi-typescript-helpers': [ '0.0.15' ],
3960 silly audit   hono: [ '4.11.8' ],
3960 silly audit   'to-buffer': [ '1.2.2' ],
3960 silly audit   '@socket.io/component-emitter': [ '3.1.2' ],
3960 silly audit   'engine.io-client': [ '6.6.4' ],
3960 silly audit   'socket.io-parser': [ '4.2.5' ],
3960 silly audit   'engine.io-parser': [ '5.2.3' ],
3960 silly audit   'xmlhttprequest-ssl': [ '2.1.2' ],
3960 silly audit   isarray: [ '2.0.5', '1.0.0' ],
3960 silly audit   'typed-array-buffer': [ '1.0.3' ],
3960 silly audit   'call-bound': [ '1.0.4' ],
3960 silly audit   'is-typed-array': [ '1.1.15' ],
3960 silly audit   'which-typed-array': [ '1.1.20' ],
3960 silly audit   'is-arguments': [ '1.2.0' ],
3960 silly audit   'is-generator-function': [ '1.1.2' ],
3960 silly audit   'generator-function': [ '2.0.1' ],
3960 silly audit   'safe-regex-test': [ '1.1.0' ],
3960 silly audit   'is-regex': [ '1.2.1' ],
3960 silly audit   'derive-valtio': [ '0.1.0' ],
3960 silly audit   'proxy-compare': [ '2.6.0' ],
3960 silly audit   'available-typed-arrays': [ '1.0.7' ],
3960 silly audit   'call-bind': [ '1.0.8' ],
3960 silly audit   'for-each': [ '0.3.5' ],
3960 silly audit   'possible-typed-array-names': [ '1.1.0' ],
3960 silly audit   'set-function-length': [ '1.2.2' ],
3960 silly audit   'is-callable': [ '1.2.7' ],
3960 silly audit   'define-data-property': [ '1.1.4' ],
3960 silly audit   'has-property-descriptors': [ '1.0.2' ],
3960 silly audit   cliui: [ '6.0.0' ],
3960 silly audit   decamelize: [ '1.2.0' ],
3960 silly audit   'find-up': [ '4.1.0' ],
3960 silly audit   'get-caller-file': [ '2.0.5' ],
3960 silly audit   'require-directory': [ '2.1.1' ],
3960 silly audit   'require-main-filename': [ '2.0.0' ],
3960 silly audit   'set-blocking': [ '2.0.0' ],
3960 silly audit   'which-module': [ '2.0.1' ],
3960 silly audit   y18n: [ '4.0.3' ],
3960 silly audit   'yargs-parser': [ '18.1.3' ],
3960 silly audit   'wrap-ansi': [ '6.2.0' ],
3960 silly audit   'locate-path': [ '5.0.0' ],
3960 silly audit   'path-exists': [ '4.0.0' ],
3960 silly audit   'p-locate': [ '4.1.0' ],
3960 silly audit   'p-limit': [ '2.3.0' ],
3960 silly audit   'p-try': [ '2.2.0' ],
3960 silly audit   'ansi-styles': [ '4.3.0' ],
3960 silly audit   'color-convert': [ '2.0.1' ],
3960 silly audit   'color-name': [ '1.1.4' ],
3960 silly audit   camelcase: [ '5.3.1' ],
3960 silly audit   'is-in-ssh': [ '1.0.0' ],
3960 silly audit   'powershell-utils': [ '0.1.0' ],
3960 silly audit   'wsl-utils': [ '0.3.1' ],
3960 silly audit   'date-fns': [ '2.30.0' ],
3960 silly audit   'is-fullwidth-code-point': [ '3.0.0' ],
3960 silly audit   'core-util-is': [ '1.0.3' ],
3960 silly audit   'process-nextick-args': [ '2.0.1' ],
3960 silly audit   fastestsmallesttextencoderdecoder: [ '1.0.22' ]
3960 silly audit }
3961 http cache fastestsmallesttextencoderdecoder@https://registry.npmjs.org/fastestsmallesttextencoderdecoder/-/fastestsmallesttextencoderdecoder-1.0.22.tgz 0ms (cache hit)
3962 http cache process-nextick-args@https://registry.npmjs.org/process-nextick-args/-/process-nextick-args-2.0.1.tgz 0ms (cache hit)
3963 http cache core-util-is@https://registry.npmjs.org/core-util-is/-/core-util-is-1.0.3.tgz 0ms (cache hit)
3964 http cache is-fullwidth-code-point@https://registry.npmjs.org/is-fullwidth-code-point/-/is-fullwidth-code-point-3.0.0.tgz 0ms (cache hit)
3965 http cache powershell-utils@https://registry.npmjs.org/powershell-utils/-/powershell-utils-0.1.0.tgz 0ms (cache hit)
3966 http cache date-fns@https://registry.npmjs.org/date-fns/-/date-fns-2.30.0.tgz 0ms (cache hit)
3967 http cache is-in-ssh@https://registry.npmjs.org/is-in-ssh/-/is-in-ssh-1.0.0.tgz 0ms (cache hit)
3968 http cache wsl-utils@https://registry.npmjs.org/wsl-utils/-/wsl-utils-0.3.1.tgz 0ms (cache hit)
3969 http cache color-name@https://registry.npmjs.org/color-name/-/color-name-1.1.4.tgz 0ms (cache hit)
3970 http cache camelcase@https://registry.npmjs.org/camelcase/-/camelcase-5.3.1.tgz 1ms (cache hit)
3971 http cache color-convert@https://registry.npmjs.org/color-convert/-/color-convert-2.0.1.tgz 0ms (cache hit)
3972 http cache ansi-styles@https://registry.npmjs.org/ansi-styles/-/ansi-styles-4.3.0.tgz 0ms (cache hit)
3973 http cache p-limit@https://registry.npmjs.org/p-limit/-/p-limit-2.3.0.tgz 0ms (cache hit)
3974 http cache p-try@https://registry.npmjs.org/p-try/-/p-try-2.2.0.tgz 0ms (cache hit)
3975 http cache p-locate@https://registry.npmjs.org/p-locate/-/p-locate-4.1.0.tgz 0ms (cache hit)
3976 http cache path-exists@https://registry.npmjs.org/path-exists/-/path-exists-4.0.0.tgz 0ms (cache hit)
3977 http cache locate-path@https://registry.npmjs.org/locate-path/-/locate-path-5.0.0.tgz 0ms (cache hit)
3978 http cache wrap-ansi@https://registry.npmjs.org/wrap-ansi/-/wrap-ansi-6.2.0.tgz 0ms (cache hit)
3979 http cache yargs-parser@https://registry.npmjs.org/yargs-parser/-/yargs-parser-18.1.3.tgz 0ms (cache hit)
3980 http cache y18n@https://registry.npmjs.org/y18n/-/y18n-4.0.3.tgz 0ms (cache hit)
3981 http cache which-module@https://registry.npmjs.org/which-module/-/which-module-2.0.1.tgz 0ms (cache hit)
3982 http cache set-blocking@https://registry.npmjs.org/set-blocking/-/set-blocking-2.0.0.tgz 0ms (cache hit)
3983 http cache require-main-filename@https://registry.npmjs.org/require-main-filename/-/require-main-filename-2.0.0.tgz 0ms (cache hit)
3984 http cache require-directory@https://registry.npmjs.org/require-directory/-/require-directory-2.1.1.tgz 0ms (cache hit)
3985 http cache get-caller-file@https://registry.npmjs.org/get-caller-file/-/get-caller-file-2.0.5.tgz 0ms (cache hit)
3986 http cache find-up@https://registry.npmjs.org/find-up/-/find-up-4.1.0.tgz 0ms (cache hit)
3987 http cache decamelize@https://registry.npmjs.org/decamelize/-/decamelize-1.2.0.tgz 0ms (cache hit)
3988 http cache cliui@https://registry.npmjs.org/cliui/-/cliui-6.0.0.tgz 0ms (cache hit)
3989 http cache has-property-descriptors@https://registry.npmjs.org/has-property-descriptors/-/has-property-descriptors-1.0.2.tgz 0ms (cache hit)
3990 http cache define-data-property@https://registry.npmjs.org/define-data-property/-/define-data-property-1.1.4.tgz 0ms (cache hit)
3991 http cache set-function-length@https://registry.npmjs.org/set-function-length/-/set-function-length-1.2.2.tgz 0ms (cache hit)
3992 http cache is-callable@https://registry.npmjs.org/is-callable/-/is-callable-1.2.7.tgz 0ms (cache hit)
3993 http cache possible-typed-array-names@https://registry.npmjs.org/possible-typed-array-names/-/possible-typed-array-names-1.1.0.tgz 0ms (cache hit)
3994 http cache for-each@https://registry.npmjs.org/for-each/-/for-each-0.3.5.tgz 0ms (cache hit)
3995 http cache call-bind@https://registry.npmjs.org/call-bind/-/call-bind-1.0.8.tgz 0ms (cache hit)
3996 http cache available-typed-arrays@https://registry.npmjs.org/available-typed-arrays/-/available-typed-arrays-1.0.7.tgz 0ms (cache hit)
3997 http cache proxy-compare@https://registry.npmjs.org/proxy-compare/-/proxy-compare-2.6.0.tgz 0ms (cache hit)
3998 http cache derive-valtio@https://registry.npmjs.org/derive-valtio/-/derive-valtio-0.1.0.tgz 0ms (cache hit)
3999 http cache is-regex@https://registry.npmjs.org/is-regex/-/is-regex-1.2.1.tgz 0ms (cache hit)
4000 http cache safe-regex-test@https://registry.npmjs.org/safe-regex-test/-/safe-regex-test-1.1.0.tgz 0ms (cache hit)
4001 http cache is-generator-function@https://registry.npmjs.org/is-generator-function/-/is-generator-function-1.1.2.tgz 0ms (cache hit)
4002 http cache generator-function@https://registry.npmjs.org/generator-function/-/generator-function-2.0.1.tgz 0ms (cache hit)
4003 http cache is-arguments@https://registry.npmjs.org/is-arguments/-/is-arguments-1.2.0.tgz 0ms (cache hit)
4004 http cache which-typed-array@https://registry.npmjs.org/which-typed-array/-/which-typed-array-1.1.20.tgz 0ms (cache hit)
4005 http cache is-typed-array@https://registry.npmjs.org/is-typed-array/-/is-typed-array-1.1.15.tgz 0ms (cache hit)
4006 http cache call-bound@https://registry.npmjs.org/call-bound/-/call-bound-1.0.4.tgz 0ms (cache hit)
4007 http cache typed-array-buffer@https://registry.npmjs.org/typed-array-buffer/-/typed-array-buffer-1.0.3.tgz 0ms (cache hit)
4008 http cache isarray@https://registry.npmjs.org/isarray/-/isarray-2.0.5.tgz 0ms (cache hit)
4009 http cache engine.io-parser@https://registry.npmjs.org/engine.io-parser/-/engine.io-parser-5.2.3.tgz 0ms (cache hit)
4010 http cache xmlhttprequest-ssl@https://registry.npmjs.org/xmlhttprequest-ssl/-/xmlhttprequest-ssl-2.1.2.tgz 0ms (cache hit)
4011 http cache socket.io-parser@https://registry.npmjs.org/socket.io-parser/-/socket.io-parser-4.2.5.tgz 0ms (cache hit)
4012 http cache engine.io-client@https://registry.npmjs.org/engine.io-client/-/engine.io-client-6.6.4.tgz 0ms (cache hit)
4013 http cache to-buffer@https://registry.npmjs.org/to-buffer/-/to-buffer-1.2.2.tgz 0ms (cache hit)
4014 http cache hono@https://registry.npmjs.org/hono/-/hono-4.11.8.tgz 0ms (cache hit)
4015 http cache openapi-typescript-helpers@https://registry.npmjs.org/openapi-typescript-helpers/-/openapi-typescript-helpers-0.0.15.tgz 0ms (cache hit)
4016 http cache @socket.io/component-emitter@https://registry.npmjs.org/@socket.io/component-emitter/-/component-emitter-3.1.2.tgz 0ms (cache hit)
4017 http cache lit-element@https://registry.npmjs.org/lit-element/-/lit-element-4.2.2.tgz 0ms (cache hit)
4018 http cache @lit-labs/ssr-dom-shim@https://registry.npmjs.org/@lit-labs/ssr-dom-shim/-/ssr-dom-shim-1.5.1.tgz 0ms (cache hit)
4019 http cache lit-html@https://registry.npmjs.org/lit-html/-/lit-html-3.3.2.tgz 0ms (cache hit)
4020 http cache @lit/reactive-element@https://registry.npmjs.org/@lit/reactive-element/-/reactive-element-2.1.2.tgz 0ms (cache hit)
4021 http cache xtend@https://registry.npmjs.org/xtend/-/xtend-4.0.2.tgz 0ms (cache hit)
4022 http cache node-addon-api@https://registry.npmjs.org/node-addon-api/-/node-addon-api-2.0.2.tgz 0ms (cache hit)
4023 http cache eth-query@https://registry.npmjs.org/eth-query/-/eth-query-2.1.2.tgz 0ms (cache hit)
4024 http cache json-rpc-engine@https://registry.npmjs.org/json-rpc-engine/-/json-rpc-engine-6.1.0.tgz 0ms (cache hit)
4025 http cache async-mutex@https://registry.npmjs.org/async-mutex/-/async-mutex-0.2.6.tgz 0ms (cache hit)
4026 http cache pify@https://registry.npmjs.org/pify/-/pify-3.0.0.tgz 0ms (cache hit)
4027 http cache json-rpc-random-id@https://registry.npmjs.org/json-rpc-random-id/-/json-rpc-random-id-1.0.1.tgz 0ms (cache hit)
4028 http cache @types/trusted-types@https://registry.npmjs.org/@types/trusted-types/-/trusted-types-2.0.7.tgz 0ms (cache hit)
4029 http cache @metamask/eth-json-rpc-provider@https://registry.npmjs.org/@metamask/eth-json-rpc-provider/-/eth-json-rpc-provider-1.0.1.tgz 0ms (cache hit)
4030 http cache @ecies/ciphers@https://registry.npmjs.org/@ecies/ciphers/-/ciphers-0.2.5.tgz 0ms (cache hit)
4031 http cache sha.js@https://registry.npmjs.org/sha.js/-/sha.js-2.4.12.tgz 0ms (cache hit)
4032 http cache keccak@https://registry.npmjs.org/keccak/-/keccak-3.0.4.tgz 0ms (cache hit)
4033 http cache eth-json-rpc-filters@https://registry.npmjs.org/eth-json-rpc-filters/-/eth-json-rpc-filters-6.0.1.tgz 0ms (cache hit)
4034 http cache eth-block-tracker@https://registry.npmjs.org/eth-block-tracker/-/eth-block-tracker-7.1.0.tgz 0ms (cache hit)
4035 http cache lit@https://registry.npmjs.org/lit/-/lit-3.3.0.tgz 0ms (cache hit)
4036 http cache big.js@https://registry.npmjs.org/big.js/-/big.js-6.2.2.tgz 0ms (cache hit)
4037 http cache valtio@https://registry.npmjs.org/valtio/-/valtio-1.13.2.tgz 0ms (cache hit)
4038 http cache @reown/appkit-utils@https://registry.npmjs.org/@reown/appkit-utils/-/appkit-utils-1.7.8.tgz 0ms (cache hit)
4039 http cache @reown/appkit-wallet@https://registry.npmjs.org/@reown/appkit-wallet/-/appkit-wallet-1.7.8.tgz 0ms (cache hit)
4040 http cache @reown/appkit-ui@https://registry.npmjs.org/@reown/appkit-ui/-/appkit-ui-1.7.8.tgz 0ms (cache hit)
4041 http cache @reown/appkit-scaffold-ui@https://registry.npmjs.org/@reown/appkit-scaffold-ui/-/appkit-scaffold-ui-1.7.8.tgz 0ms (cache hit)
4042 http cache @reown/appkit-polyfills@https://registry.npmjs.org/@reown/appkit-polyfills/-/appkit-polyfills-1.7.8.tgz 0ms (cache hit)
4043 http cache @reown/appkit-pay@https://registry.npmjs.org/@reown/appkit-pay/-/appkit-pay-1.7.8.tgz 0ms (cache hit)
4044 http cache @reown/appkit-common@https://registry.npmjs.org/@reown/appkit-common/-/appkit-common-1.7.8.tgz 0ms (cache hit)
4045 http cache @reown/appkit-controllers@https://registry.npmjs.org/@reown/appkit-controllers/-/appkit-controllers-1.7.8.tgz 0ms (cache hit)
4046 http cache @types/ms@https://registry.npmjs.org/@types/ms/-/ms-2.1.0.tgz 0ms (cache hit)
4047 http cache @reown/appkit@https://registry.npmjs.org/@reown/appkit/-/appkit-1.7.8.tgz 0ms (cache hit)
4048 http cache micro-ftch@https://registry.npmjs.org/micro-ftch/-/micro-ftch-0.3.1.tgz 0ms (cache hit)
4049 http cache @safe-global/safe-gateway-typescript-sdk@https://registry.npmjs.org/@safe-global/safe-gateway-typescript-sdk/-/safe-gateway-typescript-sdk-3.23.1.tgz 0ms (cache hit)
4050 http cache ethereum-cryptography@https://registry.npmjs.org/ethereum-cryptography/-/ethereum-cryptography-2.2.1.tgz 0ms (cache hit)
4051 http cache crc-32@https://registry.npmjs.org/crc-32/-/crc-32-1.2.2.tgz 0ms (cache hit)
4052 http cache @ethereumjs/util@https://registry.npmjs.org/@ethereumjs/util/-/util-8.1.0.tgz 0ms (cache hit)
4053 http cache @ethereumjs/rlp@https://registry.npmjs.org/@ethereumjs/rlp/-/rlp-4.0.1.tgz 0ms (cache hit)
4054 http cache pony-cause@https://registry.npmjs.org/pony-cause/-/pony-cause-2.1.11.tgz 0ms (cache hit)
4055 http cache @ethereumjs/common@https://registry.npmjs.org/@ethereumjs/common/-/common-3.2.0.tgz 0ms (cache hit)
4056 http cache @types/lodash@https://registry.npmjs.org/@types/lodash/-/lodash-4.17.23.tgz 0ms (cache hit)
4057 http cache @types/debug@https://registry.npmjs.org/@types/debug/-/debug-4.1.12.tgz 0ms (cache hit)
4058 http cache @metamask/superstruct@https://registry.npmjs.org/@metamask/superstruct/-/superstruct-3.2.1.tgz 0ms (cache hit)
4059 http cache @ethereumjs/tx@https://registry.npmjs.org/@ethereumjs/tx/-/tx-4.2.0.tgz 0ms (cache hit)
4060 http cache openapi-fetch@https://registry.npmjs.org/openapi-fetch/-/openapi-fetch-0.13.8.tgz 0ms (cache hit)
4061 http cache webextension-polyfill@https://registry.npmjs.org/webextension-polyfill/-/webextension-polyfill-0.10.0.tgz 0ms (cache hit)
4062 http cache fast-deep-equal@https://registry.npmjs.org/fast-deep-equal/-/fast-deep-equal-3.1.3.tgz 0ms (cache hit)
4063 http cache is-stream@https://registry.npmjs.org/is-stream/-/is-stream-2.0.1.tgz 0ms (cache hit)
4064 http cache extension-port-stream@https://registry.npmjs.org/extension-port-stream/-/extension-port-stream-3.0.0.tgz 0ms (cache hit)
4065 http cache @metamask/safe-event-emitter@https://registry.npmjs.org/@metamask/safe-event-emitter/-/safe-event-emitter-3.1.2.tgz 0ms (cache hit)
4066 http cache @metamask/json-rpc-middleware-stream@https://registry.npmjs.org/@metamask/json-rpc-middleware-stream/-/json-rpc-middleware-stream-7.0.2.tgz 0ms (cache hit)
4067 http cache @metamask/object-multiplex@https://registry.npmjs.org/@metamask/object-multiplex/-/object-multiplex-2.1.0.tgz 0ms (cache hit)
4068 http cache util@https://registry.npmjs.org/util/-/util-0.12.5.tgz 0ms (cache hit)
4069 http cache @metamask/json-rpc-engine@https://registry.npmjs.org/@metamask/json-rpc-engine/-/json-rpc-engine-8.0.2.tgz 0ms (cache hit)
4070 http cache obj-multiplex@https://registry.npmjs.org/obj-multiplex/-/obj-multiplex-1.0.0.tgz 0ms (cache hit)
4071 http cache pump@https://registry.npmjs.org/pump/-/pump-3.0.3.tgz 0ms (cache hit)
4072 http cache bowser@https://registry.npmjs.org/bowser/-/bowser-2.13.1.tgz 0ms (cache hit)
4073 http cache eth-rpc-errors@https://registry.npmjs.org/eth-rpc-errors/-/eth-rpc-errors-4.0.3.tgz 0ms (cache hit)
4074 http cache @metamask/sdk-install-modal-web@https://registry.npmjs.org/@metamask/sdk-install-modal-web/-/sdk-install-modal-web-0.32.1.tgz 0ms (cache hit)
4075 http cache @paulmillr/qr@https://registry.npmjs.org/@paulmillr/qr/-/qr-0.2.1.tgz 0ms (cache hit)
4076 http cache socket.io-client@https://registry.npmjs.org/socket.io-client/-/socket.io-client-4.8.3.tgz 0ms (cache hit)
4077 http cache eciesjs@https://registry.npmjs.org/eciesjs/-/eciesjs-0.4.17.tgz 0ms (cache hit)
4078 http cache @metamask/sdk-analytics@https://registry.npmjs.org/@metamask/sdk-analytics/-/sdk-analytics-0.0.5.tgz 0ms (cache hit)
4079 http cache @metamask/providers@https://registry.npmjs.org/@metamask/providers/-/providers-16.1.0.tgz 0ms (cache hit)
4080 http cache @metamask/onboarding@https://registry.npmjs.org/@metamask/onboarding/-/onboarding-1.0.1.tgz 0ms (cache hit)
4081 http cache fast-safe-stringify@https://registry.npmjs.org/fast-safe-stringify/-/fast-safe-stringify-2.1.1.tgz 0ms (cache hit)
4082 http cache eventemitter2@https://registry.npmjs.org/eventemitter2/-/eventemitter2-6.4.9.tgz 0ms (cache hit)
4083 http cache @metamask/utils@https://registry.npmjs.org/@metamask/utils/-/utils-11.9.0.tgz 0ms (cache hit)
4084 http cache @metamask/rpc-errors@https://registry.npmjs.org/@metamask/rpc-errors/-/rpc-errors-7.0.2.tgz 0ms (cache hit)
4085 http cache porto@https://registry.npmjs.org/porto/-/porto-0.2.35.tgz 0ms (cache hit)
4086 http cache cbw-sdk@https://registry.npmjs.org/@coinbase/wallet-sdk/-/wallet-sdk-3.9.3.tgz 0ms (cache hit)
4087 http cache @walletconnect/ethereum-provider@https://registry.npmjs.org/@walletconnect/ethereum-provider/-/ethereum-provider-2.21.1.tgz 0ms (cache hit)
4088 http cache @safe-global/safe-apps-sdk@https://registry.npmjs.org/@safe-global/safe-apps-sdk/-/safe-apps-sdk-9.1.0.tgz 0ms (cache hit)
4089 http cache @metamask/sdk@https://registry.npmjs.org/@metamask/sdk/-/sdk-0.33.1.tgz 0ms (cache hit)
4090 http cache @safe-global/safe-apps-provider@https://registry.npmjs.org/@safe-global/safe-apps-provider/-/safe-apps-provider-0.18.6.tgz 0ms (cache hit)
4091 http cache use-sync-external-store@https://registry.npmjs.org/use-sync-external-store/-/use-sync-external-store-1.4.0.tgz 0ms (cache hit)
4092 http cache @gemini-wallet/core@https://registry.npmjs.org/@gemini-wallet/core/-/core-0.3.2.tgz 0ms (cache hit)
4093 http cache @wagmi/core@https://registry.npmjs.org/@wagmi/core/-/core-2.22.1.tgz 0ms (cache hit)
4094 http cache @wagmi/connectors@https://registry.npmjs.org/@wagmi/connectors/-/connectors-6.2.0.tgz 0ms (cache hit)
4095 http cache wagmi@https://registry.npmjs.org/wagmi/-/wagmi-2.19.5.tgz 0ms (cache hit)
4096 http cache isexe@https://registry.npmjs.org/isexe/-/isexe-2.0.0.tgz 0ms (cache hit)
4097 http cache tr46@https://registry.npmjs.org/tr46/-/tr46-0.0.3.tgz 0ms (cache hit)
4098 http cache webidl-conversions@https://registry.npmjs.org/webidl-conversions/-/webidl-conversions-3.0.1.tgz 0ms (cache hit)
4099 http cache isows@https://registry.npmjs.org/isows/-/isows-1.0.7.tgz 0ms (cache hit)
4100 http cache detect-node-es@https://registry.npmjs.org/detect-node-es/-/detect-node-es-1.1.0.tgz 0ms (cache hit)
4101 http cache radix3@https://registry.npmjs.org/radix3/-/radix3-1.1.2.tgz 0ms (cache hit)
4102 http cache node-mock-http@https://registry.npmjs.org/node-mock-http/-/node-mock-http-1.0.4.tgz 0ms (cache hit)
4103 http cache iron-webcrypto@https://registry.npmjs.org/iron-webcrypto/-/iron-webcrypto-1.2.1.tgz 0ms (cache hit)
4104 http cache crossws@https://registry.npmjs.org/crossws/-/crossws-0.3.5.tgz 0ms (cache hit)
4105 http cache picomatch@https://registry.npmjs.org/picomatch/-/picomatch-2.3.1.tgz 0ms (cache hit)
4106 http cache cookie-es@https://registry.npmjs.org/cookie-es/-/cookie-es-1.2.2.tgz 0ms (cache hit)
4107 http cache ufo@https://registry.npmjs.org/ufo/-/ufo-1.6.3.tgz 0ms (cache hit)
4108 http cache normalize-path@https://registry.npmjs.org/normalize-path/-/normalize-path-3.0.0.tgz 0ms (cache hit)
4109 http cache lru-cache@https://registry.npmjs.org/lru-cache/-/lru-cache-11.2.5.tgz 0ms (cache hit)
4110 http cache ofetch@https://registry.npmjs.org/ofetch/-/ofetch-1.5.1.tgz 0ms (cache hit)
4111 http cache anymatch@https://registry.npmjs.org/anymatch/-/anymatch-3.1.3.tgz 0ms (cache hit)
4112 http cache h3@https://registry.npmjs.org/h3/-/h3-1.15.5.tgz 0ms (cache hit)
4113 http cache ansi-regex@https://registry.npmjs.org/ansi-regex/-/ansi-regex-6.2.2.tgz 0ms (cache hit)
4114 http cache multiformats@https://registry.npmjs.org/multiformats/-/multiformats-9.9.0.tgz 0ms (cache hit)
4115 http cache emoji-regex@https://registry.npmjs.org/emoji-regex/-/emoji-regex-10.6.0.tgz 0ms (cache hit)
4116 http cache get-east-asian-width@https://registry.npmjs.org/get-east-asian-width/-/get-east-asian-width-1.4.0.tgz 0ms (cache hit)
4117 http cache shebang-regex@https://registry.npmjs.org/shebang-regex/-/shebang-regex-3.0.0.tgz 0ms (cache hit)
4118 http cache stream-chain@https://registry.npmjs.org/stream-chain/-/stream-chain-2.2.5.tgz 0ms (cache hit)
4119 http cache node-gyp-build@https://registry.npmjs.org/node-gyp-build/-/node-gyp-build-4.8.4.tgz 0ms (cache hit)
4120 http cache utf-8-validate@https://registry.npmjs.org/utf-8-validate/-/utf-8-validate-5.0.10.tgz 0ms (cache hit)
4121 http cache bufferutil@https://registry.npmjs.org/bufferutil/-/bufferutil-4.1.0.tgz 0ms (cache hit)
4122 http cache @types/uuid@https://registry.npmjs.org/@types/uuid/-/uuid-8.3.4.tgz 0ms (cache hit)
4123 http cache mimic-function@https://registry.npmjs.org/mimic-function/-/mimic-function-5.0.1.tgz 0ms (cache hit)
4124 http cache @swc/helpers@https://registry.npmjs.org/@swc/helpers/-/helpers-0.5.18.tgz 0ms (cache hit)
4125 http cache onetime@https://registry.npmjs.org/onetime/-/onetime-7.0.0.tgz 0ms (cache hit)
4126 http cache signal-exit@https://registry.npmjs.org/signal-exit/-/signal-exit-4.1.0.tgz 0ms (cache hit)
4127 http cache is-core-module@https://registry.npmjs.org/is-core-module/-/is-core-module-2.16.1.tgz 0ms (cache hit)
4128 http cache supports-preserve-symlinks-flag@https://registry.npmjs.org/supports-preserve-symlinks-flag/-/supports-preserve-symlinks-flag-1.0.0.tgz 0ms (cache hit)
4129 http cache util-deprecate@https://registry.npmjs.org/util-deprecate/-/util-deprecate-1.0.2.tgz 0ms (cache hit)
4130 http cache path-parse@https://registry.npmjs.org/path-parse/-/path-parse-1.0.7.tgz 0ms (cache hit)
4131 http cache string_decoder@https://registry.npmjs.org/string_decoder/-/string_decoder-1.3.0.tgz 0ms (cache hit)
4132 http cache get-nonce@https://registry.npmjs.org/get-nonce/-/get-nonce-1.0.1.tgz 0ms (cache hit)
4133 http cache use-sidecar@https://registry.npmjs.org/use-sidecar/-/use-sidecar-1.1.3.tgz 0ms (cache hit)
4134 http cache use-callback-ref@https://registry.npmjs.org/use-callback-ref/-/use-callback-ref-1.3.3.tgz 0ms (cache hit)
4135 http cache react-remove-scroll-bar@https://registry.npmjs.org/react-remove-scroll-bar/-/react-remove-scroll-bar-2.3.8.tgz 0ms (cache hit)
4136 http cache react-style-singleton@https://registry.npmjs.org/react-style-singleton/-/react-style-singleton-2.2.3.tgz 0ms (cache hit)
4137 http cache scheduler@https://registry.npmjs.org/scheduler/-/scheduler-0.27.0.tgz 0ms (cache hit)
4138 http cache strict-uri-encode@https://registry.npmjs.org/strict-uri-encode/-/strict-uri-encode-2.0.0.tgz 0ms (cache hit)
4139 http cache destr@https://registry.npmjs.org/destr/-/destr-2.0.5.tgz 0ms (cache hit)
4140 http cache split-on-first@https://registry.npmjs.org/split-on-first/-/split-on-first-1.1.0.tgz 0ms (cache hit)
4141 http cache filter-obj@https://registry.npmjs.org/filter-obj/-/filter-obj-1.1.0.tgz 0ms (cache hit)
4142 http cache decode-uri-component@https://registry.npmjs.org/decode-uri-component/-/decode-uri-component-0.2.2.tgz 0ms (cache hit)
4143 http cache yargs@https://registry.npmjs.org/yargs/-/yargs-15.4.1.tgz 0ms (cache hit)
4144 http cache pngjs@https://registry.npmjs.org/pngjs/-/pngjs-5.0.0.tgz 0ms (cache hit)
4145 http cache encode-utf8@https://registry.npmjs.org/encode-utf8/-/encode-utf8-1.0.3.tgz 0ms (cache hit)
4146 http cache dijkstrajs@https://registry.npmjs.org/dijkstrajs/-/dijkstrajs-1.0.3.tgz 0ms (cache hit)
4147 http cache sisteransi@https://registry.npmjs.org/sisteransi/-/sisteransi-1.0.5.tgz 0ms (cache hit)
4148 http cache wrappy@https://registry.npmjs.org/wrappy/-/wrappy-1.0.2.tgz 0ms (cache hit)
4149 http cache once@https://registry.npmjs.org/once/-/once-1.4.0.tgz 0ms (cache hit)
4150 http cache kleur@https://registry.npmjs.org/kleur/-/kleur-3.0.3.tgz 0ms (cache hit)
4151 http cache readable-stream@https://registry.npmjs.org/readable-stream/-/readable-stream-3.6.2.tgz 0ms (cache hit)
4152 http cache stream-shift@https://registry.npmjs.org/stream-shift/-/stream-shift-1.0.3.tgz 0ms (cache hit)
4153 http cache inherits@https://registry.npmjs.org/inherits/-/inherits-2.0.4.tgz 0ms (cache hit)
4154 http cache end-of-stream@https://registry.npmjs.org/end-of-stream/-/end-of-stream-1.4.5.tgz 0ms (cache hit)
4155 http cache duplexify@https://registry.npmjs.org/duplexify/-/duplexify-4.1.3.tgz 0ms (cache hit)
4156 http cache split2@https://registry.npmjs.org/split2/-/split2-4.2.0.tgz 0ms (cache hit)
4157 http cache sonic-boom@https://registry.npmjs.org/sonic-boom/-/sonic-boom-2.8.0.tgz 0ms (cache hit)
4158 http cache thread-stream@https://registry.npmjs.org/thread-stream/-/thread-stream-0.15.2.tgz 0ms (cache hit)
4159 http cache safe-stable-stringify@https://registry.npmjs.org/safe-stable-stringify/-/safe-stable-stringify-2.5.0.tgz 0ms (cache hit)
4160 http cache real-require@https://registry.npmjs.org/real-require/-/real-require-0.1.0.tgz 0ms (cache hit)
4161 http cache quick-format-unescaped@https://registry.npmjs.org/quick-format-unescaped/-/quick-format-unescaped-4.0.4.tgz 0ms (cache hit)
4162 http cache process-warning@https://registry.npmjs.org/process-warning/-/process-warning-1.0.0.tgz 0ms (cache hit)
4163 http cache pino-std-serializers@https://registry.npmjs.org/pino-std-serializers/-/pino-std-serializers-4.0.0.tgz 0ms (cache hit)
4164 http cache pino-abstract-transport@https://registry.npmjs.org/pino-abstract-transport/-/pino-abstract-transport-0.5.0.tgz 0ms (cache hit)
4165 http cache on-exit-leak-free@https://registry.npmjs.org/on-exit-leak-free/-/on-exit-leak-free-0.2.0.tgz 0ms (cache hit)
4166 http cache fast-redact@https://registry.npmjs.org/fast-redact/-/fast-redact-3.5.0.tgz 0ms (cache hit)
4167 http cache atomic-sleep@https://registry.npmjs.org/atomic-sleep/-/atomic-sleep-1.0.0.tgz 0ms (cache hit)
4168 http cache is-arrayish@https://registry.npmjs.org/is-arrayish/-/is-arrayish-0.2.1.tgz 0ms (cache hit)
4169 http cache lines-and-columns@https://registry.npmjs.org/lines-and-columns/-/lines-and-columns-1.2.4.tgz 0ms (cache hit)
4170 http cache json-parse-even-better-errors@https://registry.npmjs.org/json-parse-even-better-errors/-/json-parse-even-better-errors-2.3.1.tgz 0ms (cache hit)
4171 http cache error-ex@https://registry.npmjs.org/error-ex/-/error-ex-1.3.4.tgz 0ms (cache hit)
4172 http cache callsites@https://registry.npmjs.org/callsites/-/callsites-3.1.0.tgz 0ms (cache hit)
4173 http cache @scure/bip32@https://registry.npmjs.org/@scure/bip32/-/bip32-1.7.0.tgz 0ms (cache hit)
4174 http cache @adraffy/ens-normalize@https://registry.npmjs.org/@adraffy/ens-normalize/-/ens-normalize-1.11.1.tgz 0ms (cache hit)
4175 http cache restore-cursor@https://registry.npmjs.org/restore-cursor/-/restore-cursor-5.1.0.tgz 0ms (cache hit)
4176 http cache string-width@https://registry.npmjs.org/string-width/-/string-width-7.2.0.tgz 0ms (cache hit)
4177 http cache strip-ansi@https://registry.npmjs.org/strip-ansi/-/strip-ansi-7.1.2.tgz 0ms (cache hit)
4178 http cache log-symbols@https://registry.npmjs.org/log-symbols/-/log-symbols-6.0.0.tgz 0ms (cache hit)
4179 http cache stdin-discarder@https://registry.npmjs.org/stdin-discarder/-/stdin-discarder-0.2.2.tgz 0ms (cache hit)
4180 http cache is-interactive@https://registry.npmjs.org/is-interactive/-/is-interactive-2.0.0.tgz 0ms (cache hit)
4181 http cache is-unicode-supported@https://registry.npmjs.org/is-unicode-supported/-/is-unicode-supported-2.1.0.tgz 1ms (cache hit)
4182 http cache is-docker@https://registry.npmjs.org/is-docker/-/is-docker-3.0.0.tgz 0ms (cache hit)
4183 http cache cli-spinners@https://registry.npmjs.org/cli-spinners/-/cli-spinners-2.9.2.tgz 0ms (cache hit)
4184 http cache default-browser-id@https://registry.npmjs.org/default-browser-id/-/default-browser-id-5.0.1.tgz 0ms (cache hit)
4185 http cache run-applescript@https://registry.npmjs.org/run-applescript/-/run-applescript-7.1.0.tgz 0ms (cache hit)
4186 http cache is-wsl@https://registry.npmjs.org/is-wsl/-/is-wsl-3.1.0.tgz 0ms (cache hit)
4187 http cache bundle-name@https://registry.npmjs.org/bundle-name/-/bundle-name-4.1.0.tgz 0ms (cache hit)
4188 http cache is-inside-container@https://registry.npmjs.org/is-inside-container/-/is-inside-container-1.0.0.tgz 0ms (cache hit)
4189 http cache cli-cursor@https://registry.npmjs.org/cli-cursor/-/cli-cursor-5.0.0.tgz 0ms (cache hit)
4190 http cache define-lazy-prop@https://registry.npmjs.org/define-lazy-prop/-/define-lazy-prop-3.0.0.tgz 0ms (cache hit)
4191 http cache default-browser@https://registry.npmjs.org/default-browser/-/default-browser-5.5.0.tgz 0ms (cache hit)
4192 http cache whatwg-url@https://registry.npmjs.org/whatwg-url/-/whatwg-url-5.0.0.tgz 0ms (cache hit)
4193 http cache tinyexec@https://registry.npmjs.org/tinyexec/-/tinyexec-1.0.2.tgz 0ms (cache hit)
4194 http cache is-buffer@https://registry.npmjs.org/is-buffer/-/is-buffer-1.1.6.tgz 0ms (cache hit)
4195 http cache mime-db@https://registry.npmjs.org/mime-db/-/mime-db-1.52.0.tgz 0ms (cache hit)
4196 http cache crypt@https://registry.npmjs.org/crypt/-/crypt-0.0.2.tgz 0ms (cache hit)
4197 http cache charenc@https://registry.npmjs.org/charenc/-/charenc-0.0.2.tgz 0ms (cache hit)
4198 http cache es6-promise@https://registry.npmjs.org/es6-promise/-/es6-promise-4.2.8.tgz 0ms (cache hit)
4199 http cache argparse@https://registry.npmjs.org/argparse/-/argparse-2.0.1.tgz 0ms (cache hit)
4200 http cache json-stringify-safe@https://registry.npmjs.org/json-stringify-safe/-/json-stringify-safe-5.0.1.tgz 0ms (cache hit)
4201 http cache uuid@https://registry.npmjs.org/uuid/-/uuid-8.3.2.tgz 0ms (cache hit)
4202 http cache isomorphic-ws@https://registry.npmjs.org/isomorphic-ws/-/isomorphic-ws-4.0.1.tgz 0ms (cache hit)
4203 http cache stream-json@https://registry.npmjs.org/stream-json/-/stream-json-1.9.1.tgz 0ms (cache hit)
4204 http cache eyes@https://registry.npmjs.org/eyes/-/eyes-0.1.8.tgz 0ms (cache hit)
4205 http cache es6-promisify@https://registry.npmjs.org/es6-promisify/-/es6-promisify-5.0.0.tgz 0ms (cache hit)
4206 http cache delay@https://registry.npmjs.org/delay/-/delay-5.0.0.tgz 0ms (cache hit)
4207 http cache @types/ws@https://registry.npmjs.org/@types/ws/-/ws-7.4.7.tgz 0ms (cache hit)
4208 http cache resolve-from@https://registry.npmjs.org/resolve-from/-/resolve-from-4.0.0.tgz 0ms (cache hit)
4209 http cache @types/node@https://registry.npmjs.org/@types/node/-/node-12.20.55.tgz 0ms (cache hit)
4210 http cache parent-module@https://registry.npmjs.org/parent-module/-/parent-module-1.0.1.tgz 0ms (cache hit)
4211 http cache @types/connect@https://registry.npmjs.org/@types/connect/-/connect-3.4.38.tgz 0ms (cache hit)
4212 http cache nypm@https://registry.npmjs.org/nypm/-/nypm-0.6.5.tgz 0ms (cache hit)
4213 http cache react-is@https://registry.npmjs.org/react-is/-/react-is-16.13.1.tgz 0ms (cache hit)
4214 http cache node-fetch-native@https://registry.npmjs.org/node-fetch-native/-/node-fetch-native-1.6.7.tgz 0ms (cache hit)
4215 http cache citty@https://registry.npmjs.org/citty/-/citty-0.1.6.tgz 0ms (cache hit)
4216 http cache consola@https://registry.npmjs.org/consola/-/consola-3.4.2.tgz 0ms (cache hit)
4217 http cache dunder-proto@https://registry.npmjs.org/dunder-proto/-/dunder-proto-1.0.1.tgz 0ms (cache hit)
4218 http cache math-intrinsics@https://registry.npmjs.org/math-intrinsics/-/math-intrinsics-1.1.0.tgz 0ms (cache hit)
4219 http cache has-symbols@https://registry.npmjs.org/has-symbols/-/has-symbols-1.1.0.tgz 0ms (cache hit)
4220 http cache gopd@https://registry.npmjs.org/gopd/-/gopd-1.2.0.tgz 0ms (cache hit)
4221 http cache get-proto@https://registry.npmjs.org/get-proto/-/get-proto-1.0.1.tgz 0ms (cache hit)
4222 http cache function-bind@https://registry.npmjs.org/function-bind/-/function-bind-1.1.2.tgz 0ms (cache hit)
4223 http cache es-object-atoms@https://registry.npmjs.org/es-object-atoms/-/es-object-atoms-1.1.1.tgz 0ms (cache hit)
4224 http cache es-define-property@https://registry.npmjs.org/es-define-property/-/es-define-property-1.0.1.tgz 0ms (cache hit)
4225 http cache call-bind-apply-helpers@https://registry.npmjs.org/call-bind-apply-helpers/-/call-bind-apply-helpers-1.0.2.tgz 0ms (cache hit)
4226 http cache get-intrinsic@https://registry.npmjs.org/get-intrinsic/-/get-intrinsic-1.3.0.tgz 0ms (cache hit)
4227 http cache has-tostringtag@https://registry.npmjs.org/has-tostringtag/-/has-tostringtag-1.0.2.tgz 0ms (cache hit)
4228 http cache es-errors@https://registry.npmjs.org/es-errors/-/es-errors-1.3.0.tgz 0ms (cache hit)
4229 http cache delayed-stream@https://registry.npmjs.org/delayed-stream/-/delayed-stream-1.0.0.tgz 0ms (cache hit)
4230 http cache hasown@https://registry.npmjs.org/hasown/-/hasown-2.0.2.tgz 0ms (cache hit)
4231 http cache mime-types@https://registry.npmjs.org/mime-types/-/mime-types-2.1.35.tgz 0ms (cache hit)
4232 http cache es-set-tostringtag@https://registry.npmjs.org/es-set-tostringtag/-/es-set-tostringtag-2.1.0.tgz 0ms (cache hit)
4233 http cache combined-stream@https://registry.npmjs.org/combined-stream/-/combined-stream-1.0.8.tgz 0ms (cache hit)
4234 http cache which@https://registry.npmjs.org/which/-/which-2.0.2.tgz 0ms (cache hit)
4235 http cache asynckit@https://registry.npmjs.org/asynckit/-/asynckit-0.4.0.tgz 0ms (cache hit)
4236 http cache shebang-command@https://registry.npmjs.org/shebang-command/-/shebang-command-2.0.0.tgz 0ms (cache hit)
4237 http cache ms@https://registry.npmjs.org/ms/-/ms-2.1.3.tgz 0ms (cache hit)
4238 http cache yaml@https://registry.npmjs.org/yaml/-/yaml-1.10.2.tgz 0ms (cache hit)
4239 http cache path-key@https://registry.npmjs.org/path-key/-/path-key-3.1.1.tgz 0ms (cache hit)
4240 http cache parse-json@https://registry.npmjs.org/parse-json/-/parse-json-5.2.0.tgz 0ms (cache hit)
4241 http cache path-type@https://registry.npmjs.org/path-type/-/path-type-4.0.0.tgz 0ms (cache hit)
4242 http cache import-fresh@https://registry.npmjs.org/import-fresh/-/import-fresh-3.3.1.tgz 0ms (cache hit)
4243 http cache @types/parse-json@https://registry.npmjs.org/@types/parse-json/-/parse-json-4.0.2.tgz 0ms (cache hit)
4244 http cache readdirp@https://registry.npmjs.org/readdirp/-/readdirp-5.0.0.tgz 0ms (cache hit)
4245 http cache pkg-types@https://registry.npmjs.org/pkg-types/-/pkg-types-2.3.0.tgz 0ms (cache hit)
4246 http cache perfect-debounce@https://registry.npmjs.org/perfect-debounce/-/perfect-debounce-2.1.0.tgz 0ms (cache hit)
4247 http cache rc9@https://registry.npmjs.org/rc9/-/rc9-2.1.2.tgz 0ms (cache hit)
4248 http cache ohash@https://registry.npmjs.org/ohash/-/ohash-2.0.11.tgz 0ms (cache hit)
4249 http cache pathe@https://registry.npmjs.org/pathe/-/pathe-2.0.3.tgz 0ms (cache hit)
4250 http cache jiti@https://registry.npmjs.org/jiti/-/jiti-2.6.1.tgz 0ms (cache hit)
4251 http cache giget@https://registry.npmjs.org/giget/-/giget-2.0.0.tgz 0ms (cache hit)
4252 http cache dotenv@https://registry.npmjs.org/dotenv/-/dotenv-17.2.4.tgz 0ms (cache hit)
4253 http cache defu@https://registry.npmjs.org/defu/-/defu-6.1.4.tgz 0ms (cache hit)
4254 http cache confbox@https://registry.npmjs.org/confbox/-/confbox-0.2.4.tgz 0ms (cache hit)
4255 http cache exsolve@https://registry.npmjs.org/exsolve/-/exsolve-1.0.8.tgz 0ms (cache hit)
4256 http cache ieee754@https://registry.npmjs.org/ieee754/-/ieee754-1.2.1.tgz 0ms (cache hit)
4257 http cache chokidar@https://registry.npmjs.org/chokidar/-/chokidar-5.0.0.tgz 0ms (cache hit)
4258 http cache safe-buffer@https://registry.npmjs.org/safe-buffer/-/safe-buffer-5.2.1.tgz 0ms (cache hit)
4259 http cache base64-js@https://registry.npmjs.org/base64-js/-/base64-js-1.5.1.tgz 0ms (cache hit)
4260 http cache text-encoding-utf-8@https://registry.npmjs.org/text-encoding-utf-8/-/text-encoding-utf-8-1.0.2.tgz 0ms (cache hit)
4261 http cache base-x@https://registry.npmjs.org/base-x/-/base-x-3.0.11.tgz 0ms (cache hit)
4262 http cache resolve@https://registry.npmjs.org/resolve/-/resolve-1.22.11.tgz 0ms (cache hit)
4263 http cache cosmiconfig@https://registry.npmjs.org/cosmiconfig/-/cosmiconfig-7.1.0.tgz 0ms (cache hit)
4264 http cache proxy-from-env@https://registry.npmjs.org/proxy-from-env/-/proxy-from-env-1.1.0.tgz 0ms (cache hit)
4265 http cache is-retry-allowed@https://registry.npmjs.org/is-retry-allowed/-/is-retry-allowed-2.2.0.tgz 0ms (cache hit)
4266 http cache follow-redirects@https://registry.npmjs.org/follow-redirects/-/follow-redirects-1.15.11.tgz 0ms (cache hit)
4267 http cache form-data@https://registry.npmjs.org/form-data/-/form-data-4.0.5.tgz 0ms (cache hit)
4268 http cache humanize-ms@https://registry.npmjs.org/humanize-ms/-/humanize-ms-1.2.1.tgz 0ms (cache hit)
4269 http cache query-string@https://registry.npmjs.org/query-string/-/query-string-7.1.3.tgz 0ms (cache hit)
4270 http cache detect-browser@https://registry.npmjs.org/detect-browser/-/detect-browser-5.3.0.tgz 0ms (cache hit)
4271 http cache @scure/base@https://registry.npmjs.org/@scure/base/-/base-1.2.6.tgz 0ms (cache hit)
4272 http cache @noble/ciphers@https://registry.npmjs.org/@noble/ciphers/-/ciphers-1.3.0.tgz 0ms (cache hit)
4273 http cache @msgpack/msgpack@https://registry.npmjs.org/@msgpack/msgpack/-/msgpack-3.1.2.tgz 0ms (cache hit)
4274 http cache @walletconnect/window-metadata@https://registry.npmjs.org/@walletconnect/window-metadata/-/window-metadata-1.0.1.tgz 0ms (cache hit)
4275 http cache cross-fetch@https://registry.npmjs.org/cross-fetch/-/cross-fetch-3.2.0.tgz 1ms (cache hit)
4276 http cache blakejs@https://registry.npmjs.org/blakejs/-/blakejs-1.2.1.tgz 0ms (cache hit)
4277 http cache pino@https://registry.npmjs.org/pino/-/pino-7.11.0.tgz 0ms (cache hit)
4278 http cache unstorage@https://registry.npmjs.org/unstorage/-/unstorage-1.17.4.tgz 0ms (cache hit)
4279 http cache @walletconnect/jsonrpc-http-connection@https://registry.npmjs.org/@walletconnect/jsonrpc-http-connection/-/jsonrpc-http-connection-1.0.8.tgz 0ms (cache hit)
4280 http cache tslib@https://registry.npmjs.org/tslib/-/tslib-1.14.1.tgz 0ms (cache hit)
4281 http cache @walletconnect/environment@https://registry.npmjs.org/@walletconnect/environment/-/environment-1.0.1.tgz 0ms (cache hit)
4282 http cache uint8arrays@https://registry.npmjs.org/uint8arrays/-/uint8arrays-3.1.1.tgz 0ms (cache hit)
4283 http cache keyvaluestorage-interface@https://registry.npmjs.org/keyvaluestorage-interface/-/keyvaluestorage-interface-1.0.0.tgz 0ms (cache hit)
4284 http cache es-toolkit@https://registry.npmjs.org/es-toolkit/-/es-toolkit-1.39.3.tgz 0ms (cache hit)
4285 http cache @walletconnect/window-getters@https://registry.npmjs.org/@walletconnect/window-getters/-/window-getters-1.0.1.tgz 0ms (cache hit)
4286 http cache @walletconnect/safe-json@https://registry.npmjs.org/@walletconnect/safe-json/-/safe-json-1.0.2.tgz 0ms (cache hit)
4287 http cache @walletconnect/relay-auth@https://registry.npmjs.org/@walletconnect/relay-auth/-/relay-auth-1.1.0.tgz 0ms (cache hit)
4288 http cache @walletconnect/relay-api@https://registry.npmjs.org/@walletconnect/relay-api/-/relay-api-1.0.11.tgz 0ms (cache hit)
4289 http cache @walletconnect/keyvaluestorage@https://registry.npmjs.org/@walletconnect/keyvaluestorage/-/keyvaluestorage-1.1.1.tgz 0ms (cache hit)
4290 http cache @walletconnect/jsonrpc-ws-connection@https://registry.npmjs.org/@walletconnect/jsonrpc-ws-connection/-/jsonrpc-ws-connection-1.0.16.tgz 0ms (cache hit)
4291 http cache @walletconnect/jsonrpc-types@https://registry.npmjs.org/@walletconnect/jsonrpc-types/-/jsonrpc-types-1.0.4.tgz 0ms (cache hit)
4292 http cache events@https://registry.npmjs.org/events/-/events-3.3.0.tgz 0ms (cache hit)
4293 http cache @walletconnect/jsonrpc-provider@https://registry.npmjs.org/@walletconnect/jsonrpc-provider/-/jsonrpc-provider-1.0.14.tgz 0ms (cache hit)
4294 http cache @walletconnect/utils@https://registry.npmjs.org/@walletconnect/utils/-/utils-2.21.8.tgz 0ms (cache hit)
4295 http cache @walletconnect/types@https://registry.npmjs.org/@walletconnect/types/-/types-2.21.8.tgz 0ms (cache hit)
4296 http cache @walletconnect/logger@https://registry.npmjs.org/@walletconnect/logger/-/logger-2.1.2.tgz 0ms (cache hit)
4297 http cache @walletconnect/time@https://registry.npmjs.org/@walletconnect/time/-/time-1.0.2.tgz 0ms (cache hit)
4298 http cache @walletconnect/events@https://registry.npmjs.org/@walletconnect/events/-/events-1.0.1.tgz 0ms (cache hit)
4299 http cache @walletconnect/jsonrpc-utils@https://registry.npmjs.org/@walletconnect/jsonrpc-utils/-/jsonrpc-utils-1.0.8.tgz 0ms (cache hit)
4300 http cache @walletconnect/core@https://registry.npmjs.org/@walletconnect/core/-/core-2.21.8.tgz 0ms (cache hit)
4301 http cache semver@https://registry.npmjs.org/semver/-/semver-7.7.3.tgz 0ms (cache hit)
4302 http cache lodash@https://registry.npmjs.org/lodash/-/lodash-4.17.23.tgz 0ms (cache hit)
4303 http cache js-yaml@https://registry.npmjs.org/js-yaml/-/js-yaml-4.1.1.tgz 0ms (cache hit)
4304 http cache @walletconnect/heartbeat@https://registry.npmjs.org/@walletconnect/heartbeat/-/heartbeat-1.2.2.tgz 0ms (cache hit)
4305 http cache @jsdevtools/ono@https://registry.npmjs.org/@jsdevtools/ono/-/ono-7.1.3.tgz 0ms (cache hit)
4306 http cache c12@https://registry.npmjs.org/c12/-/c12-3.3.3.tgz 0ms (cache hit)
4307 http cache @types/json-schema@https://registry.npmjs.org/@types/json-schema/-/json-schema-7.0.15.tgz 0ms (cache hit)
4308 http cache color-support@https://registry.npmjs.org/color-support/-/color-support-1.1.3.tgz 0ms (cache hit)
4309 http cache ansi-colors@https://registry.npmjs.org/ansi-colors/-/ansi-colors-4.1.3.tgz 0ms (cache hit)
4310 http cache @hey-api/shared@https://registry.npmjs.org/@hey-api/shared/-/shared-0.1.2.tgz 0ms (cache hit)
4311 http cache @hey-api/types@https://registry.npmjs.org/@hey-api/types/-/types-0.1.3.tgz 0ms (cache hit)
4312 http cache @hey-api/json-schema-ref-parser@https://registry.npmjs.org/@hey-api/json-schema-ref-parser/-/json-schema-ref-parser-1.2.4.tgz 0ms (cache hit)
4313 http cache @hey-api/codegen-core@https://registry.npmjs.org/@hey-api/codegen-core/-/codegen-core-0.7.0.tgz 0ms (cache hit)
4314 http cache @hey-api/openapi-ts@https://registry.npmjs.org/@hey-api/openapi-ts/-/openapi-ts-0.92.3.tgz 0ms (cache hit)
4315 http cache @tanstack/query-core@https://registry.npmjs.org/@tanstack/query-core/-/query-core-5.81.5.tgz 0ms (cache hit)
4316 http cache superstruct@https://registry.npmjs.org/superstruct/-/superstruct-2.0.2.tgz 0ms (cache hit)
4317 http cache @hey-api/client-fetch@https://registry.npmjs.org/@hey-api/client-fetch/-/client-fetch-0.10.0.tgz 0ms (cache hit)
4318 http cache fast-stable-stringify@https://registry.npmjs.org/fast-stable-stringify/-/fast-stable-stringify-1.0.0.tgz 0ms (cache hit)
4319 http cache rpc-websockets@https://registry.npmjs.org/rpc-websockets/-/rpc-websockets-9.3.3.tgz 0ms (cache hit)
4320 http cache jayson@https://registry.npmjs.org/jayson/-/jayson-4.3.0.tgz 0ms (cache hit)
4321 http cache node-fetch@https://registry.npmjs.org/node-fetch/-/node-fetch-2.7.0.tgz 0ms (cache hit)
4322 http cache buffer@https://registry.npmjs.org/buffer/-/buffer-6.0.3.tgz 0ms (cache hit)
4323 http cache bs58@https://registry.npmjs.org/bs58/-/bs58-4.0.1.tgz 0ms (cache hit)
4324 http cache agentkeepalive@https://registry.npmjs.org/agentkeepalive/-/agentkeepalive-4.6.0.tgz 0ms (cache hit)
4325 http cache borsh@https://registry.npmjs.org/borsh/-/borsh-0.7.0.tgz 0ms (cache hit)
4326 http cache typescript@https://registry.npmjs.org/typescript/-/typescript-5.9.3.tgz 0ms (cache hit)
4327 http cache bn.js@https://registry.npmjs.org/bn.js/-/bn.js-5.2.2.tgz 0ms (cache hit)
4328 http cache undici-types@https://registry.npmjs.org/undici-types/-/undici-types-7.21.0.tgz 0ms (cache hit)
4329 http cache ws@https://registry.npmjs.org/ws/-/ws-8.19.0.tgz 0ms (cache hit)
4330 http cache @solana/subscribable@https://registry.npmjs.org/@solana/subscribable/-/subscribable-5.5.1.tgz 0ms (cache hit)
4331 http cache @solana/rpc-subscriptions-spec@https://registry.npmjs.org/@solana/rpc-subscriptions-spec/-/rpc-subscriptions-spec-5.5.1.tgz 0ms (cache hit)
4332 http cache @solana/rpc-subscriptions-channel-websocket@https://registry.npmjs.org/@solana/rpc-subscriptions-channel-websocket/-/rpc-subscriptions-channel-websocket-5.5.1.tgz 0ms (cache hit)
4333 http cache @solana/rpc-subscriptions-api@https://registry.npmjs.org/@solana/rpc-subscriptions-api/-/rpc-subscriptions-api-5.5.1.tgz 0ms (cache hit)
4334 http cache @solana/rpc-transport-http@https://registry.npmjs.org/@solana/rpc-transport-http/-/rpc-transport-http-5.5.1.tgz 0ms (cache hit)
4335 http cache @solana/rpc-transformers@https://registry.npmjs.org/@solana/rpc-transformers/-/rpc-transformers-5.5.1.tgz 0ms (cache hit)
4336 http cache @solana/fast-stable-stringify@https://registry.npmjs.org/@solana/fast-stable-stringify/-/fast-stable-stringify-5.5.1.tgz 0ms (cache hit)
4337 http cache @solana/promises@https://registry.npmjs.org/@solana/promises/-/promises-5.5.1.tgz 0ms (cache hit)
4338 http cache chalk@https://registry.npmjs.org/chalk/-/chalk-5.6.2.tgz 0ms (cache hit)
4339 http cache commander@https://registry.npmjs.org/commander/-/commander-14.0.2.tgz 0ms (cache hit)
4340 http cache @solana/codecs-numbers@https://registry.npmjs.org/@solana/codecs-numbers/-/codecs-numbers-5.5.1.tgz 0ms (cache hit)
4341 http cache @solana/options@https://registry.npmjs.org/@solana/options/-/options-5.5.1.tgz 0ms (cache hit)
4342 http cache @solana/codecs-data-structures@https://registry.npmjs.org/@solana/codecs-data-structures/-/codecs-data-structures-5.5.1.tgz 0ms (cache hit)
4343 http cache @solana/assertions@https://registry.npmjs.org/@solana/assertions/-/assertions-5.5.1.tgz 0ms (cache hit)
4344 http cache @solana/nominal-types@https://registry.npmjs.org/@solana/nominal-types/-/nominal-types-5.5.1.tgz 0ms (cache hit)
4345 http cache @solana/codecs-strings@https://registry.npmjs.org/@solana/codecs-strings/-/codecs-strings-5.5.1.tgz 0ms (cache hit)
4346 http cache @solana/rpc-spec@https://registry.npmjs.org/@solana/rpc-spec/-/rpc-spec-5.5.1.tgz 0ms (cache hit)
4347 http cache @solana/codecs-core@https://registry.npmjs.org/@solana/codecs-core/-/codecs-core-5.5.1.tgz 0ms (cache hit)
4348 http cache @solana/transaction-messages@https://registry.npmjs.org/@solana/transaction-messages/-/transaction-messages-5.5.1.tgz 0ms (cache hit)
4349 http cache @solana/transactions@https://registry.npmjs.org/@solana/transactions/-/transactions-5.5.1.tgz 0ms (cache hit)
4350 http cache @solana/transaction-confirmation@https://registry.npmjs.org/@solana/transaction-confirmation/-/transaction-confirmation-5.5.1.tgz 0ms (cache hit)
4351 http cache @solana/sysvars@https://registry.npmjs.org/@solana/sysvars/-/sysvars-5.5.1.tgz 0ms (cache hit)
4352 http cache @solana/signers@https://registry.npmjs.org/@solana/signers/-/signers-5.5.1.tgz 0ms (cache hit)
4353 http cache @solana/rpc-types@https://registry.npmjs.org/@solana/rpc-types/-/rpc-types-5.5.1.tgz 0ms (cache hit)
4354 http cache @solana/rpc-parsed-types@https://registry.npmjs.org/@solana/rpc-parsed-types/-/rpc-parsed-types-5.5.1.tgz 0ms (cache hit)
4355 http cache @solana/rpc-subscriptions@https://registry.npmjs.org/@solana/rpc-subscriptions/-/rpc-subscriptions-5.5.1.tgz 0ms (cache hit)
4356 http cache @solana/rpc-spec-types@https://registry.npmjs.org/@solana/rpc-spec-types/-/rpc-spec-types-5.5.1.tgz 0ms (cache hit)
4357 http cache @solana/rpc-api@https://registry.npmjs.org/@solana/rpc-api/-/rpc-api-5.5.1.tgz 0ms (cache hit)
4358 http cache @solana/programs@https://registry.npmjs.org/@solana/programs/-/programs-5.5.1.tgz 0ms (cache hit)
4359 http cache @solana/rpc@https://registry.npmjs.org/@solana/rpc/-/rpc-5.5.1.tgz 0ms (cache hit)
4360 http cache @solana/offchain-messages@https://registry.npmjs.org/@solana/offchain-messages/-/offchain-messages-5.5.1.tgz 0ms (cache hit)
4361 http cache @solana/plugin-core@https://registry.npmjs.org/@solana/plugin-core/-/plugin-core-5.5.1.tgz 0ms (cache hit)
4362 http cache @solana/keys@https://registry.npmjs.org/@solana/keys/-/keys-5.5.1.tgz 0ms (cache hit)
4363 http cache @solana/instruction-plans@https://registry.npmjs.org/@solana/instruction-plans/-/instruction-plans-5.5.1.tgz 0ms (cache hit)
4364 http cache @solana/instructions@https://registry.npmjs.org/@solana/instructions/-/instructions-5.5.1.tgz 0ms (cache hit)
4365 http cache @solana/errors@https://registry.npmjs.org/@solana/errors/-/errors-5.5.1.tgz 0ms (cache hit)
4366 http cache @solana/codecs@https://registry.npmjs.org/@solana/codecs/-/codecs-5.5.1.tgz 0ms (cache hit)
4367 http cache @solana/functional@https://registry.npmjs.org/@solana/functional/-/functional-5.5.1.tgz 0ms (cache hit)
4368 http cache @solana/accounts@https://registry.npmjs.org/@solana/accounts/-/accounts-5.5.1.tgz 0ms (cache hit)
4369 http cache @solana/addresses@https://registry.npmjs.org/@solana/addresses/-/addresses-5.5.1.tgz 0ms (cache hit)
4370 http cache @floating-ui/utils@https://registry.npmjs.org/@floating-ui/utils/-/utils-0.2.10.tgz 0ms (cache hit)
4371 http cache @radix-ui/react-use-effect-event@https://registry.npmjs.org/@radix-ui/react-use-effect-event/-/react-use-effect-event-0.0.2.tgz 0ms (cache hit)
4372 http cache @radix-ui/rect@https://registry.npmjs.org/@radix-ui/rect/-/rect-1.1.1.tgz 0ms (cache hit)
4373 http cache @floating-ui/core@https://registry.npmjs.org/@floating-ui/core/-/core-1.7.4.tgz 0ms (cache hit)
4374 http cache @floating-ui/dom@https://registry.npmjs.org/@floating-ui/dom/-/dom-1.7.5.tgz 0ms (cache hit)
4375 http cache @radix-ui/react-use-size@https://registry.npmjs.org/@radix-ui/react-use-size/-/react-use-size-1.1.1.tgz 0ms (cache hit)
4376 http cache @radix-ui/react-use-rect@https://registry.npmjs.org/@radix-ui/react-use-rect/-/react-use-rect-1.1.1.tgz 0ms (cache hit)
4377 http cache @radix-ui/react-visually-hidden@https://registry.npmjs.org/@radix-ui/react-visually-hidden/-/react-visually-hidden-1.2.3.tgz 0ms (cache hit)
4378 http cache @floating-ui/react-dom@https://registry.npmjs.org/@floating-ui/react-dom/-/react-dom-2.1.7.tgz 0ms (cache hit)
4379 http cache @radix-ui/react-arrow@https://registry.npmjs.org/@radix-ui/react-arrow/-/react-arrow-1.1.7.tgz 0ms (cache hit)
4380 http cache @radix-ui/react-popper@https://registry.npmjs.org/@radix-ui/react-popper/-/react-popper-1.2.7.tgz 0ms (cache hit)
4381 http cache @radix-ui/react-use-layout-effect@https://registry.npmjs.org/@radix-ui/react-use-layout-effect/-/react-use-layout-effect-1.1.1.tgz 0ms (cache hit)
4382 http cache @radix-ui/react-use-escape-keydown@https://registry.npmjs.org/@radix-ui/react-use-escape-keydown/-/react-use-escape-keydown-1.1.1.tgz 0ms (cache hit)
4383 http cache @radix-ui/react-use-callback-ref@https://registry.npmjs.org/@radix-ui/react-use-callback-ref/-/react-use-callback-ref-1.1.1.tgz 0ms (cache hit)
4384 http cache aria-hidden@https://registry.npmjs.org/aria-hidden/-/aria-hidden-1.2.6.tgz 0ms (cache hit)
4385 http cache react-remove-scroll@https://registry.npmjs.org/react-remove-scroll/-/react-remove-scroll-2.7.2.tgz 0ms (cache hit)
4386 http cache @radix-ui/react-use-controllable-state@https://registry.npmjs.org/@radix-ui/react-use-controllable-state/-/react-use-controllable-state-1.2.2.tgz 0ms (cache hit)
4387 http cache @radix-ui/react-slot@https://registry.npmjs.org/@radix-ui/react-slot/-/react-slot-1.2.3.tgz 0ms (cache hit)
4388 http cache @radix-ui/react-primitive@https://registry.npmjs.org/@radix-ui/react-primitive/-/react-primitive-2.1.3.tgz 0ms (cache hit)
4389 http cache @radix-ui/react-presence@https://registry.npmjs.org/@radix-ui/react-presence/-/react-presence-1.1.4.tgz 0ms (cache hit)
4390 http cache @radix-ui/react-portal@https://registry.npmjs.org/@radix-ui/react-portal/-/react-portal-1.1.9.tgz 0ms (cache hit)
4391 http cache @radix-ui/react-id@https://registry.npmjs.org/@radix-ui/react-id/-/react-id-1.1.1.tgz 0ms (cache hit)
4392 http cache @radix-ui/react-focus-guards@https://registry.npmjs.org/@radix-ui/react-focus-guards/-/react-focus-guards-1.1.2.tgz 0ms (cache hit)
4393 http cache @radix-ui/react-dismissable-layer@https://registry.npmjs.org/@radix-ui/react-dismissable-layer/-/react-dismissable-layer-1.1.10.tgz 0ms (cache hit)
4394 http cache @radix-ui/react-context@https://registry.npmjs.org/@radix-ui/react-context/-/react-context-1.1.2.tgz 0ms (cache hit)
4395 http cache @radix-ui/react-compose-refs@https://registry.npmjs.org/@radix-ui/react-compose-refs/-/react-compose-refs-1.1.2.tgz 0ms (cache hit)
4396 http cache @radix-ui/primitive@https://registry.npmjs.org/@radix-ui/primitive/-/primitive-1.1.2.tgz 0ms (cache hit)
4397 http cache @jridgewell/resolve-uri@https://registry.npmjs.org/@jridgewell/resolve-uri/-/resolve-uri-3.1.2.tgz 0ms (cache hit)
4398 http cache @jridgewell/sourcemap-codec@https://registry.npmjs.org/@jridgewell/sourcemap-codec/-/sourcemap-codec-1.5.5.tgz 0ms (cache hit)
4399 http cache @emotion/is-prop-valid@https://registry.npmjs.org/@emotion/is-prop-valid/-/is-prop-valid-1.4.0.tgz 0ms (cache hit)
4400 http cache csstype@https://registry.npmjs.org/csstype/-/csstype-3.2.3.tgz 0ms (cache hit)
4401 http cache @emotion/unitless@https://registry.npmjs.org/@emotion/unitless/-/unitless-0.10.0.tgz 0ms (cache hit)
4402 http cache @babel/helper-string-parser@https://registry.npmjs.org/@babel/helper-string-parser/-/helper-string-parser-7.27.1.tgz 0ms (cache hit)
4403 http cache @jridgewell/trace-mapping@https://registry.npmjs.org/@jridgewell/trace-mapping/-/trace-mapping-0.3.31.tgz 0ms (cache hit)
4404 http cache @jridgewell/gen-mapping@https://registry.npmjs.org/@jridgewell/gen-mapping/-/gen-mapping-0.3.13.tgz 0ms (cache hit)
4405 http cache @scure/bip39@https://registry.npmjs.org/@scure/bip39/-/bip39-1.6.0.tgz 0ms (cache hit)
4406 http cache picocolors@https://registry.npmjs.org/picocolors/-/picocolors-1.1.1.tgz 0ms (cache hit)
4407 http cache @emotion/sheet@https://registry.npmjs.org/@emotion/sheet/-/sheet-1.4.0.tgz 0ms (cache hit)
4408 http cache js-tokens@https://registry.npmjs.org/js-tokens/-/js-tokens-4.0.0.tgz 0ms (cache hit)
4409 http cache jsesc@https://registry.npmjs.org/jsesc/-/jsesc-3.1.0.tgz 0ms (cache hit)
4410 http cache @babel/helper-validator-identifier@https://registry.npmjs.org/@babel/helper-validator-identifier/-/helper-validator-identifier-7.28.5.tgz 0ms (cache hit)
4411 http cache debug@https://registry.npmjs.org/debug/-/debug-4.4.3.tgz 0ms (cache hit)
4412 http cache @babel/template@https://registry.npmjs.org/@babel/template/-/template-7.28.6.tgz 0ms (cache hit)
4413 http cache @babel/helper-globals@https://registry.npmjs.org/@babel/helper-globals/-/helper-globals-7.28.0.tgz 0ms (cache hit)
4414 http cache @babel/parser@https://registry.npmjs.org/@babel/parser/-/parser-7.29.0.tgz 0ms (cache hit)
4415 http cache @babel/code-frame@https://registry.npmjs.org/@babel/code-frame/-/code-frame-7.29.0.tgz 0ms (cache hit)
4416 http cache @babel/generator@https://registry.npmjs.org/@babel/generator/-/generator-7.29.1.tgz 0ms (cache hit)
4417 http cache @babel/types@https://registry.npmjs.org/@babel/types/-/types-7.29.0.tgz 0ms (cache hit)
4418 http cache @babel/traverse@https://registry.npmjs.org/@babel/traverse/-/traverse-7.29.0.tgz 0ms (cache hit)
4419 http cache source-map@https://registry.npmjs.org/source-map/-/source-map-0.5.7.tgz 0ms (cache hit)
4420 http cache stylis@https://registry.npmjs.org/stylis/-/stylis-4.2.0.tgz 0ms (cache hit)
4421 http cache find-root@https://registry.npmjs.org/find-root/-/find-root-1.1.0.tgz 0ms (cache hit)
4422 http cache escape-string-regexp@https://registry.npmjs.org/escape-string-regexp/-/escape-string-regexp-4.0.0.tgz 0ms (cache hit)
4423 http cache convert-source-map@https://registry.npmjs.org/convert-source-map/-/convert-source-map-1.9.0.tgz 0ms (cache hit)
4424 http cache babel-plugin-macros@https://registry.npmjs.org/babel-plugin-macros/-/babel-plugin-macros-3.1.0.tgz 0ms (cache hit)
4425 http cache @emotion/memoize@https://registry.npmjs.org/@emotion/memoize/-/memoize-0.9.0.tgz 0ms (cache hit)
4426 http cache @emotion/hash@https://registry.npmjs.org/@emotion/hash/-/hash-0.9.2.tgz 0ms (cache hit)
4427 http cache @babel/helper-module-imports@https://registry.npmjs.org/@babel/helper-module-imports/-/helper-module-imports-7.28.6.tgz 0ms (cache hit)
4428 http cache @emotion/weak-memoize@https://registry.npmjs.org/@emotion/weak-memoize/-/weak-memoize-0.4.0.tgz 0ms (cache hit)
4429 http cache @emotion/utils@https://registry.npmjs.org/@emotion/utils/-/utils-1.4.2.tgz 0ms (cache hit)
4430 http cache @emotion/use-insertion-effect-with-fallbacks@https://registry.npmjs.org/@emotion/use-insertion-effect-with-fallbacks/-/use-insertion-effect-with-fallbacks-1.2.0.tgz 0ms (cache hit)
4431 http cache @emotion/serialize@https://registry.npmjs.org/@emotion/serialize/-/serialize-1.3.3.tgz 0ms (cache hit)
4432 http cache hoist-non-react-statics@https://registry.npmjs.org/hoist-non-react-statics/-/hoist-non-react-statics-3.3.2.tgz 0ms (cache hit)
4433 http cache @emotion/cache@https://registry.npmjs.org/@emotion/cache/-/cache-11.14.0.tgz 0ms (cache hit)
4434 http cache @emotion/babel-plugin@https://registry.npmjs.org/@emotion/babel-plugin/-/babel-plugin-11.13.5.tgz 0ms (cache hit)
4435 http cache uncrypto@https://registry.npmjs.org/uncrypto/-/uncrypto-0.1.3.tgz 0ms (cache hit)
4436 http cache @babel/runtime@https://registry.npmjs.org/@babel/runtime/-/runtime-7.28.6.tgz 0ms (cache hit)
4437 http cache md5@https://registry.npmjs.org/md5/-/md5-2.3.0.tgz 0ms (cache hit)
4438 http cache axios-retry@https://registry.npmjs.org/axios-retry/-/axios-retry-4.5.0.tgz 0ms (cache hit)
4439 http cache axios@https://registry.npmjs.org/axios/-/axios-1.13.4.tgz 0ms (cache hit)
4440 http cache @solana/web3.js@https://registry.npmjs.org/@solana/web3.js/-/web3.js-1.98.4.tgz 0ms (cache hit)
4441 http cache jose@https://registry.npmjs.org/jose/-/jose-6.1.3.tgz 0ms (cache hit)
4442 http cache @solana-program/token@https://registry.npmjs.org/@solana-program/token/-/token-0.9.0.tgz 0ms (cache hit)
4443 http cache @solana/kit@https://registry.npmjs.org/@solana/kit/-/kit-5.5.1.tgz 0ms (cache hit)
4444 http cache zustand@https://registry.npmjs.org/zustand/-/zustand-5.0.3.tgz 0ms (cache hit)
4445 http cache preact@https://registry.npmjs.org/preact/-/preact-10.24.2.tgz 0ms (cache hit)
4446 http cache eventemitter3@https://registry.npmjs.org/eventemitter3/-/eventemitter3-5.0.1.tgz 0ms (cache hit)
4447 http cache idb-keyval@https://registry.npmjs.org/idb-keyval/-/idb-keyval-6.2.1.tgz 0ms (cache hit)
4448 http cache clsx@https://registry.npmjs.org/clsx/-/clsx-1.2.1.tgz 0ms (cache hit)
4449 http cache brotli-wasm@https://registry.npmjs.org/brotli-wasm/-/brotli-wasm-3.0.1.tgz 0ms (cache hit)
4450 http cache @solana-program/system@https://registry.npmjs.org/@solana-program/system/-/system-0.10.0.tgz 0ms (cache hit)
4451 http cache @coinbase/cdp-sdk@https://registry.npmjs.org/@coinbase/cdp-sdk/-/cdp-sdk-1.44.0.tgz 0ms (cache hit)
4452 http cache x402@https://registry.npmjs.org/x402/-/x402-0.7.0.tgz 0ms (cache hit)
4453 http cache zod@https://registry.npmjs.org/zod/-/zod-3.25.75.tgz 0ms (cache hit)
4454 http cache toml@https://registry.npmjs.org/toml/-/toml-3.0.0.tgz 0ms (cache hit)
4455 http cache viem@https://registry.npmjs.org/viem/-/viem-2.39.0.tgz 0ms (cache hit)
4456 http cache qrcode@https://registry.npmjs.org/qrcode/-/qrcode-1.5.3.tgz 0ms (cache hit)
4457 http cache uqr@https://registry.npmjs.org/uqr/-/uqr-0.1.2.tgz 0ms (cache hit)
4458 http cache prompts@https://registry.npmjs.org/prompts/-/prompts-2.4.2.tgz 0ms (cache hit)
4459 http cache ox@https://registry.npmjs.org/ox/-/ox-0.7.0.tgz 0ms (cache hit)
4460 http cache open@https://registry.npmjs.org/open/-/open-10.1.1.tgz 0ms (cache hit)
4461 http cache ora@https://registry.npmjs.org/ora/-/ora-8.2.0.tgz 0ms (cache hit)
4462 http cache mipd@https://registry.npmjs.org/mipd/-/mipd-0.0.7.tgz 0ms (cache hit)
4463 http cache input-otp@https://registry.npmjs.org/input-otp/-/input-otp-1.4.2.tgz 0ms (cache hit)
4464 http cache fuse.js@https://registry.npmjs.org/fuse.js/-/fuse.js-7.1.0.tgz 0ms (cache hit)
4465 http cache cross-spawn@https://registry.npmjs.org/cross-spawn/-/cross-spawn-7.0.6.tgz 0ms (cache hit)
4466 http cache abitype@https://registry.npmjs.org/abitype/-/abitype-1.0.8.tgz 0ms (cache hit)
4467 http cache @walletconnect/universal-provider@https://registry.npmjs.org/@walletconnect/universal-provider/-/universal-provider-2.21.8.tgz 0ms (cache hit)
4468 http cache @walletconnect/sign-client@https://registry.npmjs.org/@walletconnect/sign-client/-/sign-client-2.21.8.tgz 0ms (cache hit)
4469 http cache @thirdweb-dev/insight@https://registry.npmjs.org/@thirdweb-dev/insight/-/insight-1.1.1.tgz 0ms (cache hit)
4470 http cache @thirdweb-dev/engine@https://registry.npmjs.org/@thirdweb-dev/engine/-/engine-3.4.0.tgz 0ms (cache hit)
4471 http cache @tanstack/react-query@https://registry.npmjs.org/@tanstack/react-query/-/react-query-5.81.5.tgz 0ms (cache hit)
4472 http cache @radix-ui/react-icons@https://registry.npmjs.org/@radix-ui/react-icons/-/react-icons-1.3.2.tgz 0ms (cache hit)
4473 http cache @radix-ui/react-tooltip@https://registry.npmjs.org/@radix-ui/react-tooltip/-/react-tooltip-1.2.7.tgz 0ms (cache hit)
4474 http cache react-dom@https://registry.npmjs.org/react-dom/-/react-dom-19.2.4.tgz 0ms (cache hit)
4475 http cache @radix-ui/react-focus-scope@https://registry.npmjs.org/@radix-ui/react-focus-scope/-/react-focus-scope-1.1.7.tgz 0ms (cache hit)
4476 http cache @radix-ui/react-dialog@https://registry.npmjs.org/@radix-ui/react-dialog/-/react-dialog-1.1.14.tgz 0ms (cache hit)
4477 http cache @passwordless-id/webauthn@https://registry.npmjs.org/@passwordless-id/webauthn/-/webauthn-2.3.1.tgz 0ms (cache hit)
4478 http cache @noble/hashes@https://registry.npmjs.org/@noble/hashes/-/hashes-1.7.2.tgz 0ms (cache hit)
4479 http cache @noble/curves@https://registry.npmjs.org/@noble/curves/-/curves-1.8.2.tgz 0ms (cache hit)
4480 http cache react@https://registry.npmjs.org/react/-/react-19.2.4.tgz 0ms (cache hit)
4481 http cache @emotion/styled@https://registry.npmjs.org/@emotion/styled/-/styled-11.14.1.tgz 0ms (cache hit)
4482 http cache @emotion/react@https://registry.npmjs.org/@emotion/react/-/react-11.14.0.tgz 0ms (cache hit)
4483 http cache @coinbase/wallet-sdk@https://registry.npmjs.org/@coinbase/wallet-sdk/-/wallet-sdk-4.3.0.tgz 0ms (cache hit)
4484 http cache thirdweb@https://registry.npmjs.org/thirdweb/-/thirdweb-5.118.1.tgz 0ms (cache hit)
4485 http cache @base-org/account@https://registry.npmjs.org/@base-org/account/-/account-2.5.0.tgz 0ms (cache hit)
4486 http cache ansi-regex@https://registry.npmjs.org/ansi-regex/-/ansi-regex-5.0.1.tgz 0ms (cache hit)
4487 http cache string-width@https://registry.npmjs.org/string-width/-/string-width-4.2.3.tgz 0ms (cache hit)
4488 http cache emoji-regex@https://registry.npmjs.org/emoji-regex/-/emoji-regex-8.0.0.tgz 0ms (cache hit)
4489 http cache strip-ansi@https://registry.npmjs.org/strip-ansi/-/strip-ansi-6.0.1.tgz 0ms (cache hit)
4490 http cache strip-ansi@https://registry.npmjs.org/strip-ansi/-/strip-ansi-6.0.1.tgz 0ms (cache hit)
4491 http cache ansi-regex@https://registry.npmjs.org/ansi-regex/-/ansi-regex-5.0.1.tgz 0ms (cache hit)
4492 http cache emoji-regex@https://registry.npmjs.org/emoji-regex/-/emoji-regex-8.0.0.tgz 0ms (cache hit)
4493 http cache string-width@https://registry.npmjs.org/string-width/-/string-width-4.2.3.tgz 0ms (cache hit)
4494 http cache ws@https://registry.npmjs.org/ws/-/ws-8.18.3.tgz 0ms (cache hit)
4495 http cache tslib@https://registry.npmjs.org/tslib/-/tslib-2.8.1.tgz 0ms (cache hit)
4496 http cache @metamask/safe-event-emitter@https://registry.npmjs.org/@metamask/safe-event-emitter/-/safe-event-emitter-2.0.0.tgz 0ms (cache hit)
4497 http cache superstruct@https://registry.npmjs.org/superstruct/-/superstruct-1.0.4.tgz 0ms (cache hit)
4498 http cache uuid@https://registry.npmjs.org/uuid/-/uuid-9.0.1.tgz 0ms (cache hit)
4499 http cache @metamask/rpc-errors@https://registry.npmjs.org/@metamask/rpc-errors/-/rpc-errors-6.4.0.tgz 0ms (cache hit)
4500 http cache @metamask/utils@https://registry.npmjs.org/@metamask/utils/-/utils-9.3.0.tgz 0ms (cache hit)
4501 http cache @metamask/json-rpc-engine@https://registry.npmjs.org/@metamask/json-rpc-engine/-/json-rpc-engine-7.3.3.tgz 0ms (cache hit)
4502 http cache @metamask/utils@https://registry.npmjs.org/@metamask/utils/-/utils-8.5.0.tgz 0ms (cache hit)
4503 http cache @metamask/utils@https://registry.npmjs.org/@metamask/utils/-/utils-5.0.2.tgz 0ms (cache hit)
4504 http cache pify@https://registry.npmjs.org/pify/-/pify-5.0.0.tgz 0ms (cache hit)
4505 http cache @metamask/utils@https://registry.npmjs.org/@metamask/utils/-/utils-5.0.2.tgz 0ms (cache hit)
4506 http cache superstruct@https://registry.npmjs.org/superstruct/-/superstruct-1.0.4.tgz 0ms (cache hit)
4507 http cache use-sync-external-store@https://registry.npmjs.org/use-sync-external-store/-/use-sync-external-store-1.2.0.tgz 0ms (cache hit)
4508 http cache zod@https://registry.npmjs.org/zod/-/zod-3.22.4.tgz 0ms (cache hit)
4509 http cache ox@https://registry.npmjs.org/ox/-/ox-0.6.7.tgz 0ms (cache hit)
4510 http cache ws@https://registry.npmjs.org/ws/-/ws-8.18.0.tgz 0ms (cache hit)
4511 http cache isows@https://registry.npmjs.org/isows/-/isows-1.0.6.tgz 0ms (cache hit)
4512 http cache @scure/bip32@https://registry.npmjs.org/@scure/bip32/-/bip32-1.6.2.tgz 0ms (cache hit)
4513 http cache @scure/bip39@https://registry.npmjs.org/@scure/bip39/-/bip39-1.5.4.tgz 0ms (cache hit)
4514 http cache bs58@https://registry.npmjs.org/bs58/-/bs58-6.0.0.tgz 0ms (cache hit)
4515 http cache @noble/hashes@https://registry.npmjs.org/@noble/hashes/-/hashes-1.7.1.tgz 0ms (cache hit)
4516 http cache @noble/curves@https://registry.npmjs.org/@noble/curves/-/curves-1.8.1.tgz 0ms (cache hit)
4517 http cache @noble/ciphers@https://registry.npmjs.org/@noble/ciphers/-/ciphers-1.2.1.tgz 0ms (cache hit)
4518 http cache @walletconnect/core@https://registry.npmjs.org/@walletconnect/core/-/core-2.21.0.tgz 0ms (cache hit)
4519 http cache es-toolkit@https://registry.npmjs.org/es-toolkit/-/es-toolkit-1.33.0.tgz 0ms (cache hit)
4520 http cache @walletconnect/utils@https://registry.npmjs.org/@walletconnect/utils/-/utils-2.21.0.tgz 0ms (cache hit)
4521 http cache viem@https://registry.npmjs.org/viem/-/viem-2.23.2.tgz 0ms (cache hit)
4522 http cache uint8arrays@https://registry.npmjs.org/uint8arrays/-/uint8arrays-3.1.0.tgz 0ms (cache hit)
4523 http cache @walletconnect/sign-client@https://registry.npmjs.org/@walletconnect/sign-client/-/sign-client-2.21.0.tgz 0ms (cache hit)
4524 http cache @walletconnect/types@https://registry.npmjs.org/@walletconnect/types/-/types-2.21.0.tgz 0ms (cache hit)
4525 http cache @solana/buffer-layout@https://registry.npmjs.org/@solana/buffer-layout/-/buffer-layout-4.0.1.tgz 0ms (cache hit)
4526 http cache ox@https://registry.npmjs.org/ox/-/ox-0.6.7.tgz 0ms (cache hit)
4527 http cache isows@https://registry.npmjs.org/isows/-/isows-1.0.6.tgz 0ms (cache hit)
4528 http cache @scure/bip39@https://registry.npmjs.org/@scure/bip39/-/bip39-1.5.4.tgz 0ms (cache hit)
4529 http cache @scure/bip32@https://registry.npmjs.org/@scure/bip32/-/bip32-1.6.2.tgz 0ms (cache hit)
4530 http cache base-x@https://registry.npmjs.org/base-x/-/base-x-5.0.1.tgz 0ms (cache hit)
4531 http cache bs58@https://registry.npmjs.org/bs58/-/bs58-6.0.0.tgz 0ms (cache hit)
4532 http cache @noble/hashes@https://registry.npmjs.org/@noble/hashes/-/hashes-1.7.1.tgz 0ms (cache hit)
4533 http cache @noble/ciphers@https://registry.npmjs.org/@noble/ciphers/-/ciphers-1.2.1.tgz 0ms (cache hit)
4534 http cache @noble/curves@https://registry.npmjs.org/@noble/curves/-/curves-1.8.1.tgz 0ms (cache hit)
4535 http cache uint8arrays@https://registry.npmjs.org/uint8arrays/-/uint8arrays-3.1.0.tgz 0ms (cache hit)
4536 http cache @walletconnect/core@https://registry.npmjs.org/@walletconnect/core/-/core-2.21.0.tgz 0ms (cache hit)
4537 http cache es-toolkit@https://registry.npmjs.org/es-toolkit/-/es-toolkit-1.33.0.tgz 0ms (cache hit)
4538 http cache dayjs@https://registry.npmjs.org/dayjs/-/dayjs-1.11.13.tgz 0ms (cache hit)
4539 http cache @walletconnect/types@https://registry.npmjs.org/@walletconnect/types/-/types-2.21.0.tgz 0ms (cache hit)
4540 http cache viem@https://registry.npmjs.org/viem/-/viem-2.23.2.tgz 0ms (cache hit)
4541 http cache @walletconnect/sign-client@https://registry.npmjs.org/@walletconnect/sign-client/-/sign-client-2.21.0.tgz 0ms (cache hit)
4542 http cache @walletconnect/universal-provider@https://registry.npmjs.org/@walletconnect/universal-provider/-/universal-provider-2.21.0.tgz 0ms (cache hit)
4543 http cache ws@https://registry.npmjs.org/ws/-/ws-8.18.0.tgz 0ms (cache hit)
4544 http cache ox@https://registry.npmjs.org/ox/-/ox-0.6.7.tgz 0ms (cache hit)
4545 http cache isows@https://registry.npmjs.org/isows/-/isows-1.0.6.tgz 0ms (cache hit)
4546 http cache @scure/bip39@https://registry.npmjs.org/@scure/bip39/-/bip39-1.5.4.tgz 0ms (cache hit)
4547 http cache @scure/bip32@https://registry.npmjs.org/@scure/bip32/-/bip32-1.6.2.tgz 0ms (cache hit)
4548 http cache base-x@https://registry.npmjs.org/base-x/-/base-x-5.0.1.tgz 0ms (cache hit)
4549 http cache @noble/curves@https://registry.npmjs.org/@noble/curves/-/curves-1.8.1.tgz 0ms (cache hit)
4550 http cache @noble/hashes@https://registry.npmjs.org/@noble/hashes/-/hashes-1.7.1.tgz 0ms (cache hit)
4551 http cache @noble/ciphers@https://registry.npmjs.org/@noble/ciphers/-/ciphers-1.2.1.tgz 0ms (cache hit)
4552 http cache uint8arrays@https://registry.npmjs.org/uint8arrays/-/uint8arrays-3.1.0.tgz 0ms (cache hit)
4553 http cache @walletconnect/core@https://registry.npmjs.org/@walletconnect/core/-/core-2.21.0.tgz 0ms (cache hit)
4554 http cache es-toolkit@https://registry.npmjs.org/es-toolkit/-/es-toolkit-1.33.0.tgz 0ms (cache hit)
4555 http cache viem@https://registry.npmjs.org/viem/-/viem-2.23.2.tgz 0ms (cache hit)
4556 http cache @walletconnect/sign-client@https://registry.npmjs.org/@walletconnect/sign-client/-/sign-client-2.21.0.tgz 0ms (cache hit)
4557 http cache @walletconnect/universal-provider@https://registry.npmjs.org/@walletconnect/universal-provider/-/universal-provider-2.21.0.tgz 0ms (cache hit)
4558 http cache bs58@https://registry.npmjs.org/bs58/-/bs58-6.0.0.tgz 0ms (cache hit)
4559 http cache @walletconnect/types@https://registry.npmjs.org/@walletconnect/types/-/types-2.21.0.tgz 0ms (cache hit)
4560 http cache @walletconnect/utils@https://registry.npmjs.org/@walletconnect/utils/-/utils-2.21.0.tgz 0ms (cache hit)
4561 http cache @scure/bip32@https://registry.npmjs.org/@scure/bip32/-/bip32-1.4.0.tgz 0ms (cache hit)
4562 http cache @scure/base@https://registry.npmjs.org/@scure/base/-/base-1.1.9.tgz 0ms (cache hit)
4563 http cache @noble/hashes@https://registry.npmjs.org/@noble/hashes/-/hashes-1.4.0.tgz 0ms (cache hit)
4564 http cache @noble/curves@https://registry.npmjs.org/@noble/curves/-/curves-1.4.2.tgz 0ms (cache hit)
4565 http cache uuid@https://registry.npmjs.org/uuid/-/uuid-9.0.1.tgz 0ms (cache hit)
4566 http cache @metamask/utils@https://registry.npmjs.org/@metamask/utils/-/utils-8.5.0.tgz 0ms (cache hit)
4567 http cache @metamask/rpc-errors@https://registry.npmjs.org/@metamask/rpc-errors/-/rpc-errors-6.4.0.tgz 0ms (cache hit)
4568 http cache @metamask/utils@https://registry.npmjs.org/@metamask/utils/-/utils-8.5.0.tgz 0ms (cache hit)
4569 http cache string_decoder@https://registry.npmjs.org/string_decoder/-/string_decoder-1.1.1.tgz 0ms (cache hit)
4570 http cache @metamask/utils@https://registry.npmjs.org/@metamask/utils/-/utils-9.3.0.tgz 0ms (cache hit)
4571 http cache safe-buffer@https://registry.npmjs.org/safe-buffer/-/safe-buffer-5.1.2.tgz 0ms (cache hit)
4572 http cache readable-stream@https://registry.npmjs.org/readable-stream/-/readable-stream-2.3.8.tgz 0ms (cache hit)
4573 http cache isarray@https://registry.npmjs.org/isarray/-/isarray-1.0.0.tgz 0ms (cache hit)
4574 http cache @noble/hashes@https://registry.npmjs.org/@noble/hashes/-/hashes-1.8.0.tgz 0ms (cache hit)
4575 http cache @noble/curves@https://registry.npmjs.org/@noble/curves/-/curves-1.9.7.tgz 0ms (cache hit)
4576 http cache uuid@https://registry.npmjs.org/uuid/-/uuid-9.0.1.tgz 0ms (cache hit)
4577 http cache @metamask/utils@https://registry.npmjs.org/@metamask/utils/-/utils-8.5.0.tgz 0ms (cache hit)
4578 http cache @metamask/rpc-errors@https://registry.npmjs.org/@metamask/rpc-errors/-/rpc-errors-6.4.0.tgz 0ms (cache hit)
4579 http cache @scure/bip39@https://registry.npmjs.org/@scure/bip39/-/bip39-1.3.0.tgz 0ms (cache hit)
4580 http cache @metamask/utils@https://registry.npmjs.org/@metamask/utils/-/utils-9.3.0.tgz 0ms (cache hit)
4581 http cache base-x@https://registry.npmjs.org/base-x/-/base-x-5.0.1.tgz 0ms (cache hit)
4582 http cache uuid@https://registry.npmjs.org/uuid/-/uuid-9.0.1.tgz 0ms (cache hit)
4583 http cache abitype@https://registry.npmjs.org/abitype/-/abitype-1.2.3.tgz 0ms (cache hit)
4584 http cache @noble/hashes@https://registry.npmjs.org/@noble/hashes/-/hashes-1.8.0.tgz 0ms (cache hit)
4585 http cache @noble/curves@https://registry.npmjs.org/@noble/curves/-/curves-1.9.1.tgz 0ms (cache hit)
4586 http cache uuid@https://registry.npmjs.org/uuid/-/uuid-9.0.1.tgz 0ms (cache hit)
4587 http cache zod@https://registry.npmjs.org/zod/-/zod-4.3.6.tgz 0ms (cache hit)
4588 http cache ox@https://registry.npmjs.org/ox/-/ox-0.9.17.tgz 0ms (cache hit)
4589 http cache ws@https://registry.npmjs.org/ws/-/ws-8.18.0.tgz 0ms (cache hit)
4590 http cache ox@https://registry.npmjs.org/ox/-/ox-0.6.7.tgz 0ms (cache hit)
4591 http cache @scure/bip39@https://registry.npmjs.org/@scure/bip39/-/bip39-1.5.4.tgz 0ms (cache hit)
4592 http cache @scure/bip32@https://registry.npmjs.org/@scure/bip32/-/bip32-1.6.2.tgz 0ms (cache hit)
4593 http cache viem@https://registry.npmjs.org/viem/-/viem-2.23.2.tgz 0ms (cache hit)
4594 http cache base-x@https://registry.npmjs.org/base-x/-/base-x-5.0.1.tgz 0ms (cache hit)
4595 http cache isows@https://registry.npmjs.org/isows/-/isows-1.0.6.tgz 0ms (cache hit)
4596 http cache bs58@https://registry.npmjs.org/bs58/-/bs58-6.0.0.tgz 0ms (cache hit)
4597 http cache uint8arrays@https://registry.npmjs.org/uint8arrays/-/uint8arrays-3.1.0.tgz 0ms (cache hit)
4598 http cache @noble/curves@https://registry.npmjs.org/@noble/curves/-/curves-1.8.1.tgz 0ms (cache hit)
4599 http cache @noble/ciphers@https://registry.npmjs.org/@noble/ciphers/-/ciphers-1.2.1.tgz 0ms (cache hit)
4600 http cache @noble/hashes@https://registry.npmjs.org/@noble/hashes/-/hashes-1.7.1.tgz 0ms (cache hit)
4601 http cache es-toolkit@https://registry.npmjs.org/es-toolkit/-/es-toolkit-1.33.0.tgz 0ms (cache hit)
4602 http cache @walletconnect/core@https://registry.npmjs.org/@walletconnect/core/-/core-2.21.1.tgz 0ms (cache hit)
4603 http cache @walletconnect/universal-provider@https://registry.npmjs.org/@walletconnect/universal-provider/-/universal-provider-2.21.1.tgz 0ms (cache hit)
4604 http cache @walletconnect/utils@https://registry.npmjs.org/@walletconnect/utils/-/utils-2.21.1.tgz 0ms (cache hit)
4605 http cache @walletconnect/types@https://registry.npmjs.org/@walletconnect/types/-/types-2.21.1.tgz 0ms (cache hit)
4606 http cache @walletconnect/sign-client@https://registry.npmjs.org/@walletconnect/sign-client/-/sign-client-2.21.1.tgz 0ms (cache hit)
4607 http cache debug@https://registry.npmjs.org/debug/-/debug-4.3.4.tgz 0ms (cache hit)
4608 http cache tslib@https://registry.npmjs.org/tslib/-/tslib-2.8.1.tgz 0ms (cache hit)
4609 http cache cross-fetch@https://registry.npmjs.org/cross-fetch/-/cross-fetch-4.1.0.tgz 0ms (cache hit)
4610 http cache @metamask/sdk-communication-layer@https://registry.npmjs.org/@metamask/sdk-communication-layer/-/sdk-communication-layer-0.33.1.tgz 0ms (cache hit)
4611 http cache zustand@https://registry.npmjs.org/zustand/-/zustand-5.0.0.tgz 0ms (cache hit)
4612 http cache ox@https://registry.npmjs.org/ox/-/ox-0.6.9.tgz 0ms (cache hit)
4613 http cache @noble/hashes@https://registry.npmjs.org/@noble/hashes/-/hashes-1.4.0.tgz 0ms (cache hit)
4614 http cache @noble/hashes@https://registry.npmjs.org/@noble/hashes/-/hashes-1.8.0.tgz 0ms (cache hit)
4615 http cache @base-org/account@https://registry.npmjs.org/@base-org/account/-/account-2.4.0.tgz 0ms (cache hit)
4616 http cache @coinbase/wallet-sdk@https://registry.npmjs.org/@coinbase/wallet-sdk/-/wallet-sdk-4.3.6.tgz 0ms (cache hit)
4617 http cache tslib@https://registry.npmjs.org/tslib/-/tslib-2.8.1.tgz 0ms (cache hit)
4618 http cache tslib@https://registry.npmjs.org/tslib/-/tslib-2.8.1.tgz 0ms (cache hit)
4619 http cache tslib@https://registry.npmjs.org/tslib/-/tslib-2.8.1.tgz 0ms (cache hit)
4620 http cache tslib@https://registry.npmjs.org/tslib/-/tslib-2.8.1.tgz 0ms (cache hit)
4621 http cache ansi-regex@https://registry.npmjs.org/ansi-regex/-/ansi-regex-5.0.1.tgz 0ms (cache hit)
4622 http cache @walletconnect/universal-provider@https://registry.npmjs.org/@walletconnect/universal-provider/-/universal-provider-2.21.0.tgz 1ms (cache hit)
4623 http cache strip-ansi@https://registry.npmjs.org/strip-ansi/-/strip-ansi-6.0.1.tgz 0ms (cache hit)
4624 http cache emoji-regex@https://registry.npmjs.org/emoji-regex/-/emoji-regex-8.0.0.tgz 0ms (cache hit)
4625 http cache @noble/hashes@https://registry.npmjs.org/@noble/hashes/-/hashes-1.8.0.tgz 0ms (cache hit)
4626 http cache @walletconnect/utils@https://registry.npmjs.org/@walletconnect/utils/-/utils-2.21.0.tgz 0ms (cache hit)
4627 http cache @noble/hashes@https://registry.npmjs.org/@noble/hashes/-/hashes-1.8.0.tgz 0ms (cache hit)
4628 http cache @noble/curves@https://registry.npmjs.org/@noble/curves/-/curves-1.9.7.tgz 0ms (cache hit)
4629 http cache is-unicode-supported@https://registry.npmjs.org/is-unicode-supported/-/is-unicode-supported-1.3.0.tgz 0ms (cache hit)
4630 http cache @noble/hashes@https://registry.npmjs.org/@noble/hashes/-/hashes-1.7.0.tgz 0ms (cache hit)
4631 http cache citty@https://registry.npmjs.org/citty/-/citty-0.2.0.tgz 0ms (cache hit)
4632 http cache @noble/curves@https://registry.npmjs.org/@noble/curves/-/curves-1.8.0.tgz 0ms (cache hit)
4633 http cache ws@https://registry.npmjs.org/ws/-/ws-7.5.10.tgz 0ms (cache hit)
4634 http cache ws@https://registry.npmjs.org/ws/-/ws-8.18.2.tgz 0ms (cache hit)
4635 http cache ox@https://registry.npmjs.org/ox/-/ox-0.7.1.tgz 0ms (cache hit)
4636 http cache viem@https://registry.npmjs.org/viem/-/viem-2.31.0.tgz 0ms (cache hit)
4637 http cache base-x@https://registry.npmjs.org/base-x/-/base-x-5.0.1.tgz 0ms (cache hit)
4638 http cache bs58@https://registry.npmjs.org/bs58/-/bs58-6.0.0.tgz 0ms (cache hit)
4639 http cache @noble/curves@https://registry.npmjs.org/@noble/curves/-/curves-1.9.1.tgz 0ms (cache hit)
4640 http cache @noble/hashes@https://registry.npmjs.org/@noble/hashes/-/hashes-1.8.0.tgz 0ms (cache hit)
4641 http cache @noble/curves@https://registry.npmjs.org/@noble/curves/-/curves-1.9.2.tgz 0ms (cache hit)
4642 http cache tslib@https://registry.npmjs.org/tslib/-/tslib-2.8.1.tgz 0ms (cache hit)
4643 http cache open@https://registry.npmjs.org/open/-/open-11.0.0.tgz 0ms (cache hit)
4644 http cache commander@https://registry.npmjs.org/commander/-/commander-14.0.3.tgz 0ms (cache hit)
4645 http cache ws@https://registry.npmjs.org/ws/-/ws-7.5.10.tgz 0ms (cache hit)
4646 http cache @types/ws@https://registry.npmjs.org/@types/ws/-/ws-8.18.1.tgz 0ms (cache hit)
4647 http cache commander@https://registry.npmjs.org/commander/-/commander-2.20.3.tgz 0ms (cache hit)
4648 http cache tslib@https://registry.npmjs.org/tslib/-/tslib-2.8.1.tgz 0ms (cache hit)
4649 http cache tslib@https://registry.npmjs.org/tslib/-/tslib-2.8.1.tgz 0ms (cache hit)
4650 http cache @solana/errors@https://registry.npmjs.org/@solana/errors/-/errors-2.3.0.tgz 0ms (cache hit)
4651 http cache @solana/codecs-core@https://registry.npmjs.org/@solana/codecs-core/-/codecs-core-2.3.0.tgz 0ms (cache hit)
4652 http cache @solana/codecs-numbers@https://registry.npmjs.org/@solana/codecs-numbers/-/codecs-numbers-2.3.0.tgz 0ms (cache hit)
4653 http cache abitype@https://registry.npmjs.org/abitype/-/abitype-1.0.6.tgz 0ms (cache hit)
4654 http cache @solana/rpc-subscriptions-spec@https://registry.npmjs.org/@solana/rpc-subscriptions-spec/-/rpc-subscriptions-spec-2.3.0.tgz 0ms (cache hit)
4655 http cache @solana/promises@https://registry.npmjs.org/@solana/promises/-/promises-2.3.0.tgz 0ms (cache hit)
4656 http cache @solana/rpc-subscriptions-channel-websocket@https://registry.npmjs.org/@solana/rpc-subscriptions-channel-websocket/-/rpc-subscriptions-channel-websocket-2.3.0.tgz 0ms (cache hit)
4657 http cache @solana/rpc-transformers@https://registry.npmjs.org/@solana/rpc-transformers/-/rpc-transformers-2.3.0.tgz 0ms (cache hit)
4658 http cache @solana/rpc-subscriptions-api@https://registry.npmjs.org/@solana/rpc-subscriptions-api/-/rpc-subscriptions-api-2.3.0.tgz 0ms (cache hit)
4659 http cache @solana/rpc-transport-http@https://registry.npmjs.org/@solana/rpc-transport-http/-/rpc-transport-http-2.3.0.tgz 0ms (cache hit)
4660 http cache ms@https://registry.npmjs.org/ms/-/ms-2.1.2.tgz 0ms (cache hit)
4661 http cache @solana/fast-stable-stringify@https://registry.npmjs.org/@solana/fast-stable-stringify/-/fast-stable-stringify-2.3.0.tgz 0ms (cache hit)
4662 http cache @solana/rpc-api@https://registry.npmjs.org/@solana/rpc-api/-/rpc-api-2.3.0.tgz 0ms (cache hit)
4663 http cache @solana/nominal-types@https://registry.npmjs.org/@solana/nominal-types/-/nominal-types-2.3.0.tgz 0ms (cache hit)
4664 http cache @solana/options@https://registry.npmjs.org/@solana/options/-/options-2.3.0.tgz 0ms (cache hit)
4665 http cache @solana/codecs-data-structures@https://registry.npmjs.org/@solana/codecs-data-structures/-/codecs-data-structures-2.3.0.tgz 0ms (cache hit)
4666 http cache @solana/rpc-spec@https://registry.npmjs.org/@solana/rpc-spec/-/rpc-spec-2.3.0.tgz 0ms (cache hit)
4667 http cache @solana/codecs-numbers@https://registry.npmjs.org/@solana/codecs-numbers/-/codecs-numbers-2.3.0.tgz 0ms (cache hit)
4668 http cache @solana/assertions@https://registry.npmjs.org/@solana/assertions/-/assertions-2.3.0.tgz 0ms (cache hit)
4669 http cache @solana/codecs-core@https://registry.npmjs.org/@solana/codecs-core/-/codecs-core-2.3.0.tgz 0ms (cache hit)
4670 http cache @solana/codecs-strings@https://registry.npmjs.org/@solana/codecs-strings/-/codecs-strings-2.3.0.tgz 0ms (cache hit)
4671 http cache @solana/transaction-messages@https://registry.npmjs.org/@solana/transaction-messages/-/transaction-messages-2.3.0.tgz 0ms (cache hit)
4672 http cache @solana/transactions@https://registry.npmjs.org/@solana/transactions/-/transactions-2.3.0.tgz 0ms (cache hit)
4673 http cache @solana/rpc-subscriptions@https://registry.npmjs.org/@solana/rpc-subscriptions/-/rpc-subscriptions-2.3.0.tgz 1ms (cache hit)
4674 http cache @solana/rpc-types@https://registry.npmjs.org/@solana/rpc-types/-/rpc-types-2.3.0.tgz 0ms (cache hit)
4675 http cache @solana/rpc-parsed-types@https://registry.npmjs.org/@solana/rpc-parsed-types/-/rpc-parsed-types-2.3.0.tgz 0ms (cache hit)
4676 http cache @solana/signers@https://registry.npmjs.org/@solana/signers/-/signers-2.3.0.tgz 0ms (cache hit)
4677 http cache @solana/rpc-spec-types@https://registry.npmjs.org/@solana/rpc-spec-types/-/rpc-spec-types-2.3.0.tgz 0ms (cache hit)
4678 http cache @solana/rpc@https://registry.npmjs.org/@solana/rpc/-/rpc-2.3.0.tgz 0ms (cache hit)
4679 http cache @solana/programs@https://registry.npmjs.org/@solana/programs/-/programs-2.3.0.tgz 0ms (cache hit)
4680 http cache @solana/instructions@https://registry.npmjs.org/@solana/instructions/-/instructions-2.3.0.tgz 0ms (cache hit)
4681 http cache @solana/keys@https://registry.npmjs.org/@solana/keys/-/keys-2.3.0.tgz 0ms (cache hit)
4682 http cache @solana/subscribable@https://registry.npmjs.org/@solana/subscribable/-/subscribable-2.3.0.tgz 0ms (cache hit)
4683 http cache @solana/codecs@https://registry.npmjs.org/@solana/codecs/-/codecs-2.3.0.tgz 0ms (cache hit)
4684 http cache @solana/accounts@https://registry.npmjs.org/@solana/accounts/-/accounts-2.3.0.tgz 0ms (cache hit)
4685 http cache @solana/addresses@https://registry.npmjs.org/@solana/addresses/-/addresses-2.3.0.tgz 0ms (cache hit)
4686 http cache @solana/transaction-confirmation@https://registry.npmjs.org/@solana/transaction-confirmation/-/transaction-confirmation-2.3.0.tgz 0ms (cache hit)
4687 http cache @solana/sysvars@https://registry.npmjs.org/@solana/sysvars/-/sysvars-2.3.0.tgz 0ms (cache hit)
4688 http cache @solana-program/token-2022@https://registry.npmjs.org/@solana-program/token-2022/-/token-2022-0.4.2.tgz 0ms (cache hit)
4689 http cache @solana-program/token@https://registry.npmjs.org/@solana-program/token/-/token-0.5.1.tgz 0ms (cache hit)
4690 http cache @solana-program/compute-budget@https://registry.npmjs.org/@solana-program/compute-budget/-/compute-budget-0.8.0.tgz 0ms (cache hit)
4691 http cache @solana/kit@https://registry.npmjs.org/@solana/kit/-/kit-2.3.0.tgz 0ms (cache hit)
4692 http cache ws@https://registry.npmjs.org/ws/-/ws-8.18.3.tgz 0ms (cache hit)
4693 http cache abitype@https://registry.npmjs.org/abitype/-/abitype-1.1.0.tgz 0ms (cache hit)
4694 http cache ox@https://registry.npmjs.org/ox/-/ox-0.9.6.tgz 1ms (cache hit)
4695 http cache @noble/hashes@https://registry.npmjs.org/@noble/hashes/-/hashes-1.8.0.tgz 0ms (cache hit)
4696 http cache @noble/curves@https://registry.npmjs.org/@noble/curves/-/curves-1.9.1.tgz 0ms (cache hit)
4697 http cache @solana/errors@https://registry.npmjs.org/@solana/errors/-/errors-2.3.0.tgz 0ms (cache hit)
4698 http cache ox@https://registry.npmjs.org/ox/-/ox-0.6.9.tgz 0ms (cache hit)
4699 http cache @solana/functional@https://registry.npmjs.org/@solana/functional/-/functional-2.3.0.tgz 0ms (cache hit)
4700 http cache string-width@https://registry.npmjs.org/string-width/-/string-width-4.2.3.tgz 0ms (cache hit)
4701 http cache ws@https://registry.npmjs.org/ws/-/ws-8.18.0.tgz 0ms (cache hit)
4702 http fetch POST 200 https://registry.npmjs.org/-/npm/v1/security/advisories/bulk 777ms
4703 silly audit report {}
4704 warn deprecated @paulmillr/qr@0.2.1: The package is now available as "qr": npm install qr
4705 warn deprecated @hey-api/client-fetch@0.10.0: Starting with v0.73.0, this package is bundled directly inside @hey-api/openapi-ts.
4706 warn deprecated @walletconnect/sign-client@2.21.0: Reliability and performance improvements. See: https://github.com/WalletConnect/walletconnect-monorepo/releases
4707 warn deprecated @walletconnect/sign-client@2.21.0: Reliability and performance improvements. See: https://github.com/WalletConnect/walletconnect-monorepo/releases
4708 warn deprecated @walletconnect/sign-client@2.21.0: Reliability and performance improvements. See: https://github.com/WalletConnect/walletconnect-monorepo/releases
4709 warn deprecated @walletconnect/sign-client@2.21.1: Reliability and performance improvements. See: https://github.com/WalletConnect/walletconnect-monorepo/releases
4710 warn deprecated @walletconnect/sign-client@2.21.8: Reliability and performance improvements. See: https://github.com/WalletConnect/walletconnect-monorepo/releases
4711 warn deprecated @walletconnect/universal-provider@2.21.0: Reliability and performance improvements. See: https://github.com/WalletConnect/walletconnect-monorepo/releases
4712 warn deprecated @walletconnect/universal-provider@2.21.1: Reliability and performance improvements. See: https://github.com/WalletConnect/walletconnect-monorepo/releases
4713 warn deprecated @walletconnect/universal-provider@2.21.0: Reliability and performance improvements. See: https://github.com/WalletConnect/walletconnect-monorepo/releases
4714 warn deprecated @walletconnect/universal-provider@2.21.0: Reliability and performance improvements. See: https://github.com/WalletConnect/walletconnect-monorepo/releases
4715 warn deprecated @walletconnect/ethereum-provider@2.21.1: Reliability and performance improvements. See: https://github.com/WalletConnect/walletconnect-monorepo/releases
4716 warn deprecated @walletconnect/universal-provider@2.21.8: Reliability and performance improvements. See: https://github.com/WalletConnect/walletconnect-monorepo/releases
4717 info run bufferutil@4.1.0 install node_modules/bufferutil node-gyp-build
4718 info run keccak@3.0.4 install node_modules/keccak node-gyp-build || exit 0
4719 info run utf-8-validate@5.0.10 install node_modules/utf-8-validate node-gyp-build
4720 info run utf-8-validate@5.0.10 install { code: 1, signal: null }
4721 info run bufferutil@4.1.0 install { code: 1, signal: null }
4722 info run keccak@3.0.4 install { code: 0, signal: null }
4723 silly unfinished npm timer reify 1770419382430
4724 silly unfinished npm timer reify:build 1770419523006
4725 silly unfinished npm timer build 1770419523012
4726 silly unfinished npm timer build:deps 1770419523013
4727 silly unfinished npm timer build:run:install 1770419523183
4728 silly unfinished npm timer build:run:install:node_modules/bufferutil 1770419523183
4729 silly unfinished npm timer build:run:install:node_modules/utf-8-validate 1770419523574
4730 verbose cwd /data/data/com.termux/files/home
4731 verbose os Linux 6.6.98-android15-8-g4b48560cd07d-ab14239520-4k
4732 verbose node v25.3.0
4733 verbose npm  v11.9.0
4734 verbose exit 1
4735 verbose code 1
