0 verbose cli /data/data/com.termux/files/usr/bin/node /data/data/com.termux/files/usr/bin/npm
1 info using npm@11.9.0
2 info using node@v25.3.0
3 silly config load:file:/data/data/com.termux/files/usr/lib/node_modules/npm/npmrc
4 silly config load:file:/data/data/com.termux/files/home/.npmrc
5 silly config load:file:/data/data/com.termux/files/usr/etc/npmrc
6 verbose title npm install gm surge
7 verbose argv "install" "--global" "gm" "surge"
8 verbose logfile logs-max:10 dir:/data/data/com.termux/files/home/.npm/_logs/2026-02-06T01_18_04_824Z-
9 verbose logfile /data/data/com.termux/files/home/.npm/_logs/2026-02-06T01_18_04_824Z-debug-0.log
10 silly packumentCache heap:2248146944 maxSize:562036736 maxEntrySize:281018368
11 silly logfile done cleaning log files
12 silly idealTree buildDeps
13 silly fetch manifest gm@*
14 silly packumentCache full:https://registry.npmjs.org/gm cache-miss
15 http cache https://registry.npmjs.org/gm 17ms (cache hit)
16 silly packumentCache full:https://registry.npmjs.org/gm set size:140060 disposed:false
17 silly fetch manifest surge@*
18 silly packumentCache full:https://registry.npmjs.org/surge cache-miss
19 http fetch GET 200 https://registry.npmjs.org/surge 234ms (cache miss)
20 silly packumentCache full:https://registry.npmjs.org/surge set size:undefined disposed:false
21 silly placeDep ROOT gm@1.25.1 OK for:  want: *
22 silly placeDep ROOT surge@0.24.6 OK for:  want: *
23 silly fetch manifest debug@^3.1.0
24 silly packumentCache full:https://registry.npmjs.org/debug cache-miss
25 silly fetch manifest cross-spawn@^7.0.5
26 silly packumentCache full:https://registry.npmjs.org/cross-spawn cache-miss
27 silly fetch manifest array-series@~0.1.5
28 silly packumentCache full:https://registry.npmjs.org/array-series cache-miss
29 silly fetch manifest array-parallel@~0.1.3
30 silly packumentCache full:https://registry.npmjs.org/array-parallel cache-miss
31 silly fetch manifest babar@^0.2.0
32 silly packumentCache full:https://registry.npmjs.org/babar cache-miss
33 silly fetch manifest cli-table3@0.6.1
34 silly packumentCache full:https://registry.npmjs.org/cli-table3 cache-miss
35 silly fetch manifest colors@1.4.0
36 silly packumentCache full:https://registry.npmjs.org/colors cache-miss
37 http cache https://registry.npmjs.org/array-parallel 22ms (cache hit)
38 silly packumentCache full:https://registry.npmjs.org/array-parallel set size:8900 disposed:false
39 silly fetch manifest human-readable-numbers@^0.9.5
40 silly packumentCache full:https://registry.npmjs.org/human-readable-numbers cache-miss
41 http cache https://registry.npmjs.org/array-series 26ms (cache hit)
42 silly packumentCache full:https://registry.npmjs.org/array-series set size:10704 disposed:false
43 silly fetch manifest prompts@*
44 silly packumentCache full:https://registry.npmjs.org/prompts cache-miss
45 http cache https://registry.npmjs.org/cross-spawn 28ms (cache hit)
46 silly packumentCache full:https://registry.npmjs.org/cross-spawn set size:109066 disposed:false
47 silly fetch manifest is-domain@0.0.1
48 silly packumentCache full:https://registry.npmjs.org/is-domain cache-miss
49 http cache https://registry.npmjs.org/debug 32ms (cache hit)
50 silly packumentCache full:https://registry.npmjs.org/debug set size:195840 disposed:false
51 silly fetch manifest minimist@1.2.6
52 silly packumentCache full:https://registry.npmjs.org/minimist cache-miss
53 http cache https://registry.npmjs.org/minimist 13ms (cache hit)
54 silly packumentCache full:https://registry.npmjs.org/minimist set size:77082 disposed:false
55 silly fetch manifest moniker@0.1.2
56 silly packumentCache full:https://registry.npmjs.org/moniker cache-miss
57 http fetch GET 200 https://registry.npmjs.org/cli-table3 91ms (cache miss)
58 silly packumentCache full:https://registry.npmjs.org/cli-table3 set size:undefined disposed:false
59 silly fetch manifest netrc@0.1.4
60 silly packumentCache full:https://registry.npmjs.org/netrc cache-miss
61 http fetch GET 200 https://registry.npmjs.org/colors 104ms (cache miss)
62 silly packumentCache full:https://registry.npmjs.org/colors set size:undefined disposed:false
63 silly fetch manifest progress@2.0.3
64 silly packumentCache full:https://registry.npmjs.org/progress cache-miss
65 http fetch GET 200 https://registry.npmjs.org/babar 116ms (cache miss)
66 silly packumentCache full:https://registry.npmjs.org/babar set size:undefined disposed:false
67 silly fetch manifest read@1.0.5
68 silly packumentCache full:https://registry.npmjs.org/read cache-miss
69 http fetch GET 200 https://registry.npmjs.org/prompts 97ms (cache miss)
70 silly packumentCache full:https://registry.npmjs.org/prompts set size:undefined disposed:false
71 silly fetch manifest request@^2.88.0
72 silly packumentCache full:https://registry.npmjs.org/request cache-miss
73 http fetch GET 200 https://registry.npmjs.org/netrc 39ms (cache miss)
74 silly packumentCache full:https://registry.npmjs.org/netrc set size:undefined disposed:false
75 silly fetch manifest surge-ignore@0.2.0
76 silly packumentCache full:https://registry.npmjs.org/surge-ignore cache-miss
77 http fetch GET 200 https://registry.npmjs.org/progress 39ms (cache miss)
78 silly packumentCache full:https://registry.npmjs.org/progress set size:undefined disposed:false
79 silly fetch manifest surge-sdk@0.6.4
80 silly packumentCache full:https://registry.npmjs.org/surge-sdk cache-miss
81 http fetch GET 200 https://registry.npmjs.org/read 55ms (cache miss)
82 silly packumentCache full:https://registry.npmjs.org/read set size:undefined disposed:false
83 silly fetch manifest surge-stream@0.6.4
84 silly packumentCache full:https://registry.npmjs.org/surge-stream cache-miss
85 http fetch GET 200 https://registry.npmjs.org/is-domain 158ms (cache miss)
86 silly packumentCache full:https://registry.npmjs.org/is-domain set size:undefined disposed:false
87 silly fetch manifest url-parse-as-address@1.0.0
88 silly packumentCache full:https://registry.npmjs.org/url-parse-as-address cache-miss
89 http fetch GET 200 https://registry.npmjs.org/human-readable-numbers 167ms (cache miss)
90 silly packumentCache full:https://registry.npmjs.org/human-readable-numbers set size:undefined disposed:false
91 silly fetch manifest xbytes@^1.7.0
92 silly packumentCache full:https://registry.npmjs.org/xbytes cache-miss
93 http fetch GET 200 https://registry.npmjs.org/moniker 149ms (cache miss)
94 silly packumentCache full:https://registry.npmjs.org/moniker set size:undefined disposed:false
95 http fetch GET 200 https://registry.npmjs.org/request 76ms (cache miss)
96 silly packumentCache full:https://registry.npmjs.org/request set size:undefined disposed:false
97 http fetch GET 200 https://registry.npmjs.org/surge-ignore 131ms (cache miss)
98 silly packumentCache full:https://registry.npmjs.org/surge-ignore set size:undefined disposed:false
99 http fetch GET 200 https://registry.npmjs.org/surge-stream 122ms (cache miss)
100 silly packumentCache full:https://registry.npmjs.org/surge-stream set size:undefined disposed:false
101 http fetch GET 200 https://registry.npmjs.org/surge-sdk 155ms (cache miss)
102 silly packumentCache full:https://registry.npmjs.org/surge-sdk set size:undefined disposed:false
103 http fetch GET 200 https://registry.npmjs.org/xbytes 122ms (cache miss)
104 silly packumentCache full:https://registry.npmjs.org/xbytes set size:undefined disposed:false
105 http fetch GET 200 https://registry.npmjs.org/url-parse-as-address 166ms (cache miss)
106 silly packumentCache full:https://registry.npmjs.org/url-parse-as-address set size:undefined disposed:false
107 silly placeDep node_modules/gm array-parallel@0.1.3 OK for: gm@1.25.1 want: ~0.1.3
108 silly placeDep node_modules/gm array-series@0.1.5 OK for: gm@1.25.1 want: ~0.1.5
109 silly placeDep node_modules/gm cross-spawn@7.0.6 OK for: gm@1.25.1 want: ^7.0.5
110 silly placeDep node_modules/gm debug@3.2.7 OK for: gm@1.25.1 want: ^3.1.0
111 silly fetch manifest which@^2.0.1
112 silly packumentCache full:https://registry.npmjs.org/which cache-miss
113 silly fetch manifest path-key@^3.1.0
114 silly packumentCache full:https://registry.npmjs.org/path-key cache-miss
115 silly fetch manifest shebang-command@^2.0.0
116 silly packumentCache full:https://registry.npmjs.org/shebang-command cache-miss
117 silly fetch manifest ms@^2.1.1
118 silly packumentCache full:https://registry.npmjs.org/ms cache-miss
119 http cache https://registry.npmjs.org/which 21ms (cache hit)
120 silly packumentCache full:https://registry.npmjs.org/which set size:65264 disposed:false
121 http cache https://registry.npmjs.org/shebang-command 24ms (cache hit)
122 silly packumentCache full:https://registry.npmjs.org/shebang-command set size:8525 disposed:false
123 http cache https://registry.npmjs.org/ms 25ms (cache hit)
124 silly packumentCache full:https://registry.npmjs.org/ms set size:92208 disposed:false
125 http cache https://registry.npmjs.org/path-key 29ms (cache hit)
126 silly packumentCache full:https://registry.npmjs.org/path-key set size:16975 disposed:false
127 silly placeDep node_modules/surge babar@0.2.3 OK for: surge@0.24.6 want: ^0.2.0
128 silly placeDep node_modules/surge cli-table3@0.6.1 OK for: surge@0.24.6 want: 0.6.1
129 silly placeDep node_modules/surge colors@1.4.0 OK for: surge@0.24.6 want: 1.4.0
130 silly placeDep node_modules/surge human-readable-numbers@0.9.5 OK for: surge@0.24.6 want: ^0.9.5
131 silly placeDep node_modules/surge is-domain@0.0.1 OK for: surge@0.24.6 want: 0.0.1
132 silly placeDep node_modules/surge minimist@1.2.6 OK for: surge@0.24.6 want: 1.2.6
133 silly placeDep node_modules/surge moniker@0.1.2 OK for: surge@0.24.6 want: 0.1.2
134 silly placeDep node_modules/surge netrc@0.1.4 OK for: surge@0.24.6 want: 0.1.4
135 silly placeDep node_modules/surge progress@2.0.3 OK for: surge@0.24.6 want: 2.0.3
136 silly placeDep node_modules/surge prompts@2.4.2 OK for: surge@0.24.6 want: *
137 silly placeDep node_modules/surge read@1.0.5 OK for: surge@0.24.6 want: 1.0.5
138 silly placeDep node_modules/surge request@2.88.2 OK for: surge@0.24.6 want: ^2.88.0
139 silly placeDep node_modules/surge surge-ignore@0.2.0 OK for: surge@0.24.6 want: 0.2.0
140 silly placeDep node_modules/surge surge-sdk@0.6.4 OK for: surge@0.24.6 want: 0.6.4
141 silly placeDep node_modules/surge surge-stream@0.6.4 OK for: surge@0.24.6 want: 0.6.4
142 silly placeDep node_modules/surge url-parse-as-address@1.0.0 OK for: surge@0.24.6 want: 1.0.0
143 silly placeDep node_modules/surge xbytes@1.9.1 OK for: surge@0.24.6 want: ^1.7.0
144 silly fetch manifest colors@~1.4.0
145 silly packumentCache full:https://registry.npmjs.org/colors cache-miss
146 silly fetch manifest string-width@^4.2.0
147 silly packumentCache full:https://registry.npmjs.org/string-width cache-miss
148 silly fetch manifest kleur@^3.0.3
149 silly packumentCache full:https://registry.npmjs.org/kleur cache-miss
150 silly fetch manifest sisteransi@^1.0.5
151 silly packumentCache full:https://registry.npmjs.org/sisteransi cache-miss
152 silly fetch manifest mute-stream@~0.0.4
153 silly packumentCache full:https://registry.npmjs.org/mute-stream cache-miss
154 silly fetch manifest qs@~6.5.2
155 silly packumentCache full:https://registry.npmjs.org/qs cache-miss
156 silly fetch manifest aws4@^1.8.0
157 silly packumentCache full:https://registry.npmjs.org/aws4 cache-miss
158 http cache https://registry.npmjs.org/colors 10ms (cache hit)
159 silly packumentCache full:https://registry.npmjs.org/colors set size:55711 disposed:false
160 silly fetch manifest uuid@^3.3.2
161 silly packumentCache full:https://registry.npmjs.org/uuid cache-miss
162 http fetch GET 200 https://registry.npmjs.org/mute-stream 50ms (cache miss)
163 silly packumentCache full:https://registry.npmjs.org/mute-stream set size:undefined disposed:false
164 silly fetch manifest extend@~3.0.2
165 silly packumentCache full:https://registry.npmjs.org/extend cache-miss
166 http fetch GET 200 https://registry.npmjs.org/sisteransi 51ms (cache miss)
167 silly packumentCache full:https://registry.npmjs.org/sisteransi set size:undefined disposed:false
168 silly fetch manifest caseless@~0.12.0
169 silly packumentCache full:https://registry.npmjs.org/caseless cache-miss
170 http fetch GET 200 https://registry.npmjs.org/aws4 52ms (cache miss)
171 silly packumentCache full:https://registry.npmjs.org/aws4 set size:undefined disposed:false
172 silly fetch manifest isstream@~0.1.2
173 silly packumentCache full:https://registry.npmjs.org/isstream cache-miss
174 http fetch GET 200 https://registry.npmjs.org/string-width 56ms (cache miss)
175 silly packumentCache full:https://registry.npmjs.org/string-width set size:undefined disposed:false
176 silly fetch manifest aws-sign2@~0.7.0
177 silly packumentCache full:https://registry.npmjs.org/aws-sign2 cache-miss
178 http fetch GET 200 https://registry.npmjs.org/kleur 59ms (cache miss)
179 silly packumentCache full:https://registry.npmjs.org/kleur set size:undefined disposed:false
180 silly fetch manifest form-data@~2.3.2
181 silly packumentCache full:https://registry.npmjs.org/form-data cache-miss
182 http fetch GET 200 https://registry.npmjs.org/uuid 52ms (cache miss)
183 silly packumentCache full:https://registry.npmjs.org/uuid set size:undefined disposed:false
184 silly fetch manifest mime-types@~2.1.19
185 silly packumentCache full:https://registry.npmjs.org/mime-types cache-miss
186 http fetch GET 200 https://registry.npmjs.org/qs 71ms (cache miss)
187 silly packumentCache full:https://registry.npmjs.org/qs set size:undefined disposed:false
188 silly fetch manifest oauth-sign@~0.9.0
189 silly packumentCache full:https://registry.npmjs.org/oauth-sign cache-miss
190 http fetch GET 200 https://registry.npmjs.org/aws-sign2 45ms (cache miss)
191 silly packumentCache full:https://registry.npmjs.org/aws-sign2 set size:undefined disposed:false
192 silly fetch manifest safe-buffer@^5.1.2
193 silly packumentCache full:https://registry.npmjs.org/safe-buffer cache-miss
194 http fetch GET 200 https://registry.npmjs.org/caseless 54ms (cache miss)
195 silly packumentCache full:https://registry.npmjs.org/caseless set size:undefined disposed:false
196 silly fetch manifest tough-cookie@~2.5.0
197 silly packumentCache full:https://registry.npmjs.org/tough-cookie cache-miss
198 http fetch GET 200 https://registry.npmjs.org/isstream 53ms (cache miss)
199 silly packumentCache full:https://registry.npmjs.org/isstream set size:undefined disposed:false
200 silly fetch manifest tunnel-agent@^0.6.0
201 silly packumentCache full:https://registry.npmjs.org/tunnel-agent cache-miss
202 http fetch GET 200 https://registry.npmjs.org/extend 58ms (cache miss)
203 silly packumentCache full:https://registry.npmjs.org/extend set size:undefined disposed:false
204 silly fetch manifest forever-agent@~0.6.1
205 silly packumentCache full:https://registry.npmjs.org/forever-agent cache-miss
206 http fetch GET 200 https://registry.npmjs.org/form-data 51ms (cache miss)
207 silly packumentCache full:https://registry.npmjs.org/form-data set size:undefined disposed:false
208 silly fetch manifest har-validator@~5.1.3
209 silly packumentCache full:https://registry.npmjs.org/har-validator cache-miss
210 http fetch GET 200 https://registry.npmjs.org/oauth-sign 42ms (cache miss)
211 silly packumentCache full:https://registry.npmjs.org/oauth-sign set size:undefined disposed:false
212 silly fetch manifest is-typedarray@~1.0.0
213 silly packumentCache full:https://registry.npmjs.org/is-typedarray cache-miss
214 http cache https://registry.npmjs.org/safe-buffer 15ms (cache hit)
215 silly packumentCache full:https://registry.npmjs.org/safe-buffer set size:41183 disposed:false
216 silly fetch manifest http-signature@~1.2.0
217 silly packumentCache full:https://registry.npmjs.org/http-signature cache-miss
218 http fetch GET 200 https://registry.npmjs.org/mime-types 55ms (cache miss)
219 silly packumentCache full:https://registry.npmjs.org/mime-types set size:undefined disposed:false
220 silly fetch manifest combined-stream@~1.0.6
221 silly packumentCache full:https://registry.npmjs.org/combined-stream cache-miss
222 http cache https://registry.npmjs.org/tunnel-agent 14ms (cache hit)
223 silly packumentCache full:https://registry.npmjs.org/tunnel-agent set size:12847 disposed:false
224 silly fetch manifest performance-now@^2.1.0
225 silly packumentCache full:https://registry.npmjs.org/performance-now cache-miss
226 http fetch GET 200 https://registry.npmjs.org/tough-cookie 36ms (cache miss)
227 silly packumentCache full:https://registry.npmjs.org/tough-cookie set size:undefined disposed:false
228 silly fetch manifest json-stringify-safe@~5.0.1
229 silly packumentCache full:https://registry.npmjs.org/json-stringify-safe cache-miss
230 http fetch GET 200 https://registry.npmjs.org/is-typedarray 41ms (cache miss)
231 silly packumentCache full:https://registry.npmjs.org/is-typedarray set size:undefined disposed:false
232 silly fetch manifest axios@1.7.3
233 silly packumentCache full:https://registry.npmjs.org/axios cache-miss
234 http fetch GET 200 https://registry.npmjs.org/forever-agent 54ms (cache miss)
235 silly packumentCache full:https://registry.npmjs.org/forever-agent set size:undefined disposed:false
236 silly fetch manifest axios@1.7.3
237 silly packumentCache full:https://registry.npmjs.org/axios cache-miss
238 http fetch GET 200 https://registry.npmjs.org/performance-now 44ms (cache miss)
239 silly packumentCache full:https://registry.npmjs.org/performance-now set size:undefined disposed:false
240 silly fetch manifest split@^1.0.1
241 silly packumentCache full:https://registry.npmjs.org/split cache-miss
242 http fetch GET 200 https://registry.npmjs.org/combined-stream 47ms (cache miss)
243 silly packumentCache full:https://registry.npmjs.org/combined-stream set size:undefined disposed:false
244 silly fetch manifest surge-fstream-ignore@^1.1.0
245 silly packumentCache full:https://registry.npmjs.org/surge-fstream-ignore cache-miss
246 http fetch GET 200 https://registry.npmjs.org/http-signature 52ms (cache miss)
247 silly packumentCache full:https://registry.npmjs.org/http-signature set size:undefined disposed:false
248 silly fetch manifest surge-ignore@^0.3.0
249 silly packumentCache full:https://registry.npmjs.org/surge-ignore cache-miss
250 http fetch GET 200 https://registry.npmjs.org/har-validator 60ms (cache miss)
251 silly packumentCache full:https://registry.npmjs.org/har-validator set size:undefined disposed:false
252 silly fetch manifest tarr@^1.1.0
253 silly packumentCache full:https://registry.npmjs.org/tarr cache-miss
254 http cache https://registry.npmjs.org/surge-ignore 8ms (cache hit)
255 silly packumentCache full:https://registry.npmjs.org/surge-ignore set size:8055 disposed:false
256 http fetch GET 200 https://registry.npmjs.org/json-stringify-safe 36ms (cache miss)
257 silly packumentCache full:https://registry.npmjs.org/json-stringify-safe set size:undefined disposed:false
258 http fetch GET 200 https://registry.npmjs.org/split 42ms (cache miss)
259 silly packumentCache full:https://registry.npmjs.org/split set size:undefined disposed:false
260 http fetch GET 200 https://registry.npmjs.org/axios 61ms (cache miss)
261 silly packumentCache full:https://registry.npmjs.org/axios set size:undefined disposed:false
262 http fetch GET 200 https://registry.npmjs.org/axios 78ms (cache miss)
263 silly packumentCache full:https://registry.npmjs.org/axios set size:undefined disposed:false
264 http fetch GET 200 https://registry.npmjs.org/surge-fstream-ignore 91ms (cache miss)
265 silly packumentCache full:https://registry.npmjs.org/surge-fstream-ignore set size:undefined disposed:false
266 http fetch GET 200 https://registry.npmjs.org/tarr 88ms (cache miss)
267 silly packumentCache full:https://registry.npmjs.org/tarr set size:undefined disposed:false
268 silly placeDep node_modules/gm path-key@3.1.1 OK for: cross-spawn@7.0.6 want: ^3.1.0
269 silly placeDep node_modules/gm shebang-command@2.0.0 OK for: cross-spawn@7.0.6 want: ^2.0.0
270 silly placeDep node_modules/gm which@2.0.2 OK for: cross-spawn@7.0.6 want: ^2.0.1
271 silly fetch manifest shebang-regex@^3.0.0
272 silly packumentCache full:https://registry.npmjs.org/shebang-regex cache-miss
273 silly fetch manifest isexe@^2.0.0
274 silly packumentCache full:https://registry.npmjs.org/isexe cache-miss
275 http cache https://registry.npmjs.org/isexe 6ms (cache hit)
276 silly packumentCache full:https://registry.npmjs.org/isexe set size:21493 disposed:false
277 http cache https://registry.npmjs.org/shebang-regex 7ms (cache hit)
278 silly packumentCache full:https://registry.npmjs.org/shebang-regex set size:9763 disposed:false
279 silly placeDep node_modules/gm ms@2.1.3 OK for: debug@3.2.7 want: ^2.1.1
280 silly placeDep node_modules/gm shebang-regex@3.0.0 OK for: shebang-command@2.0.0 want: ^3.0.0
281 silly placeDep node_modules/gm isexe@2.0.0 OK for: which@2.0.2 want: ^2.0.0
282 silly placeDep node_modules/surge string-width@4.2.3 OK for: cli-table3@0.6.1 want: ^4.2.0
283 silly fetch manifest strip-ansi@^6.0.1
284 silly packumentCache full:https://registry.npmjs.org/strip-ansi cache-miss
285 silly fetch manifest emoji-regex@^8.0.0
286 silly packumentCache full:https://registry.npmjs.org/emoji-regex cache-miss
287 silly fetch manifest is-fullwidth-code-point@^3.0.0
288 silly packumentCache full:https://registry.npmjs.org/is-fullwidth-code-point cache-miss
289 http fetch GET 200 https://registry.npmjs.org/is-fullwidth-code-point 39ms (cache miss)
290 silly packumentCache full:https://registry.npmjs.org/is-fullwidth-code-point set size:undefined disposed:false
291 http fetch GET 200 https://registry.npmjs.org/strip-ansi 42ms (cache miss)
292 silly packumentCache full:https://registry.npmjs.org/strip-ansi set size:undefined disposed:false
293 http fetch GET 200 https://registry.npmjs.org/emoji-regex 48ms (cache miss)
294 silly packumentCache full:https://registry.npmjs.org/emoji-regex set size:undefined disposed:false
295 silly placeDep node_modules/surge kleur@3.0.3 OK for: prompts@2.4.2 want: ^3.0.3
296 silly placeDep node_modules/surge sisteransi@1.0.5 OK for: prompts@2.4.2 want: ^1.0.5
297 silly placeDep node_modules/surge mute-stream@0.0.8 OK for: read@1.0.5 want: ~0.0.4
298 silly placeDep node_modules/surge aws-sign2@0.7.0 OK for: request@2.88.2 want: ~0.7.0
299 silly placeDep node_modules/surge aws4@1.13.2 OK for: request@2.88.2 want: ^1.8.0
300 silly placeDep node_modules/surge caseless@0.12.0 OK for: request@2.88.2 want: ~0.12.0
301 silly placeDep node_modules/surge combined-stream@1.0.8 OK for: request@2.88.2 want: ~1.0.6
302 silly placeDep node_modules/surge extend@3.0.2 OK for: request@2.88.2 want: ~3.0.2
303 silly placeDep node_modules/surge forever-agent@0.6.1 OK for: request@2.88.2 want: ~0.6.1
304 silly placeDep node_modules/surge form-data@2.3.3 OK for: request@2.88.2 want: ~2.3.2
305 silly placeDep node_modules/surge har-validator@5.1.5 OK for: request@2.88.2 want: ~5.1.3
306 silly placeDep node_modules/surge http-signature@1.2.0 OK for: request@2.88.2 want: ~1.2.0
307 silly placeDep node_modules/surge is-typedarray@1.0.0 OK for: request@2.88.2 want: ~1.0.0
308 silly placeDep node_modules/surge isstream@0.1.2 OK for: request@2.88.2 want: ~0.1.2
309 silly placeDep node_modules/surge json-stringify-safe@5.0.1 OK for: request@2.88.2 want: ~5.0.1
310 silly placeDep node_modules/surge mime-types@2.1.35 OK for: request@2.88.2 want: ~2.1.19
311 silly placeDep node_modules/surge oauth-sign@0.9.0 OK for: request@2.88.2 want: ~0.9.0
312 silly placeDep node_modules/surge performance-now@2.1.0 OK for: request@2.88.2 want: ^2.1.0
313 silly placeDep node_modules/surge qs@6.5.3 OK for: request@2.88.2 want: ~6.5.2
314 silly placeDep node_modules/surge safe-buffer@5.2.1 OK for: request@2.88.2 want: ^5.1.2
315 silly placeDep node_modules/surge tough-cookie@2.5.0 OK for: request@2.88.2 want: ~2.5.0
316 silly placeDep node_modules/surge tunnel-agent@0.6.0 OK for: request@2.88.2 want: ^0.6.0
317 silly placeDep node_modules/surge uuid@3.4.0 OK for: request@2.88.2 want: ^3.3.2
318 silly fetch manifest delayed-stream@~1.0.0
319 silly packumentCache full:https://registry.npmjs.org/delayed-stream cache-miss
320 silly fetch manifest asynckit@^0.4.0
321 silly packumentCache full:https://registry.npmjs.org/asynckit cache-miss
322 silly fetch manifest mime-types@^2.1.12
323 silly packumentCache full:https://registry.npmjs.org/mime-types cache-miss
324 silly fetch manifest ajv@^6.12.3
325 silly packumentCache full:https://registry.npmjs.org/ajv cache-miss
326 silly fetch manifest har-schema@^2.0.0
327 silly packumentCache full:https://registry.npmjs.org/har-schema cache-miss
328 silly fetch manifest sshpk@^1.7.0
329 silly packumentCache full:https://registry.npmjs.org/sshpk cache-miss
330 silly fetch manifest jsprim@^1.2.2
331 silly packumentCache full:https://registry.npmjs.org/jsprim cache-miss
332 http cache https://registry.npmjs.org/mime-types 22ms (cache hit)
333 silly packumentCache full:https://registry.npmjs.org/mime-types set size:139110 disposed:false
334 silly fetch manifest assert-plus@^1.0.0
335 silly packumentCache full:https://registry.npmjs.org/assert-plus cache-miss
336 http fetch GET 200 https://registry.npmjs.org/har-schema 53ms (cache miss)
337 silly packumentCache full:https://registry.npmjs.org/har-schema set size:undefined disposed:false
338 silly fetch manifest mime-db@1.52.0
339 silly packumentCache full:https://registry.npmjs.org/mime-db cache-miss
340 http fetch GET 200 https://registry.npmjs.org/asynckit 59ms (cache miss)
341 silly packumentCache full:https://registry.npmjs.org/asynckit set size:undefined disposed:false
342 silly fetch manifest psl@^1.1.28
343 silly packumentCache full:https://registry.npmjs.org/psl cache-miss
344 http fetch GET 200 https://registry.npmjs.org/delayed-stream 61ms (cache miss)
345 silly packumentCache full:https://registry.npmjs.org/delayed-stream set size:undefined disposed:false
346 silly fetch manifest punycode@^2.1.1
347 silly packumentCache full:https://registry.npmjs.org/punycode cache-miss
348 http fetch GET 200 https://registry.npmjs.org/jsprim 62ms (cache miss)
349 silly packumentCache full:https://registry.npmjs.org/jsprim set size:undefined disposed:false
350 http fetch GET 200 https://registry.npmjs.org/assert-plus 40ms (cache miss)
351 silly packumentCache full:https://registry.npmjs.org/assert-plus set size:undefined disposed:false
352 http fetch GET 200 https://registry.npmjs.org/ajv 83ms (cache miss)
353 silly packumentCache full:https://registry.npmjs.org/ajv set size:undefined disposed:false
354 http fetch GET 200 https://registry.npmjs.org/punycode 40ms (cache miss)
355 silly packumentCache full:https://registry.npmjs.org/punycode set size:undefined disposed:false
356 http fetch GET 200 https://registry.npmjs.org/mime-db 46ms (cache miss)
357 silly packumentCache full:https://registry.npmjs.org/mime-db set size:undefined disposed:false
358 http fetch GET 200 https://registry.npmjs.org/psl 45ms (cache miss)
359 silly packumentCache full:https://registry.npmjs.org/psl set size:undefined disposed:false
360 http fetch GET 200 https://registry.npmjs.org/sshpk 120ms (cache miss)
361 silly packumentCache full:https://registry.npmjs.org/sshpk set size:undefined disposed:false
362 silly placeDep node_modules/surge delayed-stream@1.0.0 OK for: combined-stream@1.0.8 want: ~1.0.0
363 silly placeDep node_modules/surge asynckit@0.4.0 OK for: form-data@2.3.3 want: ^0.4.0
364 silly placeDep node_modules/surge ajv@6.12.6 OK for: har-validator@5.1.5 want: ^6.12.3
365 silly placeDep node_modules/surge har-schema@2.0.0 OK for: har-validator@5.1.5 want: ^2.0.0
366 silly fetch manifest uri-js@^4.2.2
367 silly packumentCache full:https://registry.npmjs.org/uri-js cache-miss
368 silly fetch manifest fast-deep-equal@^3.1.1
369 silly packumentCache full:https://registry.npmjs.org/fast-deep-equal cache-miss
370 silly fetch manifest json-schema-traverse@^0.4.1
371 silly packumentCache full:https://registry.npmjs.org/json-schema-traverse cache-miss
372 silly fetch manifest fast-json-stable-stringify@^2.0.0
373 silly packumentCache full:https://registry.npmjs.org/fast-json-stable-stringify cache-miss
374 http fetch GET 200 https://registry.npmjs.org/fast-json-stable-stringify 42ms (cache miss)
375 silly packumentCache full:https://registry.npmjs.org/fast-json-stable-stringify set size:undefined disposed:false
376 http fetch GET 200 https://registry.npmjs.org/json-schema-traverse 46ms (cache miss)
377 silly packumentCache full:https://registry.npmjs.org/json-schema-traverse set size:undefined disposed:false
378 http fetch GET 200 https://registry.npmjs.org/fast-deep-equal 48ms (cache miss)
379 silly packumentCache full:https://registry.npmjs.org/fast-deep-equal set size:undefined disposed:false
380 http fetch GET 200 https://registry.npmjs.org/uri-js 261ms (cache miss)
381 silly packumentCache full:https://registry.npmjs.org/uri-js set size:undefined disposed:false
382 silly placeDep node_modules/surge fast-deep-equal@3.1.3 OK for: ajv@6.12.6 want: ^3.1.1
383 silly placeDep node_modules/surge fast-json-stable-stringify@2.1.0 OK for: ajv@6.12.6 want: ^2.0.0
384 silly placeDep node_modules/surge json-schema-traverse@0.4.1 OK for: ajv@6.12.6 want: ^0.4.1
385 silly placeDep node_modules/surge uri-js@4.4.1 OK for: ajv@6.12.6 want: ^4.2.2
386 silly fetch manifest punycode@^2.1.0
387 silly packumentCache full:https://registry.npmjs.org/punycode cache-miss
388 http cache https://registry.npmjs.org/punycode 7ms (cache hit)
389 silly packumentCache full:https://registry.npmjs.org/punycode set size:61302 disposed:false
390 silly placeDep node_modules/surge assert-plus@1.0.0 OK for: http-signature@1.2.0 want: ^1.0.0
391 silly placeDep node_modules/surge jsprim@1.4.2 OK for: http-signature@1.2.0 want: ^1.2.2
392 silly placeDep node_modules/surge sshpk@1.18.0 OK for: http-signature@1.2.0 want: ^1.7.0
393 silly fetch manifest verror@1.10.0
394 silly packumentCache full:https://registry.npmjs.org/verror cache-miss
395 silly fetch manifest extsprintf@1.3.0
396 silly packumentCache full:https://registry.npmjs.org/extsprintf cache-miss
397 silly fetch manifest json-schema@0.4.0
398 silly packumentCache full:https://registry.npmjs.org/json-schema cache-miss
399 silly fetch manifest asn1@~0.2.3
400 silly packumentCache full:https://registry.npmjs.org/asn1 cache-miss
401 silly fetch manifest jsbn@~0.1.0
402 silly packumentCache full:https://registry.npmjs.org/jsbn cache-miss
403 silly fetch manifest getpass@^0.1.1
404 silly packumentCache full:https://registry.npmjs.org/getpass cache-miss
405 silly fetch manifest dashdash@^1.12.0
406 silly packumentCache full:https://registry.npmjs.org/dashdash cache-miss
407 http fetch GET 200 https://registry.npmjs.org/extsprintf 49ms (cache miss)
408 silly packumentCache full:https://registry.npmjs.org/extsprintf set size:undefined disposed:false
409 silly fetch manifest ecc-jsbn@~0.1.1
410 silly packumentCache full:https://registry.npmjs.org/ecc-jsbn cache-miss
411 http fetch GET 200 https://registry.npmjs.org/json-schema 52ms (cache miss)
412 silly packumentCache full:https://registry.npmjs.org/json-schema set size:undefined disposed:false
413 silly fetch manifest tweetnacl@~0.14.0
414 silly packumentCache full:https://registry.npmjs.org/tweetnacl cache-miss
415 http fetch GET 200 https://registry.npmjs.org/jsbn 53ms (cache miss)
416 silly packumentCache full:https://registry.npmjs.org/jsbn set size:undefined disposed:false
417 silly fetch manifest bcrypt-pbkdf@^1.0.0
418 silly packumentCache full:https://registry.npmjs.org/bcrypt-pbkdf cache-miss
419 http fetch GET 200 https://registry.npmjs.org/verror 56ms (cache miss)
420 silly packumentCache full:https://registry.npmjs.org/verror set size:undefined disposed:false
421 silly fetch manifest safer-buffer@^2.0.2
422 silly packumentCache full:https://registry.npmjs.org/safer-buffer cache-miss
423 http fetch GET 200 https://registry.npmjs.org/asn1 57ms (cache miss)
424 silly packumentCache full:https://registry.npmjs.org/asn1 set size:undefined disposed:false
425 http fetch GET 200 https://registry.npmjs.org/dashdash 57ms (cache miss)
426 silly packumentCache full:https://registry.npmjs.org/dashdash set size:undefined disposed:false
427 http fetch GET 200 https://registry.npmjs.org/getpass 62ms (cache miss)
428 silly packumentCache full:https://registry.npmjs.org/getpass set size:undefined disposed:false
429 http fetch GET 200 https://registry.npmjs.org/ecc-jsbn 45ms (cache miss)
430 silly packumentCache full:https://registry.npmjs.org/ecc-jsbn set size:undefined disposed:false
431 http fetch GET 200 https://registry.npmjs.org/bcrypt-pbkdf 43ms (cache miss)
432 silly packumentCache full:https://registry.npmjs.org/bcrypt-pbkdf set size:undefined disposed:false
433 http fetch GET 200 https://registry.npmjs.org/tweetnacl 47ms (cache miss)
434 silly packumentCache full:https://registry.npmjs.org/tweetnacl set size:undefined disposed:false
435 http fetch GET 200 https://registry.npmjs.org/safer-buffer 47ms (cache miss)
436 silly packumentCache full:https://registry.npmjs.org/safer-buffer set size:undefined disposed:false
437 silly placeDep node_modules/surge extsprintf@1.3.0 OK for: jsprim@1.4.2 want: 1.3.0
438 silly placeDep node_modules/surge json-schema@0.4.0 OK for: jsprim@1.4.2 want: 0.4.0
439 silly placeDep node_modules/surge verror@1.10.0 OK for: jsprim@1.4.2 want: 1.10.0
440 silly fetch manifest core-util-is@1.0.2
441 silly packumentCache full:https://registry.npmjs.org/core-util-is cache-miss
442 http fetch GET 200 https://registry.npmjs.org/core-util-is 51ms (cache miss)
443 silly packumentCache full:https://registry.npmjs.org/core-util-is set size:undefined disposed:false
444 silly placeDep node_modules/surge mime-db@1.52.0 OK for: mime-types@2.1.35 want: 1.52.0
445 silly placeDep node_modules/surge asn1@0.2.6 OK for: sshpk@1.18.0 want: ~0.2.3
446 silly placeDep node_modules/surge bcrypt-pbkdf@1.0.2 OK for: sshpk@1.18.0 want: ^1.0.0
447 silly placeDep node_modules/surge dashdash@1.14.1 OK for: sshpk@1.18.0 want: ^1.12.0
448 silly placeDep node_modules/surge ecc-jsbn@0.1.2 OK for: sshpk@1.18.0 want: ~0.1.1
449 silly placeDep node_modules/surge getpass@0.1.7 OK for: sshpk@1.18.0 want: ^0.1.1
450 silly placeDep node_modules/surge jsbn@0.1.1 OK for: sshpk@1.18.0 want: ~0.1.0
451 silly placeDep node_modules/surge safer-buffer@2.1.2 OK for: sshpk@1.18.0 want: ^2.0.2
452 silly placeDep node_modules/surge tweetnacl@0.14.5 OK for: sshpk@1.18.0 want: ~0.14.0
453 silly fetch manifest safer-buffer@~2.1.0
454 silly packumentCache full:https://registry.npmjs.org/safer-buffer cache-miss
455 silly fetch manifest tweetnacl@^0.14.3
456 silly packumentCache full:https://registry.npmjs.org/tweetnacl cache-miss
457 silly fetch manifest safer-buffer@^2.1.0
458 silly packumentCache full:https://registry.npmjs.org/safer-buffer cache-miss
459 http cache https://registry.npmjs.org/safer-buffer 12ms (cache hit)
460 silly packumentCache full:https://registry.npmjs.org/safer-buffer set size:18521 disposed:false
461 http cache https://registry.npmjs.org/safer-buffer 12ms (cache hit)
462 silly packumentCache full:https://registry.npmjs.org/safer-buffer set size:18521 disposed:false
463 silly packumentCache full:https://registry.npmjs.org/safer-buffer dispose
464 http cache https://registry.npmjs.org/tweetnacl 14ms (cache hit)
465 silly packumentCache full:https://registry.npmjs.org/tweetnacl set size:79790 disposed:false
466 silly placeDep node_modules/surge emoji-regex@8.0.0 OK for: string-width@4.2.3 want: ^8.0.0
467 silly placeDep node_modules/surge is-fullwidth-code-point@3.0.0 OK for: string-width@4.2.3 want: ^3.0.0
468 silly placeDep node_modules/surge strip-ansi@6.0.1 OK for: string-width@4.2.3 want: ^6.0.1
469 silly fetch manifest ansi-regex@^5.0.1
470 silly packumentCache full:https://registry.npmjs.org/ansi-regex cache-miss
471 http fetch GET 200 https://registry.npmjs.org/ansi-regex 33ms (cache miss)
472 silly packumentCache full:https://registry.npmjs.org/ansi-regex set size:undefined disposed:false
473 silly placeDep node_modules/surge ansi-regex@5.0.1 OK for: strip-ansi@6.0.1 want: ^5.0.1
474 silly placeDep node_modules/surge axios@1.7.3 OK for: surge-sdk@0.6.4 want: 1.7.3
475 silly fetch manifest form-data@^4.0.0
476 silly packumentCache full:https://registry.npmjs.org/form-data cache-miss
477 silly fetch manifest proxy-from-env@^1.1.0
478 silly packumentCache full:https://registry.npmjs.org/proxy-from-env cache-miss
479 silly fetch manifest follow-redirects@^1.15.6
480 silly packumentCache full:https://registry.npmjs.org/follow-redirects cache-miss
481 http cache https://registry.npmjs.org/form-data 10ms (cache hit)
482 silly packumentCache full:https://registry.npmjs.org/form-data set size:153646 disposed:false
483 http fetch GET 200 https://registry.npmjs.org/proxy-from-env 39ms (cache miss)
484 silly packumentCache full:https://registry.npmjs.org/proxy-from-env set size:undefined disposed:false
485 http fetch GET 200 https://registry.npmjs.org/follow-redirects 44ms (cache miss)
486 silly packumentCache full:https://registry.npmjs.org/follow-redirects set size:undefined disposed:false
487 silly placeDep node_modules/surge follow-redirects@1.15.11 OK for: axios@1.7.3 want: ^1.15.6
488 silly placeDep node_modules/surge/node_modules/axios form-data@4.0.5 OK for: axios@1.7.3 want: ^4.0.0
489 silly placeDep node_modules/surge proxy-from-env@1.1.0 OK for: axios@1.7.3 want: ^1.1.0
490 silly fetch manifest es-set-tostringtag@^2.1.0
491 silly packumentCache full:https://registry.npmjs.org/es-set-tostringtag cache-miss
492 silly fetch manifest hasown@^2.0.2
493 silly packumentCache full:https://registry.npmjs.org/hasown cache-miss
494 http fetch GET 200 https://registry.npmjs.org/es-set-tostringtag 32ms (cache miss)
495 silly packumentCache full:https://registry.npmjs.org/es-set-tostringtag set size:undefined disposed:false
496 http fetch GET 200 https://registry.npmjs.org/hasown 34ms (cache miss)
497 silly packumentCache full:https://registry.npmjs.org/hasown set size:undefined disposed:false
498 silly placeDep node_modules/surge split@1.0.1 OK for: surge-stream@0.6.4 want: ^1.0.1
499 silly placeDep node_modules/surge surge-fstream-ignore@1.1.0 OK for: surge-stream@0.6.4 want: ^1.1.0
500 silly placeDep node_modules/surge/node_modules/surge-stream surge-ignore@0.3.0 OK for: surge-stream@0.6.4 want: ^0.3.0
501 silly placeDep node_modules/surge tarr@1.1.0 OK for: surge-stream@0.6.4 want: ^1.1.0
502 silly fetch manifest through@2
503 silly packumentCache full:https://registry.npmjs.org/through cache-miss
504 silly fetch manifest fstream@1.0.12
505 silly packumentCache full:https://registry.npmjs.org/fstream cache-miss
506 silly fetch manifest inherits@2.0.4
507 silly packumentCache full:https://registry.npmjs.org/inherits cache-miss
508 silly fetch manifest minimatch@7.4.6
509 silly packumentCache full:https://registry.npmjs.org/minimatch cache-miss
510 silly fetch manifest block-stream@*
511 silly packumentCache full:https://registry.npmjs.org/block-stream cache-miss
512 silly fetch manifest fstream@>=1.0.12
513 silly packumentCache full:https://registry.npmjs.org/fstream cache-miss
514 silly fetch manifest inherits@2
515 silly packumentCache full:https://registry.npmjs.org/inherits cache-miss
516 http cache https://registry.npmjs.org/inherits 10ms (cache hit)
517 silly packumentCache full:https://registry.npmjs.org/inherits set size:12925 disposed:false
518 http cache https://registry.npmjs.org/inherits 9ms (cache hit)
519 silly packumentCache full:https://registry.npmjs.org/inherits set size:12925 disposed:false
520 silly packumentCache full:https://registry.npmjs.org/inherits dispose
521 http fetch GET 200 https://registry.npmjs.org/block-stream 50ms (cache miss)
522 silly packumentCache full:https://registry.npmjs.org/block-stream set size:undefined disposed:false
523 http fetch GET 200 https://registry.npmjs.org/through 53ms (cache miss)
524 silly packumentCache full:https://registry.npmjs.org/through set size:undefined disposed:false
525 http fetch GET 200 https://registry.npmjs.org/fstream 55ms (cache miss)
526 silly packumentCache full:https://registry.npmjs.org/fstream set size:undefined disposed:false
527 http fetch GET 200 https://registry.npmjs.org/fstream 57ms (cache miss)
528 silly packumentCache full:https://registry.npmjs.org/fstream set size:undefined disposed:false
529 http fetch GET 200 https://registry.npmjs.org/minimatch 63ms (cache miss)
530 silly packumentCache full:https://registry.npmjs.org/minimatch set size:undefined disposed:false
531 silly placeDep node_modules/surge through@2.3.8 OK for: split@1.0.1 want: 2
532 silly placeDep node_modules/surge fstream@1.0.12 OK for: surge-fstream-ignore@1.1.0 want: 1.0.12
533 silly placeDep node_modules/surge inherits@2.0.4 OK for: surge-fstream-ignore@1.1.0 want: 2.0.4
534 silly placeDep node_modules/surge minimatch@7.4.6 OK for: surge-fstream-ignore@1.1.0 want: 7.4.6
535 silly fetch manifest mkdirp@>=0.5 0
536 silly packumentCache full:https://registry.npmjs.org/mkdirp cache-miss
537 silly fetch manifest rimraf@2
538 silly packumentCache full:https://registry.npmjs.org/rimraf cache-miss
539 silly fetch manifest inherits@~2.0.0
540 silly packumentCache full:https://registry.npmjs.org/inherits cache-hit
541 silly fetch manifest graceful-fs@^4.1.2
542 silly packumentCache full:https://registry.npmjs.org/graceful-fs cache-miss
543 silly fetch manifest brace-expansion@^2.0.1
544 silly packumentCache full:https://registry.npmjs.org/brace-expansion cache-miss
545 http fetch GET 200 https://registry.npmjs.org/mkdirp 44ms (cache miss)
546 silly packumentCache full:https://registry.npmjs.org/mkdirp set size:undefined disposed:false
547 http fetch GET 200 https://registry.npmjs.org/graceful-fs 45ms (cache miss)
548 silly packumentCache full:https://registry.npmjs.org/graceful-fs set size:undefined disposed:false
549 http fetch GET 200 https://registry.npmjs.org/brace-expansion 46ms (cache miss)
550 silly packumentCache full:https://registry.npmjs.org/brace-expansion set size:undefined disposed:false
551 http fetch GET 200 https://registry.npmjs.org/rimraf 50ms (cache miss)
552 silly packumentCache full:https://registry.npmjs.org/rimraf set size:undefined disposed:false
553 silly placeDep node_modules/surge graceful-fs@4.2.11 OK for: fstream@1.0.12 want: ^4.1.2
554 silly placeDep node_modules/surge mkdirp@0.5.6 OK for: fstream@1.0.12 want: >=0.5 0
555 silly placeDep node_modules/surge rimraf@2.7.1 OK for: fstream@1.0.12 want: 2
556 silly fetch manifest glob@^7.1.3
557 silly packumentCache full:https://registry.npmjs.org/glob cache-miss
558 http fetch GET 200 https://registry.npmjs.org/glob 40ms (cache miss)
559 silly packumentCache full:https://registry.npmjs.org/glob set size:undefined disposed:false
560 silly placeDep node_modules/surge brace-expansion@2.0.2 OK for: minimatch@7.4.6 want: ^2.0.1
561 silly fetch manifest balanced-match@^1.0.0
562 silly packumentCache full:https://registry.npmjs.org/balanced-match cache-miss
563 http fetch GET 200 https://registry.npmjs.org/balanced-match 43ms (cache miss)
564 silly packumentCache full:https://registry.npmjs.org/balanced-match set size:undefined disposed:false
565 silly placeDep node_modules/surge balanced-match@1.0.2 OK for: brace-expansion@2.0.2 want: ^1.0.0
566 silly placeDep node_modules/surge glob@7.2.3 OK for: rimraf@2.7.1 want: ^7.1.3
567 silly fetch manifest once@^1.3.0
568 silly packumentCache full:https://registry.npmjs.org/once cache-miss
569 silly fetch manifest inflight@^1.0.4
570 silly packumentCache full:https://registry.npmjs.org/inflight cache-miss
571 silly fetch manifest minimatch@^3.1.1
572 silly packumentCache full:https://registry.npmjs.org/minimatch cache-miss
573 silly fetch manifest fs.realpath@^1.0.0
574 silly packumentCache full:https://registry.npmjs.org/fs.realpath cache-miss
575 silly fetch manifest path-is-absolute@^1.0.0
576 silly packumentCache full:https://registry.npmjs.org/path-is-absolute cache-miss
577 http cache https://registry.npmjs.org/once 13ms (cache hit)
578 silly packumentCache full:https://registry.npmjs.org/once set size:11768 disposed:false
579 http cache https://registry.npmjs.org/minimatch 13ms (cache hit)
580 silly packumentCache full:https://registry.npmjs.org/minimatch set size:306302 disposed:false
581 http fetch GET 200 https://registry.npmjs.org/inflight 46ms (cache miss)
582 silly packumentCache full:https://registry.npmjs.org/inflight set size:undefined disposed:false
583 http fetch GET 200 https://registry.npmjs.org/fs.realpath 46ms (cache miss)
584 silly packumentCache full:https://registry.npmjs.org/fs.realpath set size:undefined disposed:false
585 http fetch GET 200 https://registry.npmjs.org/path-is-absolute 48ms (cache miss)
586 silly packumentCache full:https://registry.npmjs.org/path-is-absolute set size:undefined disposed:false
587 silly placeDep node_modules/surge fs.realpath@1.0.0 OK for: glob@7.2.3 want: ^1.0.0
588 silly placeDep node_modules/surge inflight@1.0.6 OK for: glob@7.2.3 want: ^1.0.4
589 silly placeDep node_modules/surge/node_modules/glob minimatch@3.1.2 OK for: glob@7.2.3 want: ^3.1.1
590 silly placeDep node_modules/surge once@1.4.0 OK for: glob@7.2.3 want: ^1.3.0
591 silly placeDep node_modules/surge path-is-absolute@1.0.1 OK for: glob@7.2.3 want: ^1.0.0
592 silly fetch manifest wrappy@1
593 silly packumentCache full:https://registry.npmjs.org/wrappy cache-miss
594 silly fetch manifest brace-expansion@^1.1.7
595 silly packumentCache full:https://registry.npmjs.org/brace-expansion cache-miss
596 silly fetch manifest wrappy@1
597 silly packumentCache full:https://registry.npmjs.org/wrappy cache-miss
598 http cache https://registry.npmjs.org/brace-expansion 7ms (cache hit)
599 silly packumentCache full:https://registry.npmjs.org/brace-expansion set size:46250 disposed:false
600 http cache https://registry.npmjs.org/wrappy 12ms (cache hit)
601 silly packumentCache full:https://registry.npmjs.org/wrappy set size:7682 disposed:false
602 http cache https://registry.npmjs.org/wrappy 15ms (cache hit)
603 silly packumentCache full:https://registry.npmjs.org/wrappy set size:7682 disposed:false
604 silly packumentCache full:https://registry.npmjs.org/wrappy dispose
605 silly placeDep node_modules/surge wrappy@1.0.2 OK for: inflight@1.0.6 want: 1
606 silly placeDep node_modules/surge block-stream@0.0.9 OK for: tarr@1.1.0 want: *
607 silly placeDep node_modules/surge psl@1.15.0 OK for: tough-cookie@2.5.0 want: ^1.1.28
608 silly placeDep node_modules/surge punycode@2.3.1 OK for: tough-cookie@2.5.0 want: ^2.1.1
609 silly fetch manifest punycode@^2.3.1
610 silly packumentCache full:https://registry.npmjs.org/punycode cache-hit
611 silly placeDep node_modules/surge core-util-is@1.0.2 OK for: verror@1.10.0 want: 1.0.2
612 silly placeDep node_modules/surge es-set-tostringtag@2.1.0 OK for: form-data@4.0.5 want: ^2.1.0
613 silly placeDep node_modules/surge hasown@2.0.2 OK for: form-data@4.0.5 want: ^2.0.2
614 silly fetch manifest es-errors@^1.3.0
615 silly packumentCache full:https://registry.npmjs.org/es-errors cache-miss
616 silly fetch manifest get-intrinsic@^1.2.6
617 silly packumentCache full:https://registry.npmjs.org/get-intrinsic cache-miss
618 silly fetch manifest has-tostringtag@^1.0.2
619 silly packumentCache full:https://registry.npmjs.org/has-tostringtag cache-miss
620 silly fetch manifest function-bind@^1.1.2
621 silly packumentCache full:https://registry.npmjs.org/function-bind cache-miss
622 http fetch GET 200 https://registry.npmjs.org/es-errors 42ms (cache miss)
623 silly packumentCache full:https://registry.npmjs.org/es-errors set size:undefined disposed:false
624 http fetch GET 200 https://registry.npmjs.org/function-bind 42ms (cache miss)
625 silly packumentCache full:https://registry.npmjs.org/function-bind set size:undefined disposed:false
626 http fetch GET 200 https://registry.npmjs.org/get-intrinsic 45ms (cache miss)
627 silly packumentCache full:https://registry.npmjs.org/get-intrinsic set size:undefined disposed:false
628 http fetch GET 200 https://registry.npmjs.org/has-tostringtag 46ms (cache miss)
629 silly packumentCache full:https://registry.npmjs.org/has-tostringtag set size:undefined disposed:false
630 silly placeDep node_modules/surge es-errors@1.3.0 OK for: es-set-tostringtag@2.1.0 want: ^1.3.0
631 silly placeDep node_modules/surge get-intrinsic@1.3.0 OK for: es-set-tostringtag@2.1.0 want: ^1.2.6
632 silly placeDep node_modules/surge has-tostringtag@1.0.2 OK for: es-set-tostringtag@2.1.0 want: ^1.0.2
633 silly fetch manifest gopd@^1.2.0
634 silly packumentCache full:https://registry.npmjs.org/gopd cache-miss
635 silly fetch manifest get-proto@^1.0.1
636 silly packumentCache full:https://registry.npmjs.org/get-proto cache-miss
637 silly fetch manifest has-symbols@^1.1.0
638 silly packumentCache full:https://registry.npmjs.org/has-symbols cache-miss
639 silly fetch manifest es-object-atoms@^1.1.1
640 silly packumentCache full:https://registry.npmjs.org/es-object-atoms cache-miss
641 silly fetch manifest math-intrinsics@^1.1.0
642 silly packumentCache full:https://registry.npmjs.org/math-intrinsics cache-miss
643 silly fetch manifest es-define-property@^1.0.1
644 silly packumentCache full:https://registry.npmjs.org/es-define-property cache-miss
645 silly fetch manifest call-bind-apply-helpers@^1.0.2
646 silly packumentCache full:https://registry.npmjs.org/call-bind-apply-helpers cache-miss
647 http fetch GET 200 https://registry.npmjs.org/get-proto 46ms (cache miss)
648 silly packumentCache full:https://registry.npmjs.org/get-proto set size:undefined disposed:false
649 silly fetch manifest has-symbols@^1.0.3
650 silly packumentCache full:https://registry.npmjs.org/has-symbols cache-miss
651 http fetch GET 200 https://registry.npmjs.org/gopd 48ms (cache miss)
652 silly packumentCache full:https://registry.npmjs.org/gopd set size:undefined disposed:false
653 http fetch GET 200 https://registry.npmjs.org/math-intrinsics 47ms (cache miss)
654 silly packumentCache full:https://registry.npmjs.org/math-intrinsics set size:undefined disposed:false
655 http fetch GET 200 https://registry.npmjs.org/has-symbols 48ms (cache miss)
656 silly packumentCache full:https://registry.npmjs.org/has-symbols set size:undefined disposed:false
657 http fetch GET 200 https://registry.npmjs.org/es-define-property 49ms (cache miss)
658 silly packumentCache full:https://registry.npmjs.org/es-define-property set size:undefined disposed:false
659 http fetch GET 200 https://registry.npmjs.org/call-bind-apply-helpers 47ms (cache miss)
660 silly packumentCache full:https://registry.npmjs.org/call-bind-apply-helpers set size:undefined disposed:false
661 http fetch GET 200 https://registry.npmjs.org/es-object-atoms 51ms (cache miss)
662 silly packumentCache full:https://registry.npmjs.org/es-object-atoms set size:undefined disposed:false
663 http cache https://registry.npmjs.org/has-symbols 7ms (cache hit)
664 silly packumentCache full:https://registry.npmjs.org/has-symbols set size:21550 disposed:false
665 silly placeDep node_modules/surge call-bind-apply-helpers@1.0.2 OK for: get-intrinsic@1.3.0 want: ^1.0.2
666 silly placeDep node_modules/surge es-define-property@1.0.1 OK for: get-intrinsic@1.3.0 want: ^1.0.1
667 silly placeDep node_modules/surge es-object-atoms@1.1.1 OK for: get-intrinsic@1.3.0 want: ^1.1.1
668 silly placeDep node_modules/surge function-bind@1.1.2 OK for: get-intrinsic@1.3.0 want: ^1.1.2
669 silly placeDep node_modules/surge get-proto@1.0.1 OK for: get-intrinsic@1.3.0 want: ^1.0.1
670 silly placeDep node_modules/surge gopd@1.2.0 OK for: get-intrinsic@1.3.0 want: ^1.2.0
671 silly placeDep node_modules/surge has-symbols@1.1.0 OK for: get-intrinsic@1.3.0 want: ^1.1.0
672 silly placeDep node_modules/surge math-intrinsics@1.1.0 OK for: get-intrinsic@1.3.0 want: ^1.1.0
673 silly fetch manifest dunder-proto@^1.0.1
674 silly packumentCache full:https://registry.npmjs.org/dunder-proto cache-miss
675 http fetch GET 200 https://registry.npmjs.org/dunder-proto 31ms (cache miss)
676 silly packumentCache full:https://registry.npmjs.org/dunder-proto set size:undefined disposed:false
677 silly placeDep node_modules/surge dunder-proto@1.0.1 OK for: get-proto@1.0.1 want: ^1.0.1
678 silly placeDep node_modules/surge/node_modules/glob brace-expansion@1.1.12 OK for: minimatch@3.1.2 want: ^1.1.7
679 silly fetch manifest concat-map@0.0.1
680 silly packumentCache full:https://registry.npmjs.org/concat-map cache-miss
681 http fetch GET 200 https://registry.npmjs.org/concat-map 46ms (cache miss)
682 silly packumentCache full:https://registry.npmjs.org/concat-map set size:undefined disposed:false
683 silly placeDep node_modules/surge concat-map@0.0.1 OK for: brace-expansion@1.1.12 want: 0.0.1
684 silly reify mark retired [ '/data/data/com.termux/files/usr/lib/node_modules/gm' ]
685 silly reify moves {
685 silly reify   '/data/data/com.termux/files/usr/lib/node_modules/gm': '/data/data/com.termux/files/usr/lib/node_modules/.gm-68dZHF3M'
685 silly reify }
686 http cache surge@https://registry.npmjs.org/surge/-/surge-0.24.6.tgz 0ms (cache hit)
687 http cache dunder-proto@https://registry.npmjs.org/dunder-proto/-/dunder-proto-1.0.1.tgz 0ms (cache hit)
688 http cache gopd@https://registry.npmjs.org/gopd/-/gopd-1.2.0.tgz 0ms (cache hit)
689 http cache concat-map@https://registry.npmjs.org/concat-map/-/concat-map-0.0.1.tgz 0ms (cache hit)
690 http cache gm@https://registry.npmjs.org/gm/-/gm-1.25.1.tgz 0ms (cache hit)
691 http cache get-proto@https://registry.npmjs.org/get-proto/-/get-proto-1.0.1.tgz 0ms (cache hit)
692 http cache has-symbols@https://registry.npmjs.org/has-symbols/-/has-symbols-1.1.0.tgz 0ms (cache hit)
693 http cache math-intrinsics@https://registry.npmjs.org/math-intrinsics/-/math-intrinsics-1.1.0.tgz 0ms (cache hit)
694 http cache function-bind@https://registry.npmjs.org/function-bind/-/function-bind-1.1.2.tgz 0ms (cache hit)
695 http cache has-tostringtag@https://registry.npmjs.org/has-tostringtag/-/has-tostringtag-1.0.2.tgz 0ms (cache hit)
696 http cache call-bind-apply-helpers@https://registry.npmjs.org/call-bind-apply-helpers/-/call-bind-apply-helpers-1.0.2.tgz 0ms (cache hit)
697 http cache es-object-atoms@https://registry.npmjs.org/es-object-atoms/-/es-object-atoms-1.1.1.tgz 0ms (cache hit)
698 http cache es-errors@https://registry.npmjs.org/es-errors/-/es-errors-1.3.0.tgz 0ms (cache hit)
699 http cache hasown@https://registry.npmjs.org/hasown/-/hasown-2.0.2.tgz 0ms (cache hit)
700 http cache get-intrinsic@https://registry.npmjs.org/get-intrinsic/-/get-intrinsic-1.3.0.tgz 0ms (cache hit)
701 http cache es-define-property@https://registry.npmjs.org/es-define-property/-/es-define-property-1.0.1.tgz 0ms (cache hit)
702 http cache es-set-tostringtag@https://registry.npmjs.org/es-set-tostringtag/-/es-set-tostringtag-2.1.0.tgz 0ms (cache hit)
703 http cache block-stream@https://registry.npmjs.org/block-stream/-/block-stream-0.0.9.tgz 0ms (cache hit)
704 http cache core-util-is@https://registry.npmjs.org/core-util-is/-/core-util-is-1.0.2.tgz 0ms (cache hit)
705 http cache wrappy@https://registry.npmjs.org/wrappy/-/wrappy-1.0.2.tgz 0ms (cache hit)
706 http cache punycode@https://registry.npmjs.org/punycode/-/punycode-2.3.1.tgz 0ms (cache hit)
707 http cache psl@https://registry.npmjs.org/psl/-/psl-1.15.0.tgz 0ms (cache hit)
708 http cache fs.realpath@https://registry.npmjs.org/fs.realpath/-/fs.realpath-1.0.0.tgz 0ms (cache hit)
709 http cache path-is-absolute@https://registry.npmjs.org/path-is-absolute/-/path-is-absolute-1.0.1.tgz 0ms (cache hit)
710 http cache inflight@https://registry.npmjs.org/inflight/-/inflight-1.0.6.tgz 0ms (cache hit)
711 http cache once@https://registry.npmjs.org/once/-/once-1.4.0.tgz 0ms (cache hit)
712 http cache minimatch@https://registry.npmjs.org/minimatch/-/minimatch-3.1.2.tgz 0ms (cache hit)
713 http cache balanced-match@https://registry.npmjs.org/balanced-match/-/balanced-match-1.0.2.tgz 0ms (cache hit)
714 http cache rimraf@https://registry.npmjs.org/rimraf/-/rimraf-2.7.1.tgz 0ms (cache hit)
715 http cache glob@https://registry.npmjs.org/glob/-/glob-7.2.3.tgz 0ms (cache hit)
716 http cache graceful-fs@https://registry.npmjs.org/graceful-fs/-/graceful-fs-4.2.11.tgz 0ms (cache hit)
717 http cache mkdirp@https://registry.npmjs.org/mkdirp/-/mkdirp-0.5.6.tgz 0ms (cache hit)
718 http cache minimatch@https://registry.npmjs.org/minimatch/-/minimatch-7.4.6.tgz 0ms (cache hit)
719 http cache brace-expansion@https://registry.npmjs.org/brace-expansion/-/brace-expansion-1.1.12.tgz 0ms (cache hit)
720 http cache fstream@https://registry.npmjs.org/fstream/-/fstream-1.0.12.tgz 0ms (cache hit)
721 http cache surge-fstream-ignore@https://registry.npmjs.org/surge-fstream-ignore/-/surge-fstream-ignore-1.1.0.tgz 1ms (cache hit)
722 http cache tarr@https://registry.npmjs.org/tarr/-/tarr-1.1.0.tgz 0ms (cache hit)
723 http cache brace-expansion@https://registry.npmjs.org/brace-expansion/-/brace-expansion-2.0.2.tgz 0ms (cache hit)
724 http cache inherits@https://registry.npmjs.org/inherits/-/inherits-2.0.4.tgz 0ms (cache hit)
725 http cache split@https://registry.npmjs.org/split/-/split-1.0.1.tgz 0ms (cache hit)
726 http cache follow-redirects@https://registry.npmjs.org/follow-redirects/-/follow-redirects-1.15.11.tgz 0ms (cache hit)
727 http cache through@https://registry.npmjs.org/through/-/through-2.3.8.tgz 0ms (cache hit)
728 http cache proxy-from-env@https://registry.npmjs.org/proxy-from-env/-/proxy-from-env-1.1.0.tgz 0ms (cache hit)
729 http cache ansi-regex@https://registry.npmjs.org/ansi-regex/-/ansi-regex-5.0.1.tgz 0ms (cache hit)
730 http cache is-fullwidth-code-point@https://registry.npmjs.org/is-fullwidth-code-point/-/is-fullwidth-code-point-3.0.0.tgz 0ms (cache hit)
731 http cache axios@https://registry.npmjs.org/axios/-/axios-1.7.3.tgz 0ms (cache hit)
732 http cache form-data@https://registry.npmjs.org/form-data/-/form-data-4.0.5.tgz 0ms (cache hit)
733 http cache strip-ansi@https://registry.npmjs.org/strip-ansi/-/strip-ansi-6.0.1.tgz 0ms (cache hit)
734 http cache jsbn@https://registry.npmjs.org/jsbn/-/jsbn-0.1.1.tgz 0ms (cache hit)
735 http cache tweetnacl@https://registry.npmjs.org/tweetnacl/-/tweetnacl-0.14.5.tgz 0ms (cache hit)
736 http cache getpass@https://registry.npmjs.org/getpass/-/getpass-0.1.7.tgz 0ms (cache hit)
737 http cache safer-buffer@https://registry.npmjs.org/safer-buffer/-/safer-buffer-2.1.2.tgz 0ms (cache hit)
738 http cache dashdash@https://registry.npmjs.org/dashdash/-/dashdash-1.14.1.tgz 0ms (cache hit)
739 http cache asn1@https://registry.npmjs.org/asn1/-/asn1-0.2.6.tgz 0ms (cache hit)
740 http cache ecc-jsbn@https://registry.npmjs.org/ecc-jsbn/-/ecc-jsbn-0.1.2.tgz 0ms (cache hit)
741 http cache emoji-regex@https://registry.npmjs.org/emoji-regex/-/emoji-regex-8.0.0.tgz 0ms (cache hit)
742 http cache mime-db@https://registry.npmjs.org/mime-db/-/mime-db-1.52.0.tgz 0ms (cache hit)
743 http cache json-schema@https://registry.npmjs.org/json-schema/-/json-schema-0.4.0.tgz 0ms (cache hit)
744 http cache jsprim@https://registry.npmjs.org/jsprim/-/jsprim-1.4.2.tgz 0ms (cache hit)
745 http cache verror@https://registry.npmjs.org/verror/-/verror-1.10.0.tgz 0ms (cache hit)
746 http cache extsprintf@https://registry.npmjs.org/extsprintf/-/extsprintf-1.3.0.tgz 0ms (cache hit)
747 http cache uri-js@https://registry.npmjs.org/uri-js/-/uri-js-4.4.1.tgz 0ms (cache hit)
748 http cache fast-deep-equal@https://registry.npmjs.org/fast-deep-equal/-/fast-deep-equal-3.1.3.tgz 0ms (cache hit)
749 http cache bcrypt-pbkdf@https://registry.npmjs.org/bcrypt-pbkdf/-/bcrypt-pbkdf-1.0.2.tgz 0ms (cache hit)
750 http cache assert-plus@https://registry.npmjs.org/assert-plus/-/assert-plus-1.0.0.tgz 0ms (cache hit)
751 http cache sshpk@https://registry.npmjs.org/sshpk/-/sshpk-1.18.0.tgz 0ms (cache hit)
752 http cache delayed-stream@https://registry.npmjs.org/delayed-stream/-/delayed-stream-1.0.0.tgz 0ms (cache hit)
753 http cache uuid@https://registry.npmjs.org/uuid/-/uuid-3.4.0.tgz 0ms (cache hit)
754 http cache json-schema-traverse@https://registry.npmjs.org/json-schema-traverse/-/json-schema-traverse-0.4.1.tgz 0ms (cache hit)
755 http cache asynckit@https://registry.npmjs.org/asynckit/-/asynckit-0.4.0.tgz 0ms (cache hit)
756 http cache har-schema@https://registry.npmjs.org/har-schema/-/har-schema-2.0.0.tgz 0ms (cache hit)
757 http cache tunnel-agent@https://registry.npmjs.org/tunnel-agent/-/tunnel-agent-0.6.0.tgz 0ms (cache hit)
758 http cache ajv@https://registry.npmjs.org/ajv/-/ajv-6.12.6.tgz 0ms (cache hit)
759 http cache tough-cookie@https://registry.npmjs.org/tough-cookie/-/tough-cookie-2.5.0.tgz 0ms (cache hit)
760 http cache safe-buffer@https://registry.npmjs.org/safe-buffer/-/safe-buffer-5.2.1.tgz 0ms (cache hit)
761 http cache qs@https://registry.npmjs.org/qs/-/qs-6.5.3.tgz 0ms (cache hit)
762 http cache oauth-sign@https://registry.npmjs.org/oauth-sign/-/oauth-sign-0.9.0.tgz 0ms (cache hit)
763 http cache performance-now@https://registry.npmjs.org/performance-now/-/performance-now-2.1.0.tgz 0ms (cache hit)
764 http cache fast-json-stable-stringify@https://registry.npmjs.org/fast-json-stable-stringify/-/fast-json-stable-stringify-2.1.0.tgz 0ms (cache hit)
765 http cache mime-types@https://registry.npmjs.org/mime-types/-/mime-types-2.1.35.tgz 0ms (cache hit)
766 http cache is-typedarray@https://registry.npmjs.org/is-typedarray/-/is-typedarray-1.0.0.tgz 0ms (cache hit)
767 http cache http-signature@https://registry.npmjs.org/http-signature/-/http-signature-1.2.0.tgz 0ms (cache hit)
768 http cache json-stringify-safe@https://registry.npmjs.org/json-stringify-safe/-/json-stringify-safe-5.0.1.tgz 0ms (cache hit)
769 http cache isstream@https://registry.npmjs.org/isstream/-/isstream-0.1.2.tgz 0ms (cache hit)
770 http cache har-validator@https://registry.npmjs.org/har-validator/-/har-validator-5.1.5.tgz 0ms (cache hit)
771 http cache form-data@https://registry.npmjs.org/form-data/-/form-data-2.3.3.tgz 0ms (cache hit)
772 http cache forever-agent@https://registry.npmjs.org/forever-agent/-/forever-agent-0.6.1.tgz 0ms (cache hit)
773 http cache extend@https://registry.npmjs.org/extend/-/extend-3.0.2.tgz 0ms (cache hit)
774 http cache combined-stream@https://registry.npmjs.org/combined-stream/-/combined-stream-1.0.8.tgz 0ms (cache hit)
775 http cache caseless@https://registry.npmjs.org/caseless/-/caseless-0.12.0.tgz 0ms (cache hit)
776 http cache sisteransi@https://registry.npmjs.org/sisteransi/-/sisteransi-1.0.5.tgz 0ms (cache hit)
777 http cache aws4@https://registry.npmjs.org/aws4/-/aws4-1.13.2.tgz 0ms (cache hit)
778 http cache aws-sign2@https://registry.npmjs.org/aws-sign2/-/aws-sign2-0.7.0.tgz 0ms (cache hit)
779 http cache mute-stream@https://registry.npmjs.org/mute-stream/-/mute-stream-0.0.8.tgz 0ms (cache hit)
780 http cache xbytes@https://registry.npmjs.org/xbytes/-/xbytes-1.9.1.tgz 0ms (cache hit)
781 http cache kleur@https://registry.npmjs.org/kleur/-/kleur-3.0.3.tgz 0ms (cache hit)
782 http cache string-width@https://registry.npmjs.org/string-width/-/string-width-4.2.3.tgz 0ms (cache hit)
783 http cache url-parse-as-address@https://registry.npmjs.org/url-parse-as-address/-/url-parse-as-address-1.0.0.tgz 0ms (cache hit)
784 http cache surge-sdk@https://registry.npmjs.org/surge-sdk/-/surge-sdk-0.6.4.tgz 0ms (cache hit)
785 http cache request@https://registry.npmjs.org/request/-/request-2.88.2.tgz 0ms (cache hit)
786 http cache surge-stream@https://registry.npmjs.org/surge-stream/-/surge-stream-0.6.4.tgz 0ms (cache hit)
787 http cache surge-ignore@https://registry.npmjs.org/surge-ignore/-/surge-ignore-0.3.0.tgz 0ms (cache hit)
788 http cache surge-ignore@https://registry.npmjs.org/surge-ignore/-/surge-ignore-0.2.0.tgz 0ms (cache hit)
789 http cache progress@https://registry.npmjs.org/progress/-/progress-2.0.3.tgz 0ms (cache hit)
790 http cache prompts@https://registry.npmjs.org/prompts/-/prompts-2.4.2.tgz 0ms (cache hit)
791 http cache read@https://registry.npmjs.org/read/-/read-1.0.5.tgz 0ms (cache hit)
792 http cache netrc@https://registry.npmjs.org/netrc/-/netrc-0.1.4.tgz 0ms (cache hit)
793 http cache moniker@https://registry.npmjs.org/moniker/-/moniker-0.1.2.tgz 0ms (cache hit)
794 http cache human-readable-numbers@https://registry.npmjs.org/human-readable-numbers/-/human-readable-numbers-0.9.5.tgz 0ms (cache hit)
795 http cache is-domain@https://registry.npmjs.org/is-domain/-/is-domain-0.0.1.tgz 0ms (cache hit)
796 http cache minimist@https://registry.npmjs.org/minimist/-/minimist-1.2.6.tgz 0ms (cache hit)
797 http cache colors@https://registry.npmjs.org/colors/-/colors-1.4.0.tgz 0ms (cache hit)
798 http cache shebang-regex@https://registry.npmjs.org/shebang-regex/-/shebang-regex-3.0.0.tgz 0ms (cache hit)
799 http cache babar@https://registry.npmjs.org/babar/-/babar-0.2.3.tgz 0ms (cache hit)
800 http cache cli-table3@https://registry.npmjs.org/cli-table3/-/cli-table3-0.6.1.tgz 0ms (cache hit)
801 http cache which@https://registry.npmjs.org/which/-/which-2.0.2.tgz 0ms (cache hit)
802 http cache shebang-command@https://registry.npmjs.org/shebang-command/-/shebang-command-2.0.0.tgz 0ms (cache hit)
803 http cache ms@https://registry.npmjs.org/ms/-/ms-2.1.3.tgz 0ms (cache hit)
804 http cache isexe@https://registry.npmjs.org/isexe/-/isexe-2.0.0.tgz 0ms (cache hit)
805 http cache path-key@https://registry.npmjs.org/path-key/-/path-key-3.1.1.tgz 0ms (cache hit)
806 http cache cross-spawn@https://registry.npmjs.org/cross-spawn/-/cross-spawn-7.0.6.tgz 0ms (cache hit)
807 http cache debug@https://registry.npmjs.org/debug/-/debug-3.2.7.tgz 0ms (cache hit)
808 http cache array-series@https://registry.npmjs.org/array-series/-/array-series-0.1.5.tgz 0ms (cache hit)
809 http cache array-parallel@https://registry.npmjs.org/array-parallel/-/array-parallel-0.1.3.tgz 0ms (cache hit)
810 silly tarball no local data for surge@https://registry.npmjs.org/surge/-/surge-0.24.6.tgz. Extracting by manifest.
811 silly tarball no local data for dunder-proto@https://registry.npmjs.org/dunder-proto/-/dunder-proto-1.0.1.tgz. Extracting by manifest.
812 silly tarball no local data for gopd@https://registry.npmjs.org/gopd/-/gopd-1.2.0.tgz. Extracting by manifest.
813 silly tarball no local data for concat-map@https://registry.npmjs.org/concat-map/-/concat-map-0.0.1.tgz. Extracting by manifest.
814 silly tarball no local data for get-proto@https://registry.npmjs.org/get-proto/-/get-proto-1.0.1.tgz. Extracting by manifest.
815 silly tarball no local data for has-symbols@https://registry.npmjs.org/has-symbols/-/has-symbols-1.1.0.tgz. Extracting by manifest.
816 silly tarball no local data for math-intrinsics@https://registry.npmjs.org/math-intrinsics/-/math-intrinsics-1.1.0.tgz. Extracting by manifest.
817 silly tarball no local data for function-bind@https://registry.npmjs.org/function-bind/-/function-bind-1.1.2.tgz. Extracting by manifest.
818 silly tarball no local data for has-tostringtag@https://registry.npmjs.org/has-tostringtag/-/has-tostringtag-1.0.2.tgz. Extracting by manifest.
819 silly tarball no local data for call-bind-apply-helpers@https://registry.npmjs.org/call-bind-apply-helpers/-/call-bind-apply-helpers-1.0.2.tgz. Extracting by manifest.
820 silly tarball no local data for es-object-atoms@https://registry.npmjs.org/es-object-atoms/-/es-object-atoms-1.1.1.tgz. Extracting by manifest.
821 silly tarball no local data for es-errors@https://registry.npmjs.org/es-errors/-/es-errors-1.3.0.tgz. Extracting by manifest.
822 silly tarball no local data for hasown@https://registry.npmjs.org/hasown/-/hasown-2.0.2.tgz. Extracting by manifest.
823 silly tarball no local data for get-intrinsic@https://registry.npmjs.org/get-intrinsic/-/get-intrinsic-1.3.0.tgz. Extracting by manifest.
824 silly tarball no local data for es-define-property@https://registry.npmjs.org/es-define-property/-/es-define-property-1.0.1.tgz. Extracting by manifest.
825 silly tarball no local data for es-set-tostringtag@https://registry.npmjs.org/es-set-tostringtag/-/es-set-tostringtag-2.1.0.tgz. Extracting by manifest.
826 silly tarball no local data for block-stream@https://registry.npmjs.org/block-stream/-/block-stream-0.0.9.tgz. Extracting by manifest.
827 silly tarball no local data for core-util-is@https://registry.npmjs.org/core-util-is/-/core-util-is-1.0.2.tgz. Extracting by manifest.
828 silly tarball no local data for punycode@https://registry.npmjs.org/punycode/-/punycode-2.3.1.tgz. Extracting by manifest.
829 silly tarball no local data for psl@https://registry.npmjs.org/psl/-/psl-1.15.0.tgz. Extracting by manifest.
830 silly tarball no local data for fs.realpath@https://registry.npmjs.org/fs.realpath/-/fs.realpath-1.0.0.tgz. Extracting by manifest.
831 silly tarball no local data for path-is-absolute@https://registry.npmjs.org/path-is-absolute/-/path-is-absolute-1.0.1.tgz. Extracting by manifest.
832 silly tarball no local data for inflight@https://registry.npmjs.org/inflight/-/inflight-1.0.6.tgz. Extracting by manifest.
833 silly tarball no local data for minimatch@https://registry.npmjs.org/minimatch/-/minimatch-3.1.2.tgz. Extracting by manifest.
834 silly tarball no local data for balanced-match@https://registry.npmjs.org/balanced-match/-/balanced-match-1.0.2.tgz. Extracting by manifest.
835 silly tarball no local data for rimraf@https://registry.npmjs.org/rimraf/-/rimraf-2.7.1.tgz. Extracting by manifest.
836 silly tarball no local data for glob@https://registry.npmjs.org/glob/-/glob-7.2.3.tgz. Extracting by manifest.
837 silly tarball no local data for graceful-fs@https://registry.npmjs.org/graceful-fs/-/graceful-fs-4.2.11.tgz. Extracting by manifest.
838 silly tarball no local data for mkdirp@https://registry.npmjs.org/mkdirp/-/mkdirp-0.5.6.tgz. Extracting by manifest.
839 silly tarball no local data for minimatch@https://registry.npmjs.org/minimatch/-/minimatch-7.4.6.tgz. Extracting by manifest.
840 silly tarball no local data for brace-expansion@https://registry.npmjs.org/brace-expansion/-/brace-expansion-1.1.12.tgz. Extracting by manifest.
841 silly tarball no local data for fstream@https://registry.npmjs.org/fstream/-/fstream-1.0.12.tgz. Extracting by manifest.
842 silly tarball no local data for surge-fstream-ignore@https://registry.npmjs.org/surge-fstream-ignore/-/surge-fstream-ignore-1.1.0.tgz. Extracting by manifest.
843 silly tarball no local data for tarr@https://registry.npmjs.org/tarr/-/tarr-1.1.0.tgz. Extracting by manifest.
844 silly tarball no local data for brace-expansion@https://registry.npmjs.org/brace-expansion/-/brace-expansion-2.0.2.tgz. Extracting by manifest.
845 silly tarball no local data for split@https://registry.npmjs.org/split/-/split-1.0.1.tgz. Extracting by manifest.
846 silly tarball no local data for follow-redirects@https://registry.npmjs.org/follow-redirects/-/follow-redirects-1.15.11.tgz. Extracting by manifest.
847 silly tarball no local data for through@https://registry.npmjs.org/through/-/through-2.3.8.tgz. Extracting by manifest.
848 silly tarball no local data for proxy-from-env@https://registry.npmjs.org/proxy-from-env/-/proxy-from-env-1.1.0.tgz. Extracting by manifest.
849 silly tarball no local data for ansi-regex@https://registry.npmjs.org/ansi-regex/-/ansi-regex-5.0.1.tgz. Extracting by manifest.
850 silly tarball no local data for is-fullwidth-code-point@https://registry.npmjs.org/is-fullwidth-code-point/-/is-fullwidth-code-point-3.0.0.tgz. Extracting by manifest.
851 silly tarball no local data for axios@https://registry.npmjs.org/axios/-/axios-1.7.3.tgz. Extracting by manifest.
852 silly tarball no local data for form-data@https://registry.npmjs.org/form-data/-/form-data-4.0.5.tgz. Extracting by manifest.
853 silly tarball no local data for strip-ansi@https://registry.npmjs.org/strip-ansi/-/strip-ansi-6.0.1.tgz. Extracting by manifest.
854 silly tarball no local data for jsbn@https://registry.npmjs.org/jsbn/-/jsbn-0.1.1.tgz. Extracting by manifest.
855 silly tarball no local data for tweetnacl@https://registry.npmjs.org/tweetnacl/-/tweetnacl-0.14.5.tgz. Extracting by manifest.
856 silly tarball no local data for getpass@https://registry.npmjs.org/getpass/-/getpass-0.1.7.tgz. Extracting by manifest.
857 silly tarball no local data for safer-buffer@https://registry.npmjs.org/safer-buffer/-/safer-buffer-2.1.2.tgz. Extracting by manifest.
858 silly tarball no local data for dashdash@https://registry.npmjs.org/dashdash/-/dashdash-1.14.1.tgz. Extracting by manifest.
859 silly tarball no local data for asn1@https://registry.npmjs.org/asn1/-/asn1-0.2.6.tgz. Extracting by manifest.
860 silly tarball no local data for ecc-jsbn@https://registry.npmjs.org/ecc-jsbn/-/ecc-jsbn-0.1.2.tgz. Extracting by manifest.
861 silly tarball no local data for emoji-regex@https://registry.npmjs.org/emoji-regex/-/emoji-regex-8.0.0.tgz. Extracting by manifest.
862 silly tarball no local data for mime-db@https://registry.npmjs.org/mime-db/-/mime-db-1.52.0.tgz. Extracting by manifest.
863 silly tarball no local data for json-schema@https://registry.npmjs.org/json-schema/-/json-schema-0.4.0.tgz. Extracting by manifest.
864 silly tarball no local data for jsprim@https://registry.npmjs.org/jsprim/-/jsprim-1.4.2.tgz. Extracting by manifest.
865 silly tarball no local data for verror@https://registry.npmjs.org/verror/-/verror-1.10.0.tgz. Extracting by manifest.
866 silly tarball no local data for extsprintf@https://registry.npmjs.org/extsprintf/-/extsprintf-1.3.0.tgz. Extracting by manifest.
867 silly tarball no local data for uri-js@https://registry.npmjs.org/uri-js/-/uri-js-4.4.1.tgz. Extracting by manifest.
868 silly tarball no local data for fast-deep-equal@https://registry.npmjs.org/fast-deep-equal/-/fast-deep-equal-3.1.3.tgz. Extracting by manifest.
869 silly tarball no local data for bcrypt-pbkdf@https://registry.npmjs.org/bcrypt-pbkdf/-/bcrypt-pbkdf-1.0.2.tgz. Extracting by manifest.
870 silly tarball no local data for assert-plus@https://registry.npmjs.org/assert-plus/-/assert-plus-1.0.0.tgz. Extracting by manifest.
871 silly tarball no local data for sshpk@https://registry.npmjs.org/sshpk/-/sshpk-1.18.0.tgz. Extracting by manifest.
872 silly tarball no local data for delayed-stream@https://registry.npmjs.org/delayed-stream/-/delayed-stream-1.0.0.tgz. Extracting by manifest.
873 silly tarball no local data for uuid@https://registry.npmjs.org/uuid/-/uuid-3.4.0.tgz. Extracting by manifest.
874 silly tarball no local data for json-schema-traverse@https://registry.npmjs.org/json-schema-traverse/-/json-schema-traverse-0.4.1.tgz. Extracting by manifest.
875 silly tarball no local data for asynckit@https://registry.npmjs.org/asynckit/-/asynckit-0.4.0.tgz. Extracting by manifest.
876 silly tarball no local data for har-schema@https://registry.npmjs.org/har-schema/-/har-schema-2.0.0.tgz. Extracting by manifest.
877 silly tarball no local data for ajv@https://registry.npmjs.org/ajv/-/ajv-6.12.6.tgz. Extracting by manifest.
878 silly tarball no local data for tough-cookie@https://registry.npmjs.org/tough-cookie/-/tough-cookie-2.5.0.tgz. Extracting by manifest.
879 silly tarball no local data for qs@https://registry.npmjs.org/qs/-/qs-6.5.3.tgz. Extracting by manifest.
880 silly tarball no local data for oauth-sign@https://registry.npmjs.org/oauth-sign/-/oauth-sign-0.9.0.tgz. Extracting by manifest.
881 silly tarball no local data for performance-now@https://registry.npmjs.org/performance-now/-/performance-now-2.1.0.tgz. Extracting by manifest.
882 silly tarball no local data for fast-json-stable-stringify@https://registry.npmjs.org/fast-json-stable-stringify/-/fast-json-stable-stringify-2.1.0.tgz. Extracting by manifest.
883 silly tarball no local data for mime-types@https://registry.npmjs.org/mime-types/-/mime-types-2.1.35.tgz. Extracting by manifest.
884 silly tarball no local data for is-typedarray@https://registry.npmjs.org/is-typedarray/-/is-typedarray-1.0.0.tgz. Extracting by manifest.
885 silly tarball no local data for http-signature@https://registry.npmjs.org/http-signature/-/http-signature-1.2.0.tgz. Extracting by manifest.
886 silly tarball no local data for json-stringify-safe@https://registry.npmjs.org/json-stringify-safe/-/json-stringify-safe-5.0.1.tgz. Extracting by manifest.
887 silly tarball no local data for isstream@https://registry.npmjs.org/isstream/-/isstream-0.1.2.tgz. Extracting by manifest.
888 silly tarball no local data for har-validator@https://registry.npmjs.org/har-validator/-/har-validator-5.1.5.tgz. Extracting by manifest.
889 silly tarball no local data for form-data@https://registry.npmjs.org/form-data/-/form-data-2.3.3.tgz. Extracting by manifest.
890 silly tarball no local data for forever-agent@https://registry.npmjs.org/forever-agent/-/forever-agent-0.6.1.tgz. Extracting by manifest.
891 silly tarball no local data for extend@https://registry.npmjs.org/extend/-/extend-3.0.2.tgz. Extracting by manifest.
892 silly tarball no local data for combined-stream@https://registry.npmjs.org/combined-stream/-/combined-stream-1.0.8.tgz. Extracting by manifest.
893 silly tarball no local data for caseless@https://registry.npmjs.org/caseless/-/caseless-0.12.0.tgz. Extracting by manifest.
894 silly tarball no local data for sisteransi@https://registry.npmjs.org/sisteransi/-/sisteransi-1.0.5.tgz. Extracting by manifest.
895 silly tarball no local data for aws4@https://registry.npmjs.org/aws4/-/aws4-1.13.2.tgz. Extracting by manifest.
896 silly tarball no local data for aws-sign2@https://registry.npmjs.org/aws-sign2/-/aws-sign2-0.7.0.tgz. Extracting by manifest.
897 silly tarball no local data for mute-stream@https://registry.npmjs.org/mute-stream/-/mute-stream-0.0.8.tgz. Extracting by manifest.
898 silly tarball no local data for xbytes@https://registry.npmjs.org/xbytes/-/xbytes-1.9.1.tgz. Extracting by manifest.
899 silly tarball no local data for kleur@https://registry.npmjs.org/kleur/-/kleur-3.0.3.tgz. Extracting by manifest.
900 silly tarball no local data for string-width@https://registry.npmjs.org/string-width/-/string-width-4.2.3.tgz. Extracting by manifest.
901 silly tarball no local data for url-parse-as-address@https://registry.npmjs.org/url-parse-as-address/-/url-parse-as-address-1.0.0.tgz. Extracting by manifest.
902 silly tarball no local data for surge-sdk@https://registry.npmjs.org/surge-sdk/-/surge-sdk-0.6.4.tgz. Extracting by manifest.
903 silly tarball no local data for request@https://registry.npmjs.org/request/-/request-2.88.2.tgz. Extracting by manifest.
904 silly tarball no local data for surge-stream@https://registry.npmjs.org/surge-stream/-/surge-stream-0.6.4.tgz. Extracting by manifest.
905 silly tarball no local data for surge-ignore@https://registry.npmjs.org/surge-ignore/-/surge-ignore-0.3.0.tgz. Extracting by manifest.
906 silly tarball no local data for surge-ignore@https://registry.npmjs.org/surge-ignore/-/surge-ignore-0.2.0.tgz. Extracting by manifest.
907 silly tarball no local data for progress@https://registry.npmjs.org/progress/-/progress-2.0.3.tgz. Extracting by manifest.
908 silly tarball no local data for prompts@https://registry.npmjs.org/prompts/-/prompts-2.4.2.tgz. Extracting by manifest.
909 silly tarball no local data for read@https://registry.npmjs.org/read/-/read-1.0.5.tgz. Extracting by manifest.
910 silly tarball no local data for netrc@https://registry.npmjs.org/netrc/-/netrc-0.1.4.tgz. Extracting by manifest.
911 silly tarball no local data for moniker@https://registry.npmjs.org/moniker/-/moniker-0.1.2.tgz. Extracting by manifest.
912 silly tarball no local data for human-readable-numbers@https://registry.npmjs.org/human-readable-numbers/-/human-readable-numbers-0.9.5.tgz. Extracting by manifest.
913 silly tarball no local data for is-domain@https://registry.npmjs.org/is-domain/-/is-domain-0.0.1.tgz. Extracting by manifest.
914 silly tarball no local data for minimist@https://registry.npmjs.org/minimist/-/minimist-1.2.6.tgz. Extracting by manifest.
915 silly tarball no local data for colors@https://registry.npmjs.org/colors/-/colors-1.4.0.tgz. Extracting by manifest.
916 silly tarball no local data for babar@https://registry.npmjs.org/babar/-/babar-0.2.3.tgz. Extracting by manifest.
917 silly tarball no local data for cli-table3@https://registry.npmjs.org/cli-table3/-/cli-table3-0.6.1.tgz. Extracting by manifest.
918 http fetch GET 200 https://registry.npmjs.org/dunder-proto/-/dunder-proto-1.0.1.tgz 143ms (cache miss)
919 http fetch GET 200 https://registry.npmjs.org/math-intrinsics/-/math-intrinsics-1.1.0.tgz 141ms (cache miss)
920 http fetch GET 200 https://registry.npmjs.org/gopd/-/gopd-1.2.0.tgz 146ms (cache miss)
921 http fetch GET 200 https://registry.npmjs.org/has-symbols/-/has-symbols-1.1.0.tgz 145ms (cache miss)
922 http fetch GET 200 https://registry.npmjs.org/get-proto/-/get-proto-1.0.1.tgz 150ms (cache miss)
923 http fetch GET 200 https://registry.npmjs.org/concat-map/-/concat-map-0.0.1.tgz 151ms (cache miss)
924 http fetch GET 200 https://registry.npmjs.org/core-util-is/-/core-util-is-1.0.2.tgz 163ms (cache miss)
925 http fetch GET 200 https://registry.npmjs.org/punycode/-/punycode-2.3.1.tgz 163ms (cache miss)
926 http fetch GET 200 https://registry.npmjs.org/es-set-tostringtag/-/es-set-tostringtag-2.1.0.tgz 164ms (cache miss)
927 http fetch GET 200 https://registry.npmjs.org/fs.realpath/-/fs.realpath-1.0.0.tgz 175ms (cache miss)
928 http fetch GET 200 https://registry.npmjs.org/block-stream/-/block-stream-0.0.9.tgz 182ms (cache miss)
929 http fetch GET 200 https://registry.npmjs.org/path-is-absolute/-/path-is-absolute-1.0.1.tgz 181ms (cache miss)
930 http fetch GET 200 https://registry.npmjs.org/balanced-match/-/balanced-match-1.0.2.tgz 215ms (cache miss)
931 http fetch GET 200 https://registry.npmjs.org/rimraf/-/rimraf-2.7.1.tgz 221ms (cache miss)
932 warn deprecated rimraf@2.7.1: Rimraf versions prior to v4 are no longer supported
933 http fetch GET 200 https://registry.npmjs.org/inflight/-/inflight-1.0.6.tgz 225ms (cache miss)
934 warn deprecated inflight@1.0.6: This module is not supported, and leaks memory. Do not use it. Check out lru-cache if you want a good and tested way to coalesce async requests by a key value, which is much more comprehensive and powerful.
935 http fetch GET 200 https://registry.npmjs.org/glob/-/glob-7.2.3.tgz 225ms (cache miss)
936 warn deprecated glob@7.2.3: Old versions of glob are not supported, and contain widely publicized security vulnerabilities, which have been fixed in the current version. Please update. Support for old versions may be purchased (at exorbitant rates) by contacting i@izs.me
937 http fetch GET 200 https://registry.npmjs.org/mkdirp/-/mkdirp-0.5.6.tgz 230ms (cache miss)
938 http fetch GET 200 https://registry.npmjs.org/es-define-property/-/es-define-property-1.0.1.tgz 245ms (cache miss)
939 http fetch GET 200 https://registry.npmjs.org/graceful-fs/-/graceful-fs-4.2.11.tgz 240ms (cache miss)
940 http fetch GET 200 https://registry.npmjs.org/brace-expansion/-/brace-expansion-2.0.2.tgz 241ms (cache miss)
941 http fetch GET 200 https://registry.npmjs.org/minimatch/-/minimatch-3.1.2.tgz 246ms (cache miss)
942 http fetch GET 200 https://registry.npmjs.org/follow-redirects/-/follow-redirects-1.15.11.tgz 269ms (cache miss)
943 http fetch GET 200 https://registry.npmjs.org/brace-expansion/-/brace-expansion-1.1.12.tgz 272ms (cache miss)
944 http fetch GET 200 https://registry.npmjs.org/es-object-atoms/-/es-object-atoms-1.1.1.tgz 283ms (cache miss)
945 http fetch GET 200 https://registry.npmjs.org/surge-fstream-ignore/-/surge-fstream-ignore-1.1.0.tgz 279ms (cache miss)
946 http fetch GET 200 https://registry.npmjs.org/ansi-regex/-/ansi-regex-5.0.1.tgz 276ms (cache miss)
947 http fetch GET 200 https://registry.npmjs.org/hasown/-/hasown-2.0.2.tgz 295ms (cache miss)
948 http fetch GET 200 https://registry.npmjs.org/is-fullwidth-code-point/-/is-fullwidth-code-point-3.0.0.tgz 282ms (cache miss)
949 http fetch GET 200 https://registry.npmjs.org/proxy-from-env/-/proxy-from-env-1.1.0.tgz 286ms (cache miss)
950 http fetch GET 200 https://registry.npmjs.org/es-errors/-/es-errors-1.3.0.tgz 303ms (cache miss)
951 http fetch GET 200 https://registry.npmjs.org/split/-/split-1.0.1.tgz 296ms (cache miss)
952 http fetch GET 200 https://registry.npmjs.org/call-bind-apply-helpers/-/call-bind-apply-helpers-1.0.2.tgz 312ms (cache miss)
953 http fetch GET 200 https://registry.npmjs.org/through/-/through-2.3.8.tgz 300ms (cache miss)
954 http fetch GET 200 https://registry.npmjs.org/ecc-jsbn/-/ecc-jsbn-0.1.2.tgz 295ms (cache miss)
955 http fetch GET 200 https://registry.npmjs.org/asn1/-/asn1-0.2.6.tgz 301ms (cache miss)
956 http fetch GET 200 https://registry.npmjs.org/form-data/-/form-data-4.0.5.tgz 303ms (cache miss)
957 http fetch GET 200 https://registry.npmjs.org/safer-buffer/-/safer-buffer-2.1.2.tgz 307ms (cache miss)
958 http fetch GET 200 https://registry.npmjs.org/json-schema/-/json-schema-0.4.0.tgz 310ms (cache miss)
959 http fetch GET 200 https://registry.npmjs.org/extsprintf/-/extsprintf-1.3.0.tgz 310ms (cache miss)
960 http fetch GET 200 https://registry.npmjs.org/function-bind/-/function-bind-1.1.2.tgz 332ms (cache miss)
961 http fetch GET 200 https://registry.npmjs.org/strip-ansi/-/strip-ansi-6.0.1.tgz 320ms (cache miss)
962 http fetch GET 200 https://registry.npmjs.org/jsbn/-/jsbn-0.1.1.tgz 326ms (cache miss)
963 http fetch GET 200 https://registry.npmjs.org/getpass/-/getpass-0.1.7.tgz 326ms (cache miss)
964 http fetch GET 200 https://registry.npmjs.org/verror/-/verror-1.10.0.tgz 326ms (cache miss)
965 http fetch GET 200 https://registry.npmjs.org/get-intrinsic/-/get-intrinsic-1.3.0.tgz 348ms (cache miss)
966 http fetch GET 200 https://registry.npmjs.org/emoji-regex/-/emoji-regex-8.0.0.tgz 333ms (cache miss)
967 http fetch GET 200 https://registry.npmjs.org/bcrypt-pbkdf/-/bcrypt-pbkdf-1.0.2.tgz 330ms (cache miss)
968 http fetch GET 200 https://registry.npmjs.org/delayed-stream/-/delayed-stream-1.0.0.tgz 330ms (cache miss)
969 http fetch GET 200 https://registry.npmjs.org/performance-now/-/performance-now-2.1.0.tgz 316ms (cache miss)
970 http fetch GET 200 https://registry.npmjs.org/assert-plus/-/assert-plus-1.0.0.tgz 332ms (cache miss)
971 http fetch GET 200 https://registry.npmjs.org/asynckit/-/asynckit-0.4.0.tgz 330ms (cache miss)
972 http fetch GET 200 https://registry.npmjs.org/mime-types/-/mime-types-2.1.35.tgz 317ms (cache miss)
973 http fetch GET 200 https://registry.npmjs.org/json-stringify-safe/-/json-stringify-safe-5.0.1.tgz 316ms (cache miss)
974 http fetch GET 200 https://registry.npmjs.org/mime-db/-/mime-db-1.52.0.tgz 338ms (cache miss)
975 http fetch GET 200 https://registry.npmjs.org/fast-deep-equal/-/fast-deep-equal-3.1.3.tgz 337ms (cache miss)
976 http fetch GET 200 https://registry.npmjs.org/is-typedarray/-/is-typedarray-1.0.0.tgz 321ms (cache miss)
977 http fetch GET 200 https://registry.npmjs.org/has-tostringtag/-/has-tostringtag-1.0.2.tgz 369ms (cache miss)
978 http fetch GET 200 https://registry.npmjs.org/oauth-sign/-/oauth-sign-0.9.0.tgz 332ms (cache miss)
979 http fetch GET 200 https://registry.npmjs.org/har-validator/-/har-validator-5.1.5.tgz 330ms (cache miss)
980 warn deprecated har-validator@5.1.5: this library is no longer supported
981 http fetch GET 200 https://registry.npmjs.org/combined-stream/-/combined-stream-1.0.8.tgz 331ms (cache miss)
982 http fetch GET 200 https://registry.npmjs.org/sisteransi/-/sisteransi-1.0.5.tgz 332ms (cache miss)
983 http fetch GET 200 https://registry.npmjs.org/aws4/-/aws4-1.13.2.tgz 332ms (cache miss)
984 http fetch GET 200 https://registry.npmjs.org/forever-agent/-/forever-agent-0.6.1.tgz 334ms (cache miss)
985 http fetch GET 200 https://registry.npmjs.org/mute-stream/-/mute-stream-0.0.8.tgz 332ms (cache miss)
986 http fetch GET 200 https://registry.npmjs.org/json-schema-traverse/-/json-schema-traverse-0.4.1.tgz 352ms (cache miss)
987 http fetch GET 200 https://registry.npmjs.org/jsprim/-/jsprim-1.4.2.tgz 358ms (cache miss)
988 http fetch GET 200 https://registry.npmjs.org/isstream/-/isstream-0.1.2.tgz 338ms (cache miss)
989 http fetch GET 200 https://registry.npmjs.org/url-parse-as-address/-/url-parse-as-address-1.0.0.tgz 335ms (cache miss)
990 http fetch GET 200 https://registry.npmjs.org/extend/-/extend-3.0.2.tgz 338ms (cache miss)
991 http fetch GET 200 https://registry.npmjs.org/caseless/-/caseless-0.12.0.tgz 340ms (cache miss)
992 http fetch GET 200 https://registry.npmjs.org/surge-stream/-/surge-stream-0.6.4.tgz 338ms (cache miss)
993 http fetch GET 200 https://registry.npmjs.org/form-data/-/form-data-2.3.3.tgz 343ms (cache miss)
994 http fetch GET 200 https://registry.npmjs.org/kleur/-/kleur-3.0.3.tgz 340ms (cache miss)
995 http fetch GET 200 https://registry.npmjs.org/surge-sdk/-/surge-sdk-0.6.4.tgz 339ms (cache miss)
996 http fetch GET 200 https://registry.npmjs.org/surge-ignore/-/surge-ignore-0.2.0.tgz 338ms (cache miss)
997 http fetch GET 200 https://registry.npmjs.org/progress/-/progress-2.0.3.tgz 339ms (cache miss)
998 http fetch GET 200 https://registry.npmjs.org/netrc/-/netrc-0.1.4.tgz 338ms (cache miss)
999 http fetch GET 200 https://registry.npmjs.org/string-width/-/string-width-4.2.3.tgz 342ms (cache miss)
1000 http fetch GET 200 https://registry.npmjs.org/read/-/read-1.0.5.tgz 340ms (cache miss)
1001 http fetch GET 200 https://registry.npmjs.org/aws-sign2/-/aws-sign2-0.7.0.tgz 344ms (cache miss)
1002 http fetch GET 200 https://registry.npmjs.org/minimist/-/minimist-1.2.6.tgz 340ms (cache miss)
1003 warn deprecated gm@1.25.1: The gm module has been sunset. Please migrate to an alternative. https://github.com/aheckmann/gm?tab=readme-ov-file#2025-02-24-this-project-is-not-maintained
1004 http fetch GET 200 https://registry.npmjs.org/surge-ignore/-/surge-ignore-0.3.0.tgz 345ms (cache miss)
1005 http fetch GET 200 https://registry.npmjs.org/is-domain/-/is-domain-0.0.1.tgz 343ms (cache miss)
1006 http fetch GET 200 https://registry.npmjs.org/human-readable-numbers/-/human-readable-numbers-0.9.5.tgz 343ms (cache miss)
1007 http fetch GET 200 https://registry.npmjs.org/tough-cookie/-/tough-cookie-2.5.0.tgz 366ms (cache miss)
1008 http fetch GET 200 https://registry.npmjs.org/cli-table3/-/cli-table3-0.6.1.tgz 343ms (cache miss)
1009 http fetch GET 200 https://registry.npmjs.org/dashdash/-/dashdash-1.14.1.tgz 375ms (cache miss)
1010 http fetch GET 200 https://registry.npmjs.org/moniker/-/moniker-0.1.2.tgz 347ms (cache miss)
1011 http fetch GET 200 https://registry.npmjs.org/http-signature/-/http-signature-1.2.0.tgz 357ms (cache miss)
1012 http fetch GET 200 https://registry.npmjs.org/xbytes/-/xbytes-1.9.1.tgz 362ms (cache miss)
1013 http fetch GET 200 https://registry.npmjs.org/psl/-/psl-1.15.0.tgz 400ms (cache miss)
1014 http fetch GET 200 https://registry.npmjs.org/fast-json-stable-stringify/-/fast-json-stable-stringify-2.1.0.tgz 368ms (cache miss)
1015 http fetch GET 200 https://registry.npmjs.org/qs/-/qs-6.5.3.tgz 386ms (cache miss)
1016 http fetch GET 200 https://registry.npmjs.org/tweetnacl/-/tweetnacl-0.14.5.tgz 396ms (cache miss)
1017 http fetch GET 200 https://registry.npmjs.org/uuid/-/uuid-3.4.0.tgz 392ms (cache miss)
1018 warn deprecated uuid@3.4.0: Please upgrade  to version 7 or higher.  Older versions may use Math.random() in certain circumstances, which is known to be problematic.  See https://v8.dev/blog/math-random for details.
1019 http fetch GET 200 https://registry.npmjs.org/babar/-/babar-0.2.3.tgz 371ms (cache miss)
1020 http fetch GET 200 https://registry.npmjs.org/har-schema/-/har-schema-2.0.0.tgz 394ms (cache miss)
1021 http fetch GET 200 https://registry.npmjs.org/request/-/request-2.88.2.tgz 377ms (cache miss)
1022 warn deprecated request@2.88.2: request has been deprecated, see https://github.com/request/request/issues/3142
1023 http fetch GET 200 https://registry.npmjs.org/fstream/-/fstream-1.0.12.tgz 414ms (cache miss)
1024 warn deprecated fstream@1.0.12: This package is no longer supported.
1025 http fetch GET 200 https://registry.npmjs.org/colors/-/colors-1.4.0.tgz 379ms (cache miss)
1026 http fetch GET 200 https://registry.npmjs.org/sshpk/-/sshpk-1.18.0.tgz 427ms (cache miss)
1027 http fetch GET 200 https://registry.npmjs.org/minimatch/-/minimatch-7.4.6.tgz 448ms (cache miss)
1028 http fetch GET 200 https://registry.npmjs.org/tarr/-/tarr-1.1.0.tgz 452ms (cache miss)
1029 http fetch GET 200 https://registry.npmjs.org/uri-js/-/uri-js-4.4.1.tgz 447ms (cache miss)
1030 http fetch GET 200 https://registry.npmjs.org/prompts/-/prompts-2.4.2.tgz 433ms (cache miss)
1031 http fetch GET 200 https://registry.npmjs.org/surge/-/surge-0.24.6.tgz 486ms (cache miss)
1032 http fetch GET 200 https://registry.npmjs.org/ajv/-/ajv-6.12.6.tgz 468ms (cache miss)
1033 http fetch GET 200 https://registry.npmjs.org/axios/-/axios-1.7.3.tgz 497ms (cache miss)
1034 silly ADD node_modules/surge
1035 silly ADD node_modules/surge/node_modules/concat-map
1036 silly ADD node_modules/surge/node_modules/dunder-proto
1037 silly ADD node_modules/surge/node_modules/math-intrinsics
1038 silly ADD node_modules/surge/node_modules/has-symbols
1039 silly ADD node_modules/surge/node_modules/gopd
1040 silly ADD node_modules/surge/node_modules/get-proto
1041 silly ADD node_modules/surge/node_modules/function-bind
1042 silly ADD node_modules/surge/node_modules/es-object-atoms
1043 silly ADD node_modules/surge/node_modules/es-define-property
1044 silly ADD node_modules/surge/node_modules/call-bind-apply-helpers
1045 silly ADD node_modules/surge/node_modules/has-tostringtag
1046 silly ADD node_modules/surge/node_modules/get-intrinsic
1047 silly ADD node_modules/surge/node_modules/es-errors
1048 silly ADD node_modules/surge/node_modules/hasown
1049 silly ADD node_modules/surge/node_modules/es-set-tostringtag
1050 silly ADD node_modules/surge/node_modules/core-util-is
1051 silly ADD node_modules/surge/node_modules/punycode
1052 silly ADD node_modules/surge/node_modules/psl
1053 silly ADD node_modules/surge/node_modules/block-stream
1054 silly ADD node_modules/surge/node_modules/wrappy
1055 silly ADD node_modules/surge/node_modules/path-is-absolute
1056 silly ADD node_modules/surge/node_modules/once
1057 silly ADD node_modules/surge/node_modules/inflight
1058 silly ADD node_modules/surge/node_modules/fs.realpath
1059 silly ADD node_modules/surge/node_modules/glob
1060 silly ADD node_modules/surge/node_modules/glob/node_modules/brace-expansion
1061 silly ADD node_modules/surge/node_modules/glob/node_modules/minimatch
1062 silly ADD node_modules/surge/node_modules/balanced-match
1063 silly ADD node_modules/surge/node_modules/brace-expansion
1064 silly ADD node_modules/surge/node_modules/rimraf
1065 silly ADD node_modules/surge/node_modules/mkdirp
1066 silly ADD node_modules/surge/node_modules/graceful-fs
1067 silly ADD node_modules/surge/node_modules/minimatch
1068 silly ADD node_modules/surge/node_modules/inherits
1069 silly ADD node_modules/surge/node_modules/fstream
1070 silly ADD node_modules/surge/node_modules/through
1071 silly ADD node_modules/surge/node_modules/tarr
1072 silly ADD node_modules/surge/node_modules/surge-fstream-ignore
1073 silly ADD node_modules/surge/node_modules/split
1074 silly ADD node_modules/surge/node_modules/proxy-from-env
1075 silly ADD node_modules/surge/node_modules/follow-redirects
1076 silly ADD node_modules/surge/node_modules/axios
1077 silly ADD node_modules/surge/node_modules/axios/node_modules/form-data
1078 silly ADD node_modules/surge/node_modules/ansi-regex
1079 silly ADD node_modules/surge/node_modules/strip-ansi
1080 silly ADD node_modules/surge/node_modules/is-fullwidth-code-point
1081 silly ADD node_modules/surge/node_modules/emoji-regex
1082 silly ADD node_modules/surge/node_modules/tweetnacl
1083 silly ADD node_modules/surge/node_modules/safer-buffer
1084 silly ADD node_modules/surge/node_modules/jsbn
1085 silly ADD node_modules/surge/node_modules/getpass
1086 silly ADD node_modules/surge/node_modules/ecc-jsbn
1087 silly ADD node_modules/surge/node_modules/dashdash
1088 silly ADD node_modules/surge/node_modules/bcrypt-pbkdf
1089 silly ADD node_modules/surge/node_modules/asn1
1090 silly ADD node_modules/surge/node_modules/mime-db
1091 silly ADD node_modules/surge/node_modules/verror
1092 silly ADD node_modules/surge/node_modules/json-schema
1093 silly ADD node_modules/surge/node_modules/extsprintf
1094 silly ADD node_modules/surge/node_modules/sshpk
1095 silly ADD node_modules/surge/node_modules/jsprim
1096 silly ADD node_modules/surge/node_modules/assert-plus
1097 silly ADD node_modules/surge/node_modules/uri-js
1098 silly ADD node_modules/surge/node_modules/json-schema-traverse
1099 silly ADD node_modules/surge/node_modules/fast-json-stable-stringify
1100 silly ADD node_modules/surge/node_modules/fast-deep-equal
1101 silly ADD node_modules/surge/node_modules/har-schema
1102 silly ADD node_modules/surge/node_modules/ajv
1103 silly ADD node_modules/surge/node_modules/asynckit
1104 silly ADD node_modules/surge/node_modules/delayed-stream
1105 silly ADD node_modules/surge/node_modules/uuid
1106 silly ADD node_modules/surge/node_modules/tunnel-agent
1107 silly ADD node_modules/surge/node_modules/tough-cookie
1108 silly ADD node_modules/surge/node_modules/safe-buffer
1109 silly ADD node_modules/surge/node_modules/qs
1110 silly ADD node_modules/surge/node_modules/performance-now
1111 silly ADD node_modules/surge/node_modules/oauth-sign
1112 silly ADD node_modules/surge/node_modules/mime-types
1113 silly ADD node_modules/surge/node_modules/json-stringify-safe
1114 silly ADD node_modules/surge/node_modules/isstream
1115 silly ADD node_modules/surge/node_modules/is-typedarray
1116 silly ADD node_modules/surge/node_modules/http-signature
1117 silly ADD node_modules/surge/node_modules/har-validator
1118 silly ADD node_modules/surge/node_modules/form-data
1119 silly ADD node_modules/surge/node_modules/forever-agent
1120 silly ADD node_modules/surge/node_modules/extend
1121 silly ADD node_modules/surge/node_modules/combined-stream
1122 silly ADD node_modules/surge/node_modules/caseless
1123 silly ADD node_modules/surge/node_modules/aws4
1124 silly ADD node_modules/surge/node_modules/aws-sign2
1125 silly ADD node_modules/surge/node_modules/mute-stream
1126 silly ADD node_modules/surge/node_modules/sisteransi
1127 silly ADD node_modules/surge/node_modules/kleur
1128 silly ADD node_modules/surge/node_modules/string-width
1129 silly ADD node_modules/surge/node_modules/xbytes
1130 silly ADD node_modules/surge/node_modules/url-parse-as-address
1131 silly ADD node_modules/surge/node_modules/surge-stream
1132 silly ADD node_modules/surge/node_modules/surge-stream/node_modules/surge-ignore
1133 silly ADD node_modules/surge/node_modules/surge-sdk
1134 silly ADD node_modules/surge/node_modules/surge-ignore
1135 silly ADD node_modules/surge/node_modules/request
1136 silly ADD node_modules/surge/node_modules/read
1137 silly ADD node_modules/surge/node_modules/prompts
1138 silly ADD node_modules/surge/node_modules/progress
1139 silly ADD node_modules/surge/node_modules/netrc
1140 silly ADD node_modules/surge/node_modules/moniker
1141 silly ADD node_modules/surge/node_modules/minimist
1142 silly ADD node_modules/surge/node_modules/is-domain
1143 silly ADD node_modules/surge/node_modules/human-readable-numbers
1144 silly ADD node_modules/surge/node_modules/colors
1145 silly ADD node_modules/surge/node_modules/cli-table3
1146 silly ADD node_modules/surge/node_modules/babar
1147 silly CHANGE node_modules/gm
1148 silly CHANGE node_modules/gm/node_modules/which
1149 silly CHANGE node_modules/gm/node_modules/shebang-regex
1150 silly CHANGE node_modules/gm/node_modules/shebang-command
1151 silly CHANGE node_modules/gm/node_modules/path-key
1152 silly CHANGE node_modules/gm/node_modules/isexe
1153 silly CHANGE node_modules/gm/node_modules/ms
1154 silly CHANGE node_modules/gm/node_modules/debug
1155 silly CHANGE node_modules/gm/node_modules/cross-spawn
1156 silly CHANGE node_modules/gm/node_modules/array-series
1157 silly CHANGE node_modules/gm/node_modules/array-parallel
1158 verbose cwd /data/data/com.termux/files/home
1159 verbose os Linux 6.6.98-android15-8-g4b48560cd07d-ab14239520-4k
1160 verbose node v25.3.0
1161 verbose npm  v11.9.0
1162 verbose exit 0
1163 info ok
