0 verbose cli /data/data/com.termux/files/usr/bin/node /data/data/com.termux/files/usr/bin/npm
1 info using npm@11.9.0
2 info using node@v25.3.0
3 silly config load:file:/data/data/com.termux/files/usr/lib/node_modules/npm/npmrc
4 silly config load:file:/data/data/com.termux/files/home/.npmrc
5 silly config load:file:/data/data/com.termux/files/usr/etc/npmrc
6 verbose title npm install firebase-tools
7 verbose argv "install" "--global" "firebase-tools"
8 verbose logfile logs-max:10 dir:/data/data/com.termux/files/home/.npm/_logs/2026-02-08T17_31_34_298Z-
9 verbose logfile /data/data/com.termux/files/home/.npm/_logs/2026-02-08T17_31_34_298Z-debug-0.log
10 silly packumentCache heap:2248146944 maxSize:562036736 maxEntrySize:281018368
11 silly logfile done cleaning log files
12 silly idealTree buildDeps
13 silly fetch manifest firebase-tools@*
14 silly packumentCache full:https://registry.npmjs.org/firebase-tools cache-miss
15 http cache https://registry.npmjs.org/firebase-tools 38ms (cache hit)
16 silly packumentCache full:https://registry.npmjs.org/firebase-tools set size:2317590 disposed:false
17 silly placeDep ROOT firebase-tools@15.5.1 OK for:  want: *
18 silly fetch manifest @apphosting/build@^0.1.6
19 silly packumentCache full:https://registry.npmjs.org/@apphosting%2fbuild cache-miss
20 silly fetch manifest @apphosting/common@^0.0.8
21 silly packumentCache full:https://registry.npmjs.org/@apphosting%2fcommon cache-miss
22 silly fetch manifest @electric-sql/pglite@^0.3.3
23 silly packumentCache full:https://registry.npmjs.org/@electric-sql%2fpglite cache-miss
24 silly fetch manifest @electric-sql/pglite-tools@^0.2.8
25 silly packumentCache full:https://registry.npmjs.org/@electric-sql%2fpglite-tools cache-miss
26 silly fetch manifest @google-cloud/cloud-sql-connector@^1.3.3
27 silly packumentCache full:https://registry.npmjs.org/@google-cloud%2fcloud-sql-connector cache-miss
28 silly fetch manifest @google-cloud/pubsub@^5.2.0
29 silly packumentCache full:https://registry.npmjs.org/@google-cloud%2fpubsub cache-miss
30 http cache https://registry.npmjs.org/@google-cloud%2fcloud-sql-connector 28ms (cache hit)
31 silly packumentCache full:https://registry.npmjs.org/@google-cloud%2fcloud-sql-connector set size:135039 disposed:false
32 silly fetch manifest @inquirer/prompts@^7.10.1
33 silly packumentCache full:https://registry.npmjs.org/@inquirer%2fprompts cache-miss
34 http cache https://registry.npmjs.org/@apphosting%2fbuild 38ms (cache hit)
35 silly packumentCache full:https://registry.npmjs.org/@apphosting%2fbuild set size:54321 disposed:false
36 silly fetch manifest @modelcontextprotocol/sdk@^1.24.0
37 silly packumentCache full:https://registry.npmjs.org/@modelcontextprotocol%2fsdk cache-miss
38 http cache https://registry.npmjs.org/@apphosting%2fcommon 41ms (cache hit)
39 silly packumentCache full:https://registry.npmjs.org/@apphosting%2fcommon set size:66674 disposed:false
40 silly fetch manifest abort-controller@^3.0.0
41 silly packumentCache full:https://registry.npmjs.org/abort-controller cache-miss
42 http cache https://registry.npmjs.org/@electric-sql%2fpglite-tools 43ms (cache hit)
43 silly packumentCache full:https://registry.npmjs.org/@electric-sql%2fpglite-tools set size:53639 disposed:false
44 silly fetch manifest ajv@^8.17.1
45 silly packumentCache full:https://registry.npmjs.org/ajv cache-miss
46 http cache https://registry.npmjs.org/@electric-sql%2fpglite 48ms (cache hit)
47 silly packumentCache full:https://registry.npmjs.org/@electric-sql%2fpglite set size:263020 disposed:false
48 silly fetch manifest ajv-formats@3.0.1
49 silly packumentCache full:https://registry.npmjs.org/ajv-formats cache-miss
50 http cache https://registry.npmjs.org/@google-cloud%2fpubsub 50ms (cache hit)
51 silly packumentCache full:https://registry.npmjs.org/@google-cloud%2fpubsub set size:755058 disposed:false
52 silly fetch manifest archiver@^7.0.0
53 silly packumentCache full:https://registry.npmjs.org/archiver cache-miss
54 http cache https://registry.npmjs.org/abort-controller 32ms (cache hit)
55 silly packumentCache full:https://registry.npmjs.org/abort-controller set size:47272 disposed:false
56 silly fetch manifest async-lock@1.4.1
57 silly packumentCache full:https://registry.npmjs.org/async-lock cache-miss
58 http cache https://registry.npmjs.org/@modelcontextprotocol%2fsdk 40ms (cache hit)
59 silly packumentCache full:https://registry.npmjs.org/@modelcontextprotocol%2fsdk set size:271263 disposed:false
60 silly fetch manifest body-parser@^1.19.0
61 silly packumentCache full:https://registry.npmjs.org/body-parser cache-miss
62 http cache https://registry.npmjs.org/archiver 23ms (cache hit)
63 silly packumentCache full:https://registry.npmjs.org/archiver set size:167796 disposed:false
64 silly fetch manifest chokidar@^3.6.0
65 silly packumentCache full:https://registry.npmjs.org/chokidar cache-miss
66 http cache https://registry.npmjs.org/@inquirer%2fprompts 57ms (cache hit)
67 silly packumentCache full:https://registry.npmjs.org/@inquirer%2fprompts set size:300040 disposed:false
68 silly fetch manifest cjson@^0.3.1
69 silly packumentCache full:https://registry.npmjs.org/cjson cache-miss
70 http cache https://registry.npmjs.org/ajv 60ms (cache hit)
71 silly packumentCache full:https://registry.npmjs.org/ajv set size:1126055 disposed:false
72 silly fetch manifest cli-table3@0.6.5
73 silly packumentCache full:https://registry.npmjs.org/cli-table3 cache-miss
74 http cache https://registry.npmjs.org/ajv-formats 69ms (cache hit)
75 silly packumentCache full:https://registry.npmjs.org/ajv-formats set size:141264 disposed:false
76 silly fetch manifest colorette@^2.0.19
77 silly packumentCache full:https://registry.npmjs.org/colorette cache-miss
78 http cache https://registry.npmjs.org/cli-table3 22ms (cache hit)
79 silly packumentCache full:https://registry.npmjs.org/cli-table3 set size:40139 disposed:false
80 silly fetch manifest commander@^5.1.0
81 silly packumentCache full:https://registry.npmjs.org/commander cache-miss
82 http cache https://registry.npmjs.org/async-lock 68ms (cache hit)
83 silly packumentCache full:https://registry.npmjs.org/async-lock set size:98301 disposed:false
84 silly fetch manifest configstore@^5.0.1
85 silly packumentCache full:https://registry.npmjs.org/configstore cache-miss
86 http cache https://registry.npmjs.org/colorette 26ms (cache hit)
87 silly packumentCache full:https://registry.npmjs.org/colorette set size:92733 disposed:false
88 silly fetch manifest cors@^2.8.5
89 silly packumentCache full:https://registry.npmjs.org/cors cache-miss
90 http cache https://registry.npmjs.org/cjson 51ms (cache hit)
91 silly packumentCache full:https://registry.npmjs.org/cjson set size:24554 disposed:false
92 silly fetch manifest cross-env@^7.0.3
93 silly packumentCache full:https://registry.npmjs.org/cross-env cache-miss
94 http cache https://registry.npmjs.org/body-parser 73ms (cache hit)
95 silly packumentCache full:https://registry.npmjs.org/body-parser set size:216830 disposed:false
96 silly fetch manifest cross-spawn@^7.0.5
97 silly packumentCache full:https://registry.npmjs.org/cross-spawn cache-miss
98 http cache https://registry.npmjs.org/chokidar 74ms (cache hit)
99 silly packumentCache full:https://registry.npmjs.org/chokidar set size:255902 disposed:false
100 silly fetch manifest csv-parse@^5.0.4
101 silly packumentCache full:https://registry.npmjs.org/csv-parse cache-miss
102 http cache https://registry.npmjs.org/commander 42ms (cache hit)
103 silly packumentCache full:https://registry.npmjs.org/commander set size:348500 disposed:false
104 silly fetch manifest deep-equal-in-any-order@^2.0.6
105 silly packumentCache full:https://registry.npmjs.org/deep-equal-in-any-order cache-miss
106 http cache https://registry.npmjs.org/configstore 52ms (cache hit)
107 silly packumentCache full:https://registry.npmjs.org/configstore set size:82080 disposed:false
108 silly fetch manifest exegesis@^4.2.0
109 silly packumentCache full:https://registry.npmjs.org/exegesis cache-miss
110 http cache https://registry.npmjs.org/cross-env 48ms (cache hit)
111 silly packumentCache full:https://registry.npmjs.org/cross-env set size:151372 disposed:false
112 silly fetch manifest exegesis-express@^4.0.0
113 silly packumentCache full:https://registry.npmjs.org/exegesis-express cache-miss
114 http cache https://registry.npmjs.org/cors 59ms (cache hit)
115 silly packumentCache full:https://registry.npmjs.org/cors set size:77956 disposed:false
116 silly fetch manifest express@^4.16.4
117 silly packumentCache full:https://registry.npmjs.org/express cache-miss
118 http cache https://registry.npmjs.org/csv-parse 66ms (cache hit)
119 silly packumentCache full:https://registry.npmjs.org/csv-parse set size:569386 disposed:false
120 silly fetch manifest filesize@^6.1.0
121 silly packumentCache full:https://registry.npmjs.org/filesize cache-miss
122 http cache https://registry.npmjs.org/cross-spawn 87ms (cache hit)
123 silly packumentCache full:https://registry.npmjs.org/cross-spawn set size:109066 disposed:false
124 silly fetch manifest form-data@^4.0.1
125 silly packumentCache full:https://registry.npmjs.org/form-data cache-miss
126 http cache https://registry.npmjs.org/deep-equal-in-any-order 67ms (cache hit)
127 silly packumentCache full:https://registry.npmjs.org/deep-equal-in-any-order set size:176205 disposed:false
128 silly fetch manifest fs-extra@^10.1.0
129 silly packumentCache full:https://registry.npmjs.org/fs-extra cache-miss
130 http cache https://registry.npmjs.org/exegesis-express 67ms (cache hit)
131 silly packumentCache full:https://registry.npmjs.org/exegesis-express set size:61313 disposed:false
132 silly fetch manifest fuzzy@^0.1.3
133 silly packumentCache full:https://registry.npmjs.org/fuzzy cache-miss
134 http cache https://registry.npmjs.org/exegesis 77ms (cache hit)
135 silly packumentCache full:https://registry.npmjs.org/exegesis set size:289051 disposed:false
136 silly fetch manifest gaxios@^6.7.0
137 silly packumentCache full:https://registry.npmjs.org/gaxios cache-miss
138 http cache https://registry.npmjs.org/filesize 42ms (cache hit)
139 silly packumentCache full:https://registry.npmjs.org/filesize set size:325960 disposed:false
140 silly fetch manifest glob@^10.5.0
141 silly packumentCache full:https://registry.npmjs.org/glob cache-miss
142 http cache https://registry.npmjs.org/express 85ms (cache hit)
143 silly packumentCache full:https://registry.npmjs.org/express set size:801222 disposed:false
144 silly fetch manifest google-auth-library@^9.11.0
145 silly packumentCache full:https://registry.npmjs.org/google-auth-library cache-miss
146 http cache https://registry.npmjs.org/form-data 66ms (cache hit)
147 silly packumentCache full:https://registry.npmjs.org/form-data set size:153646 disposed:false
148 silly fetch manifest ignore@^7.0.4
149 silly packumentCache full:https://registry.npmjs.org/ignore cache-miss
150 http cache https://registry.npmjs.org/fs-extra 66ms (cache hit)
151 silly packumentCache full:https://registry.npmjs.org/fs-extra set size:230266 disposed:false
152 silly fetch manifest js-yaml@^3.14.2
153 silly packumentCache full:https://registry.npmjs.org/js-yaml cache-miss
154 http cache https://registry.npmjs.org/fuzzy 65ms (cache hit)
155 silly packumentCache full:https://registry.npmjs.org/fuzzy set size:12033 disposed:false
156 silly fetch manifest jsonwebtoken@^9.0.2
157 silly packumentCache full:https://registry.npmjs.org/jsonwebtoken cache-miss
158 http cache https://registry.npmjs.org/google-auth-library 33ms (cache hit)
159 silly packumentCache full:https://registry.npmjs.org/google-auth-library set size:717468 disposed:false
160 silly fetch manifest leven@^3.1.0
161 silly packumentCache full:https://registry.npmjs.org/leven cache-miss
162 http cache https://registry.npmjs.org/gaxios 76ms (cache hit)
163 silly packumentCache full:https://registry.npmjs.org/gaxios set size:341801 disposed:false
164 silly fetch manifest libsodium-wrappers@^0.7.10
165 silly packumentCache full:https://registry.npmjs.org/libsodium-wrappers cache-miss
166 http cache https://registry.npmjs.org/glob 138ms (cache hit)
167 silly packumentCache full:https://registry.npmjs.org/glob set size:452622 disposed:false
168 silly fetch manifest lodash@^4.17.21
169 silly packumentCache full:https://registry.npmjs.org/lodash cache-miss
170 http cache https://registry.npmjs.org/ignore 141ms (cache hit)
171 silly packumentCache full:https://registry.npmjs.org/ignore set size:237380 disposed:false
172 silly fetch manifest lsofi@1.0.0
173 silly packumentCache full:https://registry.npmjs.org/lsofi cache-miss
174 http cache https://registry.npmjs.org/js-yaml 146ms (cache hit)
175 silly packumentCache full:https://registry.npmjs.org/js-yaml set size:152232 disposed:false
176 silly fetch manifest marked@^13.0.2
177 silly packumentCache full:https://registry.npmjs.org/marked cache-miss
178 http cache https://registry.npmjs.org/libsodium-wrappers 126ms (cache hit)
179 silly packumentCache full:https://registry.npmjs.org/libsodium-wrappers set size:91052 disposed:false
180 silly fetch manifest marked-terminal@^7.0.0
181 silly packumentCache full:https://registry.npmjs.org/marked-terminal cache-miss
182 http cache https://registry.npmjs.org/leven 140ms (cache hit)
183 silly packumentCache full:https://registry.npmjs.org/leven set size:23210 disposed:false
184 silly fetch manifest mime@^2.5.2
185 silly packumentCache full:https://registry.npmjs.org/mime cache-miss
186 http cache https://registry.npmjs.org/jsonwebtoken 161ms (cache hit)
187 silly packumentCache full:https://registry.npmjs.org/jsonwebtoken set size:183671 disposed:false
188 silly fetch manifest minimatch@^3.0.4
189 silly packumentCache full:https://registry.npmjs.org/minimatch cache-miss
190 http cache https://registry.npmjs.org/lodash 69ms (cache hit)
191 silly packumentCache full:https://registry.npmjs.org/lodash set size:244244 disposed:false
192 silly fetch manifest morgan@^1.10.0
193 silly packumentCache full:https://registry.npmjs.org/morgan cache-miss
194 http cache https://registry.npmjs.org/lsofi 64ms (cache hit)
195 silly packumentCache full:https://registry.npmjs.org/lsofi set size:3861 disposed:false
196 silly fetch manifest node-fetch@^2.6.7
197 silly packumentCache full:https://registry.npmjs.org/node-fetch cache-miss
198 http cache https://registry.npmjs.org/marked-terminal 45ms (cache hit)
199 silly packumentCache full:https://registry.npmjs.org/marked-terminal set size:81779 disposed:false
200 silly fetch manifest open@^6.3.0
201 silly packumentCache full:https://registry.npmjs.org/open cache-miss
202 http cache https://registry.npmjs.org/mime 46ms (cache hit)
203 silly packumentCache full:https://registry.npmjs.org/mime set size:119236 disposed:false
204 silly fetch manifest ora@^5.4.1
205 silly packumentCache full:https://registry.npmjs.org/ora cache-miss
206 http cache https://registry.npmjs.org/minimatch 42ms (cache hit)
207 silly packumentCache full:https://registry.npmjs.org/minimatch set size:306302 disposed:false
208 silly fetch manifest p-limit@^3.0.1
209 silly packumentCache full:https://registry.npmjs.org/p-limit cache-miss
210 http cache https://registry.npmjs.org/marked 72ms (cache hit)
211 silly packumentCache full:https://registry.npmjs.org/marked set size:702963 disposed:false
212 silly fetch manifest pg@^8.11.3
213 silly packumentCache full:https://registry.npmjs.org/pg cache-miss
214 http cache https://registry.npmjs.org/morgan 79ms (cache hit)
215 silly packumentCache full:https://registry.npmjs.org/morgan set size:76441 disposed:false
216 silly fetch manifest pg-gateway@^0.3.0-beta.4
217 silly packumentCache full:https://registry.npmjs.org/pg-gateway cache-miss
218 http cache https://registry.npmjs.org/node-fetch 82ms (cache hit)
219 silly packumentCache full:https://registry.npmjs.org/node-fetch set size:896010 disposed:false
220 silly fetch manifest pglite-2@npm:@electric-sql/pglite@0.2.17
221 silly packumentCache full:https://registry.npmjs.org/@electric-sql%2fpglite cache-hit
222 silly fetch manifest portfinder@^1.0.32
223 silly packumentCache full:https://registry.npmjs.org/portfinder cache-miss
224 http cache https://registry.npmjs.org/open 94ms (cache hit)
225 silly packumentCache full:https://registry.npmjs.org/open set size:136392 disposed:false
226 silly fetch manifest progress@^2.0.3
227 silly packumentCache full:https://registry.npmjs.org/progress cache-miss
228 http cache https://registry.npmjs.org/p-limit 86ms (cache hit)
229 silly packumentCache full:https://registry.npmjs.org/p-limit set size:61867 disposed:false
230 silly fetch manifest proxy-agent@^6.3.0
231 silly packumentCache full:https://registry.npmjs.org/proxy-agent cache-miss
232 http cache https://registry.npmjs.org/ora 101ms (cache hit)
233 silly packumentCache full:https://registry.npmjs.org/ora set size:142374 disposed:false
234 silly fetch manifest retry@^0.13.1
235 silly packumentCache full:https://registry.npmjs.org/retry cache-miss
236 http cache https://registry.npmjs.org/pg 82ms (cache hit)
237 silly packumentCache full:https://registry.npmjs.org/pg set size:470757 disposed:false
238 silly fetch manifest semver@^7.5.2
239 silly packumentCache full:https://registry.npmjs.org/semver cache-miss
240 http cache https://registry.npmjs.org/pg-gateway 74ms (cache hit)
241 silly packumentCache full:https://registry.npmjs.org/pg-gateway set size:35105 disposed:false
242 silly fetch manifest sql-formatter@^15.3.0
243 silly packumentCache full:https://registry.npmjs.org/sql-formatter cache-miss
244 http cache https://registry.npmjs.org/progress 47ms (cache hit)
245 silly packumentCache full:https://registry.npmjs.org/progress set size:34179 disposed:false
246 silly fetch manifest stream-chain@^2.2.4
247 silly packumentCache full:https://registry.npmjs.org/stream-chain cache-miss
248 http cache https://registry.npmjs.org/portfinder 60ms (cache hit)
249 silly packumentCache full:https://registry.npmjs.org/portfinder set size:92930 disposed:false
250 silly fetch manifest stream-json@^1.7.3
251 silly packumentCache full:https://registry.npmjs.org/stream-json cache-miss
252 http cache https://registry.npmjs.org/proxy-agent 51ms (cache hit)
253 silly packumentCache full:https://registry.npmjs.org/proxy-agent set size:70579 disposed:false
254 silly fetch manifest superstatic@^10.0.0
255 silly packumentCache full:https://registry.npmjs.org/superstatic cache-miss
256 http cache https://registry.npmjs.org/retry 47ms (cache hit)
257 silly packumentCache full:https://registry.npmjs.org/retry set size:31161 disposed:false
258 silly fetch manifest tcp-port-used@^1.0.2
259 silly packumentCache full:https://registry.npmjs.org/tcp-port-used cache-miss
260 http cache https://registry.npmjs.org/semver 43ms (cache hit)
261 silly packumentCache full:https://registry.npmjs.org/semver set size:229678 disposed:false
262 silly fetch manifest tmp@^0.2.3
263 silly packumentCache full:https://registry.npmjs.org/tmp cache-miss
264 http cache https://registry.npmjs.org/sql-formatter 48ms (cache hit)
265 silly packumentCache full:https://registry.npmjs.org/sql-formatter set size:1101556 disposed:false
266 silly fetch manifest triple-beam@^1.3.0
267 silly packumentCache full:https://registry.npmjs.org/triple-beam cache-miss
268 http cache https://registry.npmjs.org/tcp-port-used 61ms (cache hit)
269 silly packumentCache full:https://registry.npmjs.org/tcp-port-used set size:70467 disposed:false
270 silly fetch manifest universal-analytics@^0.5.3
271 silly packumentCache full:https://registry.npmjs.org/universal-analytics cache-miss
272 http cache https://registry.npmjs.org/stream-json 74ms (cache hit)
273 silly packumentCache full:https://registry.npmjs.org/stream-json set size:122555 disposed:false
274 silly fetch manifest update-notifier-cjs@^5.1.6
275 silly packumentCache full:https://registry.npmjs.org/update-notifier-cjs cache-miss
276 http cache https://registry.npmjs.org/stream-chain 83ms (cache hit)
277 silly packumentCache full:https://registry.npmjs.org/stream-chain set size:59873 disposed:false
278 silly fetch manifest uuid@^8.3.2
279 silly packumentCache full:https://registry.npmjs.org/uuid cache-miss
280 http cache https://registry.npmjs.org/superstatic 79ms (cache hit)
281 silly packumentCache full:https://registry.npmjs.org/superstatic set size:567104 disposed:false
282 silly fetch manifest winston@^3.0.0
283 silly packumentCache full:https://registry.npmjs.org/winston cache-miss
284 http cache https://registry.npmjs.org/tmp 75ms (cache hit)
285 silly packumentCache full:https://registry.npmjs.org/tmp set size:75072 disposed:false
286 silly fetch manifest winston-transport@^4.4.0
287 silly packumentCache full:https://registry.npmjs.org/winston-transport cache-miss
288 http cache https://registry.npmjs.org/triple-beam 54ms (cache hit)
289 silly packumentCache full:https://registry.npmjs.org/triple-beam set size:15133 disposed:false
290 silly fetch manifest ws@^7.5.10
291 silly packumentCache full:https://registry.npmjs.org/ws cache-miss
292 http cache https://registry.npmjs.org/update-notifier-cjs 44ms (cache hit)
293 silly packumentCache full:https://registry.npmjs.org/update-notifier-cjs set size:28206 disposed:false
294 silly fetch manifest yaml@^2.4.1
295 silly packumentCache full:https://registry.npmjs.org/yaml cache-miss
296 http cache https://registry.npmjs.org/universal-analytics 53ms (cache hit)
297 silly packumentCache full:https://registry.npmjs.org/universal-analytics set size:102418 disposed:false
298 silly fetch manifest zod@^3.24.3
299 silly packumentCache full:https://registry.npmjs.org/zod cache-miss
300 http cache https://registry.npmjs.org/uuid 50ms (cache hit)
301 silly packumentCache full:https://registry.npmjs.org/uuid set size:224608 disposed:false
302 silly fetch manifest zod-to-json-schema@^3.24.5
303 silly packumentCache full:https://registry.npmjs.org/zod-to-json-schema cache-miss
304 http cache https://registry.npmjs.org/winston 45ms (cache hit)
305 silly packumentCache full:https://registry.npmjs.org/winston set size:276491 disposed:false
306 http cache https://registry.npmjs.org/winston-transport 57ms (cache hit)
307 silly packumentCache full:https://registry.npmjs.org/winston-transport set size:60135 disposed:false
308 http cache https://registry.npmjs.org/yaml 46ms (cache hit)
309 silly packumentCache full:https://registry.npmjs.org/yaml set size:364997 disposed:false
310 http cache https://registry.npmjs.org/ws 67ms (cache hit)
311 silly packumentCache full:https://registry.npmjs.org/ws set size:413307 disposed:false
312 http cache https://registry.npmjs.org/zod-to-json-schema 55ms (cache hit)
313 silly packumentCache full:https://registry.npmjs.org/zod-to-json-schema set size:301404 disposed:false
314 http cache https://registry.npmjs.org/zod 75ms (cache hit)
315 silly packumentCache full:https://registry.npmjs.org/zod set size:3489329 disposed:false
316 silly fetch manifest @types/node@>=18
317 silly packumentCache full:https://registry.npmjs.org/@types%2fnode cache-miss
318 http cache https://registry.npmjs.org/@types%2fnode 58ms (cache hit)
319 silly packumentCache full:https://registry.npmjs.org/@types%2fnode set size:10847993 disposed:false
320 silly fetch manifest @cfworker/json-schema@^4.1.1
321 silly packumentCache full:https://registry.npmjs.org/@cfworker%2fjson-schema cache-miss
322 http cache https://registry.npmjs.org/@cfworker%2fjson-schema 51ms (cache hit)
323 silly packumentCache full:https://registry.npmjs.org/@cfworker%2fjson-schema set size:144207 disposed:false
324 silly fetch manifest encoding@^0.1.0
325 silly packumentCache full:https://registry.npmjs.org/encoding cache-miss
326 http cache https://registry.npmjs.org/encoding 15ms (cache hit)
327 silly packumentCache full:https://registry.npmjs.org/encoding set size:17833 disposed:false
328 silly fetch manifest pg-native@>=3.0.1
329 silly packumentCache full:https://registry.npmjs.org/pg-native cache-miss
330 http cache https://registry.npmjs.org/pg-native 17ms (cache hit)
331 silly packumentCache full:https://registry.npmjs.org/pg-native set size:87130 disposed:false
332 silly fetch manifest bufferutil@^4.0.1
333 silly packumentCache full:https://registry.npmjs.org/bufferutil cache-miss
334 http cache https://registry.npmjs.org/bufferutil 18ms (cache hit)
335 silly packumentCache full:https://registry.npmjs.org/bufferutil set size:52763 disposed:false
336 silly fetch manifest utf-8-validate@^5.0.2
337 silly packumentCache full:https://registry.npmjs.org/utf-8-validate cache-miss
338 http cache https://registry.npmjs.org/utf-8-validate 44ms (cache hit)
339 silly packumentCache full:https://registry.npmjs.org/utf-8-validate set size:77148 disposed:false
340 silly placeDep node_modules/firebase-tools @apphosting/build@0.1.7 OK for: firebase-tools@15.5.1 want: ^0.1.6
341 silly placeDep node_modules/firebase-tools @apphosting/common@0.0.8 OK for: firebase-tools@15.5.1 want: ^0.0.8
342 silly placeDep node_modules/firebase-tools @electric-sql/pglite@0.3.15 OK for: firebase-tools@15.5.1 want: ^0.3.3
343 silly placeDep node_modules/firebase-tools @electric-sql/pglite-tools@0.2.20 OK for: firebase-tools@15.5.1 want: ^0.2.8
344 silly placeDep node_modules/firebase-tools @google-cloud/cloud-sql-connector@1.9.0 OK for: firebase-tools@15.5.1 want: ^1.3.3
345 silly placeDep node_modules/firebase-tools @google-cloud/pubsub@5.2.2 OK for: firebase-tools@15.5.1 want: ^5.2.0
346 silly placeDep node_modules/firebase-tools @inquirer/prompts@7.10.1 OK for: firebase-tools@15.5.1 want: ^7.10.1
347 silly placeDep node_modules/firebase-tools @modelcontextprotocol/sdk@1.26.0 OK for: firebase-tools@15.5.1 want: ^1.24.0
348 silly placeDep node_modules/firebase-tools abort-controller@3.0.0 OK for: firebase-tools@15.5.1 want: ^3.0.0
349 silly placeDep node_modules/firebase-tools ajv@8.17.1 OK for: firebase-tools@15.5.1 want: ^8.17.1
350 silly placeDep node_modules/firebase-tools ajv-formats@3.0.1 OK for: firebase-tools@15.5.1 want: 3.0.1
351 silly placeDep node_modules/firebase-tools archiver@7.0.1 OK for: firebase-tools@15.5.1 want: ^7.0.0
352 silly placeDep node_modules/firebase-tools async-lock@1.4.1 OK for: firebase-tools@15.5.1 want: 1.4.1
353 silly placeDep node_modules/firebase-tools body-parser@1.20.4 OK for: firebase-tools@15.5.1 want: ^1.19.0
354 silly placeDep node_modules/firebase-tools chokidar@3.6.0 OK for: firebase-tools@15.5.1 want: ^3.6.0
355 silly placeDep node_modules/firebase-tools cjson@0.3.3 OK for: firebase-tools@15.5.1 want: ^0.3.1
356 silly placeDep node_modules/firebase-tools cli-table3@0.6.5 OK for: firebase-tools@15.5.1 want: 0.6.5
357 silly placeDep node_modules/firebase-tools colorette@2.0.20 OK for: firebase-tools@15.5.1 want: ^2.0.19
358 silly placeDep node_modules/firebase-tools commander@5.1.0 OK for: firebase-tools@15.5.1 want: ^5.1.0
359 silly placeDep node_modules/firebase-tools configstore@5.0.1 OK for: firebase-tools@15.5.1 want: ^5.0.1
360 silly placeDep node_modules/firebase-tools cors@2.8.6 OK for: firebase-tools@15.5.1 want: ^2.8.5
361 silly placeDep node_modules/firebase-tools cross-env@7.0.3 OK for: firebase-tools@15.5.1 want: ^7.0.3
362 silly placeDep node_modules/firebase-tools cross-spawn@7.0.6 OK for: firebase-tools@15.5.1 want: ^7.0.5
363 silly placeDep node_modules/firebase-tools csv-parse@5.6.0 OK for: firebase-tools@15.5.1 want: ^5.0.4
364 silly placeDep node_modules/firebase-tools deep-equal-in-any-order@2.1.0 OK for: firebase-tools@15.5.1 want: ^2.0.6
365 silly placeDep node_modules/firebase-tools exegesis@4.3.0 OK for: firebase-tools@15.5.1 want: ^4.2.0
366 silly placeDep node_modules/firebase-tools exegesis-express@4.0.0 OK for: firebase-tools@15.5.1 want: ^4.0.0
367 silly placeDep node_modules/firebase-tools express@4.22.1 OK for: firebase-tools@15.5.1 want: ^4.16.4
368 silly placeDep node_modules/firebase-tools filesize@6.4.0 OK for: firebase-tools@15.5.1 want: ^6.1.0
369 silly placeDep node_modules/firebase-tools form-data@4.0.5 OK for: firebase-tools@15.5.1 want: ^4.0.1
370 silly placeDep node_modules/firebase-tools fs-extra@10.1.0 OK for: firebase-tools@15.5.1 want: ^10.1.0
371 silly placeDep node_modules/firebase-tools fuzzy@0.1.3 OK for: firebase-tools@15.5.1 want: ^0.1.3
372 silly placeDep node_modules/firebase-tools gaxios@6.7.1 OK for: firebase-tools@15.5.1 want: ^6.7.0
373 silly placeDep node_modules/firebase-tools glob@10.5.0 OK for: firebase-tools@15.5.1 want: ^10.5.0
374 silly placeDep node_modules/firebase-tools google-auth-library@9.15.1 OK for: firebase-tools@15.5.1 want: ^9.11.0
375 silly placeDep node_modules/firebase-tools ignore@7.0.5 OK for: firebase-tools@15.5.1 want: ^7.0.4
376 silly placeDep node_modules/firebase-tools js-yaml@3.14.2 OK for: firebase-tools@15.5.1 want: ^3.14.2
377 silly placeDep node_modules/firebase-tools jsonwebtoken@9.0.3 OK for: firebase-tools@15.5.1 want: ^9.0.2
378 silly placeDep node_modules/firebase-tools leven@3.1.0 OK for: firebase-tools@15.5.1 want: ^3.1.0
379 silly placeDep node_modules/firebase-tools libsodium-wrappers@0.7.16 OK for: firebase-tools@15.5.1 want: ^0.7.10
380 silly placeDep node_modules/firebase-tools lodash@4.17.23 OK for: firebase-tools@15.5.1 want: ^4.17.21
381 silly placeDep node_modules/firebase-tools lsofi@1.0.0 OK for: firebase-tools@15.5.1 want: 1.0.0
382 silly placeDep node_modules/firebase-tools marked@13.0.3 OK for: firebase-tools@15.5.1 want: ^13.0.2
383 silly placeDep node_modules/firebase-tools marked-terminal@7.3.0 OK for: firebase-tools@15.5.1 want: ^7.0.0
384 silly placeDep node_modules/firebase-tools mime@2.6.0 OK for: firebase-tools@15.5.1 want: ^2.5.2
385 silly placeDep node_modules/firebase-tools minimatch@3.1.2 OK for: firebase-tools@15.5.1 want: ^3.0.4
386 silly placeDep node_modules/firebase-tools morgan@1.10.1 OK for: firebase-tools@15.5.1 want: ^1.10.0
387 silly placeDep node_modules/firebase-tools node-fetch@2.7.0 OK for: firebase-tools@15.5.1 want: ^2.6.7
388 silly placeDep node_modules/firebase-tools open@6.4.0 OK for: firebase-tools@15.5.1 want: ^6.3.0
389 silly placeDep node_modules/firebase-tools ora@5.4.1 OK for: firebase-tools@15.5.1 want: ^5.4.1
390 silly placeDep node_modules/firebase-tools p-limit@3.1.0 OK for: firebase-tools@15.5.1 want: ^3.0.1
391 silly placeDep node_modules/firebase-tools pg@8.18.0 OK for: firebase-tools@15.5.1 want: ^8.11.3
392 silly placeDep node_modules/firebase-tools pg-gateway@0.3.0-beta.4 OK for: firebase-tools@15.5.1 want: ^0.3.0-beta.4
393 silly placeDep node_modules/firebase-tools pglite-2@0.2.17 OK for: firebase-tools@15.5.1 want: npm:@electric-sql/pglite@0.2.17
394 silly placeDep node_modules/firebase-tools portfinder@1.0.38 OK for: firebase-tools@15.5.1 want: ^1.0.32
395 silly placeDep node_modules/firebase-tools progress@2.0.3 OK for: firebase-tools@15.5.1 want: ^2.0.3
396 silly placeDep node_modules/firebase-tools proxy-agent@6.5.0 OK for: firebase-tools@15.5.1 want: ^6.3.0
397 silly placeDep node_modules/firebase-tools retry@0.13.1 OK for: firebase-tools@15.5.1 want: ^0.13.1
398 silly placeDep node_modules/firebase-tools semver@7.7.4 OK for: firebase-tools@15.5.1 want: ^7.5.2
399 silly placeDep node_modules/firebase-tools sql-formatter@15.7.0 OK for: firebase-tools@15.5.1 want: ^15.3.0
400 silly placeDep node_modules/firebase-tools stream-chain@2.2.5 OK for: firebase-tools@15.5.1 want: ^2.2.4
401 silly placeDep node_modules/firebase-tools stream-json@1.9.1 OK for: firebase-tools@15.5.1 want: ^1.7.3
402 silly placeDep node_modules/firebase-tools superstatic@10.0.0 OK for: firebase-tools@15.5.1 want: ^10.0.0
403 silly placeDep node_modules/firebase-tools tcp-port-used@1.0.2 OK for: firebase-tools@15.5.1 want: ^1.0.2
404 silly placeDep node_modules/firebase-tools tmp@0.2.5 OK for: firebase-tools@15.5.1 want: ^0.2.3
405 silly placeDep node_modules/firebase-tools triple-beam@1.4.1 OK for: firebase-tools@15.5.1 want: ^1.3.0
406 silly placeDep node_modules/firebase-tools universal-analytics@0.5.3 OK for: firebase-tools@15.5.1 want: ^0.5.3
407 silly placeDep node_modules/firebase-tools update-notifier-cjs@5.1.7 OK for: firebase-tools@15.5.1 want: ^5.1.6
408 silly placeDep node_modules/firebase-tools uuid@8.3.2 OK for: firebase-tools@15.5.1 want: ^8.3.2
409 silly placeDep node_modules/firebase-tools winston@3.19.0 OK for: firebase-tools@15.5.1 want: ^3.0.0
410 silly placeDep node_modules/firebase-tools winston-transport@4.9.0 OK for: firebase-tools@15.5.1 want: ^4.4.0
411 silly placeDep node_modules/firebase-tools ws@7.5.10 OK for: firebase-tools@15.5.1 want: ^7.5.10
412 silly placeDep node_modules/firebase-tools yaml@2.8.2 OK for: firebase-tools@15.5.1 want: ^2.4.1
413 silly placeDep node_modules/firebase-tools zod@3.25.76 OK for: firebase-tools@15.5.1 want: ^3.24.3
414 silly placeDep node_modules/firebase-tools zod-to-json-schema@3.25.1 OK for: firebase-tools@15.5.1 want: ^3.24.5
415 silly fetch manifest ts-node@^10.9.1
416 silly packumentCache full:https://registry.npmjs.org/ts-node cache-miss
417 silly fetch manifest colorette@^2.0.20
418 silly packumentCache full:https://registry.npmjs.org/colorette cache-hit
419 silly fetch manifest commander@^11.1.0
420 silly packumentCache full:https://registry.npmjs.org/commander cache-hit
421 silly fetch manifest npm-pick-manifest@^9.0.0
422 silly packumentCache full:https://registry.npmjs.org/npm-pick-manifest cache-miss
423 silly fetch manifest @apphosting/common@^0.0.9
424 silly packumentCache full:https://registry.npmjs.org/@apphosting%2fcommon cache-hit
425 silly fetch manifest @npmcli/promise-spawn@^3.0.0
426 silly packumentCache full:https://registry.npmjs.org/@npmcli%2fpromise-spawn cache-miss
427 silly fetch manifest @googleapis/sqladmin@^35.0.0
428 silly packumentCache full:https://registry.npmjs.org/@googleapis%2fsqladmin cache-miss
429 silly fetch manifest gaxios@^7.1.3
430 silly packumentCache full:https://registry.npmjs.org/gaxios cache-hit
431 silly fetch manifest google-auth-library@^10.5.0
432 silly packumentCache full:https://registry.npmjs.org/google-auth-library cache-hit
433 silly fetch manifest p-throttle@^7.0.0
434 silly packumentCache full:https://registry.npmjs.org/p-throttle cache-miss
435 silly fetch manifest @google-cloud/paginator@^6.0.0
436 silly packumentCache full:https://registry.npmjs.org/@google-cloud%2fpaginator cache-miss
437 http cache https://registry.npmjs.org/@npmcli%2fpromise-spawn 17ms (cache hit)
438 silly packumentCache full:https://registry.npmjs.org/@npmcli%2fpromise-spawn set size:68304 disposed:false
439 silly fetch manifest @google-cloud/precise-date@^5.0.0
440 silly packumentCache full:https://registry.npmjs.org/@google-cloud%2fprecise-date cache-miss
441 http cache https://registry.npmjs.org/@google-cloud%2fpaginator 18ms (cache hit)
442 silly packumentCache full:https://registry.npmjs.org/@google-cloud%2fpaginator set size:87127 disposed:false
443 silly fetch manifest @google-cloud/projectify@^5.0.0
444 silly packumentCache full:https://registry.npmjs.org/@google-cloud%2fprojectify cache-miss
445 http cache https://registry.npmjs.org/p-throttle 24ms (cache hit)
446 silly packumentCache full:https://registry.npmjs.org/p-throttle set size:47894 disposed:false
447 silly fetch manifest @google-cloud/promisify@^5.0.0
448 silly packumentCache full:https://registry.npmjs.org/@google-cloud%2fpromisify cache-miss
449 http cache https://registry.npmjs.org/ts-node 34ms (cache hit)
450 silly packumentCache full:https://registry.npmjs.org/ts-node set size:574573 disposed:false
451 silly fetch manifest @opentelemetry/api@~1.9.0
452 silly packumentCache full:https://registry.npmjs.org/@opentelemetry%2fapi cache-miss
453 http cache https://registry.npmjs.org/npm-pick-manifest 47ms (cache hit)
454 silly packumentCache full:https://registry.npmjs.org/npm-pick-manifest set size:102383 disposed:false
455 silly fetch manifest @opentelemetry/core@^1.30.1
456 silly packumentCache full:https://registry.npmjs.org/@opentelemetry%2fcore cache-miss
457 http cache https://registry.npmjs.org/@googleapis%2fsqladmin 51ms (cache hit)
458 silly packumentCache full:https://registry.npmjs.org/@googleapis%2fsqladmin set size:129550 disposed:false
459 silly fetch manifest @opentelemetry/semantic-conventions@~1.34.0
460 silly packumentCache full:https://registry.npmjs.org/@opentelemetry%2fsemantic-conventions cache-miss
461 http cache https://registry.npmjs.org/@google-cloud%2fprojectify 47ms (cache hit)
462 silly packumentCache full:https://registry.npmjs.org/@google-cloud%2fprojectify set size:62571 disposed:false
463 silly fetch manifest arrify@^2.0.0
464 silly packumentCache full:https://registry.npmjs.org/arrify cache-miss
465 http cache https://registry.npmjs.org/@google-cloud%2fpromisify 50ms (cache hit)
466 silly packumentCache full:https://registry.npmjs.org/@google-cloud%2fpromisify set size:68494 disposed:false
467 silly fetch manifest extend@^3.0.2
468 silly packumentCache full:https://registry.npmjs.org/extend cache-miss
469 http cache https://registry.npmjs.org/@opentelemetry%2fapi 43ms (cache hit)
470 silly packumentCache full:https://registry.npmjs.org/@opentelemetry%2fapi set size:455567 disposed:false
471 silly fetch manifest google-gax@^5.0.5
472 silly packumentCache full:https://registry.npmjs.org/google-gax cache-miss
473 http cache https://registry.npmjs.org/@opentelemetry%2fsemantic-conventions 40ms (cache hit)
474 silly packumentCache full:https://registry.npmjs.org/@opentelemetry%2fsemantic-conventions set size:414628 disposed:false
475 silly fetch manifest heap-js@^2.6.0
476 silly packumentCache full:https://registry.npmjs.org/heap-js cache-miss
477 http cache https://registry.npmjs.org/@opentelemetry%2fcore 57ms (cache hit)
478 silly packumentCache full:https://registry.npmjs.org/@opentelemetry%2fcore set size:800723 disposed:false
479 silly fetch manifest is-stream-ended@^0.1.4
480 silly packumentCache full:https://registry.npmjs.org/is-stream-ended cache-miss
481 http cache https://registry.npmjs.org/@google-cloud%2fprecise-date 111ms (cache hit)
482 silly packumentCache full:https://registry.npmjs.org/@google-cloud%2fprecise-date set size:48317 disposed:false
483 silly fetch manifest lodash.snakecase@^4.1.1
484 silly packumentCache full:https://registry.npmjs.org/lodash.snakecase cache-miss
485 http cache https://registry.npmjs.org/arrify 71ms (cache hit)
486 silly packumentCache full:https://registry.npmjs.org/arrify set size:11862 disposed:false
487 silly fetch manifest p-defer@^3.0.0
488 silly packumentCache full:https://registry.npmjs.org/p-defer cache-miss
489 http cache https://registry.npmjs.org/heap-js 48ms (cache hit)
490 silly packumentCache full:https://registry.npmjs.org/heap-js set size:106897 disposed:false
491 silly fetch manifest @inquirer/input@^4.3.1
492 silly packumentCache full:https://registry.npmjs.org/@inquirer%2finput cache-miss
493 http cache https://registry.npmjs.org/is-stream-ended 39ms (cache hit)
494 silly packumentCache full:https://registry.npmjs.org/is-stream-ended set size:8902 disposed:false
495 silly fetch manifest @inquirer/editor@^4.2.23
496 silly packumentCache full:https://registry.npmjs.org/@inquirer%2feditor cache-miss
497 http cache https://registry.npmjs.org/lodash.snakecase 30ms (cache hit)
498 silly packumentCache full:https://registry.npmjs.org/lodash.snakecase set size:16878 disposed:false
499 silly fetch manifest @inquirer/expand@^4.0.23
500 silly packumentCache full:https://registry.npmjs.org/@inquirer%2fexpand cache-miss
501 http cache https://registry.npmjs.org/extend 83ms (cache hit)
502 silly packumentCache full:https://registry.npmjs.org/extend set size:25974 disposed:false
503 silly fetch manifest @inquirer/number@^3.0.23
504 silly packumentCache full:https://registry.npmjs.org/@inquirer%2fnumber cache-miss
505 http cache https://registry.npmjs.org/google-gax 78ms (cache hit)
506 silly packumentCache full:https://registry.npmjs.org/google-gax set size:2055354 disposed:false
507 silly fetch manifest @inquirer/search@^3.2.2
508 silly packumentCache full:https://registry.npmjs.org/@inquirer%2fsearch cache-miss
509 http cache https://registry.npmjs.org/@inquirer%2finput 61ms (cache hit)
510 silly packumentCache full:https://registry.npmjs.org/@inquirer%2finput set size:289994 disposed:false
511 silly fetch manifest @inquirer/select@^4.4.2
512 silly packumentCache full:https://registry.npmjs.org/@inquirer%2fselect cache-miss
513 http cache https://registry.npmjs.org/p-defer 80ms (cache hit)
514 silly packumentCache full:https://registry.npmjs.org/p-defer set size:17545 disposed:false
515 silly fetch manifest @inquirer/confirm@^5.1.21
516 silly packumentCache full:https://registry.npmjs.org/@inquirer%2fconfirm cache-miss
517 http cache https://registry.npmjs.org/@inquirer%2fsearch 32ms (cache hit)
518 silly packumentCache full:https://registry.npmjs.org/@inquirer%2fsearch set size:115655 disposed:false
519 silly fetch manifest @inquirer/rawlist@^4.1.11
520 silly packumentCache full:https://registry.npmjs.org/@inquirer%2frawlist cache-miss
521 http cache https://registry.npmjs.org/@inquirer%2fexpand 74ms (cache hit)
522 silly packumentCache full:https://registry.npmjs.org/@inquirer%2fexpand set size:292632 disposed:false
523 silly fetch manifest @inquirer/checkbox@^4.3.2
524 silly packumentCache full:https://registry.npmjs.org/@inquirer%2fcheckbox cache-miss
525 http cache https://registry.npmjs.org/@inquirer%2feditor 87ms (cache hit)
526 silly packumentCache full:https://registry.npmjs.org/@inquirer%2feditor set size:292907 disposed:false
527 silly fetch manifest @inquirer/password@^4.0.23
528 silly packumentCache full:https://registry.npmjs.org/@inquirer%2fpassword cache-miss
529 http cache https://registry.npmjs.org/@inquirer%2fnumber 90ms (cache hit)
530 silly packumentCache full:https://registry.npmjs.org/@inquirer%2fnumber set size:115566 disposed:false
531 silly fetch manifest zod@^3.25 || ^4.0
532 silly packumentCache full:https://registry.npmjs.org/zod cache-miss
533 http cache https://registry.npmjs.org/@inquirer%2fconfirm 46ms (cache hit)
534 silly packumentCache full:https://registry.npmjs.org/@inquirer%2fconfirm set size:293808 disposed:false
535 silly fetch manifest hono@^4.11.4
536 silly packumentCache full:https://registry.npmjs.org/hono cache-miss
537 http cache https://registry.npmjs.org/@inquirer%2fpassword 33ms (cache hit)
538 silly packumentCache full:https://registry.npmjs.org/@inquirer%2fpassword set size:291455 disposed:false
539 silly fetch manifest jose@^6.1.3
540 silly packumentCache full:https://registry.npmjs.org/jose cache-miss
541 http cache https://registry.npmjs.org/@inquirer%2fselect 67ms (cache hit)
542 silly packumentCache full:https://registry.npmjs.org/@inquirer%2fselect set size:307392 disposed:false
543 silly fetch manifest express@^5.2.1
544 silly packumentCache full:https://registry.npmjs.org/express cache-hit
545 silly fetch manifest raw-body@^3.0.0
546 silly packumentCache full:https://registry.npmjs.org/raw-body cache-miss
547 http cache https://registry.npmjs.org/@inquirer%2fcheckbox 57ms (cache hit)
548 silly packumentCache full:https://registry.npmjs.org/@inquirer%2fcheckbox set size:318534 disposed:false
549 silly fetch manifest ajv-formats@^3.0.1
550 silly packumentCache full:https://registry.npmjs.org/ajv-formats cache-hit
551 silly fetch manifest eventsource@^3.0.2
552 silly packumentCache full:https://registry.npmjs.org/eventsource cache-miss
553 http cache https://registry.npmjs.org/@inquirer%2frawlist 74ms (cache hit)
554 silly packumentCache full:https://registry.npmjs.org/@inquirer%2frawlist set size:261582 disposed:false
555 silly fetch manifest content-type@^1.0.5
556 silly packumentCache full:https://registry.npmjs.org/content-type cache-miss
557 http cache https://registry.npmjs.org/zod 64ms (cache hit)
558 silly packumentCache full:https://registry.npmjs.org/zod set size:3489329 disposed:false
559 silly fetch manifest pkce-challenge@^5.0.0
560 silly packumentCache full:https://registry.npmjs.org/pkce-challenge cache-miss
561 http cache https://registry.npmjs.org/raw-body 87ms (cache hit)
562 silly packumentCache full:https://registry.npmjs.org/raw-body set size:117822 disposed:false
563 silly fetch manifest @hono/node-server@^1.19.9
564 silly packumentCache full:https://registry.npmjs.org/@hono%2fnode-server cache-miss
565 http cache https://registry.npmjs.org/eventsource 86ms (cache hit)
566 silly packumentCache full:https://registry.npmjs.org/eventsource set size:128214 disposed:false
567 silly fetch manifest json-schema-typed@^8.0.2
568 silly packumentCache full:https://registry.npmjs.org/json-schema-typed cache-miss
569 http cache https://registry.npmjs.org/content-type 85ms (cache hit)
570 silly packumentCache full:https://registry.npmjs.org/content-type set size:17311 disposed:false
571 silly fetch manifest eventsource-parser@^3.0.0
572 silly packumentCache full:https://registry.npmjs.org/eventsource-parser cache-miss
573 http cache https://registry.npmjs.org/hono 124ms (cache hit)
574 silly packumentCache full:https://registry.npmjs.org/hono set size:5313331 disposed:false
575 silly fetch manifest express-rate-limit@^8.2.1
576 silly packumentCache full:https://registry.npmjs.org/express-rate-limit cache-miss
577 http cache https://registry.npmjs.org/jose 182ms (cache hit)
578 silly packumentCache full:https://registry.npmjs.org/jose set size:1390941 disposed:false
579 silly fetch manifest zod-to-json-schema@^3.25.1
580 silly packumentCache full:https://registry.npmjs.org/zod-to-json-schema cache-hit
581 silly fetch manifest event-target-shim@^5.0.0
582 silly packumentCache full:https://registry.npmjs.org/event-target-shim cache-miss
583 http cache https://registry.npmjs.org/pkce-challenge 138ms (cache hit)
584 silly packumentCache full:https://registry.npmjs.org/pkce-challenge set size:37734 disposed:false
585 silly fetch manifest fast-uri@^3.0.1
586 silly packumentCache full:https://registry.npmjs.org/fast-uri cache-miss
587 http cache https://registry.npmjs.org/json-schema-typed 107ms (cache hit)
588 silly packumentCache full:https://registry.npmjs.org/json-schema-typed set size:26165 disposed:false
589 silly fetch manifest fast-deep-equal@^3.1.3
590 silly packumentCache full:https://registry.npmjs.org/fast-deep-equal cache-miss
591 http cache https://registry.npmjs.org/@hono%2fnode-server 117ms (cache hit)
592 silly packumentCache full:https://registry.npmjs.org/@hono%2fnode-server set size:219559 disposed:false
593 silly fetch manifest require-from-string@^2.0.2
594 silly packumentCache full:https://registry.npmjs.org/require-from-string cache-miss
595 http cache https://registry.npmjs.org/eventsource-parser 114ms (cache hit)
596 silly packumentCache full:https://registry.npmjs.org/eventsource-parser set size:66053 disposed:false
597 silly fetch manifest json-schema-traverse@^1.0.0
598 silly packumentCache full:https://registry.npmjs.org/json-schema-traverse cache-miss
599 http cache https://registry.npmjs.org/event-target-shim 29ms (cache hit)
600 silly packumentCache full:https://registry.npmjs.org/event-target-shim set size:103601 disposed:false
601 silly fetch manifest archiver-utils@^5.0.2
602 silly packumentCache full:https://registry.npmjs.org/archiver-utils cache-miss
603 http cache https://registry.npmjs.org/express-rate-limit 53ms (cache hit)
604 silly packumentCache full:https://registry.npmjs.org/express-rate-limit set size:399017 disposed:false
605 silly fetch manifest async@^3.2.4
606 silly packumentCache full:https://registry.npmjs.org/async cache-miss
607 http cache https://registry.npmjs.org/fast-uri 39ms (cache hit)
608 silly packumentCache full:https://registry.npmjs.org/fast-uri set size:61472 disposed:false
609 silly fetch manifest buffer-crc32@^1.0.0
610 silly packumentCache full:https://registry.npmjs.org/buffer-crc32 cache-miss
611 http cache https://registry.npmjs.org/require-from-string 40ms (cache hit)
612 silly packumentCache full:https://registry.npmjs.org/require-from-string set size:15128 disposed:false
613 silly fetch manifest readable-stream@^4.0.0
614 silly packumentCache full:https://registry.npmjs.org/readable-stream cache-miss
615 http cache https://registry.npmjs.org/archiver-utils 34ms (cache hit)
616 silly packumentCache full:https://registry.npmjs.org/archiver-utils set size:31398 disposed:false
617 silly fetch manifest readdir-glob@^1.1.2
618 silly packumentCache full:https://registry.npmjs.org/readdir-glob cache-miss
619 http cache https://registry.npmjs.org/fast-deep-equal 54ms (cache hit)
620 silly packumentCache full:https://registry.npmjs.org/fast-deep-equal set size:48634 disposed:false
621 silly fetch manifest tar-stream@^3.0.0
622 silly packumentCache full:https://registry.npmjs.org/tar-stream cache-miss
623 http cache https://registry.npmjs.org/json-schema-traverse 46ms (cache hit)
624 silly packumentCache full:https://registry.npmjs.org/json-schema-traverse set size:23537 disposed:false
625 silly fetch manifest zip-stream@^6.0.1
626 silly packumentCache full:https://registry.npmjs.org/zip-stream cache-miss
627 http cache https://registry.npmjs.org/async 35ms (cache hit)
628 silly packumentCache full:https://registry.npmjs.org/async set size:230496 disposed:false
629 silly fetch manifest qs@~6.14.0
630 silly packumentCache full:https://registry.npmjs.org/qs cache-miss
631 http cache https://registry.npmjs.org/buffer-crc32 38ms (cache hit)
632 silly packumentCache full:https://registry.npmjs.org/buffer-crc32 set size:58100 disposed:false
633 silly fetch manifest depd@2.0.0
634 silly packumentCache full:https://registry.npmjs.org/depd cache-miss
635 http cache https://registry.npmjs.org/zip-stream 25ms (cache hit)
636 silly packumentCache full:https://registry.npmjs.org/zip-stream set size:105423 disposed:false
637 silly fetch manifest bytes@~3.1.2
638 silly packumentCache full:https://registry.npmjs.org/bytes cache-miss
639 http cache https://registry.npmjs.org/readdir-glob 53ms (cache hit)
640 silly packumentCache full:https://registry.npmjs.org/readdir-glob set size:23224 disposed:false
641 silly fetch manifest debug@2.6.9
642 silly packumentCache full:https://registry.npmjs.org/debug cache-miss
643 http cache https://registry.npmjs.org/qs 43ms (cache hit)
644 silly packumentCache full:https://registry.npmjs.org/qs set size:268000 disposed:false
645 silly fetch manifest unpipe@~1.0.0
646 silly packumentCache full:https://registry.npmjs.org/unpipe cache-miss
647 http cache https://registry.npmjs.org/tar-stream 59ms (cache hit)
648 silly packumentCache full:https://registry.npmjs.org/tar-stream set size:132352 disposed:false
649 silly fetch manifest destroy@~1.2.0
650 silly packumentCache full:https://registry.npmjs.org/destroy cache-miss
651 http cache https://registry.npmjs.org/depd 50ms (cache hit)
652 silly packumentCache full:https://registry.npmjs.org/depd set size:40182 disposed:false
653 silly fetch manifest type-is@~1.6.18
654 silly packumentCache full:https://registry.npmjs.org/type-is cache-miss
655 http cache https://registry.npmjs.org/readable-stream 78ms (cache hit)
656 silly packumentCache full:https://registry.npmjs.org/readable-stream set size:261096 disposed:false
657 silly fetch manifest raw-body@~2.5.3
658 silly packumentCache full:https://registry.npmjs.org/raw-body cache-hit
659 silly fetch manifest iconv-lite@~0.4.24
660 silly packumentCache full:https://registry.npmjs.org/iconv-lite cache-miss
661 http cache https://registry.npmjs.org/unpipe 27ms (cache hit)
662 silly packumentCache full:https://registry.npmjs.org/unpipe set size:3609 disposed:false
663 silly fetch manifest http-errors@~2.0.1
664 silly packumentCache full:https://registry.npmjs.org/http-errors cache-miss
665 http cache https://registry.npmjs.org/destroy 27ms (cache hit)
666 silly packumentCache full:https://registry.npmjs.org/destroy set size:15738 disposed:false
667 silly fetch manifest on-finished@~2.4.1
668 silly packumentCache full:https://registry.npmjs.org/on-finished cache-miss
669 http cache https://registry.npmjs.org/debug 41ms (cache hit)
670 silly packumentCache full:https://registry.npmjs.org/debug set size:195840 disposed:false
671 silly fetch manifest content-type@~1.0.5
672 silly packumentCache full:https://registry.npmjs.org/content-type cache-hit
673 silly fetch manifest braces@~3.0.2
674 silly packumentCache full:https://registry.npmjs.org/braces cache-miss
675 http cache https://registry.npmjs.org/type-is 34ms (cache hit)
676 silly packumentCache full:https://registry.npmjs.org/type-is set size:86196 disposed:false
677 silly fetch manifest is-glob@~4.0.1
678 silly packumentCache full:https://registry.npmjs.org/is-glob cache-miss
679 http cache https://registry.npmjs.org/bytes 76ms (cache hit)
680 silly packumentCache full:https://registry.npmjs.org/bytes set size:37018 disposed:false
681 silly fetch manifest anymatch@~3.1.2
682 silly packumentCache full:https://registry.npmjs.org/anymatch cache-miss
683 http cache https://registry.npmjs.org/iconv-lite 34ms (cache hit)
684 silly packumentCache full:https://registry.npmjs.org/iconv-lite set size:120557 disposed:false
685 silly fetch manifest readdirp@~3.6.0
686 silly packumentCache full:https://registry.npmjs.org/readdirp cache-miss
687 http cache https://registry.npmjs.org/http-errors 34ms (cache hit)
688 silly packumentCache full:https://registry.npmjs.org/http-errors set size:71987 disposed:false
689 silly fetch manifest glob-parent@~5.1.2
690 silly packumentCache full:https://registry.npmjs.org/glob-parent cache-miss
691 http cache https://registry.npmjs.org/braces 30ms (cache hit)
692 silly packumentCache full:https://registry.npmjs.org/braces set size:114529 disposed:false
693 silly fetch manifest is-binary-path@~2.1.0
694 silly packumentCache full:https://registry.npmjs.org/is-binary-path cache-miss
695 http cache https://registry.npmjs.org/on-finished 43ms (cache hit)
696 silly packumentCache full:https://registry.npmjs.org/on-finished set size:23212 disposed:false
697 silly fetch manifest normalize-path@~3.0.0
698 silly packumentCache full:https://registry.npmjs.org/normalize-path cache-miss
699 http cache https://registry.npmjs.org/is-glob 31ms (cache hit)
700 silly packumentCache full:https://registry.npmjs.org/is-glob set size:40530 disposed:false
701 silly fetch manifest fsevents@~2.3.2
702 silly packumentCache full:https://registry.npmjs.org/fsevents cache-miss
703 http cache https://registry.npmjs.org/anymatch 31ms (cache hit)
704 silly packumentCache full:https://registry.npmjs.org/anymatch set size:42974 disposed:false
705 silly fetch manifest json-parse-helpfulerror@^1.0.3
706 silly packumentCache full:https://registry.npmjs.org/json-parse-helpfulerror cache-miss
707 http cache https://registry.npmjs.org/readdirp 36ms (cache hit)
708 silly packumentCache full:https://registry.npmjs.org/readdirp set size:107589 disposed:false
709 silly fetch manifest string-width@^4.2.0
710 silly packumentCache full:https://registry.npmjs.org/string-width cache-miss
711 http cache https://registry.npmjs.org/glob-parent 42ms (cache hit)
712 silly packumentCache full:https://registry.npmjs.org/glob-parent set size:42445 disposed:false
713 silly fetch manifest @colors/colors@1.5.0
714 silly packumentCache full:https://registry.npmjs.org/@colors%2fcolors cache-miss
715 http cache https://registry.npmjs.org/json-parse-helpfulerror 30ms (cache hit)
716 silly packumentCache full:https://registry.npmjs.org/json-parse-helpfulerror set size:6012 disposed:false
717 silly fetch manifest dot-prop@^5.2.0
718 silly packumentCache full:https://registry.npmjs.org/dot-prop cache-miss
719 http cache https://registry.npmjs.org/fsevents 36ms (cache hit)
720 silly packumentCache full:https://registry.npmjs.org/fsevents set size:182472 disposed:false
721 silly fetch manifest make-dir@^3.0.0
722 silly packumentCache full:https://registry.npmjs.org/make-dir cache-miss
723 http cache https://registry.npmjs.org/is-binary-path 46ms (cache hit)
724 silly packumentCache full:https://registry.npmjs.org/is-binary-path set size:13475 disposed:false
725 silly fetch manifest graceful-fs@^4.1.2
726 silly packumentCache full:https://registry.npmjs.org/graceful-fs cache-miss
727 http cache https://registry.npmjs.org/normalize-path 46ms (cache hit)
728 silly packumentCache full:https://registry.npmjs.org/normalize-path set size:28713 disposed:false
729 silly fetch manifest xdg-basedir@^4.0.0
730 silly packumentCache full:https://registry.npmjs.org/xdg-basedir cache-miss
731 http cache https://registry.npmjs.org/@colors%2fcolors 26ms (cache hit)
732 silly packumentCache full:https://registry.npmjs.org/@colors%2fcolors set size:12042 disposed:false
733 silly fetch manifest unique-string@^2.0.0
734 silly packumentCache full:https://registry.npmjs.org/unique-string cache-miss
735 http cache https://registry.npmjs.org/dot-prop 29ms (cache hit)
736 silly packumentCache full:https://registry.npmjs.org/dot-prop set size:74769 disposed:false
737 silly fetch manifest write-file-atomic@^3.0.0
738 silly packumentCache full:https://registry.npmjs.org/write-file-atomic cache-miss
739 http cache https://registry.npmjs.org/make-dir 26ms (cache hit)
740 silly packumentCache full:https://registry.npmjs.org/make-dir set size:34889 disposed:false
741 silly fetch manifest object-assign@^4
742 silly packumentCache full:https://registry.npmjs.org/object-assign cache-miss
743 http cache https://registry.npmjs.org/string-width 50ms (cache hit)
744 silly packumentCache full:https://registry.npmjs.org/string-width set size:66232 disposed:false
745 silly fetch manifest vary@^1
746 silly packumentCache full:https://registry.npmjs.org/vary cache-miss
747 http cache https://registry.npmjs.org/xdg-basedir 28ms (cache hit)
748 silly packumentCache full:https://registry.npmjs.org/xdg-basedir set size:19771 disposed:false
749 silly fetch manifest cross-spawn@^7.0.1
750 silly packumentCache full:https://registry.npmjs.org/cross-spawn cache-hit
751 silly fetch manifest which@^2.0.1
752 silly packumentCache full:https://registry.npmjs.org/which cache-miss
753 http cache https://registry.npmjs.org/graceful-fs 37ms (cache hit)
754 silly packumentCache full:https://registry.npmjs.org/graceful-fs set size:124285 disposed:false
755 silly fetch manifest path-key@^3.1.0
756 silly packumentCache full:https://registry.npmjs.org/path-key cache-miss
757 http cache https://registry.npmjs.org/unique-string 32ms (cache hit)
758 silly packumentCache full:https://registry.npmjs.org/unique-string set size:8164 disposed:false
759 silly fetch manifest shebang-command@^2.0.0
760 silly packumentCache full:https://registry.npmjs.org/shebang-command cache-miss
761 http cache https://registry.npmjs.org/object-assign 28ms (cache hit)
762 silly packumentCache full:https://registry.npmjs.org/object-assign set size:28988 disposed:false
763 silly fetch manifest lodash.mapvalues@^4.6.0
764 silly packumentCache full:https://registry.npmjs.org/lodash.mapvalues cache-miss
765 http cache https://registry.npmjs.org/write-file-atomic 35ms (cache hit)
766 silly packumentCache full:https://registry.npmjs.org/write-file-atomic set size:77768 disposed:false
767 silly fetch manifest sort-any@^2.0.0
768 silly packumentCache full:https://registry.npmjs.org/sort-any cache-miss
769 http cache https://registry.npmjs.org/vary 35ms (cache hit)
770 silly packumentCache full:https://registry.npmjs.org/vary set size:16018 disposed:false
771 silly fetch manifest @apidevtools/json-schema-ref-parser@^9.0.3
772 silly packumentCache full:https://registry.npmjs.org/@apidevtools%2fjson-schema-ref-parser cache-miss
773 http cache https://registry.npmjs.org/which 34ms (cache hit)
774 silly packumentCache full:https://registry.npmjs.org/which set size:65264 disposed:false
775 silly fetch manifest ajv-formats@^2.1.0
776 silly packumentCache full:https://registry.npmjs.org/ajv-formats cache-hit
777 silly fetch manifest content-type@^1.0.4
778 silly packumentCache full:https://registry.npmjs.org/content-type cache-hit
779 silly fetch manifest deep-freeze@0.0.1
780 silly packumentCache full:https://registry.npmjs.org/deep-freeze cache-miss
781 http cache https://registry.npmjs.org/shebang-command 26ms (cache hit)
782 silly packumentCache full:https://registry.npmjs.org/shebang-command set size:8525 disposed:false
783 silly fetch manifest events-listener@^1.1.0
784 silly packumentCache full:https://registry.npmjs.org/events-listener cache-miss
785 http cache https://registry.npmjs.org/lodash.mapvalues 23ms (cache hit)
786 silly packumentCache full:https://registry.npmjs.org/lodash.mapvalues set size:33109 disposed:false
787 silly fetch manifest glob@^10.3.10
788 silly packumentCache full:https://registry.npmjs.org/glob cache-hit
789 silly fetch manifest json-ptr@^3.0.1
790 silly packumentCache full:https://registry.npmjs.org/json-ptr cache-miss
791 http cache https://registry.npmjs.org/path-key 45ms (cache hit)
792 silly packumentCache full:https://registry.npmjs.org/path-key set size:16975 disposed:false
793 silly fetch manifest lodash@^4.17.11
794 silly packumentCache full:https://registry.npmjs.org/lodash cache-hit
795 silly fetch manifest openapi3-ts@^3.1.1
796 silly packumentCache full:https://registry.npmjs.org/openapi3-ts cache-miss
797 http cache https://registry.npmjs.org/sort-any 27ms (cache hit)
798 silly packumentCache full:https://registry.npmjs.org/sort-any set size:125469 disposed:false
799 silly fetch manifest promise-breaker@^6.0.0
800 silly packumentCache full:https://registry.npmjs.org/promise-breaker cache-miss
801 http cache https://registry.npmjs.org/deep-freeze 27ms (cache hit)
802 silly packumentCache full:https://registry.npmjs.org/deep-freeze set size:3226 disposed:false
803 silly fetch manifest qs@^6.6.0
804 silly packumentCache full:https://registry.npmjs.org/qs cache-hit
805 silly fetch manifest raw-body@^2.3.3
806 silly packumentCache full:https://registry.npmjs.org/raw-body cache-hit
807 silly fetch manifest semver@^7.0.0
808 silly packumentCache full:https://registry.npmjs.org/semver cache-hit
809 silly fetch manifest etag@~1.8.1
810 silly packumentCache full:https://registry.npmjs.org/etag cache-miss
811 http cache https://registry.npmjs.org/@apidevtools%2fjson-schema-ref-parser 37ms (cache hit)
812 silly packumentCache full:https://registry.npmjs.org/@apidevtools%2fjson-schema-ref-parser set size:274578 disposed:false
813 silly fetch manifest send@~0.19.0
814 silly packumentCache full:https://registry.npmjs.org/send cache-miss
815 http cache https://registry.npmjs.org/events-listener 40ms (cache hit)
816 silly packumentCache full:https://registry.npmjs.org/events-listener set size:11001 disposed:false
817 silly fetch manifest vary@~1.1.2
818 silly packumentCache full:https://registry.npmjs.org/vary cache-hit
819 silly fetch manifest fresh@~0.5.2
820 silly packumentCache full:https://registry.npmjs.org/fresh cache-miss
821 http cache https://registry.npmjs.org/promise-breaker 30ms (cache hit)
822 silly packumentCache full:https://registry.npmjs.org/promise-breaker set size:69947 disposed:false
823 silly fetch manifest cookie@~0.7.1
824 silly packumentCache full:https://registry.npmjs.org/cookie cache-miss
825 http cache https://registry.npmjs.org/openapi3-ts 37ms (cache hit)
826 silly packumentCache full:https://registry.npmjs.org/openapi3-ts set size:152864 disposed:false
827 silly fetch manifest accepts@~1.3.8
828 silly packumentCache full:https://registry.npmjs.org/accepts cache-miss
829 http cache https://registry.npmjs.org/json-ptr 49ms (cache hit)
830 silly packumentCache full:https://registry.npmjs.org/json-ptr set size:1448490 disposed:false
831 silly fetch manifest methods@~1.1.2
832 silly packumentCache full:https://registry.npmjs.org/methods cache-miss
833 http cache https://registry.npmjs.org/etag 86ms (cache hit)
834 silly packumentCache full:https://registry.npmjs.org/etag set size:30032 disposed:false
835 silly fetch manifest parseurl@~1.3.3
836 silly packumentCache full:https://registry.npmjs.org/parseurl cache-miss
837 http cache https://registry.npmjs.org/send 85ms (cache hit)
838 silly packumentCache full:https://registry.npmjs.org/send set size:152810 disposed:false
839 silly fetch manifest statuses@~2.0.1
840 silly packumentCache full:https://registry.npmjs.org/statuses cache-miss
841 http cache https://registry.npmjs.org/accepts 73ms (cache hit)
842 silly packumentCache full:https://registry.npmjs.org/accepts set size:77054 disposed:false
843 silly fetch manifest encodeurl@~2.0.0
844 silly packumentCache full:https://registry.npmjs.org/encodeurl cache-miss
845 http cache https://registry.npmjs.org/fresh 88ms (cache hit)
846 silly packumentCache full:https://registry.npmjs.org/fresh set size:25427 disposed:false
847 silly fetch manifest proxy-addr@~2.0.7
848 silly packumentCache full:https://registry.npmjs.org/proxy-addr cache-miss
849 http cache https://registry.npmjs.org/cookie 96ms (cache hit)
850 silly packumentCache full:https://registry.npmjs.org/cookie set size:72891 disposed:false
851 silly fetch manifest escape-html@~1.0.3
852 silly packumentCache full:https://registry.npmjs.org/escape-html cache-miss
853 http cache https://registry.npmjs.org/parseurl 32ms (cache hit)
854 silly packumentCache full:https://registry.npmjs.org/parseurl set size:24148 disposed:false
855 silly fetch manifest http-errors@~2.0.0
856 silly packumentCache full:https://registry.npmjs.org/http-errors cache-hit
857 silly fetch manifest safe-buffer@5.2.1
858 silly packumentCache full:https://registry.npmjs.org/safe-buffer cache-miss
859 http cache https://registry.npmjs.org/methods 81ms (cache hit)
860 silly packumentCache full:https://registry.npmjs.org/methods set size:12600 disposed:false
861 silly fetch manifest utils-merge@1.0.1
862 silly packumentCache full:https://registry.npmjs.org/utils-merge cache-miss
863 http cache https://registry.npmjs.org/statuses 35ms (cache hit)
864 silly packumentCache full:https://registry.npmjs.org/statuses set size:37117 disposed:false
865 silly fetch manifest content-type@~1.0.4
866 silly packumentCache full:https://registry.npmjs.org/content-type cache-hit
867 silly fetch manifest finalhandler@~1.3.1
868 silly packumentCache full:https://registry.npmjs.org/finalhandler cache-miss
869 http cache https://registry.npmjs.org/encodeurl 32ms (cache hit)
870 silly packumentCache full:https://registry.npmjs.org/encodeurl set size:12296 disposed:false
871 silly fetch manifest range-parser@~1.2.1
872 silly packumentCache full:https://registry.npmjs.org/range-parser cache-miss
873 http cache https://registry.npmjs.org/proxy-addr 32ms (cache hit)
874 silly packumentCache full:https://registry.npmjs.org/proxy-addr set size:61619 disposed:false
875 silly fetch manifest serve-static@~1.16.2
876 silly packumentCache full:https://registry.npmjs.org/serve-static cache-miss
877 http cache https://registry.npmjs.org/escape-html 26ms (cache hit)
878 silly packumentCache full:https://registry.npmjs.org/escape-html set size:7345 disposed:false
879 silly fetch manifest array-flatten@1.1.1
880 silly packumentCache full:https://registry.npmjs.org/array-flatten cache-miss
881 http cache https://registry.npmjs.org/safe-buffer 28ms (cache hit)
882 silly packumentCache full:https://registry.npmjs.org/safe-buffer set size:41183 disposed:false
883 silly fetch manifest path-to-regexp@~0.1.12
884 silly packumentCache full:https://registry.npmjs.org/path-to-regexp cache-miss
885 http cache https://registry.npmjs.org/utils-merge 29ms (cache hit)
886 silly packumentCache full:https://registry.npmjs.org/utils-merge set size:5237 disposed:false
887 silly fetch manifest setprototypeof@1.2.0
888 silly packumentCache full:https://registry.npmjs.org/setprototypeof cache-miss
889 http cache https://registry.npmjs.org/finalhandler 25ms (cache hit)
890 silly packumentCache full:https://registry.npmjs.org/finalhandler set size:79291 disposed:false
891 silly fetch manifest cookie-signature@~1.0.6
892 silly packumentCache full:https://registry.npmjs.org/cookie-signature cache-miss
893 http cache https://registry.npmjs.org/range-parser 30ms (cache hit)
894 silly packumentCache full:https://registry.npmjs.org/range-parser set size:22228 disposed:false
895 silly fetch manifest merge-descriptors@1.0.3
896 silly packumentCache full:https://registry.npmjs.org/merge-descriptors cache-miss
897 http cache https://registry.npmjs.org/serve-static 30ms (cache hit)
898 silly packumentCache full:https://registry.npmjs.org/serve-static set size:150391 disposed:false
899 silly fetch manifest content-disposition@~0.5.4
900 silly packumentCache full:https://registry.npmjs.org/content-disposition cache-miss
901 http cache https://registry.npmjs.org/array-flatten 36ms (cache hit)
902 silly packumentCache full:https://registry.npmjs.org/array-flatten set size:24005 disposed:false
903 silly fetch manifest asynckit@^0.4.0
904 silly packumentCache full:https://registry.npmjs.org/asynckit cache-miss
905 http cache https://registry.npmjs.org/setprototypeof 31ms (cache hit)
906 silly packumentCache full:https://registry.npmjs.org/setprototypeof set size:14532 disposed:false
907 silly fetch manifest combined-stream@^1.0.8
908 silly packumentCache full:https://registry.npmjs.org/combined-stream cache-miss
909 http cache https://registry.npmjs.org/path-to-regexp 38ms (cache hit)
910 silly packumentCache full:https://registry.npmjs.org/path-to-regexp set size:207142 disposed:false
911 silly fetch manifest es-set-tostringtag@^2.1.0
912 silly packumentCache full:https://registry.npmjs.org/es-set-tostringtag cache-miss
913 http cache https://registry.npmjs.org/cookie-signature 39ms (cache hit)
914 silly packumentCache full:https://registry.npmjs.org/cookie-signature set size:21777 disposed:false
915 silly fetch manifest hasown@^2.0.2
916 silly packumentCache full:https://registry.npmjs.org/hasown cache-miss
917 http cache https://registry.npmjs.org/merge-descriptors 37ms (cache hit)
918 silly packumentCache full:https://registry.npmjs.org/merge-descriptors set size:16527 disposed:false
919 silly fetch manifest mime-types@^2.1.12
920 silly packumentCache full:https://registry.npmjs.org/mime-types cache-miss
921 http cache https://registry.npmjs.org/content-disposition 35ms (cache hit)
922 silly packumentCache full:https://registry.npmjs.org/content-disposition set size:34469 disposed:false
923 silly fetch manifest jsonfile@^6.0.1
924 silly packumentCache full:https://registry.npmjs.org/jsonfile cache-miss
925 http cache https://registry.npmjs.org/combined-stream 28ms (cache hit)
926 silly packumentCache full:https://registry.npmjs.org/combined-stream set size:40337 disposed:false
927 silly fetch manifest graceful-fs@^4.2.0
928 silly packumentCache full:https://registry.npmjs.org/graceful-fs cache-hit
929 silly fetch manifest universalify@^2.0.0
930 silly packumentCache full:https://registry.npmjs.org/universalify cache-miss
931 http cache https://registry.npmjs.org/asynckit 37ms (cache hit)
932 silly packumentCache full:https://registry.npmjs.org/asynckit set size:18932 disposed:false
933 silly fetch manifest uuid@^9.0.1
934 silly packumentCache full:https://registry.npmjs.org/uuid cache-hit
935 silly fetch manifest is-stream@^2.0.0
936 silly packumentCache full:https://registry.npmjs.org/is-stream cache-miss
937 http cache https://registry.npmjs.org/hasown 26ms (cache hit)
938 silly packumentCache full:https://registry.npmjs.org/hasown set size:12476 disposed:false
939 silly fetch manifest node-fetch@^2.6.9
940 silly packumentCache full:https://registry.npmjs.org/node-fetch cache-hit
941 silly fetch manifest https-proxy-agent@^7.0.1
942 silly packumentCache full:https://registry.npmjs.org/https-proxy-agent cache-miss
943 http cache https://registry.npmjs.org/es-set-tostringtag 33ms (cache hit)
944 silly packumentCache full:https://registry.npmjs.org/es-set-tostringtag set size:22094 disposed:false
945 silly fetch manifest minipass@^7.1.2
946 silly packumentCache full:https://registry.npmjs.org/minipass cache-miss
947 http cache https://registry.npmjs.org/mime-types 35ms (cache hit)
948 silly packumentCache full:https://registry.npmjs.org/mime-types set size:139110 disposed:false
949 silly fetch manifest jackspeak@^3.1.2
950 silly packumentCache full:https://registry.npmjs.org/jackspeak cache-miss
951 http cache https://registry.npmjs.org/is-stream 30ms (cache hit)
952 silly packumentCache full:https://registry.npmjs.org/is-stream set size:18582 disposed:false
953 silly fetch manifest minimatch@^9.0.4
954 silly packumentCache full:https://registry.npmjs.org/minimatch cache-hit
955 silly fetch manifest path-scurry@^1.11.1
956 silly packumentCache full:https://registry.npmjs.org/path-scurry cache-miss
957 http cache https://registry.npmjs.org/universalify 39ms (cache hit)
958 silly packumentCache full:https://registry.npmjs.org/universalify set size:19431 disposed:false
959 silly fetch manifest foreground-child@^3.1.0
960 silly packumentCache full:https://registry.npmjs.org/foreground-child cache-miss
961 http cache https://registry.npmjs.org/jsonfile 51ms (cache hit)
962 silly packumentCache full:https://registry.npmjs.org/jsonfile set size:51505 disposed:false
963 silly fetch manifest package-json-from-dist@^1.0.0
964 silly packumentCache full:https://registry.npmjs.org/package-json-from-dist cache-miss
965 http cache https://registry.npmjs.org/minipass 35ms (cache hit)
966 silly packumentCache full:https://registry.npmjs.org/minipass set size:490195 disposed:false
967 silly fetch manifest jws@^4.0.0
968 silly packumentCache full:https://registry.npmjs.org/jws cache-miss
969 http cache https://registry.npmjs.org/https-proxy-agent 46ms (cache hit)
970 silly packumentCache full:https://registry.npmjs.org/https-proxy-agent set size:76241 disposed:false
971 silly fetch manifest gtoken@^7.0.0
972 silly packumentCache full:https://registry.npmjs.org/gtoken cache-miss
973 http cache https://registry.npmjs.org/jackspeak 41ms (cache hit)
974 silly packumentCache full:https://registry.npmjs.org/jackspeak set size:204267 disposed:false
975 silly fetch manifest base64-js@^1.3.0
976 silly packumentCache full:https://registry.npmjs.org/base64-js cache-miss
977 http cache https://registry.npmjs.org/package-json-from-dist 31ms (cache hit)
978 silly packumentCache full:https://registry.npmjs.org/package-json-from-dist set size:8854 disposed:false
979 silly fetch manifest gcp-metadata@^6.1.0
980 silly packumentCache full:https://registry.npmjs.org/gcp-metadata cache-miss
981 http cache https://registry.npmjs.org/path-scurry 40ms (cache hit)
982 silly packumentCache full:https://registry.npmjs.org/path-scurry set size:115160 disposed:false
983 silly fetch manifest ecdsa-sig-formatter@^1.0.11
984 silly packumentCache full:https://registry.npmjs.org/ecdsa-sig-formatter cache-miss
985 http cache https://registry.npmjs.org/jws 30ms (cache hit)
986 silly packumentCache full:https://registry.npmjs.org/jws set size:48919 disposed:false
987 silly fetch manifest esprima@^4.0.0
988 silly packumentCache full:https://registry.npmjs.org/esprima cache-miss
989 http cache https://registry.npmjs.org/foreground-child 47ms (cache hit)
990 silly packumentCache full:https://registry.npmjs.org/foreground-child set size:71503 disposed:false
991 silly fetch manifest argparse@^1.0.7
992 silly packumentCache full:https://registry.npmjs.org/argparse cache-miss
993 http cache https://registry.npmjs.org/gtoken 37ms (cache hit)
994 silly packumentCache full:https://registry.npmjs.org/gtoken set size:155604 disposed:false
995 silly fetch manifest ms@^2.1.1
996 silly packumentCache full:https://registry.npmjs.org/ms cache-miss
997 http cache https://registry.npmjs.org/base64-js 33ms (cache hit)
998 silly packumentCache full:https://registry.npmjs.org/base64-js set size:41270 disposed:false
999 silly fetch manifest jws@^4.0.1
1000 silly packumentCache full:https://registry.npmjs.org/jws cache-hit
1001 silly fetch manifest semver@^7.5.4
1002 silly packumentCache full:https://registry.npmjs.org/semver cache-hit
1003 silly fetch manifest lodash.once@^4.0.0
1004 silly packumentCache full:https://registry.npmjs.org/lodash.once cache-miss
1005 http cache https://registry.npmjs.org/gcp-metadata 53ms (cache hit)
1006 silly packumentCache full:https://registry.npmjs.org/gcp-metadata set size:191448 disposed:false
1007 silly fetch manifest lodash.includes@^4.3.0
1008 silly packumentCache full:https://registry.npmjs.org/lodash.includes cache-miss
1009 http cache https://registry.npmjs.org/ecdsa-sig-formatter 60ms (cache hit)
1010 silly packumentCache full:https://registry.npmjs.org/ecdsa-sig-formatter set size:23546 disposed:false
1011 silly fetch manifest lodash.isnumber@^3.0.3
1012 silly packumentCache full:https://registry.npmjs.org/lodash.isnumber cache-miss
1013 http cache https://registry.npmjs.org/esprima 61ms (cache hit)
1014 silly packumentCache full:https://registry.npmjs.org/esprima set size:118410 disposed:false
1015 silly fetch manifest lodash.isstring@^4.0.1
1016 silly packumentCache full:https://registry.npmjs.org/lodash.isstring cache-miss
1017 http cache https://registry.npmjs.org/ms 58ms (cache hit)
1018 silly packumentCache full:https://registry.npmjs.org/ms set size:92208 disposed:false
1019 silly fetch manifest lodash.isboolean@^3.0.3
1020 silly packumentCache full:https://registry.npmjs.org/lodash.isboolean cache-miss
1021 http cache https://registry.npmjs.org/argparse 75ms (cache hit)
1022 silly packumentCache full:https://registry.npmjs.org/argparse set size:49266 disposed:false
1023 silly fetch manifest lodash.isinteger@^4.0.4
1024 silly packumentCache full:https://registry.npmjs.org/lodash.isinteger cache-miss
1025 http cache https://registry.npmjs.org/lodash.includes 33ms (cache hit)
1026 silly packumentCache full:https://registry.npmjs.org/lodash.includes set size:27594 disposed:false
1027 silly fetch manifest lodash.isplainobject@^4.0.6
1028 silly packumentCache full:https://registry.npmjs.org/lodash.isplainobject cache-miss
1029 http cache https://registry.npmjs.org/lodash.once 69ms (cache hit)
1030 silly packumentCache full:https://registry.npmjs.org/lodash.once set size:23407 disposed:false
1031 silly fetch manifest libsodium@^0.7.16
1032 silly packumentCache full:https://registry.npmjs.org/libsodium cache-miss
1033 http cache https://registry.npmjs.org/lodash.isnumber 38ms (cache hit)
1034 silly packumentCache full:https://registry.npmjs.org/lodash.isnumber set size:21368 disposed:false
1035 silly fetch manifest is-number@^2.1.0
1036 silly packumentCache full:https://registry.npmjs.org/is-number cache-miss
1037 http cache https://registry.npmjs.org/lodash.isstring 35ms (cache hit)
1038 silly packumentCache full:https://registry.npmjs.org/lodash.isstring set size:21368 disposed:false
1039 silly fetch manifest through2@^2.0.1
1040 silly packumentCache full:https://registry.npmjs.org/through2 cache-miss
1041 http cache https://registry.npmjs.org/lodash.isboolean 30ms (cache hit)
1042 silly packumentCache full:https://registry.npmjs.org/lodash.isboolean set size:21437 disposed:false
1043 silly fetch manifest ansi-escapes@^7.0.0
1044 silly packumentCache full:https://registry.npmjs.org/ansi-escapes cache-miss
1045 http cache https://registry.npmjs.org/lodash.isinteger 27ms (cache hit)
1046 silly packumentCache full:https://registry.npmjs.org/lodash.isinteger set size:10827 disposed:false
1047 silly fetch manifest ansi-regex@^6.1.0
1048 silly packumentCache full:https://registry.npmjs.org/ansi-regex cache-miss
1049 http cache https://registry.npmjs.org/lodash.isplainobject 33ms (cache hit)
1050 silly packumentCache full:https://registry.npmjs.org/lodash.isplainobject set size:38531 disposed:false
1051 silly fetch manifest chalk@^5.4.1
1052 silly packumentCache full:https://registry.npmjs.org/chalk cache-miss
1053 http cache https://registry.npmjs.org/libsodium 28ms (cache hit)
1054 silly packumentCache full:https://registry.npmjs.org/libsodium set size:84967 disposed:false
1055 silly fetch manifest cli-highlight@^2.1.11
1056 silly packumentCache full:https://registry.npmjs.org/cli-highlight cache-miss
1057 http cache https://registry.npmjs.org/through2 27ms (cache hit)
1058 silly packumentCache full:https://registry.npmjs.org/through2 set size:74174 disposed:false
1059 silly fetch manifest node-emoji@^2.2.0
1060 silly packumentCache full:https://registry.npmjs.org/node-emoji cache-miss
1061 http cache https://registry.npmjs.org/is-number 33ms (cache hit)
1062 silly packumentCache full:https://registry.npmjs.org/is-number set size:36183 disposed:false
1063 silly fetch manifest supports-hyperlinks@^3.1.0
1064 silly packumentCache full:https://registry.npmjs.org/supports-hyperlinks cache-miss
1065 http cache https://registry.npmjs.org/ansi-escapes 34ms (cache hit)
1066 silly packumentCache full:https://registry.npmjs.org/ansi-escapes set size:70915 disposed:false
1067 silly fetch manifest brace-expansion@^1.1.7
1068 silly packumentCache full:https://registry.npmjs.org/brace-expansion cache-miss
1069 http cache https://registry.npmjs.org/ansi-regex 39ms (cache hit)
1070 silly packumentCache full:https://registry.npmjs.org/ansi-regex set size:43572 disposed:false
1071 silly fetch manifest basic-auth@~2.0.1
1072 silly packumentCache full:https://registry.npmjs.org/basic-auth cache-miss
1073 http cache https://registry.npmjs.org/chalk 35ms (cache hit)
1074 silly packumentCache full:https://registry.npmjs.org/chalk set size:117861 disposed:false
1075 silly fetch manifest depd@~2.0.0
1076 silly packumentCache full:https://registry.npmjs.org/depd cache-hit
1077 silly fetch manifest on-finished@~2.3.0
1078 silly packumentCache full:https://registry.npmjs.org/on-finished cache-hit
1079 silly fetch manifest on-headers@~1.1.0
1080 silly packumentCache full:https://registry.npmjs.org/on-headers cache-miss
1081 http cache https://registry.npmjs.org/supports-hyperlinks 33ms (cache hit)
1082 silly packumentCache full:https://registry.npmjs.org/supports-hyperlinks set size:36220 disposed:false
1083 silly fetch manifest whatwg-url@^5.0.0
1084 silly packumentCache full:https://registry.npmjs.org/whatwg-url cache-miss
1085 http cache https://registry.npmjs.org/node-emoji 39ms (cache hit)
1086 silly packumentCache full:https://registry.npmjs.org/node-emoji set size:88366 disposed:false
1087 silly fetch manifest is-wsl@^1.1.0
1088 silly packumentCache full:https://registry.npmjs.org/is-wsl cache-miss
1089 http cache https://registry.npmjs.org/cli-highlight 47ms (cache hit)
1090 silly packumentCache full:https://registry.npmjs.org/cli-highlight set size:82544 disposed:false
1091 silly fetch manifest bl@^4.1.0
1092 silly packumentCache full:https://registry.npmjs.org/bl cache-miss
1093 http cache https://registry.npmjs.org/basic-auth 36ms (cache hit)
1094 silly packumentCache full:https://registry.npmjs.org/basic-auth set size:21757 disposed:false
1095 silly fetch manifest chalk@^4.1.0
1096 silly packumentCache full:https://registry.npmjs.org/chalk cache-hit
1097 silly fetch manifest wcwidth@^1.0.1
1098 silly packumentCache full:https://registry.npmjs.org/wcwidth cache-miss
1099 http cache https://registry.npmjs.org/brace-expansion 53ms (cache hit)
1100 silly packumentCache full:https://registry.npmjs.org/brace-expansion set size:46250 disposed:false
1101 silly fetch manifest cli-cursor@^3.1.0
1102 silly packumentCache full:https://registry.npmjs.org/cli-cursor cache-miss
1103 http cache https://registry.npmjs.org/is-wsl 29ms (cache hit)
1104 silly packumentCache full:https://registry.npmjs.org/is-wsl set size:18741 disposed:false
1105 silly fetch manifest strip-ansi@^6.0.0
1106 silly packumentCache full:https://registry.npmjs.org/strip-ansi cache-miss
1107 http cache https://registry.npmjs.org/on-headers 40ms (cache hit)
1108 silly packumentCache full:https://registry.npmjs.org/on-headers set size:13226 disposed:false
1109 silly fetch manifest log-symbols@^4.1.0
1110 silly packumentCache full:https://registry.npmjs.org/log-symbols cache-miss
1111 http cache https://registry.npmjs.org/whatwg-url 38ms (cache hit)
1112 silly packumentCache full:https://registry.npmjs.org/whatwg-url set size:168036 disposed:false
1113 silly fetch manifest cli-spinners@^2.5.0
1114 silly packumentCache full:https://registry.npmjs.org/cli-spinners cache-miss
1115 http cache https://registry.npmjs.org/bl 37ms (cache hit)
1116 silly packumentCache full:https://registry.npmjs.org/bl set size:188910 disposed:false
1117 silly fetch manifest is-interactive@^1.0.0
1118 silly packumentCache full:https://registry.npmjs.org/is-interactive cache-miss
1119 http cache https://registry.npmjs.org/wcwidth 35ms (cache hit)
1120 silly packumentCache full:https://registry.npmjs.org/wcwidth set size:5904 disposed:false
1121 silly fetch manifest is-unicode-supported@^0.1.0
1122 silly packumentCache full:https://registry.npmjs.org/is-unicode-supported cache-miss
1123 http cache https://registry.npmjs.org/cli-cursor 34ms (cache hit)
1124 silly packumentCache full:https://registry.npmjs.org/cli-cursor set size:18913 disposed:false
1125 silly fetch manifest yocto-queue@^0.1.0
1126 silly packumentCache full:https://registry.npmjs.org/yocto-queue cache-miss
1127 http cache https://registry.npmjs.org/is-interactive 20ms (cache hit)
1128 silly packumentCache full:https://registry.npmjs.org/is-interactive set size:10692 disposed:false
1129 silly fetch manifest pg-connection-string@^2.11.0
1130 silly packumentCache full:https://registry.npmjs.org/pg-connection-string cache-miss
1131 http cache https://registry.npmjs.org/log-symbols 33ms (cache hit)
1132 silly packumentCache full:https://registry.npmjs.org/log-symbols set size:31977 disposed:false
1133 silly fetch manifest pg-pool@^3.11.0
1134 silly packumentCache full:https://registry.npmjs.org/pg-pool cache-miss
1135 http cache https://registry.npmjs.org/strip-ansi 39ms (cache hit)
1136 silly packumentCache full:https://registry.npmjs.org/strip-ansi set size:41855 disposed:false
1137 silly fetch manifest pg-protocol@^1.11.0
1138 silly packumentCache full:https://registry.npmjs.org/pg-protocol cache-miss
1139 http cache https://registry.npmjs.org/cli-spinners 33ms (cache hit)
1140 silly packumentCache full:https://registry.npmjs.org/cli-spinners set size:67473 disposed:false
1141 silly fetch manifest pg-types@2.2.0
1142 silly packumentCache full:https://registry.npmjs.org/pg-types cache-miss
1143 http cache https://registry.npmjs.org/yocto-queue 20ms (cache hit)
1144 silly packumentCache full:https://registry.npmjs.org/yocto-queue set size:20256 disposed:false
1145 silly fetch manifest pgpass@1.0.5
1146 silly packumentCache full:https://registry.npmjs.org/pgpass cache-miss
1147 http cache https://registry.npmjs.org/is-unicode-supported 27ms (cache hit)
1148 silly packumentCache full:https://registry.npmjs.org/is-unicode-supported set size:19461 disposed:false
1149 silly fetch manifest pg-cloudflare@^1.3.0
1150 silly packumentCache full:https://registry.npmjs.org/pg-cloudflare cache-miss
1151 http cache https://registry.npmjs.org/pg-types 17ms (cache hit)
1152 silly packumentCache full:https://registry.npmjs.org/pg-types set size:51397 disposed:false
1153 silly fetch manifest async@^3.2.6
1154 silly packumentCache full:https://registry.npmjs.org/async cache-hit
1155 silly fetch manifest debug@^4.3.6
1156 silly packumentCache full:https://registry.npmjs.org/debug cache-hit
1157 silly fetch manifest agent-base@^7.1.2
1158 silly packumentCache full:https://registry.npmjs.org/agent-base cache-miss
1159 http cache https://registry.npmjs.org/pg-connection-string 33ms (cache hit)
1160 silly packumentCache full:https://registry.npmjs.org/pg-connection-string set size:72010 disposed:false
1161 silly fetch manifest debug@^4.3.4
1162 silly packumentCache full:https://registry.npmjs.org/debug cache-hit
1163 silly fetch manifest http-proxy-agent@^7.0.1
1164 silly packumentCache full:https://registry.npmjs.org/http-proxy-agent cache-miss
1165 http cache https://registry.npmjs.org/pg-protocol 31ms (cache hit)
1166 silly packumentCache full:https://registry.npmjs.org/pg-protocol set size:47734 disposed:false
1167 silly fetch manifest https-proxy-agent@^7.0.6
1168 silly packumentCache full:https://registry.npmjs.org/https-proxy-agent cache-hit
1169 silly fetch manifest lru-cache@^7.14.1
1170 silly packumentCache full:https://registry.npmjs.org/lru-cache cache-miss
1171 http cache https://registry.npmjs.org/pg-pool 39ms (cache hit)
1172 silly packumentCache full:https://registry.npmjs.org/pg-pool set size:126851 disposed:false
1173 silly fetch manifest pac-proxy-agent@^7.1.0
1174 silly packumentCache full:https://registry.npmjs.org/pac-proxy-agent cache-miss
1175 http cache https://registry.npmjs.org/pgpass 40ms (cache hit)
1176 silly packumentCache full:https://registry.npmjs.org/pgpass set size:26739 disposed:false
1177 silly fetch manifest proxy-from-env@^1.1.0
1178 silly packumentCache full:https://registry.npmjs.org/proxy-from-env cache-miss
1179 http cache https://registry.npmjs.org/pg-cloudflare 40ms (cache hit)
1180 silly packumentCache full:https://registry.npmjs.org/pg-cloudflare set size:20882 disposed:false
1181 silly fetch manifest socks-proxy-agent@^8.0.5
1182 silly packumentCache full:https://registry.npmjs.org/socks-proxy-agent cache-miss
1183 http cache https://registry.npmjs.org/http-proxy-agent 34ms (cache hit)
1184 silly packumentCache full:https://registry.npmjs.org/http-proxy-agent set size:50096 disposed:false
1185 silly fetch manifest argparse@^2.0.1
1186 silly packumentCache full:https://registry.npmjs.org/argparse cache-hit
1187 silly fetch manifest nearley@^2.20.1
1188 silly packumentCache full:https://registry.npmjs.org/nearley cache-miss
1189 http cache https://registry.npmjs.org/agent-base 42ms (cache hit)
1190 silly packumentCache full:https://registry.npmjs.org/agent-base set size:67460 disposed:false
1191 silly fetch manifest basic-auth-connect@^1.1.0
1192 silly packumentCache full:https://registry.npmjs.org/basic-auth-connect cache-miss
1193 http cache https://registry.npmjs.org/pac-proxy-agent 35ms (cache hit)
1194 silly packumentCache full:https://registry.npmjs.org/pac-proxy-agent set size:59229 disposed:false
1195 silly fetch manifest commander@^10.0.0
1196 silly packumentCache full:https://registry.npmjs.org/commander cache-hit
1197 silly fetch manifest compression@^1.7.0
1198 silly packumentCache full:https://registry.npmjs.org/compression cache-miss
1199 http cache https://registry.npmjs.org/lru-cache 60ms (cache hit)
1200 silly packumentCache full:https://registry.npmjs.org/lru-cache set size:410669 disposed:false
1201 silly fetch manifest connect@^3.7.0
1202 silly packumentCache full:https://registry.npmjs.org/connect cache-miss
1203 http cache https://registry.npmjs.org/socks-proxy-agent 54ms (cache hit)
1204 silly packumentCache full:https://registry.npmjs.org/socks-proxy-agent set size:96838 disposed:false
1205 silly fetch manifest destroy@^1.0.4
1206 silly packumentCache full:https://registry.npmjs.org/destroy cache-hit
1207 silly fetch manifest glob-slasher@^1.0.1
1208 silly packumentCache full:https://registry.npmjs.org/glob-slasher cache-miss
1209 http cache https://registry.npmjs.org/nearley 52ms (cache hit)
1210 silly packumentCache full:https://registry.npmjs.org/nearley set size:210822 disposed:false
1211 silly fetch manifest is-url@^1.2.2
1212 silly packumentCache full:https://registry.npmjs.org/is-url cache-miss
1213 http cache https://registry.npmjs.org/proxy-from-env 69ms (cache hit)
1214 silly packumentCache full:https://registry.npmjs.org/proxy-from-env set size:15831 disposed:false
1215 silly fetch manifest join-path@^1.1.1
1216 silly packumentCache full:https://registry.npmjs.org/join-path cache-miss
1217 http cache https://registry.npmjs.org/basic-auth-connect 62ms (cache hit)
1218 silly packumentCache full:https://registry.npmjs.org/basic-auth-connect set size:5161 disposed:false
1219 silly fetch manifest mime-types@^2.1.35
1220 silly packumentCache full:https://registry.npmjs.org/mime-types cache-hit
1221 silly fetch manifest minimatch@^6.1.6
1222 silly packumentCache full:https://registry.npmjs.org/minimatch cache-hit
1223 silly fetch manifest on-finished@^2.2.0
1224 silly packumentCache full:https://registry.npmjs.org/on-finished cache-hit
1225 silly fetch manifest on-headers@^1.0.0
1226 silly packumentCache full:https://registry.npmjs.org/on-headers cache-hit
1227 silly fetch manifest path-to-regexp@^1.9.0
1228 silly packumentCache full:https://registry.npmjs.org/path-to-regexp cache-hit
1229 silly fetch manifest router@^2.0.0
1230 silly packumentCache full:https://registry.npmjs.org/router cache-miss
1231 http cache https://registry.npmjs.org/compression 67ms (cache hit)
1232 silly packumentCache full:https://registry.npmjs.org/compression set size:98467 disposed:false
1233 silly fetch manifest re2@^1.17.7
1234 silly packumentCache full:https://registry.npmjs.org/re2 cache-miss
1235 http cache https://registry.npmjs.org/connect 44ms (cache hit)
1236 silly packumentCache full:https://registry.npmjs.org/connect set size:438385 disposed:false
1237 silly fetch manifest debug@4.3.1
1238 silly packumentCache full:https://registry.npmjs.org/debug cache-hit
1239 silly fetch manifest is2@^2.0.6
1240 silly packumentCache full:https://registry.npmjs.org/is2 cache-miss
1241 http cache https://registry.npmjs.org/glob-slasher 46ms (cache hit)
1242 silly packumentCache full:https://registry.npmjs.org/glob-slasher set size:4547 disposed:false
1243 silly fetch manifest uuid@^8.0.0
1244 silly packumentCache full:https://registry.npmjs.org/uuid cache-hit
1245 silly fetch manifest debug@^4.3.1
1246 silly packumentCache full:https://registry.npmjs.org/debug cache-hit
1247 silly fetch manifest boxen@^5.0.0
1248 silly packumentCache full:https://registry.npmjs.org/boxen cache-miss
1249 http cache https://registry.npmjs.org/join-path 41ms (cache hit)
1250 silly packumentCache full:https://registry.npmjs.org/join-path set size:6792 disposed:false
1251 silly fetch manifest has-yarn@^2.1.0
1252 silly packumentCache full:https://registry.npmjs.org/has-yarn cache-miss
1253 http cache https://registry.npmjs.org/is-url 47ms (cache hit)
1254 silly packumentCache full:https://registry.npmjs.org/is-url set size:11343 disposed:false
1255 silly fetch manifest import-lazy@^2.1.0
1256 silly packumentCache full:https://registry.npmjs.org/import-lazy cache-miss
1257 http cache https://registry.npmjs.org/router 42ms (cache hit)
1258 silly packumentCache full:https://registry.npmjs.org/router set size:116499 disposed:false
1259 silly fetch manifest is-ci@^2.0.0
1260 silly packumentCache full:https://registry.npmjs.org/is-ci cache-miss
1261 http cache https://registry.npmjs.org/re2 40ms (cache hit)
1262 silly packumentCache full:https://registry.npmjs.org/re2 set size:224612 disposed:false
1263 silly fetch manifest is-installed-globally@^0.4.0
1264 silly packumentCache full:https://registry.npmjs.org/is-installed-globally cache-miss
1265 http cache https://registry.npmjs.org/is2 36ms (cache hit)
1266 silly packumentCache full:https://registry.npmjs.org/is2 set size:60262 disposed:false
1267 silly fetch manifest is-npm@^5.0.0
1268 silly packumentCache full:https://registry.npmjs.org/is-npm cache-miss
1269 http cache https://registry.npmjs.org/boxen 34ms (cache hit)
1270 silly packumentCache full:https://registry.npmjs.org/boxen set size:96237 disposed:false
1271 silly fetch manifest is-yarn-global@^0.3.0
1272 silly packumentCache full:https://registry.npmjs.org/is-yarn-global cache-miss
1273 http cache https://registry.npmjs.org/has-yarn 37ms (cache hit)
1274 silly packumentCache full:https://registry.npmjs.org/has-yarn set size:12720 disposed:false
1275 silly fetch manifest isomorphic-fetch@^3.0.0
1276 silly packumentCache full:https://registry.npmjs.org/isomorphic-fetch cache-miss
1277 http cache https://registry.npmjs.org/import-lazy 39ms (cache hit)
1278 silly packumentCache full:https://registry.npmjs.org/import-lazy set size:9891 disposed:false
1279 silly fetch manifest pupa@^2.1.1
1280 silly packumentCache full:https://registry.npmjs.org/pupa cache-miss
1281 http cache https://registry.npmjs.org/is-ci 36ms (cache hit)
1282 silly packumentCache full:https://registry.npmjs.org/is-ci set size:35380 disposed:false
1283 silly fetch manifest registry-auth-token@^5.0.1
1284 silly packumentCache full:https://registry.npmjs.org/registry-auth-token cache-miss
1285 http cache https://registry.npmjs.org/is-npm 27ms (cache hit)
1286 silly packumentCache full:https://registry.npmjs.org/is-npm set size:19322 disposed:false
1287 silly fetch manifest registry-url@^5.1.0
1288 silly packumentCache full:https://registry.npmjs.org/registry-url cache-miss
1289 http cache https://registry.npmjs.org/is-installed-globally 34ms (cache hit)
1290 silly packumentCache full:https://registry.npmjs.org/is-installed-globally set size:19693 disposed:false
1291 silly fetch manifest semver-diff@^3.1.1
1292 silly packumentCache full:https://registry.npmjs.org/semver-diff cache-miss
1293 http cache https://registry.npmjs.org/is-yarn-global 28ms (cache hit)
1294 silly packumentCache full:https://registry.npmjs.org/is-yarn-global set size:10545 disposed:false
1295 silly fetch manifest @dabh/diagnostics@^2.0.8
1296 silly packumentCache full:https://registry.npmjs.org/@dabh%2fdiagnostics cache-miss
1297 http cache https://registry.npmjs.org/isomorphic-fetch 29ms (cache hit)
1298 silly packumentCache full:https://registry.npmjs.org/isomorphic-fetch set size:45618 disposed:false
1299 silly fetch manifest @colors/colors@^1.6.0
1300 silly packumentCache full:https://registry.npmjs.org/@colors%2fcolors cache-hit
1301 silly fetch manifest async@^3.2.3
1302 silly packumentCache full:https://registry.npmjs.org/async cache-hit
1303 silly fetch manifest logform@^2.7.0
1304 silly packumentCache full:https://registry.npmjs.org/logform cache-miss
1305 http cache https://registry.npmjs.org/pupa 31ms (cache hit)
1306 silly packumentCache full:https://registry.npmjs.org/pupa set size:27054 disposed:false
1307 silly fetch manifest one-time@^1.0.0
1308 silly packumentCache full:https://registry.npmjs.org/one-time cache-miss
1309 http cache https://registry.npmjs.org/registry-url 26ms (cache hit)
1310 silly packumentCache full:https://registry.npmjs.org/registry-url set size:35136 disposed:false
1311 silly fetch manifest readable-stream@^3.4.0
1312 silly packumentCache full:https://registry.npmjs.org/readable-stream cache-hit
1313 silly fetch manifest safe-stable-stringify@^2.3.1
1314 silly packumentCache full:https://registry.npmjs.org/safe-stable-stringify cache-miss
1315 http cache https://registry.npmjs.org/registry-auth-token 35ms (cache hit)
1316 silly packumentCache full:https://registry.npmjs.org/registry-auth-token set size:64303 disposed:false
1317 silly fetch manifest stack-trace@0.0.x
1318 silly packumentCache full:https://registry.npmjs.org/stack-trace cache-miss
1319 http cache https://registry.npmjs.org/semver-diff 33ms (cache hit)
1320 silly packumentCache full:https://registry.npmjs.org/semver-diff set size:20386 disposed:false
1321 silly fetch manifest winston-transport@^4.9.0
1322 silly packumentCache full:https://registry.npmjs.org/winston-transport cache-hit
1323 silly fetch manifest logform@^2.7.0
1324 silly packumentCache full:https://registry.npmjs.org/logform cache-miss
1325 http cache https://registry.npmjs.org/@dabh%2fdiagnostics 33ms (cache hit)
1326 silly packumentCache full:https://registry.npmjs.org/@dabh%2fdiagnostics set size:34310 disposed:false
1327 silly fetch manifest readable-stream@^3.6.2
1328 silly packumentCache full:https://registry.npmjs.org/readable-stream cache-hit
1329 http cache https://registry.npmjs.org/one-time 28ms (cache hit)
1330 silly packumentCache full:https://registry.npmjs.org/one-time set size:12254 disposed:false
1331 http cache https://registry.npmjs.org/logform 33ms (cache hit)
1332 silly packumentCache full:https://registry.npmjs.org/logform set size:101534 disposed:false
1333 http cache https://registry.npmjs.org/logform 17ms (cache hit)
1334 silly packumentCache full:https://registry.npmjs.org/logform set size:101534 disposed:false
1335 silly packumentCache full:https://registry.npmjs.org/logform dispose
1336 http cache https://registry.npmjs.org/safe-stable-stringify 28ms (cache hit)
1337 silly packumentCache full:https://registry.npmjs.org/safe-stable-stringify set size:45091 disposed:false
1338 http cache https://registry.npmjs.org/stack-trace 27ms (cache hit)
1339 silly packumentCache full:https://registry.npmjs.org/stack-trace set size:24248 disposed:false
1340 silly fetch manifest @swc/core@>=1.2.50
1341 silly packumentCache full:https://registry.npmjs.org/@swc%2fcore cache-miss
1342 http cache https://registry.npmjs.org/@swc%2fcore 28ms (cache hit)
1343 silly packumentCache full:https://registry.npmjs.org/@swc%2fcore set size:3912669 disposed:false
1344 silly fetch manifest @swc/helpers@>=0.5.17
1345 silly packumentCache full:https://registry.npmjs.org/@swc%2fhelpers cache-miss
1346 http cache https://registry.npmjs.org/@swc%2fhelpers 78ms (cache hit)
1347 silly packumentCache full:https://registry.npmjs.org/@swc%2fhelpers set size:655395 disposed:false
1348 silly fetch manifest @swc/wasm@>=1.2.50
1349 silly packumentCache full:https://registry.npmjs.org/@swc%2fwasm cache-miss
1350 http cache https://registry.npmjs.org/@swc%2fwasm 41ms (cache hit)
1351 silly packumentCache full:https://registry.npmjs.org/@swc%2fwasm set size:1307941 disposed:false
1352 silly fetch manifest @types/node@*
1353 silly packumentCache full:https://registry.npmjs.org/@types%2fnode cache-miss
1354 http cache https://registry.npmjs.org/@types%2fnode 61ms (cache hit)
1355 silly packumentCache full:https://registry.npmjs.org/@types%2fnode set size:10847993 disposed:false
1356 silly fetch manifest typescript@>=2.7
1357 silly packumentCache full:https://registry.npmjs.org/typescript cache-miss
1358 http cache https://registry.npmjs.org/typescript 80ms (cache hit)
1359 silly packumentCache full:https://registry.npmjs.org/typescript set size:15219832 disposed:false
1360 silly placeDep node_modules/firebase-tools/node_modules/@apphosting/build @apphosting/common@0.0.9 OK for: @apphosting/build@0.1.7 want: ^0.0.9
1361 silly placeDep node_modules/firebase-tools @npmcli/promise-spawn@3.0.0 OK for: @apphosting/build@0.1.7 want: ^3.0.0
1362 silly placeDep node_modules/firebase-tools/node_modules/@apphosting/build commander@11.1.0 OK for: @apphosting/build@0.1.7 want: ^11.1.0
1363 silly placeDep node_modules/firebase-tools npm-pick-manifest@9.1.0 OK for: @apphosting/build@0.1.7 want: ^9.0.0
1364 silly placeDep node_modules/firebase-tools ts-node@10.9.2 OK for: @apphosting/build@0.1.7 want: ^10.9.1
1365 silly placeDep node_modules/firebase-tools typescript@5.9.3 OK for: ts-node@10.9.2 want: >=2.7
1366 silly placeDep node_modules/firebase-tools @types/node@25.2.2 OK for: ts-node@10.9.2 want: *
1367 silly fetch manifest infer-owner@^1.0.4
1368 silly packumentCache full:https://registry.npmjs.org/infer-owner cache-miss
1369 silly fetch manifest npm-package-arg@^11.0.0
1370 silly packumentCache full:https://registry.npmjs.org/npm-package-arg cache-miss
1371 silly fetch manifest npm-install-checks@^6.0.0
1372 silly packumentCache full:https://registry.npmjs.org/npm-install-checks cache-miss
1373 silly fetch manifest npm-normalize-package-bin@^3.0.0
1374 silly packumentCache full:https://registry.npmjs.org/npm-normalize-package-bin cache-miss
1375 silly fetch manifest yn@3.1.1
1376 silly packumentCache full:https://registry.npmjs.org/yn cache-miss
1377 silly fetch manifest arg@^4.1.0
1378 silly packumentCache full:https://registry.npmjs.org/arg cache-miss
1379 http cache https://registry.npmjs.org/yn 17ms (cache hit)
1380 silly packumentCache full:https://registry.npmjs.org/yn set size:23572 disposed:false
1381 silly fetch manifest diff@^4.0.1
1382 silly packumentCache full:https://registry.npmjs.org/diff cache-miss
1383 http cache https://registry.npmjs.org/npm-install-checks 22ms (cache hit)
1384 silly packumentCache full:https://registry.npmjs.org/npm-install-checks set size:59311 disposed:false
1385 silly fetch manifest acorn@^8.4.1
1386 silly packumentCache full:https://registry.npmjs.org/acorn cache-miss
1387 http cache https://registry.npmjs.org/infer-owner 30ms (cache hit)
1388 silly packumentCache full:https://registry.npmjs.org/infer-owner set size:7030 disposed:false
1389 silly fetch manifest acorn-walk@^8.1.1
1390 silly packumentCache full:https://registry.npmjs.org/acorn-walk cache-miss
1391 http cache https://registry.npmjs.org/npm-normalize-package-bin 31ms (cache hit)
1392 silly packumentCache full:https://registry.npmjs.org/npm-normalize-package-bin set size:21797 disposed:false
1393 silly fetch manifest make-error@^1.1.1
1394 silly packumentCache full:https://registry.npmjs.org/make-error cache-miss
1395 http cache https://registry.npmjs.org/npm-package-arg 37ms (cache hit)
1396 silly packumentCache full:https://registry.npmjs.org/npm-package-arg set size:131455 disposed:false
1397 silly fetch manifest create-require@^1.1.0
1398 silly packumentCache full:https://registry.npmjs.org/create-require cache-miss
1399 http cache https://registry.npmjs.org/arg 55ms (cache hit)
1400 silly packumentCache full:https://registry.npmjs.org/arg set size:67204 disposed:false
1401 silly fetch manifest @tsconfig/node10@^1.0.7
1402 silly packumentCache full:https://registry.npmjs.org/@tsconfig%2fnode10 cache-miss
1403 http cache https://registry.npmjs.org/create-require 29ms (cache hit)
1404 silly packumentCache full:https://registry.npmjs.org/create-require set size:20551 disposed:false
1405 silly fetch manifest @tsconfig/node12@^1.0.7
1406 silly packumentCache full:https://registry.npmjs.org/@tsconfig%2fnode12 cache-miss
1407 http cache https://registry.npmjs.org/make-error 42ms (cache hit)
1408 silly packumentCache full:https://registry.npmjs.org/make-error set size:45218 disposed:false
1409 silly fetch manifest @tsconfig/node14@^1.0.0
1410 silly packumentCache full:https://registry.npmjs.org/@tsconfig%2fnode14 cache-miss
1411 http cache https://registry.npmjs.org/acorn-walk 50ms (cache hit)
1412 silly packumentCache full:https://registry.npmjs.org/acorn-walk set size:48148 disposed:false
1413 silly fetch manifest @tsconfig/node16@^1.0.2
1414 silly packumentCache full:https://registry.npmjs.org/@tsconfig%2fnode16 cache-miss
1415 http cache https://registry.npmjs.org/acorn 57ms (cache hit)
1416 silly packumentCache full:https://registry.npmjs.org/acorn set size:377362 disposed:false
1417 silly fetch manifest v8-compile-cache-lib@^3.0.1
1418 silly packumentCache full:https://registry.npmjs.org/v8-compile-cache-lib cache-miss
1419 http cache https://registry.npmjs.org/diff 83ms (cache hit)
1420 silly packumentCache full:https://registry.npmjs.org/diff set size:146701 disposed:false
1421 silly fetch manifest @cspotcode/source-map-support@^0.8.0
1422 silly packumentCache full:https://registry.npmjs.org/@cspotcode%2fsource-map-support cache-miss
1423 http cache https://registry.npmjs.org/@tsconfig%2fnode10 83ms (cache hit)
1424 silly packumentCache full:https://registry.npmjs.org/@tsconfig%2fnode10 set size:26787 disposed:false
1425 silly fetch manifest undici-types@~7.16.0
1426 silly packumentCache full:https://registry.npmjs.org/undici-types cache-miss
1427 http cache https://registry.npmjs.org/@tsconfig%2fnode12 78ms (cache hit)
1428 silly packumentCache full:https://registry.npmjs.org/@tsconfig%2fnode12 set size:38731 disposed:false
1429 http cache https://registry.npmjs.org/@tsconfig%2fnode14 76ms (cache hit)
1430 silly packumentCache full:https://registry.npmjs.org/@tsconfig%2fnode14 set size:23863 disposed:false
1431 http cache https://registry.npmjs.org/v8-compile-cache-lib 59ms (cache hit)
1432 silly packumentCache full:https://registry.npmjs.org/v8-compile-cache-lib set size:8746 disposed:false
1433 http cache https://registry.npmjs.org/@cspotcode%2fsource-map-support 53ms (cache hit)
1434 silly packumentCache full:https://registry.npmjs.org/@cspotcode%2fsource-map-support set size:30214 disposed:false
1435 http cache https://registry.npmjs.org/undici-types 20ms (cache hit)
1436 silly packumentCache full:https://registry.npmjs.org/undici-types set size:169496 disposed:false
1437 http cache https://registry.npmjs.org/@tsconfig%2fnode16 88ms (cache hit)
1438 silly packumentCache full:https://registry.npmjs.org/@tsconfig%2fnode16 set size:25134 disposed:false
1439 silly placeDep node_modules/firebase-tools @googleapis/sqladmin@35.2.0 OK for: @google-cloud/cloud-sql-connector@1.9.0 want: ^35.0.0
1440 silly placeDep node_modules/firebase-tools/node_modules/@google-cloud/cloud-sql-connector gaxios@7.1.3 OK for: @google-cloud/cloud-sql-connector@1.9.0 want: ^7.1.3
1441 silly placeDep node_modules/firebase-tools/node_modules/@google-cloud/cloud-sql-connector google-auth-library@10.5.0 OK for: @google-cloud/cloud-sql-connector@1.9.0 want: ^10.5.0
1442 silly placeDep node_modules/firebase-tools p-throttle@7.0.0 OK for: @google-cloud/cloud-sql-connector@1.9.0 want: ^7.0.0
1443 silly fetch manifest googleapis-common@^8.0.0
1444 silly packumentCache full:https://registry.npmjs.org/googleapis-common cache-miss
1445 silly fetch manifest node-fetch@^3.3.2
1446 silly packumentCache full:https://registry.npmjs.org/node-fetch cache-hit
1447 silly fetch manifest rimraf@^5.0.1
1448 silly packumentCache full:https://registry.npmjs.org/rimraf cache-miss
1449 silly fetch manifest gcp-metadata@^8.0.0
1450 silly packumentCache full:https://registry.npmjs.org/gcp-metadata cache-hit
1451 silly fetch manifest google-logging-utils@^1.0.0
1452 silly packumentCache full:https://registry.npmjs.org/google-logging-utils cache-miss
1453 silly fetch manifest gtoken@^8.0.0
1454 silly packumentCache full:https://registry.npmjs.org/gtoken cache-hit
1455 http cache https://registry.npmjs.org/google-logging-utils 15ms (cache hit)
1456 silly packumentCache full:https://registry.npmjs.org/google-logging-utils set size:21694 disposed:false
1457 http cache https://registry.npmjs.org/rimraf 20ms (cache hit)
1458 silly packumentCache full:https://registry.npmjs.org/rimraf set size:208943 disposed:false
1459 http cache https://registry.npmjs.org/googleapis-common 29ms (cache hit)
1460 silly packumentCache full:https://registry.npmjs.org/googleapis-common set size:226933 disposed:false
1461 silly placeDep node_modules/firebase-tools @google-cloud/paginator@6.0.0 OK for: @google-cloud/pubsub@5.2.2 want: ^6.0.0
1462 silly placeDep node_modules/firebase-tools @google-cloud/precise-date@5.0.0 OK for: @google-cloud/pubsub@5.2.2 want: ^5.0.0
1463 silly placeDep node_modules/firebase-tools @google-cloud/projectify@5.0.0 OK for: @google-cloud/pubsub@5.2.2 want: ^5.0.0
1464 silly placeDep node_modules/firebase-tools @google-cloud/promisify@5.0.0 OK for: @google-cloud/pubsub@5.2.2 want: ^5.0.0
1465 silly placeDep node_modules/firebase-tools @opentelemetry/api@1.9.0 OK for: @google-cloud/pubsub@5.2.2 want: ~1.9.0
1466 silly placeDep node_modules/firebase-tools @opentelemetry/core@1.30.1 OK for: @google-cloud/pubsub@5.2.2 want: ^1.30.1
1467 silly placeDep node_modules/firebase-tools @opentelemetry/semantic-conventions@1.34.0 OK for: @google-cloud/pubsub@5.2.2 want: ~1.34.0
1468 silly placeDep node_modules/firebase-tools arrify@2.0.1 OK for: @google-cloud/pubsub@5.2.2 want: ^2.0.0
1469 silly placeDep node_modules/firebase-tools extend@3.0.2 OK for: @google-cloud/pubsub@5.2.2 want: ^3.0.2
1470 silly placeDep node_modules/firebase-tools/node_modules/@google-cloud/pubsub google-auth-library@10.5.0 OK for: @google-cloud/pubsub@5.2.2 want: ^10.5.0
1471 silly placeDep node_modules/firebase-tools google-gax@5.0.6 OK for: @google-cloud/pubsub@5.2.2 want: ^5.0.5
1472 silly placeDep node_modules/firebase-tools heap-js@2.7.1 OK for: @google-cloud/pubsub@5.2.2 want: ^2.6.0
1473 silly placeDep node_modules/firebase-tools is-stream-ended@0.1.4 OK for: @google-cloud/pubsub@5.2.2 want: ^0.1.4
1474 silly placeDep node_modules/firebase-tools lodash.snakecase@4.1.1 OK for: @google-cloud/pubsub@5.2.2 want: ^4.1.1
1475 silly placeDep node_modules/firebase-tools p-defer@3.0.0 OK for: @google-cloud/pubsub@5.2.2 want: ^3.0.0
1476 silly fetch manifest @opentelemetry/semantic-conventions@1.28.0
1477 silly packumentCache full:https://registry.npmjs.org/@opentelemetry%2fsemantic-conventions cache-hit
1478 silly fetch manifest gaxios@^7.0.0
1479 silly packumentCache full:https://registry.npmjs.org/gaxios cache-hit
1480 silly fetch manifest @grpc/grpc-js@^1.12.6
1481 silly packumentCache full:https://registry.npmjs.org/@grpc%2fgrpc-js cache-miss
1482 silly fetch manifest @grpc/proto-loader@^0.8.0
1483 silly packumentCache full:https://registry.npmjs.org/@grpc%2fproto-loader cache-miss
1484 silly fetch manifest duplexify@^4.1.3
1485 silly packumentCache full:https://registry.npmjs.org/duplexify cache-miss
1486 silly fetch manifest google-auth-library@^10.1.0
1487 silly packumentCache full:https://registry.npmjs.org/google-auth-library cache-hit
1488 silly fetch manifest google-logging-utils@^1.1.1
1489 silly packumentCache full:https://registry.npmjs.org/google-logging-utils cache-hit
1490 silly fetch manifest object-hash@^3.0.0
1491 silly packumentCache full:https://registry.npmjs.org/object-hash cache-miss
1492 silly fetch manifest proto3-json-serializer@^3.0.0
1493 silly packumentCache full:https://registry.npmjs.org/proto3-json-serializer cache-miss
1494 silly fetch manifest protobufjs@^7.5.3
1495 silly packumentCache full:https://registry.npmjs.org/protobufjs cache-miss
1496 http cache https://registry.npmjs.org/proto3-json-serializer 11ms (cache hit)
1497 silly packumentCache full:https://registry.npmjs.org/proto3-json-serializer set size:83221 disposed:false
1498 silly fetch manifest retry-request@^8.0.0
1499 silly packumentCache full:https://registry.npmjs.org/retry-request cache-miss
1500 http cache https://registry.npmjs.org/@grpc%2fproto-loader 18ms (cache hit)
1501 silly packumentCache full:https://registry.npmjs.org/@grpc%2fproto-loader set size:215394 disposed:false
1502 http cache https://registry.npmjs.org/duplexify 23ms (cache hit)
1503 silly packumentCache full:https://registry.npmjs.org/duplexify set size:73064 disposed:false
1504 http cache https://registry.npmjs.org/protobufjs 23ms (cache hit)
1505 silly packumentCache full:https://registry.npmjs.org/protobufjs set size:635352 disposed:false
1506 http cache https://registry.npmjs.org/@grpc%2fgrpc-js 40ms (cache hit)
1507 silly packumentCache full:https://registry.npmjs.org/@grpc%2fgrpc-js set size:658277 disposed:false
1508 http cache https://registry.npmjs.org/object-hash 53ms (cache hit)
1509 silly packumentCache full:https://registry.npmjs.org/object-hash set size:100564 disposed:false
1510 http cache https://registry.npmjs.org/retry-request 51ms (cache hit)
1511 silly packumentCache full:https://registry.npmjs.org/retry-request set size:88328 disposed:false
1512 silly placeDep node_modules/firebase-tools googleapis-common@8.0.1 OK for: @googleapis/sqladmin@35.2.0 want: ^8.0.0
1513 silly fetch manifest gaxios@^7.0.0-rc.4
1514 silly packumentCache full:https://registry.npmjs.org/gaxios cache-hit
1515 silly fetch manifest qs@^6.7.0
1516 silly packumentCache full:https://registry.npmjs.org/qs cache-hit
1517 silly fetch manifest url-template@^2.0.8
1518 silly packumentCache full:https://registry.npmjs.org/url-template cache-miss
1519 http cache https://registry.npmjs.org/url-template 16ms (cache hit)
1520 silly packumentCache full:https://registry.npmjs.org/url-template set size:25205 disposed:false
1521 silly placeDep node_modules/firebase-tools @inquirer/checkbox@4.3.2 OK for: @inquirer/prompts@7.10.1 want: ^4.3.2
1522 silly placeDep node_modules/firebase-tools @inquirer/confirm@5.1.21 OK for: @inquirer/prompts@7.10.1 want: ^5.1.21
1523 silly placeDep node_modules/firebase-tools @inquirer/editor@4.2.23 OK for: @inquirer/prompts@7.10.1 want: ^4.2.23
1524 silly placeDep node_modules/firebase-tools @inquirer/expand@4.0.23 OK for: @inquirer/prompts@7.10.1 want: ^4.0.23
1525 silly placeDep node_modules/firebase-tools @inquirer/input@4.3.1 OK for: @inquirer/prompts@7.10.1 want: ^4.3.1
1526 silly placeDep node_modules/firebase-tools @inquirer/number@3.0.23 OK for: @inquirer/prompts@7.10.1 want: ^3.0.23
1527 silly placeDep node_modules/firebase-tools @inquirer/password@4.0.23 OK for: @inquirer/prompts@7.10.1 want: ^4.0.23
1528 silly placeDep node_modules/firebase-tools @inquirer/rawlist@4.1.11 OK for: @inquirer/prompts@7.10.1 want: ^4.1.11
1529 silly placeDep node_modules/firebase-tools @inquirer/search@3.2.2 OK for: @inquirer/prompts@7.10.1 want: ^3.2.2
1530 silly placeDep node_modules/firebase-tools @inquirer/select@4.4.2 OK for: @inquirer/prompts@7.10.1 want: ^4.4.2
1531 silly fetch manifest @inquirer/ansi@^1.0.2
1532 silly packumentCache full:https://registry.npmjs.org/@inquirer%2fansi cache-miss
1533 silly fetch manifest @inquirer/core@^10.3.2
1534 silly packumentCache full:https://registry.npmjs.org/@inquirer%2fcore cache-miss
1535 silly fetch manifest @inquirer/type@^3.0.10
1536 silly packumentCache full:https://registry.npmjs.org/@inquirer%2ftype cache-miss
1537 silly fetch manifest yoctocolors-cjs@^2.1.3
1538 silly packumentCache full:https://registry.npmjs.org/yoctocolors-cjs cache-miss
1539 silly fetch manifest @inquirer/figures@^1.0.15
1540 silly packumentCache full:https://registry.npmjs.org/@inquirer%2ffigures cache-miss
1541 silly fetch manifest @inquirer/core@^10.3.2
1542 silly packumentCache full:https://registry.npmjs.org/@inquirer%2fcore cache-miss
1543 http cache https://registry.npmjs.org/@inquirer%2ftype 28ms (cache hit)
1544 silly packumentCache full:https://registry.npmjs.org/@inquirer%2ftype set size:110497 disposed:false
1545 silly fetch manifest @inquirer/core@^10.3.2
1546 silly packumentCache full:https://registry.npmjs.org/@inquirer%2fcore cache-miss
1547 http cache https://registry.npmjs.org/@inquirer%2ffigures 35ms (cache hit)
1548 silly packumentCache full:https://registry.npmjs.org/@inquirer%2ffigures set size:48062 disposed:false
1549 silly fetch manifest @inquirer/external-editor@^1.0.3
1550 silly packumentCache full:https://registry.npmjs.org/@inquirer%2fexternal-editor cache-miss
1551 http cache https://registry.npmjs.org/@inquirer%2fansi 43ms (cache hit)
1552 silly packumentCache full:https://registry.npmjs.org/@inquirer%2fansi set size:19800 disposed:false
1553 silly fetch manifest @inquirer/core@^10.3.2
1554 silly packumentCache full:https://registry.npmjs.org/@inquirer%2fcore cache-miss
1555 http cache https://registry.npmjs.org/@inquirer%2fcore 43ms (cache hit)
1556 silly packumentCache full:https://registry.npmjs.org/@inquirer%2fcore set size:324204 disposed:false
1557 silly fetch manifest yoctocolors-cjs@^2.1.3
1558 silly packumentCache full:https://registry.npmjs.org/yoctocolors-cjs cache-miss
1559 http cache https://registry.npmjs.org/@inquirer%2fcore 57ms (cache hit)
1560 silly packumentCache full:https://registry.npmjs.org/@inquirer%2fcore set size:324204 disposed:false
1561 silly packumentCache full:https://registry.npmjs.org/@inquirer%2fcore dispose
1562 silly fetch manifest yoctocolors-cjs@^2.1.3
1563 silly packumentCache full:https://registry.npmjs.org/yoctocolors-cjs cache-miss
1564 http cache https://registry.npmjs.org/yoctocolors-cjs 66ms (cache hit)
1565 silly packumentCache full:https://registry.npmjs.org/yoctocolors-cjs set size:12865 disposed:false
1566 http cache https://registry.npmjs.org/yoctocolors-cjs 23ms (cache hit)
1567 silly packumentCache full:https://registry.npmjs.org/yoctocolors-cjs set size:12865 disposed:false
1568 silly packumentCache full:https://registry.npmjs.org/yoctocolors-cjs dispose
1569 http cache https://registry.npmjs.org/yoctocolors-cjs 15ms (cache hit)
1570 silly packumentCache full:https://registry.npmjs.org/yoctocolors-cjs set size:12865 disposed:true
1571 silly packumentCache full:https://registry.npmjs.org/yoctocolors-cjs dispose
1572 http cache https://registry.npmjs.org/@inquirer%2fcore 50ms (cache hit)
1573 silly packumentCache full:https://registry.npmjs.org/@inquirer%2fcore set size:324204 disposed:true
1574 silly packumentCache full:https://registry.npmjs.org/@inquirer%2fcore dispose
1575 http cache https://registry.npmjs.org/@inquirer%2fcore 76ms (cache hit)
1576 silly packumentCache full:https://registry.npmjs.org/@inquirer%2fcore set size:324204 disposed:true
1577 silly packumentCache full:https://registry.npmjs.org/@inquirer%2fcore dispose
1578 http cache https://registry.npmjs.org/@inquirer%2fexternal-editor 93ms (cache hit)
1579 silly packumentCache full:https://registry.npmjs.org/@inquirer%2fexternal-editor set size:27856 disposed:false
1580 silly placeDep node_modules/firebase-tools @inquirer/ansi@1.0.2 OK for: @inquirer/checkbox@4.3.2 want: ^1.0.2
1581 silly placeDep node_modules/firebase-tools @inquirer/core@10.3.2 OK for: @inquirer/checkbox@4.3.2 want: ^10.3.2
1582 silly placeDep node_modules/firebase-tools @inquirer/figures@1.0.15 OK for: @inquirer/checkbox@4.3.2 want: ^1.0.15
1583 silly placeDep node_modules/firebase-tools @inquirer/type@3.0.10 OK for: @inquirer/checkbox@4.3.2 want: ^3.0.10
1584 silly placeDep node_modules/firebase-tools yoctocolors-cjs@2.1.3 OK for: @inquirer/checkbox@4.3.2 want: ^2.1.3
1585 silly fetch manifest cli-width@^4.1.0
1586 silly packumentCache full:https://registry.npmjs.org/cli-width cache-miss
1587 silly fetch manifest wrap-ansi@^6.2.0
1588 silly packumentCache full:https://registry.npmjs.org/wrap-ansi cache-miss
1589 silly fetch manifest mute-stream@^2.0.0
1590 silly packumentCache full:https://registry.npmjs.org/mute-stream cache-miss
1591 silly fetch manifest signal-exit@^4.1.0
1592 silly packumentCache full:https://registry.npmjs.org/signal-exit cache-miss
1593 http cache https://registry.npmjs.org/signal-exit 21ms (cache hit)
1594 silly packumentCache full:https://registry.npmjs.org/signal-exit set size:53489 disposed:false
1595 http cache https://registry.npmjs.org/wrap-ansi 27ms (cache hit)
1596 silly packumentCache full:https://registry.npmjs.org/wrap-ansi set size:51195 disposed:false
1597 http cache https://registry.npmjs.org/mute-stream 30ms (cache hit)
1598 silly packumentCache full:https://registry.npmjs.org/mute-stream set size:21918 disposed:false
1599 http cache https://registry.npmjs.org/cli-width 34ms (cache hit)
1600 silly packumentCache full:https://registry.npmjs.org/cli-width set size:24976 disposed:false
1601 silly placeDep node_modules/firebase-tools cli-width@4.1.0 OK for: @inquirer/core@10.3.2 want: ^4.1.0
1602 silly placeDep node_modules/firebase-tools mute-stream@2.0.0 OK for: @inquirer/core@10.3.2 want: ^2.0.0
1603 silly placeDep node_modules/firebase-tools signal-exit@4.1.0 OK for: @inquirer/core@10.3.2 want: ^4.1.0
1604 silly placeDep node_modules/firebase-tools wrap-ansi@6.2.0 OK for: @inquirer/core@10.3.2 want: ^6.2.0
1605 silly fetch manifest ansi-styles@^4.0.0
1606 silly packumentCache full:https://registry.npmjs.org/ansi-styles cache-miss
1607 silly fetch manifest string-width@^4.1.0
1608 silly packumentCache full:https://registry.npmjs.org/string-width cache-hit
1609 http cache https://registry.npmjs.org/ansi-styles 16ms (cache hit)
1610 silly packumentCache full:https://registry.npmjs.org/ansi-styles set size:63233 disposed:false
1611 silly placeDep node_modules/firebase-tools @inquirer/external-editor@1.0.3 OK for: @inquirer/editor@4.2.23 want: ^1.0.3
1612 silly fetch manifest chardet@^2.1.1
1613 silly packumentCache full:https://registry.npmjs.org/chardet cache-miss
1614 silly fetch manifest iconv-lite@^0.7.0
1615 silly packumentCache full:https://registry.npmjs.org/iconv-lite cache-hit
1616 http cache https://registry.npmjs.org/chardet 42ms (cache hit)
1617 silly packumentCache full:https://registry.npmjs.org/chardet set size:70553 disposed:false
1618 silly placeDep node_modules/firebase-tools chardet@2.1.1 OK for: @inquirer/external-editor@1.0.3 want: ^2.1.1
1619 silly placeDep node_modules/firebase-tools iconv-lite@0.7.2 OK for: @inquirer/external-editor@1.0.3 want: ^0.7.0
1620 silly fetch manifest safer-buffer@>= 2.1.2 < 3.0.0
1621 silly packumentCache full:https://registry.npmjs.org/safer-buffer cache-miss
1622 http cache https://registry.npmjs.org/safer-buffer 33ms (cache hit)
1623 silly packumentCache full:https://registry.npmjs.org/safer-buffer set size:18521 disposed:false
1624 silly placeDep node_modules/firebase-tools @hono/node-server@1.19.9 OK for: @modelcontextprotocol/sdk@1.26.0 want: ^1.19.9
1625 silly placeDep node_modules/firebase-tools hono@4.11.9 OK for: @hono/node-server@1.19.9 want: ^4
1626 silly placeDep node_modules/firebase-tools content-type@1.0.5 OK for: @modelcontextprotocol/sdk@1.26.0 want: ^1.0.5
1627 silly placeDep node_modules/firebase-tools eventsource@3.0.7 OK for: @modelcontextprotocol/sdk@1.26.0 want: ^3.0.2
1628 silly placeDep node_modules/firebase-tools eventsource-parser@3.0.6 OK for: @modelcontextprotocol/sdk@1.26.0 want: ^3.0.0
1629 silly placeDep node_modules/firebase-tools/node_modules/@modelcontextprotocol/sdk express@5.2.1 OK for: @modelcontextprotocol/sdk@1.26.0 want: ^5.2.1
1630 silly placeDep node_modules/firebase-tools express-rate-limit@8.2.1 OK for: @modelcontextprotocol/sdk@1.26.0 want: ^8.2.1
1631 silly placeDep node_modules/firebase-tools jose@6.1.3 OK for: @modelcontextprotocol/sdk@1.26.0 want: ^6.1.3
1632 silly placeDep node_modules/firebase-tools json-schema-typed@8.0.2 OK for: @modelcontextprotocol/sdk@1.26.0 want: ^8.0.2
1633 silly placeDep node_modules/firebase-tools pkce-challenge@5.0.1 OK for: @modelcontextprotocol/sdk@1.26.0 want: ^5.0.0
1634 silly placeDep node_modules/firebase-tools raw-body@3.0.2 OK for: @modelcontextprotocol/sdk@1.26.0 want: ^3.0.0
1635 silly fetch manifest eventsource-parser@^3.0.1
1636 silly packumentCache full:https://registry.npmjs.org/eventsource-parser cache-hit
1637 silly fetch manifest qs@^6.14.0
1638 silly packumentCache full:https://registry.npmjs.org/qs cache-hit
1639 silly fetch manifest depd@^2.0.0
1640 silly packumentCache full:https://registry.npmjs.org/depd cache-hit
1641 silly fetch manifest etag@^1.8.1
1642 silly packumentCache full:https://registry.npmjs.org/etag cache-hit
1643 silly fetch manifest once@^1.4.0
1644 silly packumentCache full:https://registry.npmjs.org/once cache-miss
1645 silly fetch manifest send@^1.1.0
1646 silly packumentCache full:https://registry.npmjs.org/send cache-hit
1647 silly fetch manifest vary@^1.1.2
1648 silly packumentCache full:https://registry.npmjs.org/vary cache-hit
1649 silly fetch manifest debug@^4.4.0
1650 silly packumentCache full:https://registry.npmjs.org/debug cache-hit
1651 silly fetch manifest fresh@^2.0.0
1652 silly packumentCache full:https://registry.npmjs.org/fresh cache-hit
1653 silly fetch manifest cookie@^0.7.1
1654 silly packumentCache full:https://registry.npmjs.org/cookie cache-hit
1655 silly fetch manifest router@^2.2.0
1656 silly packumentCache full:https://registry.npmjs.org/router cache-hit
1657 silly fetch manifest accepts@^2.0.0
1658 silly packumentCache full:https://registry.npmjs.org/accepts cache-hit
1659 silly fetch manifest type-is@^2.0.1
1660 silly packumentCache full:https://registry.npmjs.org/type-is cache-hit
1661 silly fetch manifest parseurl@^1.3.3
1662 silly packumentCache full:https://registry.npmjs.org/parseurl cache-hit
1663 silly fetch manifest statuses@^2.0.1
1664 silly packumentCache full:https://registry.npmjs.org/statuses cache-hit
1665 silly fetch manifest encodeurl@^2.0.0
1666 silly packumentCache full:https://registry.npmjs.org/encodeurl cache-hit
1667 silly fetch manifest mime-types@^3.0.0
1668 silly packumentCache full:https://registry.npmjs.org/mime-types cache-hit
1669 silly fetch manifest proxy-addr@^2.0.7
1670 silly packumentCache full:https://registry.npmjs.org/proxy-addr cache-hit
1671 silly fetch manifest body-parser@^2.2.1
1672 silly packumentCache full:https://registry.npmjs.org/body-parser cache-hit
1673 silly fetch manifest escape-html@^1.0.3
1674 silly packumentCache full:https://registry.npmjs.org/escape-html cache-hit
1675 silly fetch manifest http-errors@^2.0.0
1676 silly packumentCache full:https://registry.npmjs.org/http-errors cache-hit
1677 silly fetch manifest on-finished@^2.4.1
1678 silly packumentCache full:https://registry.npmjs.org/on-finished cache-hit
1679 silly fetch manifest finalhandler@^2.1.0
1680 silly packumentCache full:https://registry.npmjs.org/finalhandler cache-hit
1681 silly fetch manifest range-parser@^1.2.1
1682 silly packumentCache full:https://registry.npmjs.org/range-parser cache-hit
1683 silly fetch manifest serve-static@^2.2.0
1684 silly packumentCache full:https://registry.npmjs.org/serve-static cache-hit
1685 silly fetch manifest cookie-signature@^1.2.1
1686 silly packumentCache full:https://registry.npmjs.org/cookie-signature cache-hit
1687 silly fetch manifest merge-descriptors@^2.0.0
1688 silly packumentCache full:https://registry.npmjs.org/merge-descriptors cache-hit
1689 silly fetch manifest content-disposition@^1.0.0
1690 silly packumentCache full:https://registry.npmjs.org/content-disposition cache-hit
1691 silly fetch manifest ip-address@10.0.1
1692 silly packumentCache full:https://registry.npmjs.org/ip-address cache-miss
1693 http cache https://registry.npmjs.org/ip-address 24ms (cache hit)
1694 silly packumentCache full:https://registry.npmjs.org/ip-address set size:135050 disposed:false
1695 http cache https://registry.npmjs.org/once 59ms (cache hit)
1696 silly packumentCache full:https://registry.npmjs.org/once set size:11768 disposed:false
1697 silly placeDep node_modules/firebase-tools infer-owner@1.0.4 OK for: @npmcli/promise-spawn@3.0.0 want: ^1.0.4
1698 silly placeDep node_modules/firebase-tools/node_modules/@opentelemetry/core @opentelemetry/semantic-conventions@1.28.0 OK for: @opentelemetry/core@1.30.1 want: 1.28.0
1699 silly placeDep node_modules/firebase-tools undici-types@7.16.0 OK for: @types/node@25.2.2 want: ~7.16.0
1700 silly placeDep node_modules/firebase-tools event-target-shim@5.0.1 OK for: abort-controller@3.0.0 want: ^5.0.0
1701 silly placeDep node_modules/firebase-tools fast-deep-equal@3.1.3 OK for: ajv@8.17.1 want: ^3.1.3
1702 silly placeDep node_modules/firebase-tools fast-uri@3.1.0 OK for: ajv@8.17.1 want: ^3.0.1
1703 silly placeDep node_modules/firebase-tools json-schema-traverse@1.0.0 OK for: ajv@8.17.1 want: ^1.0.0
1704 silly placeDep node_modules/firebase-tools require-from-string@2.0.2 OK for: ajv@8.17.1 want: ^2.0.2
1705 silly placeDep node_modules/firebase-tools archiver-utils@5.0.2 OK for: archiver@7.0.1 want: ^5.0.2
1706 silly placeDep node_modules/firebase-tools async@3.2.6 OK for: archiver@7.0.1 want: ^3.2.4
1707 silly placeDep node_modules/firebase-tools buffer-crc32@1.0.0 OK for: archiver@7.0.1 want: ^1.0.0
1708 silly placeDep node_modules/firebase-tools readable-stream@4.7.0 OK for: archiver@7.0.1 want: ^4.0.0
1709 silly placeDep node_modules/firebase-tools readdir-glob@1.1.3 OK for: archiver@7.0.1 want: ^1.1.2
1710 silly placeDep node_modules/firebase-tools tar-stream@3.1.7 OK for: archiver@7.0.1 want: ^3.0.0
1711 silly placeDep node_modules/firebase-tools zip-stream@6.0.1 OK for: archiver@7.0.1 want: ^6.0.1
1712 silly fetch manifest is-stream@^2.0.1
1713 silly packumentCache full:https://registry.npmjs.org/is-stream cache-hit
1714 silly fetch manifest lazystream@^1.0.0
1715 silly packumentCache full:https://registry.npmjs.org/lazystream cache-miss
1716 silly fetch manifest normalize-path@^3.0.0
1717 silly packumentCache full:https://registry.npmjs.org/normalize-path cache-hit
1718 silly fetch manifest buffer@^6.0.3
1719 silly packumentCache full:https://registry.npmjs.org/buffer cache-miss
1720 silly fetch manifest events@^3.3.0
1721 silly packumentCache full:https://registry.npmjs.org/events cache-miss
1722 silly fetch manifest process@^0.11.10
1723 silly packumentCache full:https://registry.npmjs.org/process cache-miss
1724 silly fetch manifest string_decoder@^1.3.0
1725 silly packumentCache full:https://registry.npmjs.org/string_decoder cache-miss
1726 silly fetch manifest minimatch@^5.1.0
1727 silly packumentCache full:https://registry.npmjs.org/minimatch cache-hit
1728 silly fetch manifest b4a@^1.6.4
1729 silly packumentCache full:https://registry.npmjs.org/b4a cache-miss
1730 http cache https://registry.npmjs.org/lazystream 44ms (cache hit)
1731 silly packumentCache full:https://registry.npmjs.org/lazystream set size:14342 disposed:false
1732 silly fetch manifest streamx@^2.15.0
1733 silly packumentCache full:https://registry.npmjs.org/streamx cache-miss
1734 http cache https://registry.npmjs.org/events 51ms (cache hit)
1735 silly packumentCache full:https://registry.npmjs.org/events set size:35240 disposed:false
1736 silly fetch manifest fast-fifo@^1.2.0
1737 silly packumentCache full:https://registry.npmjs.org/fast-fifo cache-miss
1738 http cache https://registry.npmjs.org/b4a 55ms (cache hit)
1739 silly packumentCache full:https://registry.npmjs.org/b4a set size:64064 disposed:false
1740 silly fetch manifest compress-commons@^6.0.2
1741 silly packumentCache full:https://registry.npmjs.org/compress-commons cache-miss
1742 http cache https://registry.npmjs.org/string_decoder 65ms (cache hit)
1743 silly packumentCache full:https://registry.npmjs.org/string_decoder set size:28441 disposed:false
1744 http cache https://registry.npmjs.org/process 69ms (cache hit)
1745 silly packumentCache full:https://registry.npmjs.org/process set size:31260 disposed:false
1746 http cache https://registry.npmjs.org/buffer 77ms (cache hit)
1747 silly packumentCache full:https://registry.npmjs.org/buffer set size:280480 disposed:false
1748 http cache https://registry.npmjs.org/streamx 60ms (cache hit)
1749 silly packumentCache full:https://registry.npmjs.org/streamx set size:156879 disposed:false
1750 http cache https://registry.npmjs.org/fast-fifo 59ms (cache hit)
1751 silly packumentCache full:https://registry.npmjs.org/fast-fifo set size:13855 disposed:false
1752 http cache https://registry.npmjs.org/compress-commons 55ms (cache hit)
1753 silly packumentCache full:https://registry.npmjs.org/compress-commons set size:89263 disposed:false
1754 silly placeDep node_modules/firebase-tools graceful-fs@4.2.11 OK for: archiver-utils@5.0.2 want: ^4.2.0
1755 silly placeDep node_modules/firebase-tools is-stream@2.0.1 OK for: archiver-utils@5.0.2 want: ^2.0.1
1756 silly placeDep node_modules/firebase-tools lazystream@1.0.1 OK for: archiver-utils@5.0.2 want: ^1.0.0
1757 silly placeDep node_modules/firebase-tools normalize-path@3.0.0 OK for: archiver-utils@5.0.2 want: ^3.0.0
1758 silly fetch manifest readable-stream@^2.0.5
1759 silly packumentCache full:https://registry.npmjs.org/readable-stream cache-hit
1760 silly placeDep node_modules/firebase-tools bytes@3.1.2 OK for: body-parser@1.20.4 want: ~3.1.2
1761 silly placeDep node_modules/firebase-tools debug@2.6.9 OK for: body-parser@1.20.4 want: 2.6.9
1762 silly placeDep node_modules/firebase-tools depd@2.0.0 OK for: body-parser@1.20.4 want: 2.0.0
1763 silly placeDep node_modules/firebase-tools destroy@1.2.0 OK for: body-parser@1.20.4 want: ~1.2.0
1764 silly placeDep node_modules/firebase-tools http-errors@2.0.1 OK for: body-parser@1.20.4 want: ~2.0.1
1765 silly placeDep node_modules/firebase-tools/node_modules/body-parser iconv-lite@0.4.24 OK for: body-parser@1.20.4 want: ~0.4.24
1766 silly placeDep node_modules/firebase-tools on-finished@2.4.1 OK for: body-parser@1.20.4 want: ~2.4.1
1767 silly placeDep node_modules/firebase-tools qs@6.14.1 OK for: body-parser@1.20.4 want: ~6.14.0
1768 silly placeDep node_modules/firebase-tools/node_modules/body-parser raw-body@2.5.3 OK for: body-parser@1.20.4 want: ~2.5.3
1769 silly placeDep node_modules/firebase-tools type-is@1.6.18 OK for: body-parser@1.20.4 want: ~1.6.18
1770 silly placeDep node_modules/firebase-tools unpipe@1.0.0 OK for: body-parser@1.20.4 want: ~1.0.0
1771 silly fetch manifest ms@2.0.0
1772 silly packumentCache full:https://registry.npmjs.org/ms cache-hit
1773 silly fetch manifest inherits@~2.0.4
1774 silly packumentCache full:https://registry.npmjs.org/inherits cache-miss
1775 silly fetch manifest setprototypeof@~1.2.0
1776 silly packumentCache full:https://registry.npmjs.org/setprototypeof cache-hit
1777 silly fetch manifest statuses@~2.0.2
1778 silly packumentCache full:https://registry.npmjs.org/statuses cache-hit
1779 silly fetch manifest toidentifier@~1.0.1
1780 silly packumentCache full:https://registry.npmjs.org/toidentifier cache-miss
1781 silly fetch manifest safer-buffer@>= 2.1.2 < 3
1782 silly packumentCache full:https://registry.npmjs.org/safer-buffer cache-hit
1783 silly fetch manifest ee-first@1.1.1
1784 silly packumentCache full:https://registry.npmjs.org/ee-first cache-miss
1785 silly fetch manifest side-channel@^1.1.0
1786 silly packumentCache full:https://registry.npmjs.org/side-channel cache-miss
1787 silly fetch manifest mime-types@~2.1.24
1788 silly packumentCache full:https://registry.npmjs.org/mime-types cache-hit
1789 silly fetch manifest media-typer@0.3.0
1790 silly packumentCache full:https://registry.npmjs.org/media-typer cache-miss
1791 http cache https://registry.npmjs.org/inherits 79ms (cache hit)
1792 silly packumentCache full:https://registry.npmjs.org/inherits set size:12925 disposed:false
1793 http cache https://registry.npmjs.org/toidentifier 82ms (cache hit)
1794 silly packumentCache full:https://registry.npmjs.org/toidentifier set size:12006 disposed:false
1795 http cache https://registry.npmjs.org/ee-first 80ms (cache hit)
1796 silly packumentCache full:https://registry.npmjs.org/ee-first set size:15327 disposed:false
1797 http cache https://registry.npmjs.org/side-channel 81ms (cache hit)
1798 silly packumentCache full:https://registry.npmjs.org/side-channel set size:24660 disposed:false
1799 http cache https://registry.npmjs.org/media-typer 84ms (cache hit)
1800 silly packumentCache full:https://registry.npmjs.org/media-typer set size:20873 disposed:false
1801 silly placeDep node_modules/firebase-tools anymatch@3.1.3 OK for: chokidar@3.6.0 want: ~3.1.2
1802 silly placeDep node_modules/firebase-tools braces@3.0.3 OK for: chokidar@3.6.0 want: ~3.0.2
1803 silly placeDep node_modules/firebase-tools fsevents@2.3.3 OK for: chokidar@3.6.0 want: ~2.3.2
1804 silly placeDep node_modules/firebase-tools glob-parent@5.1.2 OK for: chokidar@3.6.0 want: ~5.1.2
1805 silly placeDep node_modules/firebase-tools is-binary-path@2.1.0 OK for: chokidar@3.6.0 want: ~2.1.0
1806 silly placeDep node_modules/firebase-tools is-glob@4.0.3 OK for: chokidar@3.6.0 want: ~4.0.1
1807 silly placeDep node_modules/firebase-tools readdirp@3.6.0 OK for: chokidar@3.6.0 want: ~3.6.0
1808 silly fetch manifest picomatch@^2.0.4
1809 silly packumentCache full:https://registry.npmjs.org/picomatch cache-miss
1810 silly fetch manifest fill-range@^7.1.1
1811 silly packumentCache full:https://registry.npmjs.org/fill-range cache-miss
1812 silly fetch manifest is-glob@^4.0.1
1813 silly packumentCache full:https://registry.npmjs.org/is-glob cache-hit
1814 silly fetch manifest binary-extensions@^2.0.0
1815 silly packumentCache full:https://registry.npmjs.org/binary-extensions cache-miss
1816 silly fetch manifest is-extglob@^2.1.1
1817 silly packumentCache full:https://registry.npmjs.org/is-extglob cache-miss
1818 silly fetch manifest picomatch@^2.2.1
1819 silly packumentCache full:https://registry.npmjs.org/picomatch cache-miss
1820 http cache https://registry.npmjs.org/fill-range 36ms (cache hit)
1821 silly packumentCache full:https://registry.npmjs.org/fill-range set size:90212 disposed:false
1822 http cache https://registry.npmjs.org/picomatch 45ms (cache hit)
1823 silly packumentCache full:https://registry.npmjs.org/picomatch set size:118818 disposed:false
1824 http cache https://registry.npmjs.org/is-extglob 49ms (cache hit)
1825 silly packumentCache full:https://registry.npmjs.org/is-extglob set size:11766 disposed:false
1826 http cache https://registry.npmjs.org/binary-extensions 52ms (cache hit)
1827 silly packumentCache full:https://registry.npmjs.org/binary-extensions set size:51551 disposed:false
1828 http cache https://registry.npmjs.org/picomatch 54ms (cache hit)
1829 silly packumentCache full:https://registry.npmjs.org/picomatch set size:118818 disposed:false
1830 silly packumentCache full:https://registry.npmjs.org/picomatch dispose
1831 silly placeDep node_modules/firebase-tools picomatch@2.3.1 OK for: anymatch@3.1.3 want: ^2.0.4
1832 silly placeDep node_modules/firebase-tools fill-range@7.1.1 OK for: braces@3.0.3 want: ^7.1.1
1833 silly fetch manifest to-regex-range@^5.0.1
1834 silly packumentCache full:https://registry.npmjs.org/to-regex-range cache-miss
1835 http cache https://registry.npmjs.org/to-regex-range 17ms (cache hit)
1836 silly packumentCache full:https://registry.npmjs.org/to-regex-range set size:61569 disposed:false
1837 silly placeDep node_modules/firebase-tools json-parse-helpfulerror@1.0.3 OK for: cjson@0.3.3 want: ^1.0.3
1838 silly fetch manifest jju@^1.1.0
1839 silly packumentCache full:https://registry.npmjs.org/jju cache-miss
1840 http cache https://registry.npmjs.org/jju 37ms (cache hit)
1841 silly packumentCache full:https://registry.npmjs.org/jju set size:37375 disposed:false
1842 silly placeDep node_modules/firebase-tools @colors/colors@1.5.0 OK for: cli-table3@0.6.5 want: 1.5.0
1843 silly placeDep node_modules/firebase-tools string-width@4.2.3 OK for: cli-table3@0.6.5 want: ^4.2.0
1844 silly fetch manifest strip-ansi@^6.0.1
1845 silly packumentCache full:https://registry.npmjs.org/strip-ansi cache-hit
1846 silly fetch manifest emoji-regex@^8.0.0
1847 silly packumentCache full:https://registry.npmjs.org/emoji-regex cache-miss
1848 silly fetch manifest is-fullwidth-code-point@^3.0.0
1849 silly packumentCache full:https://registry.npmjs.org/is-fullwidth-code-point cache-miss
1850 http cache https://registry.npmjs.org/is-fullwidth-code-point 24ms (cache hit)
1851 silly packumentCache full:https://registry.npmjs.org/is-fullwidth-code-point set size:14578 disposed:false
1852 http cache https://registry.npmjs.org/emoji-regex 35ms (cache hit)
1853 silly packumentCache full:https://registry.npmjs.org/emoji-regex set size:89088 disposed:false
1854 silly placeDep node_modules/firebase-tools dot-prop@5.3.0 OK for: configstore@5.0.1 want: ^5.2.0
1855 silly placeDep node_modules/firebase-tools make-dir@3.1.0 OK for: configstore@5.0.1 want: ^3.0.0
1856 silly placeDep node_modules/firebase-tools unique-string@2.0.0 OK for: configstore@5.0.1 want: ^2.0.0
1857 silly placeDep node_modules/firebase-tools write-file-atomic@3.0.3 OK for: configstore@5.0.1 want: ^3.0.0
1858 silly placeDep node_modules/firebase-tools xdg-basedir@4.0.0 OK for: configstore@5.0.1 want: ^4.0.0
1859 silly fetch manifest is-obj@^2.0.0
1860 silly packumentCache full:https://registry.npmjs.org/is-obj cache-miss
1861 silly fetch manifest semver@^6.0.0
1862 silly packumentCache full:https://registry.npmjs.org/semver cache-hit
1863 silly fetch manifest crypto-random-string@^2.0.0
1864 silly packumentCache full:https://registry.npmjs.org/crypto-random-string cache-miss
1865 silly fetch manifest imurmurhash@^0.1.4
1866 silly packumentCache full:https://registry.npmjs.org/imurmurhash cache-miss
1867 silly fetch manifest signal-exit@^3.0.2
1868 silly packumentCache full:https://registry.npmjs.org/signal-exit cache-hit
1869 silly fetch manifest is-typedarray@^1.0.0
1870 silly packumentCache full:https://registry.npmjs.org/is-typedarray cache-miss
1871 silly fetch manifest typedarray-to-buffer@^3.1.5
1872 silly packumentCache full:https://registry.npmjs.org/typedarray-to-buffer cache-miss
1873 http cache https://registry.npmjs.org/imurmurhash 30ms (cache hit)
1874 silly packumentCache full:https://registry.npmjs.org/imurmurhash set size:35819 disposed:false
1875 http cache https://registry.npmjs.org/crypto-random-string 37ms (cache hit)
1876 silly packumentCache full:https://registry.npmjs.org/crypto-random-string set size:31541 disposed:false
1877 http cache https://registry.npmjs.org/is-typedarray 38ms (cache hit)
1878 silly packumentCache full:https://registry.npmjs.org/is-typedarray set size:3992 disposed:false
1879 http cache https://registry.npmjs.org/is-obj 46ms (cache hit)
1880 silly packumentCache full:https://registry.npmjs.org/is-obj set size:9560 disposed:false
1881 http cache https://registry.npmjs.org/typedarray-to-buffer 38ms (cache hit)
1882 silly packumentCache full:https://registry.npmjs.org/typedarray-to-buffer set size:38803 disposed:false
1883 silly placeDep node_modules/firebase-tools object-assign@4.1.1 OK for: cors@2.8.6 want: ^4
1884 silly placeDep node_modules/firebase-tools vary@1.1.2 OK for: cors@2.8.6 want: ^1
1885 silly placeDep node_modules/firebase-tools path-key@3.1.1 OK for: cross-spawn@7.0.6 want: ^3.1.0
1886 silly placeDep node_modules/firebase-tools shebang-command@2.0.0 OK for: cross-spawn@7.0.6 want: ^2.0.0
1887 silly placeDep node_modules/firebase-tools which@2.0.2 OK for: cross-spawn@7.0.6 want: ^2.0.1
1888 silly fetch manifest shebang-regex@^3.0.0
1889 silly packumentCache full:https://registry.npmjs.org/shebang-regex cache-miss
1890 silly fetch manifest isexe@^2.0.0
1891 silly packumentCache full:https://registry.npmjs.org/isexe cache-miss
1892 http cache https://registry.npmjs.org/shebang-regex 22ms (cache hit)
1893 silly packumentCache full:https://registry.npmjs.org/shebang-regex set size:9763 disposed:false
1894 http cache https://registry.npmjs.org/isexe 25ms (cache hit)
1895 silly packumentCache full:https://registry.npmjs.org/isexe set size:26713 disposed:false
1896 silly placeDep node_modules/firebase-tools ms@2.0.0 OK for: debug@2.6.9 want: 2.0.0
1897 silly placeDep node_modules/firebase-tools lodash.mapvalues@4.6.0 OK for: deep-equal-in-any-order@2.1.0 want: ^4.6.0
1898 silly placeDep node_modules/firebase-tools sort-any@2.0.0 OK for: deep-equal-in-any-order@2.1.0 want: ^2.0.0
1899 silly placeDep node_modules/firebase-tools is-obj@2.0.0 OK for: dot-prop@5.3.0 want: ^2.0.0
1900 silly placeDep node_modules/firebase-tools @apidevtools/json-schema-ref-parser@9.1.2 OK for: exegesis@4.3.0 want: ^9.0.3
1901 silly placeDep node_modules/firebase-tools/node_modules/exegesis ajv-formats@2.1.1 OK for: exegesis@4.3.0 want: ^2.1.0
1902 silly placeDep node_modules/firebase-tools deep-freeze@0.0.1 OK for: exegesis@4.3.0 want: 0.0.1
1903 silly placeDep node_modules/firebase-tools events-listener@1.1.0 OK for: exegesis@4.3.0 want: ^1.1.0
1904 silly placeDep node_modules/firebase-tools json-ptr@3.1.1 OK for: exegesis@4.3.0 want: ^3.0.1
1905 silly placeDep node_modules/firebase-tools openapi3-ts@3.2.0 OK for: exegesis@4.3.0 want: ^3.1.1
1906 silly placeDep node_modules/firebase-tools promise-breaker@6.0.0 OK for: exegesis@4.3.0 want: ^6.0.0
1907 silly placeDep node_modules/firebase-tools/node_modules/exegesis raw-body@2.5.3 OK for: exegesis@4.3.0 want: ^2.3.3
1908 silly fetch manifest js-yaml@^4.1.0
1909 silly packumentCache full:https://registry.npmjs.org/js-yaml cache-hit
1910 silly fetch manifest call-me-maybe@^1.0.1
1911 silly packumentCache full:https://registry.npmjs.org/call-me-maybe cache-miss
1912 silly fetch manifest @jsdevtools/ono@^7.1.3
1913 silly packumentCache full:https://registry.npmjs.org/@jsdevtools%2fono cache-miss
1914 silly fetch manifest @types/json-schema@^7.0.6
1915 silly packumentCache full:https://registry.npmjs.org/@types%2fjson-schema cache-miss
1916 http cache https://registry.npmjs.org/call-me-maybe 31ms (cache hit)
1917 silly packumentCache full:https://registry.npmjs.org/call-me-maybe set size:11485 disposed:false
1918 http cache https://registry.npmjs.org/@types%2fjson-schema 33ms (cache hit)
1919 silly packumentCache full:https://registry.npmjs.org/@types%2fjson-schema set size:44704 disposed:false
1920 http cache https://registry.npmjs.org/@jsdevtools%2fono 39ms (cache hit)
1921 silly packumentCache full:https://registry.npmjs.org/@jsdevtools%2fono set size:45695 disposed:false
1922 silly placeDep node_modules/firebase-tools @jsdevtools/ono@7.1.3 OK for: @apidevtools/json-schema-ref-parser@9.1.2 want: ^7.1.3
1923 silly placeDep node_modules/firebase-tools @types/json-schema@7.0.15 OK for: @apidevtools/json-schema-ref-parser@9.1.2 want: ^7.0.6
1924 silly placeDep node_modules/firebase-tools call-me-maybe@1.0.2 OK for: @apidevtools/json-schema-ref-parser@9.1.2 want: ^1.0.1
1925 silly placeDep node_modules/firebase-tools/node_modules/@apidevtools/json-schema-ref-parser js-yaml@4.1.1 OK for: @apidevtools/json-schema-ref-parser@9.1.2 want: ^4.1.0
1926 silly placeDep node_modules/firebase-tools accepts@1.3.8 OK for: express@4.22.1 want: ~1.3.8
1927 silly placeDep node_modules/firebase-tools array-flatten@1.1.1 OK for: express@4.22.1 want: 1.1.1
1928 silly placeDep node_modules/firebase-tools content-disposition@0.5.4 OK for: express@4.22.1 want: ~0.5.4
1929 silly placeDep node_modules/firebase-tools cookie@0.7.2 OK for: express@4.22.1 want: ~0.7.1
1930 silly placeDep node_modules/firebase-tools cookie-signature@1.0.7 OK for: express@4.22.1 want: ~1.0.6
1931 silly placeDep node_modules/firebase-tools encodeurl@2.0.0 OK for: express@4.22.1 want: ~2.0.0
1932 silly placeDep node_modules/firebase-tools escape-html@1.0.3 OK for: express@4.22.1 want: ~1.0.3
1933 silly placeDep node_modules/firebase-tools etag@1.8.1 OK for: express@4.22.1 want: ~1.8.1
1934 silly placeDep node_modules/firebase-tools finalhandler@1.3.2 OK for: express@4.22.1 want: ~1.3.1
1935 silly placeDep node_modules/firebase-tools fresh@0.5.2 OK for: express@4.22.1 want: ~0.5.2
1936 silly placeDep node_modules/firebase-tools merge-descriptors@1.0.3 OK for: express@4.22.1 want: 1.0.3
1937 silly placeDep node_modules/firebase-tools methods@1.1.2 OK for: express@4.22.1 want: ~1.1.2
1938 silly placeDep node_modules/firebase-tools parseurl@1.3.3 OK for: express@4.22.1 want: ~1.3.3
1939 silly placeDep node_modules/firebase-tools path-to-regexp@0.1.12 OK for: express@4.22.1 want: ~0.1.12
1940 silly placeDep node_modules/firebase-tools proxy-addr@2.0.7 OK for: express@4.22.1 want: ~2.0.7
1941 silly placeDep node_modules/firebase-tools range-parser@1.2.1 OK for: express@4.22.1 want: ~1.2.1
1942 silly placeDep node_modules/firebase-tools safe-buffer@5.2.1 OK for: express@4.22.1 want: 5.2.1
1943 silly placeDep node_modules/firebase-tools send@0.19.2 OK for: express@4.22.1 want: ~0.19.0
1944 silly placeDep node_modules/firebase-tools serve-static@1.16.3 OK for: express@4.22.1 want: ~1.16.2
1945 silly placeDep node_modules/firebase-tools setprototypeof@1.2.0 OK for: express@4.22.1 want: 1.2.0
1946 silly placeDep node_modules/firebase-tools statuses@2.0.2 OK for: express@4.22.1 want: ~2.0.1
1947 silly placeDep node_modules/firebase-tools utils-merge@1.0.1 OK for: express@4.22.1 want: 1.0.1
1948 silly fetch manifest mime-types@~2.1.34
1949 silly packumentCache full:https://registry.npmjs.org/mime-types cache-hit
1950 silly fetch manifest negotiator@0.6.3
1951 silly packumentCache full:https://registry.npmjs.org/negotiator cache-miss
1952 silly fetch manifest forwarded@0.2.0
1953 silly packumentCache full:https://registry.npmjs.org/forwarded cache-miss
1954 silly fetch manifest ipaddr.js@1.9.1
1955 silly packumentCache full:https://registry.npmjs.org/ipaddr.js cache-miss
1956 silly fetch manifest ms@2.1.3
1957 silly packumentCache full:https://registry.npmjs.org/ms cache-hit
1958 silly fetch manifest mime@1.6.0
1959 silly packumentCache full:https://registry.npmjs.org/mime cache-hit
1960 http cache https://registry.npmjs.org/negotiator 71ms (cache hit)
1961 silly packumentCache full:https://registry.npmjs.org/negotiator set size:48046 disposed:false
1962 http cache https://registry.npmjs.org/ipaddr.js 78ms (cache hit)
1963 silly packumentCache full:https://registry.npmjs.org/ipaddr.js set size:67857 disposed:false
1964 http cache https://registry.npmjs.org/forwarded 87ms (cache hit)
1965 silly packumentCache full:https://registry.npmjs.org/forwarded set size:11229 disposed:false
1966 silly placeDep node_modules/firebase-tools mime-types@2.1.35 OK for: accepts@1.3.8 want: ~2.1.34
1967 silly placeDep node_modules/firebase-tools negotiator@0.6.3 OK for: accepts@1.3.8 want: 0.6.3
1968 silly fetch manifest mime-db@1.52.0
1969 silly packumentCache full:https://registry.npmjs.org/mime-db cache-miss
1970 http cache https://registry.npmjs.org/mime-db 19ms (cache hit)
1971 silly packumentCache full:https://registry.npmjs.org/mime-db set size:164953 disposed:false
1972 silly placeDep node_modules/firebase-tools ip-address@10.0.1 OK for: express-rate-limit@8.2.1 want: 10.0.1
1973 silly placeDep node_modules/firebase-tools to-regex-range@5.0.1 OK for: fill-range@7.1.1 want: ^5.0.1
1974 silly fetch manifest is-number@^7.0.0
1975 silly packumentCache full:https://registry.npmjs.org/is-number cache-hit
1976 silly placeDep node_modules/firebase-tools asynckit@0.4.0 OK for: form-data@4.0.5 want: ^0.4.0
1977 silly placeDep node_modules/firebase-tools combined-stream@1.0.8 OK for: form-data@4.0.5 want: ^1.0.8
1978 silly placeDep node_modules/firebase-tools es-set-tostringtag@2.1.0 OK for: form-data@4.0.5 want: ^2.1.0
1979 silly placeDep node_modules/firebase-tools hasown@2.0.2 OK for: form-data@4.0.5 want: ^2.0.2
1980 silly fetch manifest delayed-stream@~1.0.0
1981 silly packumentCache full:https://registry.npmjs.org/delayed-stream cache-miss
1982 silly fetch manifest es-errors@^1.3.0
1983 silly packumentCache full:https://registry.npmjs.org/es-errors cache-miss
1984 silly fetch manifest get-intrinsic@^1.2.6
1985 silly packumentCache full:https://registry.npmjs.org/get-intrinsic cache-miss
1986 silly fetch manifest has-tostringtag@^1.0.2
1987 silly packumentCache full:https://registry.npmjs.org/has-tostringtag cache-miss
1988 silly fetch manifest function-bind@^1.1.2
1989 silly packumentCache full:https://registry.npmjs.org/function-bind cache-miss
1990 http cache https://registry.npmjs.org/get-intrinsic 40ms (cache hit)
1991 silly packumentCache full:https://registry.npmjs.org/get-intrinsic set size:60985 disposed:false
1992 http cache https://registry.npmjs.org/delayed-stream 53ms (cache hit)
1993 silly packumentCache full:https://registry.npmjs.org/delayed-stream set size:15820 disposed:false
1994 http cache https://registry.npmjs.org/has-tostringtag 55ms (cache hit)
1995 silly packumentCache full:https://registry.npmjs.org/has-tostringtag set size:13945 disposed:false
1996 http cache https://registry.npmjs.org/es-errors 61ms (cache hit)
1997 silly packumentCache full:https://registry.npmjs.org/es-errors set size:16918 disposed:false
1998 http cache https://registry.npmjs.org/function-bind 63ms (cache hit)
1999 silly packumentCache full:https://registry.npmjs.org/function-bind set size:15733 disposed:false
2000 silly placeDep node_modules/firebase-tools delayed-stream@1.0.0 OK for: combined-stream@1.0.8 want: ~1.0.0
2001 silly placeDep node_modules/firebase-tools es-errors@1.3.0 OK for: es-set-tostringtag@2.1.0 want: ^1.3.0
2002 silly placeDep node_modules/firebase-tools get-intrinsic@1.3.0 OK for: es-set-tostringtag@2.1.0 want: ^1.2.6
2003 silly placeDep node_modules/firebase-tools has-tostringtag@1.0.2 OK for: es-set-tostringtag@2.1.0 want: ^1.0.2
2004 silly fetch manifest gopd@^1.2.0
2005 silly packumentCache full:https://registry.npmjs.org/gopd cache-miss
2006 silly fetch manifest get-proto@^1.0.1
2007 silly packumentCache full:https://registry.npmjs.org/get-proto cache-miss
2008 silly fetch manifest has-symbols@^1.1.0
2009 silly packumentCache full:https://registry.npmjs.org/has-symbols cache-miss
2010 silly fetch manifest es-object-atoms@^1.1.1
2011 silly packumentCache full:https://registry.npmjs.org/es-object-atoms cache-miss
2012 silly fetch manifest math-intrinsics@^1.1.0
2013 silly packumentCache full:https://registry.npmjs.org/math-intrinsics cache-miss
2014 silly fetch manifest es-define-property@^1.0.1
2015 silly packumentCache full:https://registry.npmjs.org/es-define-property cache-miss
2016 http cache https://registry.npmjs.org/gopd 40ms (cache hit)
2017 silly packumentCache full:https://registry.npmjs.org/gopd set size:11458 disposed:false
2018 silly fetch manifest call-bind-apply-helpers@^1.0.2
2019 silly packumentCache full:https://registry.npmjs.org/call-bind-apply-helpers cache-miss
2020 http cache https://registry.npmjs.org/es-define-property 39ms (cache hit)
2021 silly packumentCache full:https://registry.npmjs.org/es-define-property set size:8542 disposed:false
2022 silly fetch manifest has-symbols@^1.0.3
2023 silly packumentCache full:https://registry.npmjs.org/has-symbols cache-miss
2024 http cache https://registry.npmjs.org/math-intrinsics 48ms (cache hit)
2025 silly packumentCache full:https://registry.npmjs.org/math-intrinsics set size:9265 disposed:false
2026 http cache https://registry.npmjs.org/es-object-atoms 53ms (cache hit)
2027 silly packumentCache full:https://registry.npmjs.org/es-object-atoms set size:15304 disposed:false
2028 http cache https://registry.npmjs.org/get-proto 58ms (cache hit)
2029 silly packumentCache full:https://registry.npmjs.org/get-proto set size:8300 disposed:false
2030 http cache https://registry.npmjs.org/has-symbols 60ms (cache hit)
2031 silly packumentCache full:https://registry.npmjs.org/has-symbols set size:21550 disposed:false
2032 http cache https://registry.npmjs.org/has-symbols 28ms (cache hit)
2033 silly packumentCache full:https://registry.npmjs.org/has-symbols set size:21550 disposed:false
2034 silly packumentCache full:https://registry.npmjs.org/has-symbols dispose
2035 http cache https://registry.npmjs.org/call-bind-apply-helpers 40ms (cache hit)
2036 silly packumentCache full:https://registry.npmjs.org/call-bind-apply-helpers set size:12744 disposed:false
2037 silly placeDep node_modules/firebase-tools jsonfile@6.2.0 OK for: fs-extra@10.1.0 want: ^6.0.1
2038 silly placeDep node_modules/firebase-tools universalify@2.0.1 OK for: fs-extra@10.1.0 want: ^2.0.0
2039 silly placeDep node_modules/firebase-tools https-proxy-agent@7.0.6 OK for: gaxios@6.7.1 want: ^7.0.1
2040 silly placeDep node_modules/firebase-tools/node_modules/gaxios uuid@9.0.1 OK for: gaxios@6.7.1 want: ^9.0.1
2041 silly fetch manifest debug@4
2042 silly packumentCache full:https://registry.npmjs.org/debug cache-hit
2043 silly placeDep node_modules/firebase-tools call-bind-apply-helpers@1.0.2 OK for: get-intrinsic@1.3.0 want: ^1.0.2
2044 silly placeDep node_modules/firebase-tools es-define-property@1.0.1 OK for: get-intrinsic@1.3.0 want: ^1.0.1
2045 silly placeDep node_modules/firebase-tools es-object-atoms@1.1.1 OK for: get-intrinsic@1.3.0 want: ^1.1.1
2046 silly placeDep node_modules/firebase-tools function-bind@1.1.2 OK for: get-intrinsic@1.3.0 want: ^1.1.2
2047 silly placeDep node_modules/firebase-tools get-proto@1.0.1 OK for: get-intrinsic@1.3.0 want: ^1.0.1
2048 silly placeDep node_modules/firebase-tools gopd@1.2.0 OK for: get-intrinsic@1.3.0 want: ^1.2.0
2049 silly placeDep node_modules/firebase-tools has-symbols@1.1.0 OK for: get-intrinsic@1.3.0 want: ^1.1.0
2050 silly placeDep node_modules/firebase-tools math-intrinsics@1.1.0 OK for: get-intrinsic@1.3.0 want: ^1.1.0
2051 silly fetch manifest dunder-proto@^1.0.1
2052 silly packumentCache full:https://registry.npmjs.org/dunder-proto cache-miss
2053 http cache https://registry.npmjs.org/dunder-proto 25ms (cache hit)
2054 silly packumentCache full:https://registry.npmjs.org/dunder-proto set size:8256 disposed:false
2055 silly placeDep node_modules/firebase-tools dunder-proto@1.0.1 OK for: get-proto@1.0.1 want: ^1.0.1
2056 silly placeDep node_modules/firebase-tools foreground-child@3.3.1 OK for: glob@10.5.0 want: ^3.1.0
2057 silly placeDep node_modules/firebase-tools jackspeak@3.4.3 OK for: glob@10.5.0 want: ^3.1.2
2058 silly placeDep node_modules/firebase-tools/node_modules/glob minimatch@9.0.5 OK for: glob@10.5.0 want: ^9.0.4
2059 silly placeDep node_modules/firebase-tools minipass@7.1.2 OK for: glob@10.5.0 want: ^7.1.2
2060 silly placeDep node_modules/firebase-tools package-json-from-dist@1.0.1 OK for: glob@10.5.0 want: ^1.0.0
2061 silly placeDep node_modules/firebase-tools path-scurry@1.11.1 OK for: glob@10.5.0 want: ^1.11.1
2062 silly fetch manifest @isaacs/cliui@^8.0.2
2063 silly packumentCache full:https://registry.npmjs.org/@isaacs%2fcliui cache-miss
2064 silly fetch manifest @pkgjs/parseargs@^0.11.0
2065 silly packumentCache full:https://registry.npmjs.org/@pkgjs%2fparseargs cache-miss
2066 silly fetch manifest brace-expansion@^2.0.1
2067 silly packumentCache full:https://registry.npmjs.org/brace-expansion cache-hit
2068 silly fetch manifest lru-cache@^10.2.0
2069 silly packumentCache full:https://registry.npmjs.org/lru-cache cache-hit
2070 http cache https://registry.npmjs.org/@pkgjs%2fparseargs 21ms (cache hit)
2071 silly packumentCache full:https://registry.npmjs.org/@pkgjs%2fparseargs set size:51085 disposed:false
2072 http cache https://registry.npmjs.org/@isaacs%2fcliui 32ms (cache hit)
2073 silly packumentCache full:https://registry.npmjs.org/@isaacs%2fcliui set size:12263 disposed:false
2074 silly placeDep node_modules/firebase-tools base64-js@1.5.1 OK for: google-auth-library@9.15.1 want: ^1.3.0
2075 silly placeDep node_modules/firebase-tools ecdsa-sig-formatter@1.0.11 OK for: google-auth-library@9.15.1 want: ^1.0.11
2076 silly placeDep node_modules/firebase-tools gcp-metadata@6.1.1 OK for: google-auth-library@9.15.1 want: ^6.1.0
2077 silly placeDep node_modules/firebase-tools gtoken@7.1.0 OK for: google-auth-library@9.15.1 want: ^7.0.0
2078 silly placeDep node_modules/firebase-tools jws@4.0.1 OK for: google-auth-library@9.15.1 want: ^4.0.0
2079 silly fetch manifest json-bigint@^1.0.0
2080 silly packumentCache full:https://registry.npmjs.org/json-bigint cache-miss
2081 silly fetch manifest google-logging-utils@^0.0.2
2082 silly packumentCache full:https://registry.npmjs.org/google-logging-utils cache-hit
2083 silly fetch manifest jwa@^2.0.1
2084 silly packumentCache full:https://registry.npmjs.org/jwa cache-miss
2085 http cache https://registry.npmjs.org/json-bigint 25ms (cache hit)
2086 silly packumentCache full:https://registry.npmjs.org/json-bigint set size:36963 disposed:false
2087 http cache https://registry.npmjs.org/jwa 37ms (cache hit)
2088 silly packumentCache full:https://registry.npmjs.org/jwa set size:39956 disposed:false
2089 silly placeDep node_modules/firebase-tools google-logging-utils@0.0.2 OK for: gcp-metadata@6.1.1 want: ^0.0.2
2090 silly placeDep node_modules/firebase-tools json-bigint@1.0.0 OK for: gcp-metadata@6.1.1 want: ^1.0.0
2091 silly fetch manifest bignumber.js@^9.0.0
2092 silly packumentCache full:https://registry.npmjs.org/bignumber.js cache-miss
2093 http cache https://registry.npmjs.org/bignumber.js 18ms (cache hit)
2094 silly packumentCache full:https://registry.npmjs.org/bignumber.js set size:123203 disposed:false
2095 silly placeDep node_modules/firebase-tools @grpc/grpc-js@1.14.3 OK for: google-gax@5.0.6 want: ^1.12.6
2096 silly placeDep node_modules/firebase-tools @grpc/proto-loader@0.8.0 OK for: google-gax@5.0.6 want: ^0.8.0
2097 silly placeDep node_modules/firebase-tools duplexify@4.1.3 OK for: google-gax@5.0.6 want: ^4.1.3
2098 silly placeDep node_modules/firebase-tools/node_modules/google-gax google-auth-library@10.5.0 OK for: google-gax@5.0.6 want: ^10.1.0
2099 silly placeDep node_modules/firebase-tools/node_modules/google-gax google-logging-utils@1.1.3 OK for: google-gax@5.0.6 want: ^1.1.1
2100 silly placeDep node_modules/firebase-tools/node_modules/google-gax node-fetch@3.3.2 OK for: google-gax@5.0.6 want: ^3.3.2
2101 silly placeDep node_modules/firebase-tools object-hash@3.0.0 OK for: google-gax@5.0.6 want: ^3.0.0
2102 silly placeDep node_modules/firebase-tools proto3-json-serializer@3.0.4 OK for: google-gax@5.0.6 want: ^3.0.0
2103 silly placeDep node_modules/firebase-tools protobufjs@7.5.4 OK for: google-gax@5.0.6 want: ^7.5.3
2104 silly placeDep node_modules/firebase-tools retry-request@8.0.2 OK for: google-gax@5.0.6 want: ^8.0.0
2105 silly placeDep node_modules/firebase-tools rimraf@5.0.10 OK for: google-gax@5.0.6 want: ^5.0.1
2106 silly fetch manifest @js-sdsl/ordered-map@^4.4.2
2107 silly packumentCache full:https://registry.npmjs.org/@js-sdsl%2fordered-map cache-miss
2108 silly fetch manifest lodash.camelcase@^4.3.0
2109 silly packumentCache full:https://registry.npmjs.org/lodash.camelcase cache-miss
2110 silly fetch manifest long@^5.0.0
2111 silly packumentCache full:https://registry.npmjs.org/long cache-miss
2112 silly fetch manifest yargs@^17.7.2
2113 silly packumentCache full:https://registry.npmjs.org/yargs cache-miss
2114 silly fetch manifest end-of-stream@^1.4.1
2115 silly packumentCache full:https://registry.npmjs.org/end-of-stream cache-miss
2116 silly fetch manifest inherits@^2.0.3
2117 silly packumentCache full:https://registry.npmjs.org/inherits cache-hit
2118 silly fetch manifest readable-stream@^3.1.1
2119 silly packumentCache full:https://registry.npmjs.org/readable-stream cache-hit
2120 silly fetch manifest stream-shift@^1.0.2
2121 silly packumentCache full:https://registry.npmjs.org/stream-shift cache-miss
2122 http cache https://registry.npmjs.org/lodash.camelcase 44ms (cache hit)
2123 silly packumentCache full:https://registry.npmjs.org/lodash.camelcase set size:16993 disposed:false
2124 silly fetch manifest data-uri-to-buffer@^4.0.0
2125 silly packumentCache full:https://registry.npmjs.org/data-uri-to-buffer cache-miss
2126 http cache https://registry.npmjs.org/@js-sdsl%2fordered-map 53ms (cache hit)
2127 silly packumentCache full:https://registry.npmjs.org/@js-sdsl%2fordered-map set size:63788 disposed:false
2128 silly fetch manifest fetch-blob@^3.1.4
2129 silly packumentCache full:https://registry.npmjs.org/fetch-blob cache-miss
2130 http cache https://registry.npmjs.org/long 60ms (cache hit)
2131 silly packumentCache full:https://registry.npmjs.org/long set size:80704 disposed:false
2132 silly fetch manifest formdata-polyfill@^4.0.10
2133 silly packumentCache full:https://registry.npmjs.org/formdata-polyfill cache-miss
2134 http cache https://registry.npmjs.org/end-of-stream 64ms (cache hit)
2135 silly packumentCache full:https://registry.npmjs.org/end-of-stream set size:27842 disposed:false
2136 silly fetch manifest protobufjs@^7.4.0
2137 silly packumentCache full:https://registry.npmjs.org/protobufjs cache-hit
2138 silly fetch manifest @protobufjs/path@^1.1.2
2139 silly packumentCache full:https://registry.npmjs.org/@protobufjs%2fpath cache-miss
2140 http cache https://registry.npmjs.org/yargs 74ms (cache hit)
2141 silly packumentCache full:https://registry.npmjs.org/yargs set size:743056 disposed:false
2142 silly fetch manifest @protobufjs/pool@^1.1.0
2143 silly packumentCache full:https://registry.npmjs.org/@protobufjs%2fpool cache-miss
2144 http cache https://registry.npmjs.org/stream-shift 135ms (cache hit)
2145 silly packumentCache full:https://registry.npmjs.org/stream-shift set size:8066 disposed:false
2146 silly fetch manifest @protobufjs/utf8@^1.1.0
2147 silly packumentCache full:https://registry.npmjs.org/@protobufjs%2futf8 cache-miss
2148 http cache https://registry.npmjs.org/formdata-polyfill 90ms (cache hit)
2149 silly packumentCache full:https://registry.npmjs.org/formdata-polyfill set size:94446 disposed:false
2150 silly fetch manifest @protobufjs/fetch@^1.1.0
2151 silly packumentCache full:https://registry.npmjs.org/@protobufjs%2ffetch cache-miss
2152 http cache https://registry.npmjs.org/fetch-blob 105ms (cache hit)
2153 silly packumentCache full:https://registry.npmjs.org/fetch-blob set size:73704 disposed:false
2154 silly fetch manifest @protobufjs/float@^1.0.2
2155 silly packumentCache full:https://registry.npmjs.org/@protobufjs%2ffloat cache-miss
2156 http cache https://registry.npmjs.org/@protobufjs%2fpath 98ms (cache hit)
2157 silly packumentCache full:https://registry.npmjs.org/@protobufjs%2fpath set size:10241 disposed:false
2158 silly fetch manifest @protobufjs/base64@^1.1.2
2159 silly packumentCache full:https://registry.npmjs.org/@protobufjs%2fbase64 cache-miss
2160 http cache https://registry.npmjs.org/data-uri-to-buffer 124ms (cache hit)
2161 silly packumentCache full:https://registry.npmjs.org/data-uri-to-buffer set size:43253 disposed:false
2162 silly fetch manifest @protobufjs/codegen@^2.0.4
2163 silly packumentCache full:https://registry.npmjs.org/@protobufjs%2fcodegen cache-miss
2164 http cache https://registry.npmjs.org/@protobufjs%2fpool 83ms (cache hit)
2165 silly packumentCache full:https://registry.npmjs.org/@protobufjs%2fpool set size:10727 disposed:false
2166 silly fetch manifest @protobufjs/inquire@^1.1.0
2167 silly packumentCache full:https://registry.npmjs.org/@protobufjs%2finquire cache-miss
2168 http cache https://registry.npmjs.org/@protobufjs%2futf8 52ms (cache hit)
2169 silly packumentCache full:https://registry.npmjs.org/@protobufjs%2futf8 set size:13750 disposed:false
2170 silly fetch manifest @protobufjs/aspromise@^1.1.2
2171 silly packumentCache full:https://registry.npmjs.org/@protobufjs%2faspromise cache-miss
2172 http cache https://registry.npmjs.org/@protobufjs%2ffetch 53ms (cache hit)
2173 silly packumentCache full:https://registry.npmjs.org/@protobufjs%2ffetch set size:10099 disposed:false
2174 silly fetch manifest @protobufjs/eventemitter@^1.1.0
2175 silly packumentCache full:https://registry.npmjs.org/@protobufjs%2feventemitter cache-miss
2176 http cache https://registry.npmjs.org/@protobufjs%2fcodegen 42ms (cache hit)
2177 silly packumentCache full:https://registry.npmjs.org/@protobufjs%2fcodegen set size:22005 disposed:false
2178 silly fetch manifest teeny-request@^10.0.0
2179 silly packumentCache full:https://registry.npmjs.org/teeny-request cache-miss
2180 http cache https://registry.npmjs.org/@protobufjs%2ffloat 55ms (cache hit)
2181 silly packumentCache full:https://registry.npmjs.org/@protobufjs%2ffloat set size:9957 disposed:false
2182 http cache https://registry.npmjs.org/@protobufjs%2fbase64 53ms (cache hit)
2183 silly packumentCache full:https://registry.npmjs.org/@protobufjs%2fbase64 set size:14176 disposed:false
2184 http cache https://registry.npmjs.org/@protobufjs%2finquire 49ms (cache hit)
2185 silly packumentCache full:https://registry.npmjs.org/@protobufjs%2finquire set size:6983 disposed:false
2186 http cache https://registry.npmjs.org/@protobufjs%2faspromise 40ms (cache hit)
2187 silly packumentCache full:https://registry.npmjs.org/@protobufjs%2faspromise set size:11438 disposed:false
2188 http cache https://registry.npmjs.org/teeny-request 19ms (cache hit)
2189 silly packumentCache full:https://registry.npmjs.org/teeny-request set size:170160 disposed:false
2190 http cache https://registry.npmjs.org/@protobufjs%2feventemitter 31ms (cache hit)
2191 silly packumentCache full:https://registry.npmjs.org/@protobufjs%2feventemitter set size:11306 disposed:false
2192 silly placeDep node_modules/firebase-tools @js-sdsl/ordered-map@4.4.2 OK for: @grpc/grpc-js@1.14.3 want: ^4.4.2
2193 silly placeDep node_modules/firebase-tools lodash.camelcase@4.3.0 OK for: @grpc/proto-loader@0.8.0 want: ^4.3.0
2194 silly placeDep node_modules/firebase-tools long@5.3.2 OK for: @grpc/proto-loader@0.8.0 want: ^5.0.0
2195 silly placeDep node_modules/firebase-tools yargs@17.7.2 OK for: @grpc/proto-loader@0.8.0 want: ^17.7.2
2196 silly fetch manifest y18n@^5.0.5
2197 silly packumentCache full:https://registry.npmjs.org/y18n cache-miss
2198 silly fetch manifest cliui@^8.0.1
2199 silly packumentCache full:https://registry.npmjs.org/cliui cache-miss
2200 silly fetch manifest escalade@^3.1.1
2201 silly packumentCache full:https://registry.npmjs.org/escalade cache-miss
2202 silly fetch manifest yargs-parser@^21.1.1
2203 silly packumentCache full:https://registry.npmjs.org/yargs-parser cache-miss
2204 silly fetch manifest get-caller-file@^2.0.5
2205 silly packumentCache full:https://registry.npmjs.org/get-caller-file cache-miss
2206 silly fetch manifest require-directory@^2.1.1
2207 silly packumentCache full:https://registry.npmjs.org/require-directory cache-miss
2208 http cache https://registry.npmjs.org/get-caller-file 29ms (cache hit)
2209 silly packumentCache full:https://registry.npmjs.org/get-caller-file set size:26456 disposed:false
2210 http cache https://registry.npmjs.org/cliui 35ms (cache hit)
2211 silly packumentCache full:https://registry.npmjs.org/cliui set size:69089 disposed:false
2212 http cache https://registry.npmjs.org/require-directory 36ms (cache hit)
2213 silly packumentCache full:https://registry.npmjs.org/require-directory set size:26866 disposed:false
2214 http cache https://registry.npmjs.org/escalade 42ms (cache hit)
2215 silly packumentCache full:https://registry.npmjs.org/escalade set size:33724 disposed:false
2216 http cache https://registry.npmjs.org/y18n 46ms (cache hit)
2217 silly packumentCache full:https://registry.npmjs.org/y18n set size:76155 disposed:false
2218 http cache https://registry.npmjs.org/yargs-parser 54ms (cache hit)
2219 silly packumentCache full:https://registry.npmjs.org/yargs-parser set size:238630 disposed:false
2220 silly placeDep node_modules/firebase-tools end-of-stream@1.4.5 OK for: duplexify@4.1.3 want: ^1.4.1
2221 silly placeDep node_modules/firebase-tools inherits@2.0.4 OK for: duplexify@4.1.3 want: ^2.0.3
2222 silly placeDep node_modules/firebase-tools/node_modules/duplexify readable-stream@3.6.2 OK for: duplexify@4.1.3 want: ^3.1.1
2223 silly placeDep node_modules/firebase-tools stream-shift@1.0.3 OK for: duplexify@4.1.3 want: ^1.0.2
2224 silly fetch manifest string_decoder@^1.1.1
2225 silly packumentCache full:https://registry.npmjs.org/string_decoder cache-hit
2226 silly fetch manifest util-deprecate@^1.0.1
2227 silly packumentCache full:https://registry.npmjs.org/util-deprecate cache-miss
2228 http cache https://registry.npmjs.org/util-deprecate 22ms (cache hit)
2229 silly packumentCache full:https://registry.npmjs.org/util-deprecate set size:6674 disposed:false
2230 silly placeDep node_modules/firebase-tools once@1.4.0 OK for: end-of-stream@1.4.5 want: ^1.4.0
2231 silly fetch manifest wrappy@1
2232 silly packumentCache full:https://registry.npmjs.org/wrappy cache-miss
2233 http cache https://registry.npmjs.org/wrappy 25ms (cache hit)
2234 silly packumentCache full:https://registry.npmjs.org/wrappy set size:7682 disposed:false
2235 silly placeDep node_modules/firebase-tools/node_modules/googleapis-common gaxios@7.1.3 OK for: googleapis-common@8.0.1 want: ^7.0.0-rc.4
2236 silly placeDep node_modules/firebase-tools/node_modules/googleapis-common google-auth-library@10.5.0 OK for: googleapis-common@8.0.1 want: ^10.1.0
2237 silly placeDep node_modules/firebase-tools url-template@2.0.8 OK for: googleapis-common@8.0.1 want: ^2.0.8
2238 silly placeDep node_modules/firebase-tools toidentifier@1.0.1 OK for: http-errors@2.0.1 want: ~1.0.1
2239 silly placeDep node_modules/firebase-tools agent-base@7.1.4 OK for: https-proxy-agent@7.0.6 want: ^7.1.2
2240 silly placeDep node_modules/firebase-tools/node_modules/https-proxy-agent debug@4.4.3 OK for: https-proxy-agent@7.0.6 want: 4
2241 silly fetch manifest ms@^2.1.3
2242 silly packumentCache full:https://registry.npmjs.org/ms cache-hit
2243 silly placeDep node_modules/firebase-tools safer-buffer@2.1.2 OK for: iconv-lite@0.7.2 want: >= 2.1.2 < 3.0.0
2244 silly placeDep node_modules/firebase-tools binary-extensions@2.3.0 OK for: is-binary-path@2.1.0 want: ^2.0.0
2245 silly placeDep node_modules/firebase-tools is-extglob@2.1.1 OK for: is-glob@4.0.3 want: ^2.1.1
2246 silly placeDep node_modules/firebase-tools @isaacs/cliui@8.0.2 OK for: jackspeak@3.4.3 want: ^8.0.2
2247 silly placeDep node_modules/firebase-tools @pkgjs/parseargs@0.11.0 OK for: jackspeak@3.4.3 want: ^0.11.0
2248 silly fetch manifest wrap-ansi@^8.1.0
2249 silly packumentCache full:https://registry.npmjs.org/wrap-ansi cache-hit
2250 silly fetch manifest strip-ansi@^7.0.1
2251 silly packumentCache full:https://registry.npmjs.org/strip-ansi cache-hit
2252 silly fetch manifest string-width@^5.1.2
2253 silly packumentCache full:https://registry.npmjs.org/string-width cache-hit
2254 silly fetch manifest wrap-ansi-cjs@npm:wrap-ansi@^7.0.0
2255 silly packumentCache full:https://registry.npmjs.org/wrap-ansi cache-hit
2256 silly fetch manifest strip-ansi-cjs@npm:strip-ansi@^6.0.1
2257 silly packumentCache full:https://registry.npmjs.org/strip-ansi cache-hit
2258 silly fetch manifest string-width-cjs@npm:string-width@^4.2.0
2259 silly packumentCache full:https://registry.npmjs.org/string-width cache-hit
2260 silly placeDep node_modules/firebase-tools/node_modules/@isaacs/cliui string-width@5.1.2 OK for: @isaacs/cliui@8.0.2 want: ^5.1.2
2261 silly placeDep node_modules/firebase-tools string-width-cjs@4.2.3 OK for: @isaacs/cliui@8.0.2 want: npm:string-width@^4.2.0
2262 silly placeDep node_modules/firebase-tools strip-ansi@7.1.2 OK for: @isaacs/cliui@8.0.2 want: ^7.0.1
2263 silly placeDep node_modules/firebase-tools strip-ansi-cjs@6.0.1 OK for: @isaacs/cliui@8.0.2 want: npm:strip-ansi@^6.0.1
2264 silly placeDep node_modules/firebase-tools/node_modules/@isaacs/cliui wrap-ansi@8.1.0 OK for: @isaacs/cliui@8.0.2 want: ^8.1.0
2265 silly placeDep node_modules/firebase-tools wrap-ansi-cjs@7.0.0 OK for: @isaacs/cliui@8.0.2 want: npm:wrap-ansi@^7.0.0
2266 silly fetch manifest emoji-regex@^9.2.2
2267 silly packumentCache full:https://registry.npmjs.org/emoji-regex cache-hit
2268 silly fetch manifest eastasianwidth@^0.2.0
2269 silly packumentCache full:https://registry.npmjs.org/eastasianwidth cache-miss
2270 silly fetch manifest ansi-regex@^6.0.1
2271 silly packumentCache full:https://registry.npmjs.org/ansi-regex cache-hit
2272 silly fetch manifest ansi-regex@^5.0.1
2273 silly packumentCache full:https://registry.npmjs.org/ansi-regex cache-hit
2274 silly fetch manifest ansi-styles@^6.1.0
2275 silly packumentCache full:https://registry.npmjs.org/ansi-styles cache-hit
2276 http cache https://registry.npmjs.org/eastasianwidth 23ms (cache hit)
2277 silly packumentCache full:https://registry.npmjs.org/eastasianwidth set size:7890 disposed:false
2278 silly placeDep node_modules/firebase-tools argparse@1.0.10 OK for: js-yaml@3.14.2 want: ^1.0.7
2279 silly placeDep node_modules/firebase-tools esprima@4.0.1 OK for: js-yaml@3.14.2 want: ^4.0.0
2280 silly fetch manifest sprintf-js@~1.0.2
2281 silly packumentCache full:https://registry.npmjs.org/sprintf-js cache-miss
2282 http cache https://registry.npmjs.org/sprintf-js 19ms (cache hit)
2283 silly packumentCache full:https://registry.npmjs.org/sprintf-js set size:20495 disposed:false
2284 silly placeDep node_modules/firebase-tools sprintf-js@1.0.3 OK for: argparse@1.0.10 want: ~1.0.2
2285 silly placeDep node_modules/firebase-tools bignumber.js@9.3.1 OK for: json-bigint@1.0.0 want: ^9.0.0
2286 silly placeDep node_modules/firebase-tools jju@1.4.0 OK for: json-parse-helpfulerror@1.0.3 want: ^1.1.0
2287 silly placeDep node_modules/firebase-tools lodash.includes@4.3.0 OK for: jsonwebtoken@9.0.3 want: ^4.3.0
2288 silly placeDep node_modules/firebase-tools lodash.isboolean@3.0.3 OK for: jsonwebtoken@9.0.3 want: ^3.0.3
2289 silly placeDep node_modules/firebase-tools lodash.isinteger@4.0.4 OK for: jsonwebtoken@9.0.3 want: ^4.0.4
2290 silly placeDep node_modules/firebase-tools lodash.isnumber@3.0.3 OK for: jsonwebtoken@9.0.3 want: ^3.0.3
2291 silly placeDep node_modules/firebase-tools lodash.isplainobject@4.0.6 OK for: jsonwebtoken@9.0.3 want: ^4.0.6
2292 silly placeDep node_modules/firebase-tools lodash.isstring@4.0.1 OK for: jsonwebtoken@9.0.3 want: ^4.0.1
2293 silly placeDep node_modules/firebase-tools lodash.once@4.1.1 OK for: jsonwebtoken@9.0.3 want: ^4.0.0
2294 silly placeDep node_modules/firebase-tools/node_modules/jsonwebtoken ms@2.1.3 OK for: jsonwebtoken@9.0.3 want: ^2.1.1
2295 silly placeDep node_modules/firebase-tools jwa@2.0.1 OK for: jws@4.0.1 want: ^2.0.1
2296 silly fetch manifest buffer-equal-constant-time@^1.0.1
2297 silly packumentCache full:https://registry.npmjs.org/buffer-equal-constant-time cache-miss
2298 http cache https://registry.npmjs.org/buffer-equal-constant-time 22ms (cache hit)
2299 silly packumentCache full:https://registry.npmjs.org/buffer-equal-constant-time set size:4390 disposed:false
2300 silly placeDep node_modules/firebase-tools buffer-equal-constant-time@1.0.1 OK for: jwa@2.0.1 want: ^1.0.1
2301 silly placeDep node_modules/firebase-tools/node_modules/lazystream readable-stream@2.3.8 OK for: lazystream@1.0.1 want: ^2.0.5
2302 silly fetch manifest isarray@~1.0.0
2303 silly packumentCache full:https://registry.npmjs.org/isarray cache-miss
2304 silly fetch manifest safe-buffer@~5.1.1
2305 silly packumentCache full:https://registry.npmjs.org/safe-buffer cache-hit
2306 silly fetch manifest core-util-is@~1.0.0
2307 silly packumentCache full:https://registry.npmjs.org/core-util-is cache-miss
2308 silly fetch manifest string_decoder@~1.1.1
2309 silly packumentCache full:https://registry.npmjs.org/string_decoder cache-hit
2310 silly fetch manifest util-deprecate@~1.0.1
2311 silly packumentCache full:https://registry.npmjs.org/util-deprecate cache-hit
2312 silly fetch manifest process-nextick-args@~2.0.0
2313 silly packumentCache full:https://registry.npmjs.org/process-nextick-args cache-miss
2314 http cache https://registry.npmjs.org/isarray 29ms (cache hit)
2315 silly packumentCache full:https://registry.npmjs.org/isarray set size:17392 disposed:false
2316 http cache https://registry.npmjs.org/core-util-is 33ms (cache hit)
2317 silly packumentCache full:https://registry.npmjs.org/core-util-is set size:7163 disposed:false
2318 http cache https://registry.npmjs.org/process-nextick-args 35ms (cache hit)
2319 silly packumentCache full:https://registry.npmjs.org/process-nextick-args set size:15428 disposed:false
2320 silly placeDep node_modules/firebase-tools libsodium@0.7.16 OK for: libsodium-wrappers@0.7.16 want: ^0.7.16
2321 silly placeDep node_modules/firebase-tools is-number@2.1.0 OK for: lsofi@1.0.0 want: ^2.1.0
2322 silly placeDep node_modules/firebase-tools through2@2.0.5 OK for: lsofi@1.0.0 want: ^2.0.1
2323 silly fetch manifest kind-of@^3.0.2
2324 silly packumentCache full:https://registry.npmjs.org/kind-of cache-miss
2325 silly fetch manifest readable-stream@~2.3.6
2326 silly packumentCache full:https://registry.npmjs.org/readable-stream cache-hit
2327 silly fetch manifest xtend@~4.0.1
2328 silly packumentCache full:https://registry.npmjs.org/xtend cache-miss
2329 http cache https://registry.npmjs.org/kind-of 23ms (cache hit)
2330 silly packumentCache full:https://registry.npmjs.org/kind-of set size:70901 disposed:false
2331 http cache https://registry.npmjs.org/xtend 31ms (cache hit)
2332 silly packumentCache full:https://registry.npmjs.org/xtend set size:28314 disposed:false
2333 silly placeDep node_modules/firebase-tools kind-of@3.2.2 OK for: is-number@2.1.0 want: ^3.0.2
2334 silly fetch manifest is-buffer@^1.1.5
2335 silly packumentCache full:https://registry.npmjs.org/is-buffer cache-miss
2336 http cache https://registry.npmjs.org/is-buffer 40ms (cache hit)
2337 silly packumentCache full:https://registry.npmjs.org/is-buffer set size:34803 disposed:false
2338 silly placeDep node_modules/firebase-tools is-buffer@1.1.6 OK for: kind-of@3.2.2 want: ^1.1.5
2339 silly placeDep node_modules/firebase-tools/node_modules/make-dir semver@6.3.1 OK for: make-dir@3.1.0 want: ^6.0.0
2340 silly placeDep node_modules/firebase-tools ansi-escapes@7.3.0 OK for: marked-terminal@7.3.0 want: ^7.0.0
2341 silly placeDep node_modules/firebase-tools ansi-regex@6.2.2 OK for: marked-terminal@7.3.0 want: ^6.1.0
2342 silly placeDep node_modules/firebase-tools chalk@5.6.2 OK for: marked-terminal@7.3.0 want: ^5.4.1
2343 silly placeDep node_modules/firebase-tools cli-highlight@2.1.11 OK for: marked-terminal@7.3.0 want: ^2.1.11
2344 silly placeDep node_modules/firebase-tools node-emoji@2.2.0 OK for: marked-terminal@7.3.0 want: ^2.2.0
2345 silly placeDep node_modules/firebase-tools supports-hyperlinks@3.2.0 OK for: marked-terminal@7.3.0 want: ^3.1.0
2346 silly fetch manifest environment@^1.0.0
2347 silly packumentCache full:https://registry.npmjs.org/environment cache-miss
2348 silly fetch manifest chalk@^4.0.0
2349 silly packumentCache full:https://registry.npmjs.org/chalk cache-hit
2350 silly fetch manifest highlight.js@^10.7.1
2351 silly packumentCache full:https://registry.npmjs.org/highlight.js cache-miss
2352 silly fetch manifest mz@^2.4.0
2353 silly packumentCache full:https://registry.npmjs.org/mz cache-miss
2354 silly fetch manifest parse5@^5.1.1
2355 silly packumentCache full:https://registry.npmjs.org/parse5 cache-miss
2356 silly fetch manifest parse5-htmlparser2-tree-adapter@^6.0.0
2357 silly packumentCache full:https://registry.npmjs.org/parse5-htmlparser2-tree-adapter cache-miss
2358 silly fetch manifest yargs@^16.0.0
2359 silly packumentCache full:https://registry.npmjs.org/yargs cache-hit
2360 silly fetch manifest @sindresorhus/is@^4.6.0
2361 silly packumentCache full:https://registry.npmjs.org/@sindresorhus%2fis cache-miss
2362 http cache https://registry.npmjs.org/parse5-htmlparser2-tree-adapter 50ms (cache hit)
2363 silly packumentCache full:https://registry.npmjs.org/parse5-htmlparser2-tree-adapter set size:21913 disposed:false
2364 silly fetch manifest char-regex@^1.0.2
2365 silly packumentCache full:https://registry.npmjs.org/char-regex cache-miss
2366 http cache https://registry.npmjs.org/parse5 59ms (cache hit)
2367 silly packumentCache full:https://registry.npmjs.org/parse5 set size:120809 disposed:false
2368 silly fetch manifest emojilib@^2.4.0
2369 silly packumentCache full:https://registry.npmjs.org/emojilib cache-miss
2370 http cache https://registry.npmjs.org/@sindresorhus%2fis 80ms (cache hit)
2371 silly packumentCache full:https://registry.npmjs.org/@sindresorhus%2fis set size:194861 disposed:false
2372 silly fetch manifest skin-tone@^2.0.0
2373 silly packumentCache full:https://registry.npmjs.org/skin-tone cache-miss
2374 http cache https://registry.npmjs.org/highlight.js 110ms (cache hit)
2375 silly packumentCache full:https://registry.npmjs.org/highlight.js set size:1244415 disposed:false
2376 silly fetch manifest has-flag@^4.0.0
2377 silly packumentCache full:https://registry.npmjs.org/has-flag cache-miss
2378 http cache https://registry.npmjs.org/environment 154ms (cache hit)
2379 silly packumentCache full:https://registry.npmjs.org/environment set size:13915 disposed:false
2380 silly fetch manifest supports-color@^7.0.0
2381 silly packumentCache full:https://registry.npmjs.org/supports-color cache-miss
2382 http cache https://registry.npmjs.org/mz 154ms (cache hit)
2383 silly packumentCache full:https://registry.npmjs.org/mz set size:42731 disposed:false
2384 http cache https://registry.npmjs.org/char-regex 119ms (cache hit)
2385 silly packumentCache full:https://registry.npmjs.org/char-regex set size:20509 disposed:false
2386 http cache https://registry.npmjs.org/skin-tone 82ms (cache hit)
2387 silly packumentCache full:https://registry.npmjs.org/skin-tone set size:16099 disposed:false
2388 http cache https://registry.npmjs.org/supports-color 37ms (cache hit)
2389 silly packumentCache full:https://registry.npmjs.org/supports-color set size:118680 disposed:false
2390 http cache https://registry.npmjs.org/emojilib 113ms (cache hit)
2391 silly packumentCache full:https://registry.npmjs.org/emojilib set size:84116 disposed:false
2392 http cache https://registry.npmjs.org/has-flag 58ms (cache hit)
2393 silly packumentCache full:https://registry.npmjs.org/has-flag set size:15180 disposed:false
2394 silly placeDep node_modules/firebase-tools environment@1.1.0 OK for: ansi-escapes@7.3.0 want: ^1.0.0
2395 silly placeDep node_modules/firebase-tools/node_modules/cli-highlight chalk@4.1.2 OK for: cli-highlight@2.1.11 want: ^4.0.0
2396 silly placeDep node_modules/firebase-tools highlight.js@10.7.3 OK for: cli-highlight@2.1.11 want: ^10.7.1
2397 silly placeDep node_modules/firebase-tools mz@2.7.0 OK for: cli-highlight@2.1.11 want: ^2.4.0
2398 silly placeDep node_modules/firebase-tools parse5@5.1.1 OK for: cli-highlight@2.1.11 want: ^5.1.1
2399 silly placeDep node_modules/firebase-tools parse5-htmlparser2-tree-adapter@6.0.1 OK for: cli-highlight@2.1.11 want: ^6.0.0
2400 silly placeDep node_modules/firebase-tools/node_modules/cli-highlight yargs@16.2.0 OK for: cli-highlight@2.1.11 want: ^16.0.0
2401 silly fetch manifest ansi-styles@^4.1.0
2402 silly packumentCache full:https://registry.npmjs.org/ansi-styles cache-hit
2403 silly fetch manifest supports-color@^7.1.0
2404 silly packumentCache full:https://registry.npmjs.org/supports-color cache-hit
2405 silly fetch manifest any-promise@^1.0.0
2406 silly packumentCache full:https://registry.npmjs.org/any-promise cache-miss
2407 silly fetch manifest thenify-all@^1.0.0
2408 silly packumentCache full:https://registry.npmjs.org/thenify-all cache-miss
2409 silly fetch manifest parse5@^6.0.1
2410 silly packumentCache full:https://registry.npmjs.org/parse5 cache-hit
2411 silly fetch manifest cliui@^7.0.2
2412 silly packumentCache full:https://registry.npmjs.org/cliui cache-hit
2413 silly fetch manifest yargs-parser@^20.2.2
2414 silly packumentCache full:https://registry.npmjs.org/yargs-parser cache-hit
2415 http cache https://registry.npmjs.org/any-promise 40ms (cache hit)
2416 silly packumentCache full:https://registry.npmjs.org/any-promise set size:20233 disposed:false
2417 http cache https://registry.npmjs.org/thenify-all 45ms (cache hit)
2418 silly packumentCache full:https://registry.npmjs.org/thenify-all set size:18488 disposed:false
2419 silly placeDep node_modules/firebase-tools mime-db@1.52.0 OK for: mime-types@2.1.35 want: 1.52.0
2420 silly placeDep node_modules/firebase-tools brace-expansion@1.1.12 OK for: minimatch@3.1.2 want: ^1.1.7
2421 silly fetch manifest balanced-match@^1.0.0
2422 silly packumentCache full:https://registry.npmjs.org/balanced-match cache-miss
2423 silly fetch manifest concat-map@0.0.1
2424 silly packumentCache full:https://registry.npmjs.org/concat-map cache-miss
2425 http cache https://registry.npmjs.org/balanced-match 22ms (cache hit)
2426 silly packumentCache full:https://registry.npmjs.org/balanced-match set size:33860 disposed:false
2427 http cache https://registry.npmjs.org/concat-map 27ms (cache hit)
2428 silly packumentCache full:https://registry.npmjs.org/concat-map set size:9290 disposed:false
2429 silly placeDep node_modules/firebase-tools balanced-match@1.0.2 OK for: brace-expansion@1.1.12 want: ^1.0.0
2430 silly placeDep node_modules/firebase-tools concat-map@0.0.1 OK for: brace-expansion@1.1.12 want: 0.0.1
2431 silly placeDep node_modules/firebase-tools basic-auth@2.0.1 OK for: morgan@1.10.1 want: ~2.0.1
2432 silly placeDep node_modules/firebase-tools/node_modules/morgan on-finished@2.3.0 OK for: morgan@1.10.1 want: ~2.3.0
2433 silly placeDep node_modules/firebase-tools on-headers@1.1.0 OK for: morgan@1.10.1 want: ~1.1.0
2434 silly fetch manifest safe-buffer@5.1.2
2435 silly packumentCache full:https://registry.npmjs.org/safe-buffer cache-hit
2436 silly placeDep node_modules/firebase-tools/node_modules/basic-auth safe-buffer@5.1.2 OK for: basic-auth@2.0.1 want: 5.1.2
2437 silly placeDep node_modules/firebase-tools any-promise@1.3.0 OK for: mz@2.7.0 want: ^1.0.0
2438 silly placeDep node_modules/firebase-tools thenify-all@1.6.0 OK for: mz@2.7.0 want: ^1.0.0
2439 silly fetch manifest thenify@>= 3.1.0 < 4
2440 silly packumentCache full:https://registry.npmjs.org/thenify cache-miss
2441 http cache https://registry.npmjs.org/thenify 30ms (cache hit)
2442 silly packumentCache full:https://registry.npmjs.org/thenify set size:21379 disposed:false
2443 silly placeDep node_modules/firebase-tools @sindresorhus/is@4.6.0 OK for: node-emoji@2.2.0 want: ^4.6.0
2444 silly placeDep node_modules/firebase-tools char-regex@1.0.2 OK for: node-emoji@2.2.0 want: ^1.0.2
2445 silly placeDep node_modules/firebase-tools emojilib@2.4.0 OK for: node-emoji@2.2.0 want: ^2.4.0
2446 silly placeDep node_modules/firebase-tools skin-tone@2.0.0 OK for: node-emoji@2.2.0 want: ^2.0.0
2447 silly fetch manifest unicode-emoji-modifier-base@^1.0.0
2448 silly packumentCache full:https://registry.npmjs.org/unicode-emoji-modifier-base cache-miss
2449 http cache https://registry.npmjs.org/unicode-emoji-modifier-base 27ms (cache hit)
2450 silly packumentCache full:https://registry.npmjs.org/unicode-emoji-modifier-base set size:4638 disposed:false
2451 silly placeDep node_modules/firebase-tools whatwg-url@5.0.0 OK for: node-fetch@2.7.0 want: ^5.0.0
2452 silly fetch manifest tr46@~0.0.3
2453 silly packumentCache full:https://registry.npmjs.org/tr46 cache-miss
2454 silly fetch manifest webidl-conversions@^3.0.0
2455 silly packumentCache full:https://registry.npmjs.org/webidl-conversions cache-miss
2456 http cache https://registry.npmjs.org/webidl-conversions 26ms (cache hit)
2457 silly packumentCache full:https://registry.npmjs.org/webidl-conversions set size:46073 disposed:false
2458 http cache https://registry.npmjs.org/tr46 36ms (cache hit)
2459 silly packumentCache full:https://registry.npmjs.org/tr46 set size:47377 disposed:false
2460 silly placeDep node_modules/firebase-tools npm-install-checks@6.3.0 OK for: npm-pick-manifest@9.1.0 want: ^6.0.0
2461 silly placeDep node_modules/firebase-tools npm-normalize-package-bin@3.0.1 OK for: npm-pick-manifest@9.1.0 want: ^3.0.0
2462 silly placeDep node_modules/firebase-tools npm-package-arg@11.0.3 OK for: npm-pick-manifest@9.1.0 want: ^11.0.0
2463 silly fetch manifest proc-log@^4.0.0
2464 silly packumentCache full:https://registry.npmjs.org/proc-log cache-miss
2465 silly fetch manifest hosted-git-info@^7.0.0
2466 silly packumentCache full:https://registry.npmjs.org/hosted-git-info cache-miss
2467 silly fetch manifest validate-npm-package-name@^5.0.0
2468 silly packumentCache full:https://registry.npmjs.org/validate-npm-package-name cache-miss
2469 http cache https://registry.npmjs.org/validate-npm-package-name 21ms (cache hit)
2470 silly packumentCache full:https://registry.npmjs.org/validate-npm-package-name set size:48201 disposed:false
2471 http cache https://registry.npmjs.org/proc-log 33ms (cache hit)
2472 silly packumentCache full:https://registry.npmjs.org/proc-log set size:33588 disposed:false
2473 http cache https://registry.npmjs.org/hosted-git-info 36ms (cache hit)
2474 silly packumentCache full:https://registry.npmjs.org/hosted-git-info set size:178912 disposed:false
2475 silly placeDep node_modules/firebase-tools hosted-git-info@7.0.2 OK for: npm-package-arg@11.0.3 want: ^7.0.0
2476 silly placeDep node_modules/firebase-tools proc-log@4.2.0 OK for: npm-package-arg@11.0.3 want: ^4.0.0
2477 silly placeDep node_modules/firebase-tools validate-npm-package-name@5.0.1 OK for: npm-package-arg@11.0.3 want: ^5.0.0
2478 silly fetch manifest lru-cache@^10.0.1
2479 silly packumentCache full:https://registry.npmjs.org/lru-cache cache-hit
2480 silly placeDep node_modules/firebase-tools lru-cache@10.4.3 OK for: hosted-git-info@7.0.2 want: ^10.0.1
2481 silly placeDep node_modules/firebase-tools ee-first@1.1.1 OK for: on-finished@2.4.1 want: 1.1.1
2482 silly placeDep node_modules/firebase-tools wrappy@1.0.2 OK for: once@1.4.0 want: 1
2483 silly placeDep node_modules/firebase-tools is-wsl@1.1.0 OK for: open@6.4.0 want: ^1.1.0
2484 silly placeDep node_modules/firebase-tools bl@4.1.0 OK for: ora@5.4.1 want: ^4.1.0
2485 silly placeDep node_modules/firebase-tools/node_modules/ora chalk@4.1.2 OK for: ora@5.4.1 want: ^4.1.0
2486 silly placeDep node_modules/firebase-tools cli-cursor@3.1.0 OK for: ora@5.4.1 want: ^3.1.0
2487 silly placeDep node_modules/firebase-tools cli-spinners@2.9.2 OK for: ora@5.4.1 want: ^2.5.0
2488 silly placeDep node_modules/firebase-tools is-interactive@1.0.0 OK for: ora@5.4.1 want: ^1.0.0
2489 silly placeDep node_modules/firebase-tools is-unicode-supported@0.1.0 OK for: ora@5.4.1 want: ^0.1.0
2490 silly placeDep node_modules/firebase-tools log-symbols@4.1.0 OK for: ora@5.4.1 want: ^4.1.0
2491 silly placeDep node_modules/firebase-tools/node_modules/ora strip-ansi@6.0.1 OK for: ora@5.4.1 want: ^6.0.0
2492 silly placeDep node_modules/firebase-tools wcwidth@1.0.1 OK for: ora@5.4.1 want: ^1.0.1
2493 silly fetch manifest buffer@^5.5.0
2494 silly packumentCache full:https://registry.npmjs.org/buffer cache-hit
2495 silly fetch manifest restore-cursor@^3.1.0
2496 silly packumentCache full:https://registry.npmjs.org/restore-cursor cache-miss
2497 silly fetch manifest defaults@^1.0.3
2498 silly packumentCache full:https://registry.npmjs.org/defaults cache-miss
2499 http cache https://registry.npmjs.org/restore-cursor 50ms (cache hit)
2500 silly packumentCache full:https://registry.npmjs.org/restore-cursor set size:17895 disposed:false
2501 http cache https://registry.npmjs.org/defaults 56ms (cache hit)
2502 silly packumentCache full:https://registry.npmjs.org/defaults set size:18134 disposed:false
2503 silly placeDep node_modules/firebase-tools buffer@5.7.1 OK for: bl@4.1.0 want: ^5.5.0
2504 silly placeDep node_modules/firebase-tools/node_modules/bl readable-stream@3.6.2 OK for: bl@4.1.0 want: ^3.4.0
2505 silly fetch manifest ieee754@^1.1.13
2506 silly packumentCache full:https://registry.npmjs.org/ieee754 cache-miss
2507 http cache https://registry.npmjs.org/ieee754 21ms (cache hit)
2508 silly packumentCache full:https://registry.npmjs.org/ieee754 set size:34910 disposed:false
2509 silly placeDep node_modules/firebase-tools ieee754@1.2.1 OK for: buffer@5.7.1 want: ^1.1.13
2510 silly placeDep node_modules/firebase-tools restore-cursor@3.1.0 OK for: cli-cursor@3.1.0 want: ^3.1.0
2511 silly fetch manifest onetime@^5.1.0
2512 silly packumentCache full:https://registry.npmjs.org/onetime cache-miss
2513 http cache https://registry.npmjs.org/onetime 17ms (cache hit)
2514 silly packumentCache full:https://registry.npmjs.org/onetime set size:32314 disposed:false
2515 silly placeDep node_modules/firebase-tools/node_modules/log-symbols chalk@4.1.2 OK for: log-symbols@4.1.0 want: ^4.1.0
2516 silly placeDep node_modules/firebase-tools yocto-queue@0.1.0 OK for: p-limit@3.1.0 want: ^0.1.0
2517 silly placeDep node_modules/firebase-tools/node_modules/parse5-htmlparser2-tree-adapter parse5@6.0.1 OK for: parse5-htmlparser2-tree-adapter@6.0.1 want: ^6.0.1
2518 silly fetch manifest pg@>=8.0
2519 silly packumentCache full:https://registry.npmjs.org/pg cache-hit
2520 silly placeDep node_modules/firebase-tools pg-cloudflare@1.3.0 OK for: pg@8.18.0 want: ^1.3.0
2521 silly placeDep node_modules/firebase-tools pg-connection-string@2.11.0 OK for: pg@8.18.0 want: ^2.11.0
2522 silly placeDep node_modules/firebase-tools pg-pool@3.11.0 OK for: pg@8.18.0 want: ^3.11.0
2523 silly placeDep node_modules/firebase-tools pg-protocol@1.11.0 OK for: pg@8.18.0 want: ^1.11.0
2524 silly placeDep node_modules/firebase-tools pg-types@2.2.0 OK for: pg@8.18.0 want: 2.2.0
2525 silly placeDep node_modules/firebase-tools pgpass@1.0.5 OK for: pg@8.18.0 want: 1.0.5
2526 silly fetch manifest pg-int8@1.0.1
2527 silly packumentCache full:https://registry.npmjs.org/pg-int8 cache-miss
2528 silly fetch manifest postgres-date@~1.0.4
2529 silly packumentCache full:https://registry.npmjs.org/postgres-date cache-miss
2530 silly fetch manifest postgres-array@~2.0.0
2531 silly packumentCache full:https://registry.npmjs.org/postgres-array cache-miss
2532 silly fetch manifest postgres-bytea@~1.0.0
2533 silly packumentCache full:https://registry.npmjs.org/postgres-bytea cache-miss
2534 silly fetch manifest postgres-interval@^1.1.0
2535 silly packumentCache full:https://registry.npmjs.org/postgres-interval cache-miss
2536 silly fetch manifest split2@^4.1.0
2537 silly packumentCache full:https://registry.npmjs.org/split2 cache-miss
2538 http cache https://registry.npmjs.org/postgres-array 38ms (cache hit)
2539 silly packumentCache full:https://registry.npmjs.org/postgres-array set size:21967 disposed:false
2540 http cache https://registry.npmjs.org/postgres-interval 45ms (cache hit)
2541 silly packumentCache full:https://registry.npmjs.org/postgres-interval set size:30514 disposed:false
2542 http cache https://registry.npmjs.org/pg-int8 54ms (cache hit)
2543 silly packumentCache full:https://registry.npmjs.org/pg-int8 set size:3652 disposed:false
2544 http cache https://registry.npmjs.org/split2 54ms (cache hit)
2545 silly packumentCache full:https://registry.npmjs.org/split2 set size:47438 disposed:false
2546 http cache https://registry.npmjs.org/postgres-date 65ms (cache hit)
2547 silly packumentCache full:https://registry.npmjs.org/postgres-date set size:27126 disposed:false
2548 http cache https://registry.npmjs.org/postgres-bytea 68ms (cache hit)
2549 silly packumentCache full:https://registry.npmjs.org/postgres-bytea set size:8854 disposed:false
2550 silly placeDep node_modules/firebase-tools pg-int8@1.0.1 OK for: pg-types@2.2.0 want: 1.0.1
2551 silly placeDep node_modules/firebase-tools postgres-array@2.0.0 OK for: pg-types@2.2.0 want: ~2.0.0
2552 silly placeDep node_modules/firebase-tools postgres-bytea@1.0.1 OK for: pg-types@2.2.0 want: ~1.0.0
2553 silly placeDep node_modules/firebase-tools postgres-date@1.0.7 OK for: pg-types@2.2.0 want: ~1.0.4
2554 silly placeDep node_modules/firebase-tools postgres-interval@1.2.0 OK for: pg-types@2.2.0 want: ^1.1.0
2555 silly fetch manifest xtend@^4.0.0
2556 silly packumentCache full:https://registry.npmjs.org/xtend cache-hit
2557 silly placeDep node_modules/firebase-tools split2@4.2.0 OK for: pgpass@1.0.5 want: ^4.1.0
2558 silly placeDep node_modules/firebase-tools/node_modules/portfinder debug@4.4.3 OK for: portfinder@1.0.38 want: ^4.3.6
2559 silly placeDep node_modules/firebase-tools xtend@4.0.2 OK for: postgres-interval@1.2.0 want: ^4.0.0
2560 silly placeDep node_modules/firebase-tools @protobufjs/aspromise@1.1.2 OK for: protobufjs@7.5.4 want: ^1.1.2
2561 silly placeDep node_modules/firebase-tools @protobufjs/base64@1.1.2 OK for: protobufjs@7.5.4 want: ^1.1.2
2562 silly placeDep node_modules/firebase-tools @protobufjs/codegen@2.0.4 OK for: protobufjs@7.5.4 want: ^2.0.4
2563 silly placeDep node_modules/firebase-tools @protobufjs/eventemitter@1.1.0 OK for: protobufjs@7.5.4 want: ^1.1.0
2564 silly placeDep node_modules/firebase-tools @protobufjs/fetch@1.1.0 OK for: protobufjs@7.5.4 want: ^1.1.0
2565 silly placeDep node_modules/firebase-tools @protobufjs/float@1.0.2 OK for: protobufjs@7.5.4 want: ^1.0.2
2566 silly placeDep node_modules/firebase-tools @protobufjs/inquire@1.1.0 OK for: protobufjs@7.5.4 want: ^1.1.0
2567 silly placeDep node_modules/firebase-tools @protobufjs/path@1.1.2 OK for: protobufjs@7.5.4 want: ^1.1.2
2568 silly placeDep node_modules/firebase-tools @protobufjs/pool@1.1.0 OK for: protobufjs@7.5.4 want: ^1.1.0
2569 silly placeDep node_modules/firebase-tools @protobufjs/utf8@1.1.0 OK for: protobufjs@7.5.4 want: ^1.1.0
2570 silly placeDep node_modules/firebase-tools forwarded@0.2.0 OK for: proxy-addr@2.0.7 want: 0.2.0
2571 silly placeDep node_modules/firebase-tools ipaddr.js@1.9.1 OK for: proxy-addr@2.0.7 want: 1.9.1
2572 silly placeDep node_modules/firebase-tools/node_modules/proxy-agent debug@4.4.3 OK for: proxy-agent@6.5.0 want: ^4.3.4
2573 silly placeDep node_modules/firebase-tools http-proxy-agent@7.0.2 OK for: proxy-agent@6.5.0 want: ^7.0.1
2574 silly placeDep node_modules/firebase-tools/node_modules/proxy-agent lru-cache@7.18.3 OK for: proxy-agent@6.5.0 want: ^7.14.1
2575 silly placeDep node_modules/firebase-tools pac-proxy-agent@7.2.0 OK for: proxy-agent@6.5.0 want: ^7.1.0
2576 silly placeDep node_modules/firebase-tools proxy-from-env@1.1.0 OK for: proxy-agent@6.5.0 want: ^1.1.0
2577 silly placeDep node_modules/firebase-tools socks-proxy-agent@8.0.5 OK for: proxy-agent@6.5.0 want: ^8.0.5
2578 silly fetch manifest @tootallnate/quickjs-emscripten@^0.23.0
2579 silly packumentCache full:https://registry.npmjs.org/@tootallnate%2fquickjs-emscripten cache-miss
2580 silly fetch manifest get-uri@^6.0.1
2581 silly packumentCache full:https://registry.npmjs.org/get-uri cache-miss
2582 silly fetch manifest pac-resolver@^7.0.1
2583 silly packumentCache full:https://registry.npmjs.org/pac-resolver cache-miss
2584 silly fetch manifest socks@^2.8.3
2585 silly packumentCache full:https://registry.npmjs.org/socks cache-miss
2586 http cache https://registry.npmjs.org/socks 38ms (cache hit)
2587 silly packumentCache full:https://registry.npmjs.org/socks set size:168523 disposed:false
2588 http cache https://registry.npmjs.org/get-uri 55ms (cache hit)
2589 silly packumentCache full:https://registry.npmjs.org/get-uri set size:57591 disposed:false
2590 http cache https://registry.npmjs.org/pac-resolver 58ms (cache hit)
2591 silly packumentCache full:https://registry.npmjs.org/pac-resolver set size:54112 disposed:false
2592 http cache https://registry.npmjs.org/@tootallnate%2fquickjs-emscripten 67ms (cache hit)
2593 silly packumentCache full:https://registry.npmjs.org/@tootallnate%2fquickjs-emscripten set size:27622 disposed:false
2594 silly placeDep node_modules/firebase-tools/node_modules/http-proxy-agent debug@4.4.3 OK for: http-proxy-agent@7.0.2 want: ^4.3.4
2595 silly placeDep node_modules/firebase-tools @tootallnate/quickjs-emscripten@0.23.0 OK for: pac-proxy-agent@7.2.0 want: ^0.23.0
2596 silly placeDep node_modules/firebase-tools/node_modules/pac-proxy-agent debug@4.4.3 OK for: pac-proxy-agent@7.2.0 want: ^4.3.4
2597 silly placeDep node_modules/firebase-tools get-uri@6.0.5 OK for: pac-proxy-agent@7.2.0 want: ^6.0.1
2598 silly placeDep node_modules/firebase-tools pac-resolver@7.0.1 OK for: pac-proxy-agent@7.2.0 want: ^7.0.1
2599 silly fetch manifest basic-ftp@^5.0.2
2600 silly packumentCache full:https://registry.npmjs.org/basic-ftp cache-miss
2601 silly fetch manifest data-uri-to-buffer@^6.0.2
2602 silly packumentCache full:https://registry.npmjs.org/data-uri-to-buffer cache-hit
2603 silly fetch manifest degenerator@^5.0.0
2604 silly packumentCache full:https://registry.npmjs.org/degenerator cache-miss
2605 silly fetch manifest netmask@^2.0.2
2606 silly packumentCache full:https://registry.npmjs.org/netmask cache-miss
2607 http cache https://registry.npmjs.org/netmask 28ms (cache hit)
2608 silly packumentCache full:https://registry.npmjs.org/netmask set size:21537 disposed:false
2609 http cache https://registry.npmjs.org/degenerator 34ms (cache hit)
2610 silly packumentCache full:https://registry.npmjs.org/degenerator set size:71179 disposed:false
2611 http cache https://registry.npmjs.org/basic-ftp 41ms (cache hit)
2612 silly packumentCache full:https://registry.npmjs.org/basic-ftp set size:274853 disposed:false
2613 silly placeDep node_modules/firebase-tools basic-ftp@5.1.0 OK for: get-uri@6.0.5 want: ^5.0.2
2614 silly placeDep node_modules/firebase-tools data-uri-to-buffer@6.0.2 OK for: get-uri@6.0.5 want: ^6.0.2
2615 silly placeDep node_modules/firebase-tools/node_modules/get-uri debug@4.4.3 OK for: get-uri@6.0.5 want: ^4.3.4
2616 silly placeDep node_modules/firebase-tools degenerator@5.0.1 OK for: pac-resolver@7.0.1 want: ^5.0.0
2617 silly placeDep node_modules/firebase-tools netmask@2.0.2 OK for: pac-resolver@7.0.1 want: ^2.0.2
2618 silly fetch manifest ast-types@^0.13.4
2619 silly packumentCache full:https://registry.npmjs.org/ast-types cache-miss
2620 silly fetch manifest escodegen@^2.1.0
2621 silly packumentCache full:https://registry.npmjs.org/escodegen cache-miss
2622 http cache https://registry.npmjs.org/escodegen 20ms (cache hit)
2623 silly packumentCache full:https://registry.npmjs.org/escodegen set size:119723 disposed:false
2624 http cache https://registry.npmjs.org/ast-types 35ms (cache hit)
2625 silly packumentCache full:https://registry.npmjs.org/ast-types set size:443020 disposed:false
2626 silly placeDep node_modules/firebase-tools ast-types@0.13.4 OK for: degenerator@5.0.1 want: ^0.13.4
2627 silly placeDep node_modules/firebase-tools escodegen@2.1.0 OK for: degenerator@5.0.1 want: ^2.1.0
2628 silly fetch manifest tslib@^2.0.1
2629 silly packumentCache full:https://registry.npmjs.org/tslib cache-miss
2630 silly fetch manifest estraverse@^5.2.0
2631 silly packumentCache full:https://registry.npmjs.org/estraverse cache-miss
2632 silly fetch manifest esutils@^2.0.2
2633 silly packumentCache full:https://registry.npmjs.org/esutils cache-miss
2634 silly fetch manifest source-map@~0.6.1
2635 silly packumentCache full:https://registry.npmjs.org/source-map cache-miss
2636 http cache https://registry.npmjs.org/estraverse 28ms (cache hit)
2637 silly packumentCache full:https://registry.npmjs.org/estraverse set size:62412 disposed:false
2638 http cache https://registry.npmjs.org/source-map 37ms (cache hit)
2639 silly packumentCache full:https://registry.npmjs.org/source-map set size:226141 disposed:false
2640 http cache https://registry.npmjs.org/esutils 52ms (cache hit)
2641 silly packumentCache full:https://registry.npmjs.org/esutils set size:29522 disposed:false
2642 http cache https://registry.npmjs.org/tslib 55ms (cache hit)
2643 silly packumentCache full:https://registry.npmjs.org/tslib set size:108760 disposed:false
2644 silly placeDep node_modules/firebase-tools tslib@2.8.1 OK for: ast-types@0.13.4 want: ^2.0.1
2645 silly placeDep node_modules/firebase-tools estraverse@5.3.0 OK for: escodegen@2.1.0 want: ^5.2.0
2646 silly placeDep node_modules/firebase-tools esutils@2.0.3 OK for: escodegen@2.1.0 want: ^2.0.2
2647 silly placeDep node_modules/firebase-tools source-map@0.6.1 OK for: escodegen@2.1.0 want: ~0.6.1
2648 silly placeDep node_modules/firebase-tools side-channel@1.1.0 OK for: qs@6.14.1 want: ^1.1.0
2649 silly fetch manifest object-inspect@^1.13.3
2650 silly packumentCache full:https://registry.npmjs.org/object-inspect cache-miss
2651 silly fetch manifest side-channel-list@^1.0.0
2652 silly packumentCache full:https://registry.npmjs.org/side-channel-list cache-miss
2653 silly fetch manifest side-channel-map@^1.0.1
2654 silly packumentCache full:https://registry.npmjs.org/side-channel-map cache-miss
2655 silly fetch manifest side-channel-weakmap@^1.0.2
2656 silly packumentCache full:https://registry.npmjs.org/side-channel-weakmap cache-miss
2657 http cache https://registry.npmjs.org/side-channel-list 13ms (cache hit)
2658 silly packumentCache full:https://registry.npmjs.org/side-channel-list set size:6005 disposed:false
2659 http cache https://registry.npmjs.org/side-channel-weakmap 15ms (cache hit)
2660 silly packumentCache full:https://registry.npmjs.org/side-channel-weakmap set size:12620 disposed:false
2661 http cache https://registry.npmjs.org/side-channel-map 18ms (cache hit)
2662 silly packumentCache full:https://registry.npmjs.org/side-channel-map set size:9126 disposed:false
2663 http cache https://registry.npmjs.org/object-inspect 58ms (cache hit)
2664 silly packumentCache full:https://registry.npmjs.org/object-inspect set size:101912 disposed:false
2665 silly placeDep node_modules/firebase-tools/node_modules/readable-stream buffer@6.0.3 OK for: readable-stream@4.7.0 want: ^6.0.3
2666 silly placeDep node_modules/firebase-tools events@3.3.0 OK for: readable-stream@4.7.0 want: ^3.3.0
2667 silly placeDep node_modules/firebase-tools process@0.11.10 OK for: readable-stream@4.7.0 want: ^0.11.10
2668 silly placeDep node_modules/firebase-tools string_decoder@1.3.0 OK for: readable-stream@4.7.0 want: ^1.3.0
2669 silly placeDep node_modules/firebase-tools/node_modules/readdir-glob minimatch@5.1.6 OK for: readdir-glob@1.1.3 want: ^5.1.0
2670 silly placeDep node_modules/firebase-tools onetime@5.1.2 OK for: restore-cursor@3.1.0 want: ^5.1.0
2671 silly placeDep node_modules/firebase-tools/node_modules/restore-cursor signal-exit@3.0.7 OK for: restore-cursor@3.1.0 want: ^3.0.2
2672 silly fetch manifest mimic-fn@^2.1.0
2673 silly packumentCache full:https://registry.npmjs.org/mimic-fn cache-miss
2674 http cache https://registry.npmjs.org/mimic-fn 18ms (cache hit)
2675 silly packumentCache full:https://registry.npmjs.org/mimic-fn set size:22257 disposed:false
2676 silly placeDep node_modules/firebase-tools mimic-fn@2.1.0 OK for: onetime@5.1.2 want: ^2.1.0
2677 silly placeDep node_modules/firebase-tools teeny-request@10.1.0 OK for: retry-request@8.0.2 want: ^10.0.0
2678 silly fetch manifest http-proxy-agent@^5.0.0
2679 silly packumentCache full:https://registry.npmjs.org/http-proxy-agent cache-hit
2680 silly fetch manifest https-proxy-agent@^5.0.0
2681 silly packumentCache full:https://registry.npmjs.org/https-proxy-agent cache-hit
2682 silly fetch manifest stream-events@^1.0.5
2683 silly packumentCache full:https://registry.npmjs.org/stream-events cache-miss
2684 http cache https://registry.npmjs.org/stream-events 13ms (cache hit)
2685 silly packumentCache full:https://registry.npmjs.org/stream-events set size:12460 disposed:false
2686 silly placeDep node_modules/firebase-tools/node_modules/send mime@1.6.0 OK for: send@0.19.2 want: 1.6.0
2687 silly placeDep node_modules/firebase-tools/node_modules/send ms@2.1.3 OK for: send@0.19.2 want: 2.1.3
2688 silly placeDep node_modules/firebase-tools shebang-regex@3.0.0 OK for: shebang-command@2.0.0 want: ^3.0.0
2689 silly placeDep node_modules/firebase-tools object-inspect@1.13.4 OK for: side-channel@1.1.0 want: ^1.13.3
2690 silly placeDep node_modules/firebase-tools side-channel-list@1.0.0 OK for: side-channel@1.1.0 want: ^1.0.0
2691 silly placeDep node_modules/firebase-tools side-channel-map@1.0.1 OK for: side-channel@1.1.0 want: ^1.0.1
2692 silly placeDep node_modules/firebase-tools side-channel-weakmap@1.0.2 OK for: side-channel@1.1.0 want: ^1.0.2
2693 silly fetch manifest call-bound@^1.0.2
2694 silly packumentCache full:https://registry.npmjs.org/call-bound cache-miss
2695 silly fetch manifest call-bound@^1.0.2
2696 silly packumentCache full:https://registry.npmjs.org/call-bound cache-miss
2697 http cache https://registry.npmjs.org/call-bound 20ms (cache hit)
2698 silly packumentCache full:https://registry.npmjs.org/call-bound set size:15317 disposed:false
2699 http cache https://registry.npmjs.org/call-bound 21ms (cache hit)
2700 silly packumentCache full:https://registry.npmjs.org/call-bound set size:15317 disposed:false
2701 silly packumentCache full:https://registry.npmjs.org/call-bound dispose
2702 silly placeDep node_modules/firebase-tools call-bound@1.0.4 OK for: side-channel-map@1.0.1 want: ^1.0.2
2703 silly placeDep node_modules/firebase-tools unicode-emoji-modifier-base@1.0.0 OK for: skin-tone@2.0.0 want: ^1.0.0
2704 silly placeDep node_modules/firebase-tools/node_modules/socks-proxy-agent debug@4.4.3 OK for: socks-proxy-agent@8.0.5 want: ^4.3.4
2705 silly placeDep node_modules/firebase-tools socks@2.8.7 OK for: socks-proxy-agent@8.0.5 want: ^2.8.3
2706 silly fetch manifest smart-buffer@^4.2.0
2707 silly packumentCache full:https://registry.npmjs.org/smart-buffer cache-miss
2708 http cache https://registry.npmjs.org/smart-buffer 13ms (cache hit)
2709 silly packumentCache full:https://registry.npmjs.org/smart-buffer set size:87065 disposed:false
2710 silly placeDep node_modules/firebase-tools smart-buffer@4.2.0 OK for: socks@2.8.7 want: ^4.2.0
2711 silly placeDep node_modules/firebase-tools/node_modules/sql-formatter argparse@2.0.1 OK for: sql-formatter@15.7.0 want: ^2.0.1
2712 silly placeDep node_modules/firebase-tools nearley@2.20.1 OK for: sql-formatter@15.7.0 want: ^2.20.1
2713 silly fetch manifest commander@^2.19.0
2714 silly packumentCache full:https://registry.npmjs.org/commander cache-hit
2715 silly fetch manifest moo@^0.5.0
2716 silly packumentCache full:https://registry.npmjs.org/moo cache-miss
2717 silly fetch manifest railroad-diagrams@^1.0.0
2718 silly packumentCache full:https://registry.npmjs.org/railroad-diagrams cache-miss
2719 silly fetch manifest randexp@0.4.6
2720 silly packumentCache full:https://registry.npmjs.org/randexp cache-miss
2721 http cache https://registry.npmjs.org/randexp 13ms (cache hit)
2722 silly packumentCache full:https://registry.npmjs.org/randexp set size:39459 disposed:false
2723 http cache https://registry.npmjs.org/moo 18ms (cache hit)
2724 silly packumentCache full:https://registry.npmjs.org/moo set size:39445 disposed:false
2725 http cache https://registry.npmjs.org/railroad-diagrams 23ms (cache hit)
2726 silly packumentCache full:https://registry.npmjs.org/railroad-diagrams set size:8398 disposed:false
2727 silly placeDep node_modules/firebase-tools/node_modules/nearley commander@2.20.3 OK for: nearley@2.20.1 want: ^2.19.0
2728 silly placeDep node_modules/firebase-tools moo@0.5.2 OK for: nearley@2.20.1 want: ^0.5.0
2729 silly placeDep node_modules/firebase-tools railroad-diagrams@1.0.0 OK for: nearley@2.20.1 want: ^1.0.0
2730 silly placeDep node_modules/firebase-tools randexp@0.4.6 OK for: nearley@2.20.1 want: 0.4.6
2731 silly fetch manifest discontinuous-range@1.0.0
2732 silly packumentCache full:https://registry.npmjs.org/discontinuous-range cache-miss
2733 silly fetch manifest ret@~0.1.10
2734 silly packumentCache full:https://registry.npmjs.org/ret cache-miss
2735 http cache https://registry.npmjs.org/discontinuous-range 14ms (cache hit)
2736 silly packumentCache full:https://registry.npmjs.org/discontinuous-range set size:7648 disposed:false
2737 http cache https://registry.npmjs.org/ret 15ms (cache hit)
2738 silly packumentCache full:https://registry.npmjs.org/ret set size:59258 disposed:false
2739 silly placeDep node_modules/firebase-tools discontinuous-range@1.0.0 OK for: randexp@0.4.6 want: 1.0.0
2740 silly placeDep node_modules/firebase-tools ret@0.1.15 OK for: randexp@0.4.6 want: ~0.1.10
2741 silly placeDep node_modules/firebase-tools emoji-regex@8.0.0 OK for: string-width@4.2.3 want: ^8.0.0
2742 silly placeDep node_modules/firebase-tools is-fullwidth-code-point@3.0.0 OK for: string-width@4.2.3 want: ^3.0.0
2743 silly placeDep node_modules/firebase-tools/node_modules/string-width strip-ansi@6.0.1 OK for: string-width@4.2.3 want: ^6.0.1
2744 silly placeDep node_modules/firebase-tools/node_modules/string-width-cjs strip-ansi@6.0.1 OK for: string-width@4.2.3 want: ^6.0.1
2745 silly placeDep node_modules/firebase-tools/node_modules/strip-ansi-cjs ansi-regex@5.0.1 OK for: strip-ansi@6.0.1 want: ^5.0.1
2746 silly placeDep node_modules/firebase-tools basic-auth-connect@1.1.0 OK for: superstatic@10.0.0 want: ^1.1.0
2747 silly placeDep node_modules/firebase-tools/node_modules/superstatic commander@10.0.1 OK for: superstatic@10.0.0 want: ^10.0.0
2748 silly placeDep node_modules/firebase-tools compression@1.8.1 OK for: superstatic@10.0.0 want: ^1.7.0
2749 silly placeDep node_modules/firebase-tools connect@3.7.0 OK for: superstatic@10.0.0 want: ^3.7.0
2750 silly placeDep node_modules/firebase-tools glob-slasher@1.0.1 OK for: superstatic@10.0.0 want: ^1.0.1
2751 silly placeDep node_modules/firebase-tools is-url@1.2.4 OK for: superstatic@10.0.0 want: ^1.2.2
2752 silly placeDep node_modules/firebase-tools join-path@1.1.1 OK for: superstatic@10.0.0 want: ^1.1.1
2753 silly placeDep node_modules/firebase-tools/node_modules/superstatic minimatch@6.2.0 OK for: superstatic@10.0.0 want: ^6.1.6
2754 silly placeDep node_modules/firebase-tools/node_modules/superstatic path-to-regexp@1.9.0 OK for: superstatic@10.0.0 want: ^1.9.0
2755 silly placeDep node_modules/firebase-tools re2@1.23.2 OK for: superstatic@10.0.0 want: ^1.17.7
2756 silly placeDep node_modules/firebase-tools router@2.2.0 OK for: superstatic@10.0.0 want: ^2.0.0
2757 silly fetch manifest tsscmp@^1.0.6
2758 silly packumentCache full:https://registry.npmjs.org/tsscmp cache-miss
2759 silly fetch manifest compressible@~2.0.18
2760 silly packumentCache full:https://registry.npmjs.org/compressible cache-miss
2761 silly fetch manifest negotiator@~0.6.4
2762 silly packumentCache full:https://registry.npmjs.org/negotiator cache-hit
2763 silly fetch manifest finalhandler@1.1.2
2764 silly packumentCache full:https://registry.npmjs.org/finalhandler cache-hit
2765 silly fetch manifest glob-slash@^1.0.0
2766 silly packumentCache full:https://registry.npmjs.org/glob-slash cache-miss
2767 silly fetch manifest lodash.isobject@^2.4.1
2768 silly packumentCache full:https://registry.npmjs.org/lodash.isobject cache-miss
2769 silly fetch manifest toxic@^1.0.0
2770 silly packumentCache full:https://registry.npmjs.org/toxic cache-miss
2771 silly fetch manifest as-array@^2.0.0
2772 silly packumentCache full:https://registry.npmjs.org/as-array cache-miss
2773 http cache https://registry.npmjs.org/tsscmp 28ms (cache hit)
2774 silly packumentCache full:https://registry.npmjs.org/tsscmp set size:13313 disposed:false
2775 silly fetch manifest valid-url@^1
2776 silly packumentCache full:https://registry.npmjs.org/valid-url cache-miss
2777 http cache https://registry.npmjs.org/as-array 29ms (cache hit)
2778 silly packumentCache full:https://registry.npmjs.org/as-array set size:7293 disposed:false
2779 silly fetch manifest url-join@0.0.1
2780 silly packumentCache full:https://registry.npmjs.org/url-join cache-miss
2781 http cache https://registry.npmjs.org/lodash.isobject 39ms (cache hit)
2782 silly packumentCache full:https://registry.npmjs.org/lodash.isobject set size:20426 disposed:false
2783 silly fetch manifest isarray@0.0.1
2784 silly packumentCache full:https://registry.npmjs.org/isarray cache-hit
2785 silly fetch manifest install-artifact-from-github@^1.4.0
2786 silly packumentCache full:https://registry.npmjs.org/install-artifact-from-github cache-miss
2787 http cache https://registry.npmjs.org/compressible 45ms (cache hit)
2788 silly packumentCache full:https://registry.npmjs.org/compressible set size:61733 disposed:false
2789 silly fetch manifest nan@^2.24.0
2790 silly packumentCache full:https://registry.npmjs.org/nan cache-miss
2791 http cache https://registry.npmjs.org/glob-slash 49ms (cache hit)
2792 silly packumentCache full:https://registry.npmjs.org/glob-slash set size:2455 disposed:false
2793 silly fetch manifest node-gyp@^12.1.0
2794 silly packumentCache full:https://registry.npmjs.org/node-gyp cache-miss
2795 http cache https://registry.npmjs.org/toxic 49ms (cache hit)
2796 silly packumentCache full:https://registry.npmjs.org/toxic set size:5327 disposed:false
2797 silly fetch manifest is-promise@^4.0.0
2798 silly packumentCache full:https://registry.npmjs.org/is-promise cache-miss
2799 http cache https://registry.npmjs.org/url-join 34ms (cache hit)
2800 silly packumentCache full:https://registry.npmjs.org/url-join set size:22958 disposed:false
2801 silly fetch manifest path-to-regexp@^8.0.0
2802 silly packumentCache full:https://registry.npmjs.org/path-to-regexp cache-hit
2803 http cache https://registry.npmjs.org/valid-url 43ms (cache hit)
2804 silly packumentCache full:https://registry.npmjs.org/valid-url set size:40090 disposed:false
2805 http cache https://registry.npmjs.org/install-artifact-from-github 33ms (cache hit)
2806 silly packumentCache full:https://registry.npmjs.org/install-artifact-from-github set size:41572 disposed:false
2807 http cache https://registry.npmjs.org/node-gyp 30ms (cache hit)
2808 silly packumentCache full:https://registry.npmjs.org/node-gyp set size:315451 disposed:false
2809 http cache https://registry.npmjs.org/nan 45ms (cache hit)
2810 silly packumentCache full:https://registry.npmjs.org/nan set size:233214 disposed:false
2811 http cache https://registry.npmjs.org/is-promise 52ms (cache hit)
2812 silly packumentCache full:https://registry.npmjs.org/is-promise set size:18599 disposed:false
2813 silly placeDep node_modules/firebase-tools tsscmp@1.0.6 OK for: basic-auth-connect@1.1.0 want: ^1.0.6
2814 silly placeDep node_modules/firebase-tools compressible@2.0.18 OK for: compression@1.8.1 want: ~2.0.18
2815 silly placeDep node_modules/firebase-tools/node_modules/compression negotiator@0.6.4 OK for: compression@1.8.1 want: ~0.6.4
2816 silly placeDep node_modules/firebase-tools/node_modules/connect finalhandler@1.1.2 OK for: connect@3.7.0 want: 1.1.2
2817 silly fetch manifest statuses@~1.5.0
2818 silly packumentCache full:https://registry.npmjs.org/statuses cache-hit
2819 silly fetch manifest encodeurl@~1.0.2
2820 silly packumentCache full:https://registry.npmjs.org/encodeurl cache-hit
2821 silly placeDep node_modules/firebase-tools glob-slash@1.0.0 OK for: glob-slasher@1.0.1 want: ^1.0.0
2822 silly placeDep node_modules/firebase-tools lodash.isobject@2.4.1 OK for: glob-slasher@1.0.1 want: ^2.4.1
2823 silly placeDep node_modules/firebase-tools toxic@1.0.1 OK for: glob-slasher@1.0.1 want: ^1.0.0
2824 silly fetch manifest lodash._objecttypes@~2.4.1
2825 silly packumentCache full:https://registry.npmjs.org/lodash._objecttypes cache-miss
2826 http cache https://registry.npmjs.org/lodash._objecttypes 15ms (cache hit)
2827 silly packumentCache full:https://registry.npmjs.org/lodash._objecttypes set size:14259 disposed:false
2828 silly placeDep node_modules/firebase-tools as-array@2.0.0 OK for: join-path@1.1.1 want: ^2.0.0
2829 silly placeDep node_modules/firebase-tools url-join@0.0.1 OK for: join-path@1.1.1 want: 0.0.1
2830 silly placeDep node_modules/firebase-tools valid-url@1.0.9 OK for: join-path@1.1.1 want: ^1
2831 silly placeDep node_modules/firebase-tools lodash._objecttypes@2.4.1 OK for: lodash.isobject@2.4.1 want: ~2.4.1
2832 silly placeDep node_modules/firebase-tools install-artifact-from-github@1.4.0 OK for: re2@1.23.2 want: ^1.4.0
2833 silly placeDep node_modules/firebase-tools nan@2.25.0 OK for: re2@1.23.2 want: ^2.24.0
2834 silly placeDep node_modules/firebase-tools node-gyp@12.2.0 OK for: re2@1.23.2 want: ^12.1.0
2835 silly fetch manifest env-paths@^2.2.0
2836 silly packumentCache full:https://registry.npmjs.org/env-paths cache-miss
2837 silly fetch manifest exponential-backoff@^3.1.1
2838 silly packumentCache full:https://registry.npmjs.org/exponential-backoff cache-miss
2839 silly fetch manifest make-fetch-happen@^15.0.0
2840 silly packumentCache full:https://registry.npmjs.org/make-fetch-happen cache-miss
2841 silly fetch manifest nopt@^9.0.0
2842 silly packumentCache full:https://registry.npmjs.org/nopt cache-miss
2843 silly fetch manifest proc-log@^6.0.0
2844 silly packumentCache full:https://registry.npmjs.org/proc-log cache-hit
2845 silly fetch manifest tar@^7.5.4
2846 silly packumentCache full:https://registry.npmjs.org/tar cache-miss
2847 silly fetch manifest tinyglobby@^0.2.12
2848 silly packumentCache full:https://registry.npmjs.org/tinyglobby cache-miss
2849 http cache https://registry.npmjs.org/exponential-backoff 122ms (cache hit)
2850 silly packumentCache full:https://registry.npmjs.org/exponential-backoff set size:56105 disposed:false
2851 silly fetch manifest which@^6.0.0
2852 silly packumentCache full:https://registry.npmjs.org/which cache-hit
2853 http cache https://registry.npmjs.org/env-paths 137ms (cache hit)
2854 silly packumentCache full:https://registry.npmjs.org/env-paths set size:26913 disposed:false
2855 http cache https://registry.npmjs.org/make-fetch-happen 141ms (cache hit)
2856 silly packumentCache full:https://registry.npmjs.org/make-fetch-happen set size:367671 disposed:false
2857 http cache https://registry.npmjs.org/tar 159ms (cache hit)
2858 silly packumentCache full:https://registry.npmjs.org/tar set size:488580 disposed:false
2859 http cache https://registry.npmjs.org/tinyglobby 183ms (cache hit)
2860 silly packumentCache full:https://registry.npmjs.org/tinyglobby set size:49812 disposed:false
2861 http cache https://registry.npmjs.org/nopt 193ms (cache hit)
2862 silly packumentCache full:https://registry.npmjs.org/nopt set size:71592 disposed:false
2863 silly placeDep node_modules/firebase-tools env-paths@2.2.1 OK for: node-gyp@12.2.0 want: ^2.2.0
2864 silly placeDep node_modules/firebase-tools exponential-backoff@3.1.3 OK for: node-gyp@12.2.0 want: ^3.1.1
2865 silly placeDep node_modules/firebase-tools make-fetch-happen@15.0.3 OK for: node-gyp@12.2.0 want: ^15.0.0
2866 silly placeDep node_modules/firebase-tools nopt@9.0.0 OK for: node-gyp@12.2.0 want: ^9.0.0
2867 silly placeDep node_modules/firebase-tools/node_modules/node-gyp proc-log@6.1.0 OK for: node-gyp@12.2.0 want: ^6.0.0
2868 silly placeDep node_modules/firebase-tools tar@7.5.7 OK for: node-gyp@12.2.0 want: ^7.5.4
2869 silly placeDep node_modules/firebase-tools tinyglobby@0.2.15 OK for: node-gyp@12.2.0 want: ^0.2.12
2870 silly placeDep node_modules/firebase-tools/node_modules/node-gyp which@6.0.0 OK for: node-gyp@12.2.0 want: ^6.0.0
2871 silly fetch manifest @npmcli/agent@^4.0.0
2872 silly packumentCache full:https://registry.npmjs.org/@npmcli%2fagent cache-miss
2873 silly fetch manifest cacache@^20.0.1
2874 silly packumentCache full:https://registry.npmjs.org/cacache cache-miss
2875 silly fetch manifest http-cache-semantics@^4.1.1
2876 silly packumentCache full:https://registry.npmjs.org/http-cache-semantics cache-miss
2877 silly fetch manifest minipass-fetch@^5.0.0
2878 silly packumentCache full:https://registry.npmjs.org/minipass-fetch cache-miss
2879 silly fetch manifest minipass-flush@^1.0.5
2880 silly packumentCache full:https://registry.npmjs.org/minipass-flush cache-miss
2881 silly fetch manifest minipass-pipeline@^1.2.4
2882 silly packumentCache full:https://registry.npmjs.org/minipass-pipeline cache-miss
2883 http cache https://registry.npmjs.org/cacache 33ms (cache hit)
2884 silly packumentCache full:https://registry.npmjs.org/cacache set size:379664 disposed:false
2885 silly fetch manifest negotiator@^1.0.0
2886 silly packumentCache full:https://registry.npmjs.org/negotiator cache-hit
2887 silly fetch manifest promise-retry@^2.0.1
2888 silly packumentCache full:https://registry.npmjs.org/promise-retry cache-miss
2889 http cache https://registry.npmjs.org/minipass-flush 55ms (cache hit)
2890 silly packumentCache full:https://registry.npmjs.org/minipass-flush set size:16292 disposed:false
2891 silly fetch manifest ssri@^13.0.0
2892 silly packumentCache full:https://registry.npmjs.org/ssri cache-miss
2893 http cache https://registry.npmjs.org/minipass-fetch 60ms (cache hit)
2894 silly packumentCache full:https://registry.npmjs.org/minipass-fetch set size:103280 disposed:false
2895 silly fetch manifest abbrev@^4.0.0
2896 silly packumentCache full:https://registry.npmjs.org/abbrev cache-miss
2897 http cache https://registry.npmjs.org/http-cache-semantics 71ms (cache hit)
2898 silly packumentCache full:https://registry.npmjs.org/http-cache-semantics set size:66288 disposed:false
2899 silly fetch manifest chownr@^3.0.0
2900 silly packumentCache full:https://registry.npmjs.org/chownr cache-miss
2901 http cache https://registry.npmjs.org/minipass-pipeline 80ms (cache hit)
2902 silly packumentCache full:https://registry.npmjs.org/minipass-pipeline set size:27941 disposed:false
2903 silly fetch manifest yallist@^5.0.0
2904 silly packumentCache full:https://registry.npmjs.org/yallist cache-miss
2905 http cache https://registry.npmjs.org/@npmcli%2fagent 89ms (cache hit)
2906 silly packumentCache full:https://registry.npmjs.org/@npmcli%2fagent set size:28435 disposed:false
2907 silly fetch manifest minizlib@^3.1.0
2908 silly packumentCache full:https://registry.npmjs.org/minizlib cache-miss
2909 http cache https://registry.npmjs.org/promise-retry 52ms (cache hit)
2910 silly packumentCache full:https://registry.npmjs.org/promise-retry set size:34511 disposed:false
2911 silly fetch manifest @isaacs/fs-minipass@^4.0.0
2912 silly packumentCache full:https://registry.npmjs.org/@isaacs%2ffs-minipass cache-miss
2913 http cache https://registry.npmjs.org/ssri 54ms (cache hit)
2914 silly packumentCache full:https://registry.npmjs.org/ssri set size:133159 disposed:false
2915 silly fetch manifest fdir@^6.5.0
2916 silly packumentCache full:https://registry.npmjs.org/fdir cache-miss
2917 http cache https://registry.npmjs.org/abbrev 58ms (cache hit)
2918 silly packumentCache full:https://registry.npmjs.org/abbrev set size:21777 disposed:false
2919 silly fetch manifest picomatch@^4.0.3
2920 silly packumentCache full:https://registry.npmjs.org/picomatch cache-hit
2921 silly fetch manifest isexe@^3.1.1
2922 silly packumentCache full:https://registry.npmjs.org/isexe cache-hit
2923 http cache https://registry.npmjs.org/chownr 70ms (cache hit)
2924 silly packumentCache full:https://registry.npmjs.org/chownr set size:22157 disposed:false
2925 http cache https://registry.npmjs.org/yallist 65ms (cache hit)
2926 silly packumentCache full:https://registry.npmjs.org/yallist set size:34610 disposed:false
2927 http cache https://registry.npmjs.org/minizlib 72ms (cache hit)
2928 silly packumentCache full:https://registry.npmjs.org/minizlib set size:62862 disposed:false
2929 http cache https://registry.npmjs.org/fdir 52ms (cache hit)
2930 silly packumentCache full:https://registry.npmjs.org/fdir set size:136182 disposed:false
2931 http cache https://registry.npmjs.org/@isaacs%2ffs-minipass 75ms (cache hit)
2932 silly packumentCache full:https://registry.npmjs.org/@isaacs%2ffs-minipass set size:7912 disposed:false
2933 silly placeDep node_modules/firebase-tools @npmcli/agent@4.0.0 OK for: make-fetch-happen@15.0.3 want: ^4.0.0
2934 silly placeDep node_modules/firebase-tools cacache@20.0.3 OK for: make-fetch-happen@15.0.3 want: ^20.0.1
2935 silly placeDep node_modules/firebase-tools http-cache-semantics@4.2.0 OK for: make-fetch-happen@15.0.3 want: ^4.1.1
2936 silly placeDep node_modules/firebase-tools minipass-fetch@5.0.1 OK for: make-fetch-happen@15.0.3 want: ^5.0.0
2937 silly placeDep node_modules/firebase-tools minipass-flush@1.0.5 OK for: make-fetch-happen@15.0.3 want: ^1.0.5
2938 silly placeDep node_modules/firebase-tools minipass-pipeline@1.2.4 OK for: make-fetch-happen@15.0.3 want: ^1.2.4
2939 silly placeDep node_modules/firebase-tools/node_modules/make-fetch-happen negotiator@1.0.0 OK for: make-fetch-happen@15.0.3 want: ^1.0.0
2940 silly placeDep node_modules/firebase-tools/node_modules/make-fetch-happen proc-log@6.1.0 OK for: make-fetch-happen@15.0.3 want: ^6.0.0
2941 silly placeDep node_modules/firebase-tools promise-retry@2.0.1 OK for: make-fetch-happen@15.0.3 want: ^2.0.1
2942 silly placeDep node_modules/firebase-tools ssri@13.0.0 OK for: make-fetch-happen@15.0.3 want: ^13.0.0
2943 silly fetch manifest lru-cache@^11.2.1
2944 silly packumentCache full:https://registry.npmjs.org/lru-cache cache-hit
2945 silly fetch manifest @npmcli/fs@^5.0.0
2946 silly packumentCache full:https://registry.npmjs.org/@npmcli%2ffs cache-miss
2947 silly fetch manifest fs-minipass@^3.0.0
2948 silly packumentCache full:https://registry.npmjs.org/fs-minipass cache-miss
2949 silly fetch manifest glob@^13.0.0
2950 silly packumentCache full:https://registry.npmjs.org/glob cache-hit
2951 silly fetch manifest lru-cache@^11.1.0
2952 silly packumentCache full:https://registry.npmjs.org/lru-cache cache-hit
2953 silly fetch manifest minipass-collect@^2.0.1
2954 silly packumentCache full:https://registry.npmjs.org/minipass-collect cache-miss
2955 silly fetch manifest p-map@^7.0.2
2956 silly packumentCache full:https://registry.npmjs.org/p-map cache-miss
2957 silly fetch manifest unique-filename@^5.0.0
2958 silly packumentCache full:https://registry.npmjs.org/unique-filename cache-miss
2959 silly fetch manifest minipass-sized@^2.0.0
2960 silly packumentCache full:https://registry.npmjs.org/minipass-sized cache-miss
2961 http cache https://registry.npmjs.org/minipass-sized 38ms (cache hit)
2962 silly packumentCache full:https://registry.npmjs.org/minipass-sized set size:14420 disposed:false
2963 silly fetch manifest minizlib@^3.0.1
2964 silly packumentCache full:https://registry.npmjs.org/minizlib cache-hit
2965 silly fetch manifest encoding@^0.1.13
2966 silly packumentCache full:https://registry.npmjs.org/encoding cache-hit
2967 silly fetch manifest minipass@^3.0.0
2968 silly packumentCache full:https://registry.npmjs.org/minipass cache-hit
2969 silly fetch manifest err-code@^2.0.2
2970 silly packumentCache full:https://registry.npmjs.org/err-code cache-miss
2971 http cache https://registry.npmjs.org/fs-minipass 59ms (cache hit)
2972 silly packumentCache full:https://registry.npmjs.org/fs-minipass set size:44606 disposed:false
2973 silly fetch manifest retry@^0.12.0
2974 silly packumentCache full:https://registry.npmjs.org/retry cache-hit
2975 http cache https://registry.npmjs.org/minipass-collect 63ms (cache hit)
2976 silly packumentCache full:https://registry.npmjs.org/minipass-collect set size:12471 disposed:false
2977 http cache https://registry.npmjs.org/@npmcli%2ffs 68ms (cache hit)
2978 silly packumentCache full:https://registry.npmjs.org/@npmcli%2ffs set size:40552 disposed:false
2979 http cache https://registry.npmjs.org/unique-filename 65ms (cache hit)
2980 silly packumentCache full:https://registry.npmjs.org/unique-filename set size:22047 disposed:false
2981 http cache https://registry.npmjs.org/p-map 72ms (cache hit)
2982 silly packumentCache full:https://registry.npmjs.org/p-map set size:52373 disposed:false
2983 http cache https://registry.npmjs.org/err-code 43ms (cache hit)
2984 silly packumentCache full:https://registry.npmjs.org/err-code set size:29518 disposed:false
2985 silly placeDep node_modules/firebase-tools/node_modules/@npmcli/agent lru-cache@11.2.5 OK for: @npmcli/agent@4.0.0 want: ^11.2.1
2986 silly placeDep node_modules/firebase-tools @npmcli/fs@5.0.0 OK for: cacache@20.0.3 want: ^5.0.0
2987 silly placeDep node_modules/firebase-tools fs-minipass@3.0.3 OK for: cacache@20.0.3 want: ^3.0.0
2988 silly placeDep node_modules/firebase-tools/node_modules/cacache glob@13.0.1 OK for: cacache@20.0.3 want: ^13.0.0
2989 silly placeDep node_modules/firebase-tools/node_modules/cacache lru-cache@11.2.5 OK for: cacache@20.0.3 want: ^11.1.0
2990 silly placeDep node_modules/firebase-tools minipass-collect@2.0.1 OK for: cacache@20.0.3 want: ^2.0.1
2991 silly placeDep node_modules/firebase-tools p-map@7.0.4 OK for: cacache@20.0.3 want: ^7.0.2
2992 silly placeDep node_modules/firebase-tools unique-filename@5.0.0 OK for: cacache@20.0.3 want: ^5.0.0
2993 silly fetch manifest minimatch@^10.1.2
2994 silly packumentCache full:https://registry.npmjs.org/minimatch cache-hit
2995 silly fetch manifest path-scurry@^2.0.0
2996 silly packumentCache full:https://registry.npmjs.org/path-scurry cache-hit
2997 silly fetch manifest unique-slug@^6.0.0
2998 silly packumentCache full:https://registry.npmjs.org/unique-slug cache-miss
2999 http cache https://registry.npmjs.org/unique-slug 14ms (cache hit)
3000 silly packumentCache full:https://registry.npmjs.org/unique-slug set size:20403 disposed:false
3001 silly placeDep node_modules/firebase-tools encoding@0.1.13 OK for: minipass-fetch@5.0.1 want: ^0.1.13
3002 silly placeDep node_modules/firebase-tools minipass-sized@2.0.0 OK for: minipass-fetch@5.0.1 want: ^2.0.0
3003 silly placeDep node_modules/firebase-tools minizlib@3.1.0 OK for: minipass-fetch@5.0.1 want: ^3.0.1
3004 silly fetch manifest iconv-lite@^0.6.2
3005 silly packumentCache full:https://registry.npmjs.org/iconv-lite cache-hit
3006 silly placeDep node_modules/firebase-tools/node_modules/encoding iconv-lite@0.6.3 OK for: encoding@0.1.13 want: ^0.6.2
3007 silly placeDep node_modules/firebase-tools/node_modules/minipass-flush minipass@3.3.6 OK for: minipass-flush@1.0.5 want: ^3.0.0
3008 silly fetch manifest yallist@^4.0.0
3009 silly packumentCache full:https://registry.npmjs.org/yallist cache-hit
3010 silly placeDep node_modules/firebase-tools/node_modules/minipass-pipeline minipass@3.3.6 OK for: minipass-pipeline@1.2.4 want: ^3.0.0
3011 silly placeDep node_modules/firebase-tools abbrev@4.0.0 OK for: nopt@9.0.0 want: ^4.0.0
3012 silly placeDep node_modules/firebase-tools err-code@2.0.3 OK for: promise-retry@2.0.1 want: ^2.0.2
3013 silly placeDep node_modules/firebase-tools/node_modules/promise-retry retry@0.12.0 OK for: promise-retry@2.0.1 want: ^0.12.0
3014 silly placeDep node_modules/firebase-tools/node_modules/router debug@4.4.3 OK for: router@2.2.0 want: ^4.4.0
3015 silly placeDep node_modules/firebase-tools is-promise@4.0.0 OK for: router@2.2.0 want: ^4.0.0
3016 silly placeDep node_modules/firebase-tools/node_modules/router path-to-regexp@8.3.0 OK for: router@2.2.0 want: ^8.0.0
3017 silly placeDep node_modules/firebase-tools has-flag@4.0.0 OK for: supports-hyperlinks@3.2.0 want: ^4.0.0
3018 silly placeDep node_modules/firebase-tools supports-color@7.2.0 OK for: supports-hyperlinks@3.2.0 want: ^7.0.0
3019 silly placeDep node_modules/firebase-tools @isaacs/fs-minipass@4.0.1 OK for: tar@7.5.7 want: ^4.0.0
3020 silly placeDep node_modules/firebase-tools chownr@3.0.0 OK for: tar@7.5.7 want: ^3.0.0
3021 silly placeDep node_modules/firebase-tools yallist@5.0.0 OK for: tar@7.5.7 want: ^5.0.0
3022 silly fetch manifest react-native-b4a@*
3023 silly packumentCache full:https://registry.npmjs.org/react-native-b4a cache-miss
3024 http cache https://registry.npmjs.org/react-native-b4a 17ms (cache hit)
3025 silly packumentCache full:https://registry.npmjs.org/react-native-b4a set size:10199 disposed:false
3026 silly fetch manifest react@*
3027 silly packumentCache full:https://registry.npmjs.org/react cache-miss
3028 http cache https://registry.npmjs.org/react 131ms (cache hit)
3029 silly packumentCache full:https://registry.npmjs.org/react set size:6466562 disposed:false
3030 silly fetch manifest react-native@*
3031 silly packumentCache full:https://registry.npmjs.org/react-native cache-miss
3032 http cache https://registry.npmjs.org/react-native 129ms (cache hit)
3033 silly packumentCache full:https://registry.npmjs.org/react-native set size:14808393 disposed:false
3034 silly fetch manifest @types/react@^19.1.1
3035 silly packumentCache full:https://registry.npmjs.org/@types%2freact cache-miss
3036 http cache https://registry.npmjs.org/@types%2freact 47ms (cache hit)
3037 silly packumentCache full:https://registry.npmjs.org/@types%2freact set size:2584421 disposed:false
3038 silly placeDep node_modules/firebase-tools b4a@1.7.3 OK for: tar-stream@3.1.7 want: ^1.6.4
3039 silly placeDep node_modules/firebase-tools fast-fifo@1.3.2 OK for: tar-stream@3.1.7 want: ^1.2.0
3040 silly placeDep node_modules/firebase-tools streamx@2.23.0 OK for: tar-stream@3.1.7 want: ^2.15.0
3041 silly fetch manifest events-universal@^1.0.0
3042 silly packumentCache full:https://registry.npmjs.org/events-universal cache-miss
3043 silly fetch manifest text-decoder@^1.1.0
3044 silly packumentCache full:https://registry.npmjs.org/text-decoder cache-miss
3045 http cache https://registry.npmjs.org/text-decoder 30ms (cache hit)
3046 silly packumentCache full:https://registry.npmjs.org/text-decoder set size:14453 disposed:false
3047 http cache https://registry.npmjs.org/events-universal 32ms (cache hit)
3048 silly packumentCache full:https://registry.npmjs.org/events-universal set size:4306 disposed:false
3049 silly placeDep node_modules/firebase-tools events-universal@1.0.1 OK for: streamx@2.23.0 want: ^1.0.0
3050 silly placeDep node_modules/firebase-tools text-decoder@1.2.3 OK for: streamx@2.23.0 want: ^1.1.0
3051 silly fetch manifest bare-events@^2.7.0
3052 silly packumentCache full:https://registry.npmjs.org/bare-events cache-miss
3053 http cache https://registry.npmjs.org/bare-events 11ms (cache hit)
3054 silly packumentCache full:https://registry.npmjs.org/bare-events set size:44911 disposed:false
3055 silly fetch manifest bare-abort-controller@*
3056 silly packumentCache full:https://registry.npmjs.org/bare-abort-controller cache-miss
3057 http cache https://registry.npmjs.org/bare-abort-controller 12ms (cache hit)
3058 silly packumentCache full:https://registry.npmjs.org/bare-abort-controller set size:2976 disposed:false
3059 silly placeDep node_modules/firebase-tools bare-events@2.8.2 OK for: events-universal@1.0.1 want: ^2.7.0
3060 silly placeDep node_modules/firebase-tools/node_modules/tcp-port-used debug@4.3.1 OK for: tcp-port-used@1.0.2 want: 4.3.1
3061 silly placeDep node_modules/firebase-tools is2@2.0.9 OK for: tcp-port-used@1.0.2 want: ^2.0.6
3062 silly fetch manifest ms@2.1.2
3063 silly packumentCache full:https://registry.npmjs.org/ms cache-hit
3064 silly fetch manifest deep-is@^0.1.3
3065 silly packumentCache full:https://registry.npmjs.org/deep-is cache-miss
3066 silly fetch manifest ip-regex@^4.1.0
3067 silly packumentCache full:https://registry.npmjs.org/ip-regex cache-miss
3068 http cache https://registry.npmjs.org/deep-is 10ms (cache hit)
3069 silly packumentCache full:https://registry.npmjs.org/deep-is set size:10205 disposed:false
3070 http cache https://registry.npmjs.org/ip-regex 12ms (cache hit)
3071 silly packumentCache full:https://registry.npmjs.org/ip-regex set size:26433 disposed:false
3072 silly placeDep node_modules/firebase-tools deep-is@0.1.4 OK for: is2@2.0.9 want: ^0.1.3
3073 silly placeDep node_modules/firebase-tools ip-regex@4.3.0 OK for: is2@2.0.9 want: ^4.1.0
3074 silly placeDep node_modules/firebase-tools/node_modules/teeny-request http-proxy-agent@5.0.0 OK for: teeny-request@10.1.0 want: ^5.0.0
3075 silly placeDep node_modules/firebase-tools/node_modules/teeny-request https-proxy-agent@5.0.1 OK for: teeny-request@10.1.0 want: ^5.0.0
3076 silly placeDep node_modules/firebase-tools/node_modules/teeny-request node-fetch@3.3.2 OK for: teeny-request@10.1.0 want: ^3.3.2
3077 silly placeDep node_modules/firebase-tools stream-events@1.0.5 OK for: teeny-request@10.1.0 want: ^1.0.5
3078 silly fetch manifest @tootallnate/once@2
3079 silly packumentCache full:https://registry.npmjs.org/@tootallnate%2fonce cache-miss
3080 silly fetch manifest agent-base@6
3081 silly packumentCache full:https://registry.npmjs.org/agent-base cache-hit
3082 silly fetch manifest agent-base@6
3083 silly packumentCache full:https://registry.npmjs.org/agent-base cache-hit
3084 silly fetch manifest stubs@^3.0.0
3085 silly packumentCache full:https://registry.npmjs.org/stubs cache-miss
3086 http cache https://registry.npmjs.org/@tootallnate%2fonce 16ms (cache hit)
3087 silly packumentCache full:https://registry.npmjs.org/@tootallnate%2fonce set size:19864 disposed:false
3088 http cache https://registry.npmjs.org/stubs 14ms (cache hit)
3089 silly packumentCache full:https://registry.npmjs.org/stubs set size:9388 disposed:false
3090 silly placeDep node_modules/firebase-tools stubs@3.0.0 OK for: stream-events@1.0.5 want: ^3.0.0
3091 silly placeDep node_modules/firebase-tools thenify@3.3.1 OK for: thenify-all@1.6.0 want: >= 3.1.0 < 4
3092 silly placeDep node_modules/firebase-tools/node_modules/through2 readable-stream@2.3.8 OK for: through2@2.0.5 want: ~2.3.6
3093 silly placeDep node_modules/firebase-tools/node_modules/tinyglobby fdir@6.5.0 OK for: tinyglobby@0.2.15 want: ^6.5.0
3094 silly placeDep node_modules/firebase-tools/node_modules/tinyglobby picomatch@4.0.3 OK for: fdir@6.5.0 want: ^3 || ^4
3095 silly placeDep node_modules/firebase-tools/node_modules/to-regex-range is-number@7.0.0 OK for: to-regex-range@5.0.1 want: ^7.0.0
3096 silly placeDep node_modules/firebase-tools @cspotcode/source-map-support@0.8.1 OK for: ts-node@10.9.2 want: ^0.8.0
3097 silly placeDep node_modules/firebase-tools @tsconfig/node10@1.0.12 OK for: ts-node@10.9.2 want: ^1.0.7
3098 silly placeDep node_modules/firebase-tools @tsconfig/node12@1.0.11 OK for: ts-node@10.9.2 want: ^1.0.7
3099 silly placeDep node_modules/firebase-tools @tsconfig/node14@1.0.3 OK for: ts-node@10.9.2 want: ^1.0.0
3100 silly placeDep node_modules/firebase-tools @tsconfig/node16@1.0.4 OK for: ts-node@10.9.2 want: ^1.0.2
3101 silly placeDep node_modules/firebase-tools acorn@8.15.0 OK for: ts-node@10.9.2 want: ^8.4.1
3102 silly placeDep node_modules/firebase-tools acorn-walk@8.3.4 OK for: ts-node@10.9.2 want: ^8.1.1
3103 silly placeDep node_modules/firebase-tools arg@4.1.3 OK for: ts-node@10.9.2 want: ^4.1.0
3104 silly placeDep node_modules/firebase-tools create-require@1.1.1 OK for: ts-node@10.9.2 want: ^1.1.0
3105 silly placeDep node_modules/firebase-tools diff@4.0.4 OK for: ts-node@10.9.2 want: ^4.0.1
3106 silly placeDep node_modules/firebase-tools make-error@1.3.6 OK for: ts-node@10.9.2 want: ^1.1.1
3107 silly placeDep node_modules/firebase-tools v8-compile-cache-lib@3.0.1 OK for: ts-node@10.9.2 want: ^3.0.1
3108 silly placeDep node_modules/firebase-tools yn@3.1.1 OK for: ts-node@10.9.2 want: 3.1.1
3109 silly fetch manifest @jridgewell/trace-mapping@0.3.9
3110 silly packumentCache full:https://registry.npmjs.org/@jridgewell%2ftrace-mapping cache-miss
3111 http cache https://registry.npmjs.org/@jridgewell%2ftrace-mapping 12ms (cache hit)
3112 silly packumentCache full:https://registry.npmjs.org/@jridgewell%2ftrace-mapping set size:170909 disposed:false
3113 silly placeDep node_modules/firebase-tools @jridgewell/trace-mapping@0.3.9 OK for: @cspotcode/source-map-support@0.8.1 want: 0.3.9
3114 silly fetch manifest @jridgewell/resolve-uri@^3.0.3
3115 silly packumentCache full:https://registry.npmjs.org/@jridgewell%2fresolve-uri cache-miss
3116 silly fetch manifest @jridgewell/sourcemap-codec@^1.4.10
3117 silly packumentCache full:https://registry.npmjs.org/@jridgewell%2fsourcemap-codec cache-miss
3118 http cache https://registry.npmjs.org/@jridgewell%2fsourcemap-codec 21ms (cache hit)
3119 silly packumentCache full:https://registry.npmjs.org/@jridgewell%2fsourcemap-codec set size:59275 disposed:false
3120 http cache https://registry.npmjs.org/@jridgewell%2fresolve-uri 26ms (cache hit)
3121 silly packumentCache full:https://registry.npmjs.org/@jridgewell%2fresolve-uri set size:57361 disposed:false
3122 silly placeDep node_modules/firebase-tools @jridgewell/resolve-uri@3.1.2 OK for: @jridgewell/trace-mapping@0.3.9 want: ^3.0.3
3123 silly placeDep node_modules/firebase-tools @jridgewell/sourcemap-codec@1.5.5 OK for: @jridgewell/trace-mapping@0.3.9 want: ^1.4.10
3124 silly placeDep node_modules/firebase-tools media-typer@0.3.0 OK for: type-is@1.6.18 want: 0.3.0
3125 silly placeDep node_modules/firebase-tools unique-slug@6.0.0 OK for: unique-filename@5.0.0 want: ^6.0.0
3126 silly placeDep node_modules/firebase-tools imurmurhash@0.1.4 OK for: unique-slug@6.0.0 want: ^0.1.4
3127 silly placeDep node_modules/firebase-tools crypto-random-string@2.0.0 OK for: unique-string@2.0.0 want: ^2.0.0
3128 silly placeDep node_modules/firebase-tools/node_modules/universal-analytics debug@4.4.3 OK for: universal-analytics@0.5.3 want: ^4.3.1
3129 silly placeDep node_modules/firebase-tools boxen@5.1.2 OK for: update-notifier-cjs@5.1.7 want: ^5.0.0
3130 silly placeDep node_modules/firebase-tools/node_modules/update-notifier-cjs chalk@4.1.2 OK for: update-notifier-cjs@5.1.7 want: ^4.1.0
3131 silly placeDep node_modules/firebase-tools has-yarn@2.1.0 OK for: update-notifier-cjs@5.1.7 want: ^2.1.0
3132 silly placeDep node_modules/firebase-tools import-lazy@2.1.0 OK for: update-notifier-cjs@5.1.7 want: ^2.1.0
3133 silly placeDep node_modules/firebase-tools is-ci@2.0.0 OK for: update-notifier-cjs@5.1.7 want: ^2.0.0
3134 silly placeDep node_modules/firebase-tools is-installed-globally@0.4.0 OK for: update-notifier-cjs@5.1.7 want: ^0.4.0
3135 silly placeDep node_modules/firebase-tools is-npm@5.0.0 OK for: update-notifier-cjs@5.1.7 want: ^5.0.0
3136 silly placeDep node_modules/firebase-tools is-yarn-global@0.3.0 OK for: update-notifier-cjs@5.1.7 want: ^0.3.0
3137 silly placeDep node_modules/firebase-tools isomorphic-fetch@3.0.0 OK for: update-notifier-cjs@5.1.7 want: ^3.0.0
3138 silly placeDep node_modules/firebase-tools pupa@2.1.1 OK for: update-notifier-cjs@5.1.7 want: ^2.1.1
3139 silly placeDep node_modules/firebase-tools registry-auth-token@5.1.1 OK for: update-notifier-cjs@5.1.7 want: ^5.0.1
3140 silly placeDep node_modules/firebase-tools registry-url@5.1.0 OK for: update-notifier-cjs@5.1.7 want: ^5.1.0
3141 silly placeDep node_modules/firebase-tools semver-diff@3.1.1 OK for: update-notifier-cjs@5.1.7 want: ^3.1.1
3142 silly fetch manifest camelcase@^6.2.0
3143 silly packumentCache full:https://registry.npmjs.org/camelcase cache-miss
3144 silly fetch manifest cli-boxes@^2.2.1
3145 silly packumentCache full:https://registry.npmjs.org/cli-boxes cache-miss
3146 silly fetch manifest type-fest@^0.20.2
3147 silly packumentCache full:https://registry.npmjs.org/type-fest cache-miss
3148 silly fetch manifest wrap-ansi@^7.0.0
3149 silly packumentCache full:https://registry.npmjs.org/wrap-ansi cache-hit
3150 silly fetch manifest ansi-align@^3.0.0
3151 silly packumentCache full:https://registry.npmjs.org/ansi-align cache-miss
3152 silly fetch manifest widest-line@^3.1.0
3153 silly packumentCache full:https://registry.npmjs.org/widest-line cache-miss
3154 silly fetch manifest ci-info@^2.0.0
3155 silly packumentCache full:https://registry.npmjs.org/ci-info cache-miss
3156 http cache https://registry.npmjs.org/widest-line 20ms (cache hit)
3157 silly packumentCache full:https://registry.npmjs.org/widest-line set size:23158 disposed:false
3158 silly fetch manifest global-dirs@^3.0.0
3159 silly packumentCache full:https://registry.npmjs.org/global-dirs cache-miss
3160 http cache https://registry.npmjs.org/camelcase 27ms (cache hit)
3161 silly packumentCache full:https://registry.npmjs.org/camelcase set size:60255 disposed:false
3162 silly fetch manifest is-path-inside@^3.0.2
3163 silly packumentCache full:https://registry.npmjs.org/is-path-inside cache-miss
3164 http cache https://registry.npmjs.org/ansi-align 31ms (cache hit)
3165 silly packumentCache full:https://registry.npmjs.org/ansi-align set size:13890 disposed:false
3166 silly fetch manifest whatwg-fetch@^3.4.1
3167 silly packumentCache full:https://registry.npmjs.org/whatwg-fetch cache-miss
3168 http cache https://registry.npmjs.org/ci-info 31ms (cache hit)
3169 silly packumentCache full:https://registry.npmjs.org/ci-info set size:91363 disposed:false
3170 silly fetch manifest escape-goat@^2.0.0
3171 silly packumentCache full:https://registry.npmjs.org/escape-goat cache-miss
3172 http cache https://registry.npmjs.org/type-fest 41ms (cache hit)
3173 silly packumentCache full:https://registry.npmjs.org/type-fest set size:554345 disposed:false
3174 silly fetch manifest @pnpm/npm-conf@^3.0.2
3175 silly packumentCache full:https://registry.npmjs.org/@pnpm%2fnpm-conf cache-miss
3176 http cache https://registry.npmjs.org/cli-boxes 53ms (cache hit)
3177 silly packumentCache full:https://registry.npmjs.org/cli-boxes set size:19853 disposed:false
3178 silly fetch manifest rc@^1.2.8
3179 silly packumentCache full:https://registry.npmjs.org/rc cache-miss
3180 http cache https://registry.npmjs.org/is-path-inside 38ms (cache hit)
3181 silly packumentCache full:https://registry.npmjs.org/is-path-inside set size:23585 disposed:false
3182 silly fetch manifest semver@^6.3.0
3183 silly packumentCache full:https://registry.npmjs.org/semver cache-hit
3184 http cache https://registry.npmjs.org/@pnpm%2fnpm-conf 22ms (cache hit)
3185 silly packumentCache full:https://registry.npmjs.org/@pnpm%2fnpm-conf set size:54382 disposed:false
3186 http cache https://registry.npmjs.org/global-dirs 50ms (cache hit)
3187 silly packumentCache full:https://registry.npmjs.org/global-dirs set size:24765 disposed:false
3188 http cache https://registry.npmjs.org/whatwg-fetch 44ms (cache hit)
3189 silly packumentCache full:https://registry.npmjs.org/whatwg-fetch set size:120970 disposed:false
3190 http cache https://registry.npmjs.org/escape-goat 43ms (cache hit)
3191 silly packumentCache full:https://registry.npmjs.org/escape-goat set size:24003 disposed:false
3192 http cache https://registry.npmjs.org/rc 31ms (cache hit)
3193 silly packumentCache full:https://registry.npmjs.org/rc set size:70417 disposed:false
3194 silly placeDep node_modules/firebase-tools ansi-align@3.0.1 OK for: boxen@5.1.2 want: ^3.0.0
3195 silly placeDep node_modules/firebase-tools camelcase@6.3.0 OK for: boxen@5.1.2 want: ^6.2.0
3196 silly placeDep node_modules/firebase-tools/node_modules/boxen chalk@4.1.2 OK for: boxen@5.1.2 want: ^4.1.0
3197 silly placeDep node_modules/firebase-tools cli-boxes@2.2.1 OK for: boxen@5.1.2 want: ^2.2.1
3198 silly placeDep node_modules/firebase-tools type-fest@0.20.2 OK for: boxen@5.1.2 want: ^0.20.2
3199 silly placeDep node_modules/firebase-tools widest-line@3.1.0 OK for: boxen@5.1.2 want: ^3.1.0
3200 silly placeDep node_modules/firebase-tools/node_modules/boxen wrap-ansi@7.0.0 OK for: boxen@5.1.2 want: ^7.0.0
3201 silly placeDep node_modules/firebase-tools ci-info@2.0.0 OK for: is-ci@2.0.0 want: ^2.0.0
3202 silly placeDep node_modules/firebase-tools global-dirs@3.0.1 OK for: is-installed-globally@0.4.0 want: ^3.0.0
3203 silly placeDep node_modules/firebase-tools is-path-inside@3.0.3 OK for: is-installed-globally@0.4.0 want: ^3.0.2
3204 silly fetch manifest ini@2.0.0
3205 silly packumentCache full:https://registry.npmjs.org/ini cache-miss
3206 http cache https://registry.npmjs.org/ini 20ms (cache hit)
3207 silly packumentCache full:https://registry.npmjs.org/ini set size:57019 disposed:false
3208 silly placeDep node_modules/firebase-tools ini@2.0.0 OK for: global-dirs@3.0.1 want: 2.0.0
3209 silly placeDep node_modules/firebase-tools whatwg-fetch@3.6.20 OK for: isomorphic-fetch@3.0.0 want: ^3.4.1
3210 silly placeDep node_modules/firebase-tools escape-goat@2.1.1 OK for: pupa@2.1.1 want: ^2.0.0
3211 silly placeDep node_modules/firebase-tools @pnpm/npm-conf@3.0.2 OK for: registry-auth-token@5.1.1 want: ^3.0.2
3212 silly fetch manifest @pnpm/config.env-replace@^1.1.0
3213 silly packumentCache full:https://registry.npmjs.org/@pnpm%2fconfig.env-replace cache-miss
3214 silly fetch manifest @pnpm/network.ca-file@^1.0.1
3215 silly packumentCache full:https://registry.npmjs.org/@pnpm%2fnetwork.ca-file cache-miss
3216 silly fetch manifest config-chain@^1.1.11
3217 silly packumentCache full:https://registry.npmjs.org/config-chain cache-miss
3218 http cache https://registry.npmjs.org/@pnpm%2fconfig.env-replace 19ms (cache hit)
3219 silly packumentCache full:https://registry.npmjs.org/@pnpm%2fconfig.env-replace set size:15956 disposed:false
3220 http cache https://registry.npmjs.org/@pnpm%2fnetwork.ca-file 22ms (cache hit)
3221 silly packumentCache full:https://registry.npmjs.org/@pnpm%2fnetwork.ca-file set size:18310 disposed:false
3222 http cache https://registry.npmjs.org/config-chain 23ms (cache hit)
3223 silly packumentCache full:https://registry.npmjs.org/config-chain set size:38691 disposed:false
3224 silly placeDep node_modules/firebase-tools @pnpm/config.env-replace@1.1.0 OK for: @pnpm/npm-conf@3.0.2 want: ^1.1.0
3225 silly placeDep node_modules/firebase-tools @pnpm/network.ca-file@1.0.2 OK for: @pnpm/npm-conf@3.0.2 want: ^1.0.1
3226 silly placeDep node_modules/firebase-tools config-chain@1.1.13 OK for: @pnpm/npm-conf@3.0.2 want: ^1.1.11
3227 silly fetch manifest graceful-fs@4.2.10
3228 silly packumentCache full:https://registry.npmjs.org/graceful-fs cache-hit
3229 silly fetch manifest proto-list@~1.2.1
3230 silly packumentCache full:https://registry.npmjs.org/proto-list cache-miss
3231 silly fetch manifest ini@^1.3.4
3232 silly packumentCache full:https://registry.npmjs.org/ini cache-hit
3233 http cache https://registry.npmjs.org/proto-list 31ms (cache hit)
3234 silly packumentCache full:https://registry.npmjs.org/proto-list set size:8764 disposed:false
3235 silly placeDep node_modules/firebase-tools/node_modules/@pnpm/network.ca-file graceful-fs@4.2.10 OK for: @pnpm/network.ca-file@1.0.2 want: 4.2.10
3236 silly placeDep node_modules/firebase-tools/node_modules/config-chain ini@1.3.8 OK for: config-chain@1.1.13 want: ^1.3.4
3237 silly placeDep node_modules/firebase-tools proto-list@1.2.4 OK for: config-chain@1.1.13 want: ~1.2.1
3238 silly placeDep node_modules/firebase-tools rc@1.2.8 OK for: registry-url@5.1.0 want: ^1.2.8
3239 silly fetch manifest ini@~1.3.0
3240 silly packumentCache full:https://registry.npmjs.org/ini cache-hit
3241 silly fetch manifest minimist@^1.2.0
3242 silly packumentCache full:https://registry.npmjs.org/minimist cache-miss
3243 silly fetch manifest deep-extend@^0.6.0
3244 silly packumentCache full:https://registry.npmjs.org/deep-extend cache-miss
3245 silly fetch manifest strip-json-comments@~2.0.1
3246 silly packumentCache full:https://registry.npmjs.org/strip-json-comments cache-miss
3247 http cache https://registry.npmjs.org/strip-json-comments 20ms (cache hit)
3248 silly packumentCache full:https://registry.npmjs.org/strip-json-comments set size:43569 disposed:false
3249 http cache https://registry.npmjs.org/deep-extend 24ms (cache hit)
3250 silly packumentCache full:https://registry.npmjs.org/deep-extend set size:34472 disposed:false
3251 http cache https://registry.npmjs.org/minimist 26ms (cache hit)
3252 silly packumentCache full:https://registry.npmjs.org/minimist set size:77082 disposed:false
3253 silly placeDep node_modules/firebase-tools deep-extend@0.6.0 OK for: rc@1.2.8 want: ^0.6.0
3254 silly placeDep node_modules/firebase-tools/node_modules/rc ini@1.3.8 OK for: rc@1.2.8 want: ~1.3.0
3255 silly placeDep node_modules/firebase-tools minimist@1.2.8 OK for: rc@1.2.8 want: ^1.2.0
3256 silly placeDep node_modules/firebase-tools strip-json-comments@2.0.1 OK for: rc@1.2.8 want: ~2.0.1
3257 silly placeDep node_modules/firebase-tools/node_modules/semver-diff semver@6.3.1 OK for: semver-diff@3.1.1 want: ^6.3.0
3258 silly placeDep node_modules/firebase-tools defaults@1.0.4 OK for: wcwidth@1.0.1 want: ^1.0.3
3259 silly fetch manifest clone@^1.0.2
3260 silly packumentCache full:https://registry.npmjs.org/clone cache-miss
3261 http cache https://registry.npmjs.org/clone 15ms (cache hit)
3262 silly packumentCache full:https://registry.npmjs.org/clone set size:82973 disposed:false
3263 silly placeDep node_modules/firebase-tools clone@1.0.4 OK for: defaults@1.0.4 want: ^1.0.2
3264 silly placeDep node_modules/firebase-tools tr46@0.0.3 OK for: whatwg-url@5.0.0 want: ~0.0.3
3265 silly placeDep node_modules/firebase-tools webidl-conversions@3.0.1 OK for: whatwg-url@5.0.0 want: ^3.0.0
3266 silly placeDep node_modules/firebase-tools isexe@2.0.0 OK for: which@2.0.2 want: ^2.0.0
3267 silly placeDep node_modules/firebase-tools/node_modules/winston @colors/colors@1.6.0 OK for: winston@3.19.0 want: ^1.6.0
3268 silly placeDep node_modules/firebase-tools @dabh/diagnostics@2.0.8 OK for: winston@3.19.0 want: ^2.0.8
3269 silly placeDep node_modules/firebase-tools logform@2.7.0 OK for: winston@3.19.0 want: ^2.7.0
3270 silly placeDep node_modules/firebase-tools one-time@1.0.0 OK for: winston@3.19.0 want: ^1.0.0
3271 silly placeDep node_modules/firebase-tools/node_modules/winston readable-stream@3.6.2 OK for: winston@3.19.0 want: ^3.4.0
3272 silly placeDep node_modules/firebase-tools safe-stable-stringify@2.5.0 OK for: winston@3.19.0 want: ^2.3.1
3273 silly placeDep node_modules/firebase-tools stack-trace@0.0.10 OK for: winston@3.19.0 want: 0.0.x
3274 silly fetch manifest @so-ric/colorspace@^1.1.6
3275 silly packumentCache full:https://registry.npmjs.org/@so-ric%2fcolorspace cache-miss
3276 silly fetch manifest enabled@2.0.x
3277 silly packumentCache full:https://registry.npmjs.org/enabled cache-miss
3278 silly fetch manifest kuler@^2.0.0
3279 silly packumentCache full:https://registry.npmjs.org/kuler cache-miss
3280 silly fetch manifest @colors/colors@1.6.0
3281 silly packumentCache full:https://registry.npmjs.org/@colors%2fcolors cache-hit
3282 silly fetch manifest @types/triple-beam@^1.3.2
3283 silly packumentCache full:https://registry.npmjs.org/@types%2ftriple-beam cache-miss
3284 silly fetch manifest fecha@^4.2.0
3285 silly packumentCache full:https://registry.npmjs.org/fecha cache-miss
3286 silly fetch manifest fn.name@1.x.x
3287 silly packumentCache full:https://registry.npmjs.org/fn.name cache-miss
3288 http cache https://registry.npmjs.org/kuler 18ms (cache hit)
3289 silly packumentCache full:https://registry.npmjs.org/kuler set size:10079 disposed:false
3290 http cache https://registry.npmjs.org/@types%2ftriple-beam 19ms (cache hit)
3291 silly packumentCache full:https://registry.npmjs.org/@types%2ftriple-beam set size:12646 disposed:false
3292 http cache https://registry.npmjs.org/enabled 23ms (cache hit)
3293 silly packumentCache full:https://registry.npmjs.org/enabled set size:8263 disposed:false
3294 http cache https://registry.npmjs.org/fn.name 20ms (cache hit)
3295 silly packumentCache full:https://registry.npmjs.org/fn.name set size:7638 disposed:false
3296 http cache https://registry.npmjs.org/fecha 23ms (cache hit)
3297 silly packumentCache full:https://registry.npmjs.org/fecha set size:86792 disposed:false
3298 http cache https://registry.npmjs.org/@so-ric%2fcolorspace 30ms (cache hit)
3299 silly packumentCache full:https://registry.npmjs.org/@so-ric%2fcolorspace set size:7005 disposed:false
3300 silly placeDep node_modules/firebase-tools @so-ric/colorspace@1.1.6 OK for: @dabh/diagnostics@2.0.8 want: ^1.1.6
3301 silly placeDep node_modules/firebase-tools enabled@2.0.0 OK for: @dabh/diagnostics@2.0.8 want: 2.0.x
3302 silly placeDep node_modules/firebase-tools kuler@2.0.0 OK for: @dabh/diagnostics@2.0.8 want: ^2.0.0
3303 silly fetch manifest color@^5.0.2
3304 silly packumentCache full:https://registry.npmjs.org/color cache-miss
3305 silly fetch manifest text-hex@1.0.x
3306 silly packumentCache full:https://registry.npmjs.org/text-hex cache-miss
3307 http cache https://registry.npmjs.org/color 14ms (cache hit)
3308 silly packumentCache full:https://registry.npmjs.org/color set size:98234 disposed:false
3309 http cache https://registry.npmjs.org/text-hex 19ms (cache hit)
3310 silly packumentCache full:https://registry.npmjs.org/text-hex set size:4528 disposed:false
3311 silly placeDep node_modules/firebase-tools color@5.0.3 OK for: @so-ric/colorspace@1.1.6 want: ^5.0.2
3312 silly placeDep node_modules/firebase-tools text-hex@1.0.0 OK for: @so-ric/colorspace@1.1.6 want: 1.0.x
3313 silly fetch manifest color-convert@^3.1.3
3314 silly packumentCache full:https://registry.npmjs.org/color-convert cache-miss
3315 silly fetch manifest color-string@^2.1.3
3316 silly packumentCache full:https://registry.npmjs.org/color-string cache-miss
3317 http cache https://registry.npmjs.org/color-convert 10ms (cache hit)
3318 silly packumentCache full:https://registry.npmjs.org/color-convert set size:72663 disposed:false
3319 http cache https://registry.npmjs.org/color-string 15ms (cache hit)
3320 silly packumentCache full:https://registry.npmjs.org/color-string set size:84418 disposed:false
3321 silly placeDep node_modules/firebase-tools color-convert@3.1.3 OK for: color@5.0.3 want: ^3.1.3
3322 silly placeDep node_modules/firebase-tools color-string@2.1.4 OK for: color@5.0.3 want: ^2.1.3
3323 silly fetch manifest color-name@^2.0.0
3324 silly packumentCache full:https://registry.npmjs.org/color-name cache-miss
3325 silly fetch manifest color-name@^2.0.0
3326 silly packumentCache full:https://registry.npmjs.org/color-name cache-miss
3327 http cache https://registry.npmjs.org/color-name 16ms (cache hit)
3328 silly packumentCache full:https://registry.npmjs.org/color-name set size:19467 disposed:false
3329 http cache https://registry.npmjs.org/color-name 19ms (cache hit)
3330 silly packumentCache full:https://registry.npmjs.org/color-name set size:19467 disposed:false
3331 silly packumentCache full:https://registry.npmjs.org/color-name dispose
3332 silly placeDep node_modules/firebase-tools color-name@2.1.0 OK for: color-convert@3.1.3 want: ^2.0.0
3333 silly placeDep node_modules/firebase-tools/node_modules/logform @colors/colors@1.6.0 OK for: logform@2.7.0 want: 1.6.0
3334 silly placeDep node_modules/firebase-tools @types/triple-beam@1.3.5 OK for: logform@2.7.0 want: ^1.3.2
3335 silly placeDep node_modules/firebase-tools fecha@4.2.3 OK for: logform@2.7.0 want: ^4.2.0
3336 silly placeDep node_modules/firebase-tools/node_modules/logform ms@2.1.3 OK for: logform@2.7.0 want: ^2.1.1
3337 silly placeDep node_modules/firebase-tools fn.name@1.1.0 OK for: one-time@1.0.0 want: 1.x.x
3338 silly placeDep node_modules/firebase-tools/node_modules/winston-transport readable-stream@3.6.2 OK for: winston-transport@4.9.0 want: ^3.6.2
3339 silly placeDep node_modules/firebase-tools ansi-styles@4.3.0 OK for: wrap-ansi@6.2.0 want: ^4.0.0
3340 silly placeDep node_modules/firebase-tools/node_modules/wrap-ansi strip-ansi@6.0.1 OK for: wrap-ansi@6.2.0 want: ^6.0.0
3341 silly fetch manifest color-convert@^2.0.1
3342 silly packumentCache full:https://registry.npmjs.org/color-convert cache-hit
3343 silly placeDep node_modules/firebase-tools/node_modules/ansi-styles color-convert@2.0.1 OK for: ansi-styles@4.3.0 want: ^2.0.1
3344 silly fetch manifest color-name@~1.1.4
3345 silly packumentCache full:https://registry.npmjs.org/color-name cache-hit
3346 silly placeDep node_modules/firebase-tools/node_modules/wrap-ansi-cjs strip-ansi@6.0.1 OK for: wrap-ansi@7.0.0 want: ^6.0.0
3347 silly placeDep node_modules/firebase-tools is-typedarray@1.0.0 OK for: write-file-atomic@3.0.3 want: ^1.0.0
3348 silly placeDep node_modules/firebase-tools/node_modules/write-file-atomic signal-exit@3.0.7 OK for: write-file-atomic@3.0.3 want: ^3.0.2
3349 silly placeDep node_modules/firebase-tools typedarray-to-buffer@3.1.5 OK for: write-file-atomic@3.0.3 want: ^3.1.5
3350 silly placeDep node_modules/firebase-tools cliui@8.0.1 OK for: yargs@17.7.2 want: ^8.0.1
3351 silly placeDep node_modules/firebase-tools escalade@3.2.0 OK for: yargs@17.7.2 want: ^3.1.1
3352 silly placeDep node_modules/firebase-tools get-caller-file@2.0.5 OK for: yargs@17.7.2 want: ^2.0.5
3353 silly placeDep node_modules/firebase-tools require-directory@2.1.1 OK for: yargs@17.7.2 want: ^2.1.1
3354 silly placeDep node_modules/firebase-tools y18n@5.0.8 OK for: yargs@17.7.2 want: ^5.0.5
3355 silly placeDep node_modules/firebase-tools yargs-parser@21.1.1 OK for: yargs@17.7.2 want: ^21.1.1
3356 silly placeDep node_modules/firebase-tools/node_modules/cliui strip-ansi@6.0.1 OK for: cliui@8.0.1 want: ^6.0.1
3357 silly placeDep node_modules/firebase-tools/node_modules/cliui wrap-ansi@7.0.0 OK for: cliui@8.0.1 want: ^7.0.0
3358 silly placeDep node_modules/firebase-tools compress-commons@6.0.2 OK for: zip-stream@6.0.1 want: ^6.0.2
3359 silly fetch manifest crc-32@^1.2.0
3360 silly packumentCache full:https://registry.npmjs.org/crc-32 cache-miss
3361 silly fetch manifest crc32-stream@^6.0.0
3362 silly packumentCache full:https://registry.npmjs.org/crc32-stream cache-miss
3363 http cache https://registry.npmjs.org/crc32-stream 9ms (cache hit)
3364 silly packumentCache full:https://registry.npmjs.org/crc32-stream set size:49384 disposed:false
3365 http cache https://registry.npmjs.org/crc-32 14ms (cache hit)
3366 silly packumentCache full:https://registry.npmjs.org/crc-32 set size:32170 disposed:false
3367 silly placeDep node_modules/firebase-tools crc-32@1.2.2 OK for: compress-commons@6.0.2 want: ^1.2.0
3368 silly placeDep node_modules/firebase-tools crc32-stream@6.0.0 OK for: compress-commons@6.0.2 want: ^6.0.0
3369 silly placeDep node_modules/firebase-tools/node_modules/@apidevtools/json-schema-ref-parser argparse@2.0.1 OK for: js-yaml@4.1.1 want: ^2.0.1
3370 silly placeDep node_modules/firebase-tools/node_modules/@google-cloud/cloud-sql-connector node-fetch@3.3.2 OK for: gaxios@7.1.3 want: ^3.3.2
3371 silly placeDep node_modules/firebase-tools/node_modules/@google-cloud/cloud-sql-connector gcp-metadata@8.1.2 OK for: google-auth-library@10.5.0 want: ^8.0.0
3372 silly placeDep node_modules/firebase-tools/node_modules/@google-cloud/cloud-sql-connector google-logging-utils@1.1.3 OK for: google-auth-library@10.5.0 want: ^1.0.0
3373 silly placeDep node_modules/firebase-tools/node_modules/@google-cloud/cloud-sql-connector gtoken@8.0.0 OK for: google-auth-library@10.5.0 want: ^8.0.0
3374 silly placeDep node_modules/firebase-tools/node_modules/@google-cloud/cloud-sql-connector data-uri-to-buffer@4.0.1 OK for: node-fetch@3.3.2 want: ^4.0.0
3375 silly placeDep node_modules/firebase-tools fetch-blob@3.2.0 OK for: node-fetch@3.3.2 want: ^3.1.4
3376 silly placeDep node_modules/firebase-tools formdata-polyfill@4.0.10 OK for: node-fetch@3.3.2 want: ^4.0.10
3377 silly fetch manifest node-domexception@^1.0.0
3378 silly packumentCache full:https://registry.npmjs.org/node-domexception cache-miss
3379 silly fetch manifest web-streams-polyfill@^3.0.3
3380 silly packumentCache full:https://registry.npmjs.org/web-streams-polyfill cache-miss
3381 http cache https://registry.npmjs.org/node-domexception 26ms (cache hit)
3382 silly packumentCache full:https://registry.npmjs.org/node-domexception set size:11516 disposed:false
3383 http cache https://registry.npmjs.org/web-streams-polyfill 29ms (cache hit)
3384 silly packumentCache full:https://registry.npmjs.org/web-streams-polyfill set size:136634 disposed:false
3385 silly placeDep node_modules/firebase-tools node-domexception@1.0.0 OK for: fetch-blob@3.2.0 want: ^1.0.0
3386 silly placeDep node_modules/firebase-tools web-streams-polyfill@3.3.3 OK for: fetch-blob@3.2.0 want: ^3.0.3
3387 silly placeDep node_modules/firebase-tools/node_modules/@google-cloud/pubsub gaxios@7.1.3 OK for: google-auth-library@10.5.0 want: ^7.0.0
3388 silly placeDep node_modules/firebase-tools/node_modules/@google-cloud/pubsub gcp-metadata@8.1.2 OK for: google-auth-library@10.5.0 want: ^8.0.0
3389 silly placeDep node_modules/firebase-tools/node_modules/@google-cloud/pubsub google-logging-utils@1.1.3 OK for: google-auth-library@10.5.0 want: ^1.0.0
3390 silly placeDep node_modules/firebase-tools/node_modules/@google-cloud/pubsub gtoken@8.0.0 OK for: google-auth-library@10.5.0 want: ^8.0.0
3391 silly placeDep node_modules/firebase-tools/node_modules/@google-cloud/pubsub node-fetch@3.3.2 OK for: gaxios@7.1.3 want: ^3.3.2
3392 silly placeDep node_modules/firebase-tools/node_modules/@google-cloud/pubsub data-uri-to-buffer@4.0.1 OK for: node-fetch@3.3.2 want: ^4.0.0
3393 silly placeDep node_modules/firebase-tools eastasianwidth@0.2.0 OK for: string-width@5.1.2 want: ^0.2.0
3394 silly placeDep node_modules/firebase-tools/node_modules/@isaacs/cliui emoji-regex@9.2.2 OK for: string-width@5.1.2 want: ^9.2.2
3395 silly placeDep node_modules/firebase-tools/node_modules/@isaacs/cliui ansi-styles@6.2.3 OK for: wrap-ansi@8.1.0 want: ^6.1.0
3396 silly placeDep node_modules/firebase-tools/node_modules/@modelcontextprotocol/sdk accepts@2.0.0 OK for: express@5.2.1 want: ^2.0.0
3397 silly placeDep node_modules/firebase-tools/node_modules/@modelcontextprotocol/sdk body-parser@2.2.2 OK for: express@5.2.1 want: ^2.2.1
3398 silly placeDep node_modules/firebase-tools/node_modules/@modelcontextprotocol/sdk content-disposition@1.0.1 OK for: express@5.2.1 want: ^1.0.0
3399 silly placeDep node_modules/firebase-tools/node_modules/@modelcontextprotocol/sdk cookie-signature@1.2.2 OK for: express@5.2.1 want: ^1.2.1
3400 silly placeDep node_modules/firebase-tools/node_modules/@modelcontextprotocol/sdk debug@4.4.3 OK for: express@5.2.1 want: ^4.4.0
3401 silly placeDep node_modules/firebase-tools/node_modules/@modelcontextprotocol/sdk finalhandler@2.1.1 OK for: express@5.2.1 want: ^2.1.0
3402 silly placeDep node_modules/firebase-tools/node_modules/@modelcontextprotocol/sdk fresh@2.0.0 OK for: express@5.2.1 want: ^2.0.0
3403 silly placeDep node_modules/firebase-tools/node_modules/@modelcontextprotocol/sdk merge-descriptors@2.0.0 OK for: express@5.2.1 want: ^2.0.0
3404 silly placeDep node_modules/firebase-tools/node_modules/@modelcontextprotocol/sdk mime-types@3.0.2 OK for: express@5.2.1 want: ^3.0.0
3405 silly placeDep node_modules/firebase-tools/node_modules/@modelcontextprotocol/sdk send@1.2.1 OK for: express@5.2.1 want: ^1.1.0
3406 silly placeDep node_modules/firebase-tools/node_modules/@modelcontextprotocol/sdk serve-static@2.2.1 OK for: express@5.2.1 want: ^2.2.0
3407 silly placeDep node_modules/firebase-tools/node_modules/@modelcontextprotocol/sdk type-is@2.0.1 OK for: express@5.2.1 want: ^2.0.1
3408 silly fetch manifest debug@^4.4.3
3409 silly packumentCache full:https://registry.npmjs.org/debug cache-hit
3410 silly fetch manifest mime-db@^1.54.0
3411 silly packumentCache full:https://registry.npmjs.org/mime-db cache-hit
3412 silly fetch manifest media-typer@^1.1.0
3413 silly packumentCache full:https://registry.npmjs.org/media-typer cache-hit
3414 silly placeDep node_modules/firebase-tools/node_modules/@modelcontextprotocol/sdk negotiator@1.0.0 OK for: accepts@2.0.0 want: ^1.0.0
3415 silly placeDep node_modules/firebase-tools/node_modules/@modelcontextprotocol/sdk ms@2.1.3 OK for: debug@4.4.3 want: ^2.1.3
3416 silly placeDep node_modules/firebase-tools/node_modules/@modelcontextprotocol/sdk mime-db@1.54.0 OK for: mime-types@3.0.2 want: ^1.54.0
3417 silly placeDep node_modules/firebase-tools/node_modules/@modelcontextprotocol/sdk media-typer@1.1.0 OK for: type-is@2.0.1 want: ^1.1.0
3418 silly placeDep node_modules/firebase-tools/node_modules/ansi-styles color-name@1.1.4 OK for: color-convert@2.0.1 want: ~1.1.4
3419 silly placeDep node_modules/firebase-tools util-deprecate@1.0.2 OK for: readable-stream@3.6.2 want: ^1.0.1
3420 silly placeDep node_modules/firebase-tools/node_modules/boxen strip-ansi@6.0.1 OK for: wrap-ansi@7.0.0 want: ^6.0.0
3421 silly placeDep node_modules/firebase-tools/node_modules/boxen ansi-regex@5.0.1 OK for: strip-ansi@6.0.1 want: ^5.0.1
3422 silly placeDep node_modules/firebase-tools/node_modules/cacache minimatch@10.1.2 OK for: glob@13.0.1 want: ^10.1.2
3423 silly placeDep node_modules/firebase-tools/node_modules/cacache path-scurry@2.0.1 OK for: glob@13.0.1 want: ^2.0.0
3424 silly fetch manifest @isaacs/brace-expansion@^5.0.1
3425 silly packumentCache full:https://registry.npmjs.org/@isaacs%2fbrace-expansion cache-miss
3426 http cache https://registry.npmjs.org/@isaacs%2fbrace-expansion 11ms (cache hit)
3427 silly packumentCache full:https://registry.npmjs.org/@isaacs%2fbrace-expansion set size:7366 disposed:false
3428 silly placeDep node_modules/firebase-tools @isaacs/brace-expansion@5.0.1 OK for: minimatch@10.1.2 want: ^5.0.1
3429 silly fetch manifest @isaacs/balanced-match@^4.0.1
3430 silly packumentCache full:https://registry.npmjs.org/@isaacs%2fbalanced-match cache-miss
3431 http cache https://registry.npmjs.org/@isaacs%2fbalanced-match 13ms (cache hit)
3432 silly packumentCache full:https://registry.npmjs.org/@isaacs%2fbalanced-match set size:7823 disposed:false
3433 silly placeDep node_modules/firebase-tools @isaacs/balanced-match@4.0.1 OK for: @isaacs/brace-expansion@5.0.1 want: ^4.0.1
3434 silly placeDep node_modules/firebase-tools/node_modules/cli-highlight cliui@7.0.4 OK for: yargs@16.2.0 want: ^7.0.2
3435 silly placeDep node_modules/firebase-tools/node_modules/cli-highlight yargs-parser@20.2.9 OK for: yargs@16.2.0 want: ^20.2.2
3436 silly placeDep node_modules/firebase-tools/node_modules/cli-highlight strip-ansi@6.0.1 OK for: cliui@7.0.4 want: ^6.0.0
3437 silly placeDep node_modules/firebase-tools/node_modules/cli-highlight wrap-ansi@7.0.0 OK for: cliui@7.0.4 want: ^7.0.0
3438 silly placeDep node_modules/firebase-tools/node_modules/cli-highlight ansi-regex@5.0.1 OK for: strip-ansi@6.0.1 want: ^5.0.1
3439 silly placeDep node_modules/firebase-tools/node_modules/cliui ansi-regex@5.0.1 OK for: strip-ansi@6.0.1 want: ^5.0.1
3440 silly placeDep node_modules/firebase-tools/node_modules/connect encodeurl@1.0.2 OK for: finalhandler@1.1.2 want: ~1.0.2
3441 silly placeDep node_modules/firebase-tools/node_modules/connect on-finished@2.3.0 OK for: finalhandler@1.1.2 want: ~2.3.0
3442 silly placeDep node_modules/firebase-tools/node_modules/connect statuses@1.5.0 OK for: finalhandler@1.1.2 want: ~1.5.0
3443 silly placeDep node_modules/firebase-tools/node_modules/exegesis iconv-lite@0.4.24 OK for: raw-body@2.5.3 want: ~0.4.24
3444 silly placeDep node_modules/firebase-tools/node_modules/get-uri ms@2.1.3 OK for: debug@4.4.3 want: ^2.1.3
3445 silly placeDep node_modules/firebase-tools/node_modules/glob brace-expansion@2.0.2 OK for: minimatch@9.0.5 want: ^2.0.1
3446 silly placeDep node_modules/firebase-tools/node_modules/google-gax gaxios@7.1.3 OK for: google-auth-library@10.5.0 want: ^7.0.0
3447 silly placeDep node_modules/firebase-tools/node_modules/google-gax gcp-metadata@8.1.2 OK for: google-auth-library@10.5.0 want: ^8.0.0
3448 silly placeDep node_modules/firebase-tools/node_modules/google-gax gtoken@8.0.0 OK for: google-auth-library@10.5.0 want: ^8.0.0
3449 silly placeDep node_modules/firebase-tools/node_modules/google-gax data-uri-to-buffer@4.0.1 OK for: node-fetch@3.3.2 want: ^4.0.0
3450 silly placeDep node_modules/firebase-tools/node_modules/googleapis-common node-fetch@3.3.2 OK for: gaxios@7.1.3 want: ^3.3.2
3451 silly placeDep node_modules/firebase-tools/node_modules/googleapis-common gcp-metadata@8.1.2 OK for: google-auth-library@10.5.0 want: ^8.0.0
3452 silly placeDep node_modules/firebase-tools/node_modules/googleapis-common google-logging-utils@1.1.3 OK for: google-auth-library@10.5.0 want: ^1.0.0
3453 silly placeDep node_modules/firebase-tools/node_modules/googleapis-common gtoken@8.0.0 OK for: google-auth-library@10.5.0 want: ^8.0.0
3454 silly placeDep node_modules/firebase-tools/node_modules/googleapis-common data-uri-to-buffer@4.0.1 OK for: node-fetch@3.3.2 want: ^4.0.0
3455 silly placeDep node_modules/firebase-tools/node_modules/http-proxy-agent ms@2.1.3 OK for: debug@4.4.3 want: ^2.1.3
3456 silly placeDep node_modules/firebase-tools/node_modules/https-proxy-agent ms@2.1.3 OK for: debug@4.4.3 want: ^2.1.3
3457 silly placeDep node_modules/firebase-tools core-util-is@1.0.3 OK for: readable-stream@2.3.8 want: ~1.0.0
3458 silly placeDep node_modules/firebase-tools isarray@1.0.0 OK for: readable-stream@2.3.8 want: ~1.0.0
3459 silly placeDep node_modules/firebase-tools process-nextick-args@2.0.1 OK for: readable-stream@2.3.8 want: ~2.0.0
3460 silly placeDep node_modules/firebase-tools/node_modules/lazystream safe-buffer@5.1.2 OK for: readable-stream@2.3.8 want: ~5.1.1
3461 silly placeDep node_modules/firebase-tools/node_modules/lazystream string_decoder@1.1.1 OK for: readable-stream@2.3.8 want: ~1.1.1
3462 silly placeDep node_modules/firebase-tools/node_modules/minipass-flush yallist@4.0.0 OK for: minipass@3.3.6 want: ^4.0.0
3463 silly placeDep node_modules/firebase-tools/node_modules/minipass-pipeline yallist@4.0.0 OK for: minipass@3.3.6 want: ^4.0.0
3464 silly placeDep node_modules/firebase-tools/node_modules/node-gyp isexe@3.1.4 OK for: which@6.0.0 want: ^3.1.1
3465 silly placeDep node_modules/firebase-tools/node_modules/ora ansi-regex@5.0.1 OK for: strip-ansi@6.0.1 want: ^5.0.1
3466 silly placeDep node_modules/firebase-tools/node_modules/pac-proxy-agent ms@2.1.3 OK for: debug@4.4.3 want: ^2.1.3
3467 silly placeDep node_modules/firebase-tools/node_modules/portfinder ms@2.1.3 OK for: debug@4.4.3 want: ^2.1.3
3468 silly placeDep node_modules/firebase-tools/node_modules/proxy-agent ms@2.1.3 OK for: debug@4.4.3 want: ^2.1.3
3469 silly placeDep node_modules/firebase-tools/node_modules/readdir-glob brace-expansion@2.0.2 OK for: minimatch@5.1.6 want: ^2.0.1
3470 silly placeDep node_modules/firebase-tools/node_modules/router ms@2.1.3 OK for: debug@4.4.3 want: ^2.1.3
3471 silly placeDep node_modules/firebase-tools/node_modules/socks-proxy-agent ms@2.1.3 OK for: debug@4.4.3 want: ^2.1.3
3472 silly placeDep node_modules/firebase-tools/node_modules/string-width-cjs ansi-regex@5.0.1 OK for: strip-ansi@6.0.1 want: ^5.0.1
3473 silly placeDep node_modules/firebase-tools/node_modules/string-width ansi-regex@5.0.1 OK for: strip-ansi@6.0.1 want: ^5.0.1
3474 silly placeDep node_modules/firebase-tools/node_modules/superstatic brace-expansion@2.0.2 OK for: minimatch@6.2.0 want: ^2.0.1
3475 silly placeDep node_modules/firebase-tools/node_modules/superstatic isarray@0.0.1 OK for: path-to-regexp@1.9.0 want: 0.0.1
3476 silly placeDep node_modules/firebase-tools/node_modules/tcp-port-used ms@2.1.2 OK for: debug@4.3.1 want: 2.1.2
3477 silly placeDep node_modules/firebase-tools @tootallnate/once@2.0.0 OK for: http-proxy-agent@5.0.0 want: 2
3478 silly placeDep node_modules/firebase-tools/node_modules/teeny-request agent-base@6.0.2 OK for: http-proxy-agent@5.0.0 want: 6
3479 silly placeDep node_modules/firebase-tools/node_modules/teeny-request debug@4.4.3 OK for: http-proxy-agent@5.0.0 want: 4
3480 silly placeDep node_modules/firebase-tools/node_modules/teeny-request ms@2.1.3 OK for: debug@4.4.3 want: ^2.1.3
3481 silly placeDep node_modules/firebase-tools/node_modules/teeny-request data-uri-to-buffer@4.0.1 OK for: node-fetch@3.3.2 want: ^4.0.0
3482 silly placeDep node_modules/firebase-tools/node_modules/through2 safe-buffer@5.1.2 OK for: readable-stream@2.3.8 want: ~5.1.1
3483 silly placeDep node_modules/firebase-tools/node_modules/through2 string_decoder@1.1.1 OK for: readable-stream@2.3.8 want: ~1.1.1
3484 silly placeDep node_modules/firebase-tools/node_modules/universal-analytics ms@2.1.3 OK for: debug@4.4.3 want: ^2.1.3
3485 silly placeDep node_modules/firebase-tools/node_modules/wrap-ansi-cjs ansi-regex@5.0.1 OK for: strip-ansi@6.0.1 want: ^5.0.1
3486 silly placeDep node_modules/firebase-tools/node_modules/wrap-ansi ansi-regex@5.0.1 OK for: strip-ansi@6.0.1 want: ^5.0.1
3487 warn EBADENGINE Unsupported engine {
3487 warn EBADENGINE   package: 'superstatic@10.0.0',
3487 warn EBADENGINE   required: { node: '20 || 22 || 24' },
3487 warn EBADENGINE   current: { node: 'v25.3.0', npm: '11.9.0' }
3487 warn EBADENGINE }
3488 silly reify mark retired [
3488 silly reify   '/data/data/com.termux/files/usr/lib/node_modules/firebase-tools',
3488 silly reify   '/data/data/com.termux/files/usr/bin/firebase'
3488 silly reify ]
3489 silly reify moves {
3489 silly reify   '/data/data/com.termux/files/usr/lib/node_modules/firebase-tools': '/data/data/com.termux/files/usr/lib/node_modules/.firebase-tools-Xo7Zyb7Z',
3489 silly reify   '/data/data/com.termux/files/usr/bin/firebase': '/data/data/com.termux/files/usr/bin/.firebase-KmvOTo4B'
3489 silly reify }
3490 http cache firebase-tools@https://registry.npmjs.org/firebase-tools/-/firebase-tools-15.5.1.tgz 0ms (cache hit)
3491 http cache @isaacs/balanced-match@https://registry.npmjs.org/@isaacs/balanced-match/-/balanced-match-4.0.1.tgz 0ms (cache hit)
3492 http cache @isaacs/brace-expansion@https://registry.npmjs.org/@isaacs/brace-expansion/-/brace-expansion-5.0.1.tgz 0ms (cache hit)
3493 http cache unique-slug@https://registry.npmjs.org/unique-slug/-/unique-slug-6.0.0.tgz 0ms (cache hit)
3494 http cache chownr@https://registry.npmjs.org/chownr/-/chownr-3.0.0.tgz 0ms (cache hit)
3495 http cache yallist@https://registry.npmjs.org/yallist/-/yallist-5.0.0.tgz 0ms (cache hit)
3496 http cache @isaacs/fs-minipass@https://registry.npmjs.org/@isaacs/fs-minipass/-/fs-minipass-4.0.1.tgz 0ms (cache hit)
3497 http cache err-code@https://registry.npmjs.org/err-code/-/err-code-2.0.3.tgz 0ms (cache hit)
3498 http cache minipass-sized@https://registry.npmjs.org/minipass-sized/-/minipass-sized-2.0.0.tgz 0ms (cache hit)
3499 http cache minizlib@https://registry.npmjs.org/minizlib/-/minizlib-3.1.0.tgz 0ms (cache hit)
3500 http cache p-map@https://registry.npmjs.org/p-map/-/p-map-7.0.4.tgz 0ms (cache hit)
3501 http cache minipass-collect@https://registry.npmjs.org/minipass-collect/-/minipass-collect-2.0.1.tgz 0ms (cache hit)
3502 http cache fs-minipass@https://registry.npmjs.org/fs-minipass/-/fs-minipass-3.0.3.tgz 0ms (cache hit)
3503 http cache unique-filename@https://registry.npmjs.org/unique-filename/-/unique-filename-5.0.0.tgz 0ms (cache hit)
3504 http cache abbrev@https://registry.npmjs.org/abbrev/-/abbrev-4.0.0.tgz 0ms (cache hit)
3505 http cache promise-retry@https://registry.npmjs.org/promise-retry/-/promise-retry-2.0.1.tgz 0ms (cache hit)
3506 http cache retry@https://registry.npmjs.org/retry/-/retry-0.12.0.tgz 0ms (cache hit)
3507 http cache minipass-pipeline@https://registry.npmjs.org/minipass-pipeline/-/minipass-pipeline-1.2.4.tgz 0ms (cache hit)
3508 http cache @npmcli/fs@https://registry.npmjs.org/@npmcli/fs/-/fs-5.0.0.tgz 0ms (cache hit)
3509 http cache ssri@https://registry.npmjs.org/ssri/-/ssri-13.0.0.tgz 0ms (cache hit)
3510 http cache yallist@https://registry.npmjs.org/yallist/-/yallist-4.0.0.tgz 0ms (cache hit)
3511 http cache minipass@https://registry.npmjs.org/minipass/-/minipass-3.3.6.tgz 0ms (cache hit)
3512 http cache minipass-flush@https://registry.npmjs.org/minipass-flush/-/minipass-flush-1.0.5.tgz 0ms (cache hit)
3513 http cache minipass-fetch@https://registry.npmjs.org/minipass-fetch/-/minipass-fetch-5.0.1.tgz 0ms (cache hit)
3514 http cache http-cache-semantics@https://registry.npmjs.org/http-cache-semantics/-/http-cache-semantics-4.2.0.tgz 0ms (cache hit)
3515 http cache minipass@https://registry.npmjs.org/minipass/-/minipass-3.3.6.tgz 0ms (cache hit)
3516 http cache cacache@https://registry.npmjs.org/cacache/-/cacache-20.0.3.tgz 0ms (cache hit)
3517 http cache path-scurry@https://registry.npmjs.org/path-scurry/-/path-scurry-2.0.1.tgz 0ms (cache hit)
3518 http cache lru-cache@https://registry.npmjs.org/lru-cache/-/lru-cache-11.2.5.tgz 0ms (cache hit)
3519 http cache minimatch@https://registry.npmjs.org/minimatch/-/minimatch-10.1.2.tgz 0ms (cache hit)
3520 http cache glob@https://registry.npmjs.org/glob/-/glob-13.0.1.tgz 0ms (cache hit)
3521 http cache @npmcli/agent@https://registry.npmjs.org/@npmcli/agent/-/agent-4.0.0.tgz 0ms (cache hit)
3522 http cache lru-cache@https://registry.npmjs.org/lru-cache/-/lru-cache-11.2.5.tgz 0ms (cache hit)
3523 http cache tinyglobby@https://registry.npmjs.org/tinyglobby/-/tinyglobby-0.2.15.tgz 0ms (cache hit)
3524 http cache tar@https://registry.npmjs.org/tar/-/tar-7.5.7.tgz 0ms (cache hit)
3525 http cache picomatch@https://registry.npmjs.org/picomatch/-/picomatch-4.0.3.tgz 0ms (cache hit)
3526 http cache fdir@https://registry.npmjs.org/fdir/-/fdir-6.5.0.tgz 0ms (cache hit)
3527 http cache make-fetch-happen@https://registry.npmjs.org/make-fetch-happen/-/make-fetch-happen-15.0.3.tgz 0ms (cache hit)
3528 http cache nopt@https://registry.npmjs.org/nopt/-/nopt-9.0.0.tgz 0ms (cache hit)
3529 http cache env-paths@https://registry.npmjs.org/env-paths/-/env-paths-2.2.1.tgz 0ms (cache hit)
3530 http cache negotiator@https://registry.npmjs.org/negotiator/-/negotiator-1.0.0.tgz 0ms (cache hit)
3531 http cache node-gyp@https://registry.npmjs.org/node-gyp/-/node-gyp-12.2.0.tgz 0ms (cache hit)
3532 http cache proc-log@https://registry.npmjs.org/proc-log/-/proc-log-6.1.0.tgz 0ms (cache hit)
3533 http cache isexe@https://registry.npmjs.org/isexe/-/isexe-3.1.4.tgz 0ms (cache hit)
3534 http cache exponential-backoff@https://registry.npmjs.org/exponential-backoff/-/exponential-backoff-3.1.3.tgz 0ms (cache hit)
3535 http cache which@https://registry.npmjs.org/which/-/which-6.0.0.tgz 0ms (cache hit)
3536 http cache nan@https://registry.npmjs.org/nan/-/nan-2.25.0.tgz 0ms (cache hit)
3537 http cache proc-log@https://registry.npmjs.org/proc-log/-/proc-log-6.1.0.tgz 0ms (cache hit)
3538 http cache install-artifact-from-github@https://registry.npmjs.org/install-artifact-from-github/-/install-artifact-from-github-1.4.0.tgz 0ms (cache hit)
3539 http cache re2@https://registry.npmjs.org/re2/-/re2-1.23.2.tgz 0ms (cache hit)
3540 http cache @inquirer/select@https://registry.npmjs.org/@inquirer/select/-/select-4.4.2.tgz 0ms (cache hit)
3541 http cache @types/node@https://registry.npmjs.org/@types/node/-/node-25.2.2.tgz 0ms (cache hit)
3542 http cache @inquirer/editor@https://registry.npmjs.org/@inquirer/editor/-/editor-4.2.23.tgz 0ms (cache hit)
3543 http cache @types/json-schema@https://registry.npmjs.org/@types/json-schema/-/json-schema-7.0.15.tgz 0ms (cache hit)
3544 http cache @types/triple-beam@https://registry.npmjs.org/@types/triple-beam/-/triple-beam-1.3.5.tgz 0ms (cache hit)
3545 http cache string_decoder@https://registry.npmjs.org/string_decoder/-/string_decoder-1.3.0.tgz 0ms (cache hit)
3546 http cache @tsconfig/node10@https://registry.npmjs.org/@tsconfig/node10/-/node10-1.0.12.tgz 0ms (cache hit)
3547 http cache registry-auth-token@https://registry.npmjs.org/registry-auth-token/-/registry-auth-token-5.1.1.tgz 0ms (cache hit)
3548 http cache @tsconfig/node16@https://registry.npmjs.org/@tsconfig/node16/-/node16-1.0.4.tgz 0ms (cache hit)
3549 http cache @tsconfig/node14@https://registry.npmjs.org/@tsconfig/node14/-/node14-1.0.3.tgz 0ms (cache hit)
3550 http cache statuses@https://registry.npmjs.org/statuses/-/statuses-2.0.2.tgz 0ms (cache hit)
3551 http cache @tsconfig/node12@https://registry.npmjs.org/@tsconfig/node12/-/node12-1.0.11.tgz 0ms (cache hit)
3552 http cache @tootallnate/once@https://registry.npmjs.org/@tootallnate/once/-/once-2.0.0.tgz 0ms (cache hit)
3553 http cache @tootallnate/quickjs-emscripten@https://registry.npmjs.org/@tootallnate/quickjs-emscripten/-/quickjs-emscripten-0.23.0.tgz 0ms (cache hit)
3554 http cache @so-ric/colorspace@https://registry.npmjs.org/@so-ric/colorspace/-/colorspace-1.1.6.tgz 0ms (cache hit)
3555 http cache @sindresorhus/is@https://registry.npmjs.org/@sindresorhus/is/-/is-4.6.0.tgz 0ms (cache hit)
3556 http cache @protobufjs/pool@https://registry.npmjs.org/@protobufjs/pool/-/pool-1.1.0.tgz 0ms (cache hit)
3557 http cache @protobufjs/path@https://registry.npmjs.org/@protobufjs/path/-/path-1.1.2.tgz 0ms (cache hit)
3558 http cache @protobufjs/fetch@https://registry.npmjs.org/@protobufjs/fetch/-/fetch-1.1.0.tgz 0ms (cache hit)
3559 http cache @protobufjs/utf8@https://registry.npmjs.org/@protobufjs/utf8/-/utf8-1.1.0.tgz 0ms (cache hit)
3560 http cache @protobufjs/inquire@https://registry.npmjs.org/@protobufjs/inquire/-/inquire-1.1.0.tgz 0ms (cache hit)
3561 http cache @protobufjs/eventemitter@https://registry.npmjs.org/@protobufjs/eventemitter/-/eventemitter-1.1.0.tgz 0ms (cache hit)
3562 http cache @protobufjs/aspromise@https://registry.npmjs.org/@protobufjs/aspromise/-/aspromise-1.1.2.tgz 0ms (cache hit)
3563 http cache @protobufjs/float@https://registry.npmjs.org/@protobufjs/float/-/float-1.0.2.tgz 0ms (cache hit)
3564 http cache @protobufjs/codegen@https://registry.npmjs.org/@protobufjs/codegen/-/codegen-2.0.4.tgz 0ms (cache hit)
3565 http cache @pnpm/npm-conf@https://registry.npmjs.org/@pnpm/npm-conf/-/npm-conf-3.0.2.tgz 0ms (cache hit)
3566 http cache @npmcli/promise-spawn@https://registry.npmjs.org/@npmcli/promise-spawn/-/promise-spawn-3.0.0.tgz 0ms (cache hit)
3567 http cache @protobufjs/base64@https://registry.npmjs.org/@protobufjs/base64/-/base64-1.1.2.tgz 0ms (cache hit)
3568 http cache @opentelemetry/core@https://registry.npmjs.org/@opentelemetry/core/-/core-1.30.1.tgz 0ms (cache hit)
3569 http cache @pnpm/network.ca-file@https://registry.npmjs.org/@pnpm/network.ca-file/-/network.ca-file-1.0.2.tgz 0ms (cache hit)
3570 http cache @opentelemetry/semantic-conventions@https://registry.npmjs.org/@opentelemetry/semantic-conventions/-/semantic-conventions-1.28.0.tgz 0ms (cache hit)
3571 http cache @opentelemetry/api@https://registry.npmjs.org/@opentelemetry/api/-/api-1.9.0.tgz 0ms (cache hit)
3572 http cache graceful-fs@https://registry.npmjs.org/graceful-fs/-/graceful-fs-4.2.10.tgz 0ms (cache hit)
3573 http cache @pnpm/config.env-replace@https://registry.npmjs.org/@pnpm/config.env-replace/-/config.env-replace-1.1.0.tgz 0ms (cache hit)
3574 http cache @pkgjs/parseargs@https://registry.npmjs.org/@pkgjs/parseargs/-/parseargs-0.11.0.tgz 0ms (cache hit)
3575 http cache @modelcontextprotocol/sdk@https://registry.npmjs.org/@modelcontextprotocol/sdk/-/sdk-1.26.0.tgz 0ms (cache hit)
3576 http cache @opentelemetry/semantic-conventions@https://registry.npmjs.org/@opentelemetry/semantic-conventions/-/semantic-conventions-1.34.0.tgz 0ms (cache hit)
3577 http cache @js-sdsl/ordered-map@https://registry.npmjs.org/@js-sdsl/ordered-map/-/ordered-map-4.4.2.tgz 0ms (cache hit)
3578 http cache mime-types@https://registry.npmjs.org/mime-types/-/mime-types-3.0.2.tgz 0ms (cache hit)
3579 http cache type-is@https://registry.npmjs.org/type-is/-/type-is-2.0.1.tgz 0ms (cache hit)
3580 http cache serve-static@https://registry.npmjs.org/serve-static/-/serve-static-2.2.1.tgz 0ms (cache hit)
3581 http cache mime-db@https://registry.npmjs.org/mime-db/-/mime-db-1.54.0.tgz 0ms (cache hit)
3582 http cache ms@https://registry.npmjs.org/ms/-/ms-2.1.3.tgz 0ms (cache hit)
3583 http cache negotiator@https://registry.npmjs.org/negotiator/-/negotiator-1.0.0.tgz 0ms (cache hit)
3584 http cache send@https://registry.npmjs.org/send/-/send-1.2.1.tgz 0ms (cache hit)
3585 http cache content-disposition@https://registry.npmjs.org/content-disposition/-/content-disposition-1.0.1.tgz 0ms (cache hit)
3586 http cache debug@https://registry.npmjs.org/debug/-/debug-4.4.3.tgz 0ms (cache hit)
3587 http cache media-typer@https://registry.npmjs.org/media-typer/-/media-typer-1.1.0.tgz 0ms (cache hit)
3588 http cache finalhandler@https://registry.npmjs.org/finalhandler/-/finalhandler-2.1.1.tgz 0ms (cache hit)
3589 http cache fresh@https://registry.npmjs.org/fresh/-/fresh-2.0.0.tgz 0ms (cache hit)
3590 http cache merge-descriptors@https://registry.npmjs.org/merge-descriptors/-/merge-descriptors-2.0.0.tgz 0ms (cache hit)
3591 http cache cookie-signature@https://registry.npmjs.org/cookie-signature/-/cookie-signature-1.2.2.tgz 0ms (cache hit)
3592 http cache express@https://registry.npmjs.org/express/-/express-5.2.1.tgz 0ms (cache hit)
3593 http cache body-parser@https://registry.npmjs.org/body-parser/-/body-parser-2.2.2.tgz 0ms (cache hit)
3594 http cache accepts@https://registry.npmjs.org/accepts/-/accepts-2.0.0.tgz 0ms (cache hit)
3595 http cache @jridgewell/trace-mapping@https://registry.npmjs.org/@jridgewell/trace-mapping/-/trace-mapping-0.3.9.tgz 0ms (cache hit)
3596 http cache @jridgewell/resolve-uri@https://registry.npmjs.org/@jridgewell/resolve-uri/-/resolve-uri-3.1.2.tgz 0ms (cache hit)
3597 http cache @inquirer/type@https://registry.npmjs.org/@inquirer/type/-/type-3.0.10.tgz 0ms (cache hit)
3598 http cache @inquirer/rawlist@https://registry.npmjs.org/@inquirer/rawlist/-/rawlist-4.1.11.tgz 0ms (cache hit)
3599 http cache @jsdevtools/ono@https://registry.npmjs.org/@jsdevtools/ono/-/ono-7.1.3.tgz 0ms (cache hit)
3600 http cache @isaacs/cliui@https://registry.npmjs.org/@isaacs/cliui/-/cliui-8.0.2.tgz 0ms (cache hit)
3601 http cache wrap-ansi@https://registry.npmjs.org/wrap-ansi/-/wrap-ansi-8.1.0.tgz 0ms (cache hit)
3602 http cache string-width@https://registry.npmjs.org/string-width/-/string-width-5.1.2.tgz 0ms (cache hit)
3603 http cache ansi-styles@https://registry.npmjs.org/ansi-styles/-/ansi-styles-6.2.3.tgz 0ms (cache hit)
3604 http cache @inquirer/figures@https://registry.npmjs.org/@inquirer/figures/-/figures-1.0.15.tgz 0ms (cache hit)
3605 http cache emoji-regex@https://registry.npmjs.org/emoji-regex/-/emoji-regex-9.2.2.tgz 0ms (cache hit)
3606 http cache @inquirer/number@https://registry.npmjs.org/@inquirer/number/-/number-3.0.23.tgz 0ms (cache hit)
3607 http cache dot-prop@https://registry.npmjs.org/dot-prop/-/dot-prop-5.3.0.tgz 0ms (cache hit)
3608 http cache @dabh/diagnostics@https://registry.npmjs.org/@dabh/diagnostics/-/diagnostics-2.0.8.tgz 0ms (cache hit)
3609 http cache @inquirer/prompts@https://registry.npmjs.org/@inquirer/prompts/-/prompts-7.10.1.tgz 0ms (cache hit)
3610 http cache @inquirer/password@https://registry.npmjs.org/@inquirer/password/-/password-4.0.23.tgz 0ms (cache hit)
3611 http cache @inquirer/search@https://registry.npmjs.org/@inquirer/search/-/search-3.2.2.tgz 0ms (cache hit)
3612 http cache @inquirer/external-editor@https://registry.npmjs.org/@inquirer/external-editor/-/external-editor-1.0.3.tgz 0ms (cache hit)
3613 http cache @inquirer/input@https://registry.npmjs.org/@inquirer/input/-/input-4.3.1.tgz 0ms (cache hit)
3614 http cache once@https://registry.npmjs.org/once/-/once-1.4.0.tgz 0ms (cache hit)
3615 http cache @inquirer/expand@https://registry.npmjs.org/@inquirer/expand/-/expand-4.0.23.tgz 0ms (cache hit)
3616 http cache @inquirer/checkbox@https://registry.npmjs.org/@inquirer/checkbox/-/checkbox-4.3.2.tgz 0ms (cache hit)
3617 http cache @inquirer/confirm@https://registry.npmjs.org/@inquirer/confirm/-/confirm-5.1.21.tgz 0ms (cache hit)
3618 http cache @inquirer/core@https://registry.npmjs.org/@inquirer/core/-/core-10.3.2.tgz 0ms (cache hit)
3619 http cache @jridgewell/sourcemap-codec@https://registry.npmjs.org/@jridgewell/sourcemap-codec/-/sourcemap-codec-1.5.5.tgz 0ms (cache hit)
3620 http cache @hono/node-server@https://registry.npmjs.org/@hono/node-server/-/node-server-1.19.9.tgz 0ms (cache hit)
3621 http cache @grpc/grpc-js@https://registry.npmjs.org/@grpc/grpc-js/-/grpc-js-1.14.3.tgz 0ms (cache hit)
3622 http cache @inquirer/ansi@https://registry.npmjs.org/@inquirer/ansi/-/ansi-1.0.2.tgz 0ms (cache hit)
3623 http cache @grpc/proto-loader@https://registry.npmjs.org/@grpc/proto-loader/-/proto-loader-0.8.0.tgz 0ms (cache hit)
3624 http cache @google-cloud/promisify@https://registry.npmjs.org/@google-cloud/promisify/-/promisify-5.0.0.tgz 0ms (cache hit)
3625 http cache @google-cloud/pubsub@https://registry.npmjs.org/@google-cloud/pubsub/-/pubsub-5.2.2.tgz 0ms (cache hit)
3626 http cache gaxios@https://registry.npmjs.org/gaxios/-/gaxios-7.1.3.tgz 0ms (cache hit)
3627 http cache gtoken@https://registry.npmjs.org/gtoken/-/gtoken-8.0.0.tgz 0ms (cache hit)
3628 http cache node-fetch@https://registry.npmjs.org/node-fetch/-/node-fetch-3.3.2.tgz 0ms (cache hit)
3629 http cache google-logging-utils@https://registry.npmjs.org/google-logging-utils/-/google-logging-utils-1.1.3.tgz 0ms (cache hit)
3630 http cache gcp-metadata@https://registry.npmjs.org/gcp-metadata/-/gcp-metadata-8.1.2.tgz 0ms (cache hit)
3631 http cache google-auth-library@https://registry.npmjs.org/google-auth-library/-/google-auth-library-10.5.0.tgz 0ms (cache hit)
3632 http cache @google-cloud/projectify@https://registry.npmjs.org/@google-cloud/projectify/-/projectify-5.0.0.tgz 0ms (cache hit)
3633 http cache @google-cloud/paginator@https://registry.npmjs.org/@google-cloud/paginator/-/paginator-6.0.0.tgz 0ms (cache hit)
3634 http cache data-uri-to-buffer@https://registry.npmjs.org/data-uri-to-buffer/-/data-uri-to-buffer-4.0.1.tgz 0ms (cache hit)
3635 http cache @google-cloud/precise-date@https://registry.npmjs.org/@google-cloud/precise-date/-/precise-date-5.0.0.tgz 0ms (cache hit)
3636 http cache @electric-sql/pglite-tools@https://registry.npmjs.org/@electric-sql/pglite-tools/-/pglite-tools-0.2.20.tgz 0ms (cache hit)
3637 http cache @google-cloud/cloud-sql-connector@https://registry.npmjs.org/@google-cloud/cloud-sql-connector/-/cloud-sql-connector-1.9.0.tgz 0ms (cache hit)
3638 http cache @cspotcode/source-map-support@https://registry.npmjs.org/@cspotcode/source-map-support/-/source-map-support-0.8.1.tgz 0ms (cache hit)
3639 http cache yallist@https://registry.npmjs.org/yallist/-/yallist-4.0.0.tgz 0ms (cache hit)
3640 http cache @googleapis/sqladmin@https://registry.npmjs.org/@googleapis/sqladmin/-/sqladmin-35.2.0.tgz 0ms (cache hit)
3641 http cache node-fetch@https://registry.npmjs.org/node-fetch/-/node-fetch-3.3.2.tgz 0ms (cache hit)
3642 http cache gtoken@https://registry.npmjs.org/gtoken/-/gtoken-8.0.0.tgz 0ms (cache hit)
3643 http cache gcp-metadata@https://registry.npmjs.org/gcp-metadata/-/gcp-metadata-8.1.2.tgz 0ms (cache hit)
3644 http cache google-auth-library@https://registry.npmjs.org/google-auth-library/-/google-auth-library-10.5.0.tgz 0ms (cache hit)
3645 http cache google-logging-utils@https://registry.npmjs.org/google-logging-utils/-/google-logging-utils-1.1.3.tgz 0ms (cache hit)
3646 http cache xdg-basedir@https://registry.npmjs.org/xdg-basedir/-/xdg-basedir-4.0.0.tgz 0ms (cache hit)
3647 http cache data-uri-to-buffer@https://registry.npmjs.org/data-uri-to-buffer/-/data-uri-to-buffer-4.0.1.tgz 0ms (cache hit)
3648 http cache gaxios@https://registry.npmjs.org/gaxios/-/gaxios-7.1.3.tgz 0ms (cache hit)
3649 http cache @colors/colors@https://registry.npmjs.org/@colors/colors/-/colors-1.5.0.tgz 0ms (cache hit)
3650 http cache @electric-sql/pglite@https://registry.npmjs.org/@electric-sql/pglite/-/pglite-0.3.15.tgz 0ms (cache hit)
3651 http cache zod@https://registry.npmjs.org/zod/-/zod-3.25.76.tgz 0ms (cache hit)
3652 http cache @apphosting/common@https://registry.npmjs.org/@apphosting/common/-/common-0.0.8.tgz 0ms (cache hit)
3653 http cache zod-to-json-schema@https://registry.npmjs.org/zod-to-json-schema/-/zod-to-json-schema-3.25.1.tgz 0ms (cache hit)
3654 http cache @apphosting/build@https://registry.npmjs.org/@apphosting/build/-/build-0.1.7.tgz 0ms (cache hit)
3655 http cache @apidevtools/json-schema-ref-parser@https://registry.npmjs.org/@apidevtools/json-schema-ref-parser/-/json-schema-ref-parser-9.1.2.tgz 0ms (cache hit)
3656 http cache js-yaml@https://registry.npmjs.org/js-yaml/-/js-yaml-4.1.1.tgz 0ms (cache hit)
3657 http cache argparse@https://registry.npmjs.org/argparse/-/argparse-2.0.1.tgz 0ms (cache hit)
3658 http cache zip-stream@https://registry.npmjs.org/zip-stream/-/zip-stream-6.0.1.tgz 0ms (cache hit)
3659 http cache yoctocolors-cjs@https://registry.npmjs.org/yoctocolors-cjs/-/yoctocolors-cjs-2.1.3.tgz 0ms (cache hit)
3660 http cache yn@https://registry.npmjs.org/yn/-/yn-3.1.1.tgz 0ms (cache hit)
3661 http cache @apphosting/common@https://registry.npmjs.org/@apphosting/common/-/common-0.0.9.tgz 0ms (cache hit)
3662 http cache ws@https://registry.npmjs.org/ws/-/ws-7.5.10.tgz 0ms (cache hit)
3663 http cache commander@https://registry.npmjs.org/commander/-/commander-11.1.0.tgz 0ms (cache hit)
3664 http cache yocto-queue@https://registry.npmjs.org/yocto-queue/-/yocto-queue-0.1.0.tgz 0ms (cache hit)
3665 http cache yaml@https://registry.npmjs.org/yaml/-/yaml-2.8.2.tgz 0ms (cache hit)
3666 http cache y18n@https://registry.npmjs.org/y18n/-/y18n-5.0.8.tgz 0ms (cache hit)
3667 http cache yargs-parser@https://registry.npmjs.org/yargs-parser/-/yargs-parser-21.1.1.tgz 0ms (cache hit)
3668 http cache yargs@https://registry.npmjs.org/yargs/-/yargs-17.7.2.tgz 0ms (cache hit)
3669 http cache readdirp@https://registry.npmjs.org/readdirp/-/readdirp-3.6.0.tgz 0ms (cache hit)
3670 http cache xtend@https://registry.npmjs.org/xtend/-/xtend-4.0.2.tgz 0ms (cache hit)
3671 http cache winston@https://registry.npmjs.org/winston/-/winston-3.19.0.tgz 0ms (cache hit)
3672 http cache @colors/colors@https://registry.npmjs.org/@colors/colors/-/colors-1.6.0.tgz 0ms (cache hit)
3673 http cache readable-stream@https://registry.npmjs.org/readable-stream/-/readable-stream-3.6.2.tgz 0ms (cache hit)
3674 http cache wrap-ansi-cjs@https://registry.npmjs.org/wrap-ansi/-/wrap-ansi-7.0.0.tgz 0ms (cache hit)
3675 http cache ansi-regex@https://registry.npmjs.org/ansi-regex/-/ansi-regex-5.0.1.tgz 0ms (cache hit)
3676 http cache strip-ansi@https://registry.npmjs.org/strip-ansi/-/strip-ansi-6.0.1.tgz 0ms (cache hit)
3677 http cache wrappy@https://registry.npmjs.org/wrappy/-/wrappy-1.0.2.tgz 0ms (cache hit)
3678 http cache write-file-atomic@https://registry.npmjs.org/write-file-atomic/-/write-file-atomic-3.0.3.tgz 0ms (cache hit)
3679 http cache winston-transport@https://registry.npmjs.org/winston-transport/-/winston-transport-4.9.0.tgz 0ms (cache hit)
3680 http cache signal-exit@https://registry.npmjs.org/signal-exit/-/signal-exit-3.0.7.tgz 0ms (cache hit)
3681 http cache widest-line@https://registry.npmjs.org/widest-line/-/widest-line-3.1.0.tgz 0ms (cache hit)
3682 http cache wrap-ansi@https://registry.npmjs.org/wrap-ansi/-/wrap-ansi-6.2.0.tgz 1ms (cache hit)
3683 http cache readable-stream@https://registry.npmjs.org/readable-stream/-/readable-stream-3.6.2.tgz 0ms (cache hit)
3684 http cache webidl-conversions@https://registry.npmjs.org/webidl-conversions/-/webidl-conversions-3.0.1.tgz 0ms (cache hit)
3685 http cache ansi-regex@https://registry.npmjs.org/ansi-regex/-/ansi-regex-5.0.1.tgz 0ms (cache hit)
3686 http cache strip-ansi@https://registry.npmjs.org/strip-ansi/-/strip-ansi-6.0.1.tgz 1ms (cache hit)
3687 http cache which@https://registry.npmjs.org/which/-/which-2.0.2.tgz 0ms (cache hit)
3688 http cache web-streams-polyfill@https://registry.npmjs.org/web-streams-polyfill/-/web-streams-polyfill-3.3.3.tgz 0ms (cache hit)
3689 http cache wcwidth@https://registry.npmjs.org/wcwidth/-/wcwidth-1.0.1.tgz 0ms (cache hit)
3690 http cache whatwg-url@https://registry.npmjs.org/whatwg-url/-/whatwg-url-5.0.0.tgz 0ms (cache hit)
3691 http cache v8-compile-cache-lib@https://registry.npmjs.org/v8-compile-cache-lib/-/v8-compile-cache-lib-3.0.1.tgz 0ms (cache hit)
3692 http cache vary@https://registry.npmjs.org/vary/-/vary-1.1.2.tgz 0ms (cache hit)
3693 http cache valid-url@https://registry.npmjs.org/valid-url/-/valid-url-1.0.9.tgz 0ms (cache hit)
3694 http cache validate-npm-package-name@https://registry.npmjs.org/validate-npm-package-name/-/validate-npm-package-name-5.0.1.tgz 0ms (cache hit)
3695 http cache unique-string@https://registry.npmjs.org/unique-string/-/unique-string-2.0.0.tgz 0ms (cache hit)
3696 http cache utils-merge@https://registry.npmjs.org/utils-merge/-/utils-merge-1.0.1.tgz 0ms (cache hit)
3697 http cache uuid@https://registry.npmjs.org/uuid/-/uuid-8.3.2.tgz 0ms (cache hit)
3698 http cache url-join@https://registry.npmjs.org/url-join/-/url-join-0.0.1.tgz 0ms (cache hit)
3699 http cache util-deprecate@https://registry.npmjs.org/util-deprecate/-/util-deprecate-1.0.2.tgz 0ms (cache hit)
3700 http cache url-template@https://registry.npmjs.org/url-template/-/url-template-2.0.8.tgz 0ms (cache hit)
3701 http cache unpipe@https://registry.npmjs.org/unpipe/-/unpipe-1.0.0.tgz 1ms (cache hit)
3702 http cache chalk@https://registry.npmjs.org/chalk/-/chalk-4.1.2.tgz 0ms (cache hit)
3703 http cache update-notifier-cjs@https://registry.npmjs.org/update-notifier-cjs/-/update-notifier-cjs-5.1.7.tgz 0ms (cache hit)
3704 http cache whatwg-fetch@https://registry.npmjs.org/whatwg-fetch/-/whatwg-fetch-3.6.20.tgz 0ms (cache hit)
3705 http cache type-fest@https://registry.npmjs.org/type-fest/-/type-fest-0.20.2.tgz 0ms (cache hit)
3706 http cache universal-analytics@https://registry.npmjs.org/universal-analytics/-/universal-analytics-0.5.3.tgz 0ms (cache hit)
3707 http cache undici-types@https://registry.npmjs.org/undici-types/-/undici-types-7.16.0.tgz 0ms (cache hit)
3708 http cache debug@https://registry.npmjs.org/debug/-/debug-4.4.3.tgz 0ms (cache hit)
3709 http cache ms@https://registry.npmjs.org/ms/-/ms-2.1.3.tgz 0ms (cache hit)
3710 http cache unicode-emoji-modifier-base@https://registry.npmjs.org/unicode-emoji-modifier-base/-/unicode-emoji-modifier-base-1.0.0.tgz 0ms (cache hit)
3711 http cache universalify@https://registry.npmjs.org/universalify/-/universalify-2.0.1.tgz 0ms (cache hit)
3712 http cache typescript@https://registry.npmjs.org/typescript/-/typescript-5.9.3.tgz 0ms (cache hit)
3713 http cache ts-node@https://registry.npmjs.org/ts-node/-/ts-node-10.9.2.tgz 0ms (cache hit)
3714 http cache tsscmp@https://registry.npmjs.org/tsscmp/-/tsscmp-1.0.6.tgz 0ms (cache hit)
3715 http cache tr46@https://registry.npmjs.org/tr46/-/tr46-0.0.3.tgz 0ms (cache hit)
3716 http cache tslib@https://registry.npmjs.org/tslib/-/tslib-2.8.1.tgz 0ms (cache hit)
3717 http cache toxic@https://registry.npmjs.org/toxic/-/toxic-1.0.1.tgz 0ms (cache hit)
3718 http cache triple-beam@https://registry.npmjs.org/triple-beam/-/triple-beam-1.4.1.tgz 0ms (cache hit)
3719 http cache toidentifier@https://registry.npmjs.org/toidentifier/-/toidentifier-1.0.1.tgz 0ms (cache hit)
3720 http cache through2@https://registry.npmjs.org/through2/-/through2-2.0.5.tgz 0ms (cache hit)
3721 http cache typedarray-to-buffer@https://registry.npmjs.org/typedarray-to-buffer/-/typedarray-to-buffer-3.1.5.tgz 0ms (cache hit)
3722 http cache readable-stream@https://registry.npmjs.org/readable-stream/-/readable-stream-2.3.8.tgz 0ms (cache hit)
3723 http cache string_decoder@https://registry.npmjs.org/string_decoder/-/string_decoder-1.1.1.tgz 0ms (cache hit)
3724 http cache to-regex-range@https://registry.npmjs.org/to-regex-range/-/to-regex-range-5.0.1.tgz 0ms (cache hit)
3725 http cache thenify-all@https://registry.npmjs.org/thenify-all/-/thenify-all-1.6.0.tgz 0ms (cache hit)
3726 http cache teeny-request@https://registry.npmjs.org/teeny-request/-/teeny-request-10.1.0.tgz 0ms (cache hit)
3727 http cache tmp@https://registry.npmjs.org/tmp/-/tmp-0.2.5.tgz 0ms (cache hit)
3728 http cache is-number@https://registry.npmjs.org/is-number/-/is-number-7.0.0.tgz 0ms (cache hit)
3729 http cache ms@https://registry.npmjs.org/ms/-/ms-2.1.3.tgz 0ms (cache hit)
3730 http cache node-fetch@https://registry.npmjs.org/node-fetch/-/node-fetch-3.3.2.tgz 0ms (cache hit)
3731 http cache https-proxy-agent@https://registry.npmjs.org/https-proxy-agent/-/https-proxy-agent-5.0.1.tgz 0ms (cache hit)
3732 http cache debug@https://registry.npmjs.org/debug/-/debug-4.4.3.tgz 0ms (cache hit)
3733 http cache safe-buffer@https://registry.npmjs.org/safe-buffer/-/safe-buffer-5.1.2.tgz 0ms (cache hit)
3734 http cache agent-base@https://registry.npmjs.org/agent-base/-/agent-base-6.0.2.tgz 0ms (cache hit)
3735 http cache data-uri-to-buffer@https://registry.npmjs.org/data-uri-to-buffer/-/data-uri-to-buffer-4.0.1.tgz 0ms (cache hit)
3736 http cache path-to-regexp@https://registry.npmjs.org/path-to-regexp/-/path-to-regexp-1.9.0.tgz 0ms (cache hit)
3737 http cache isarray@https://registry.npmjs.org/isarray/-/isarray-0.0.1.tgz 0ms (cache hit)
3738 http cache commander@https://registry.npmjs.org/commander/-/commander-10.0.1.tgz 0ms (cache hit)
3739 http cache text-hex@https://registry.npmjs.org/text-hex/-/text-hex-1.0.0.tgz 0ms (cache hit)
3740 http cache thenify@https://registry.npmjs.org/thenify/-/thenify-3.3.1.tgz 0ms (cache hit)
3741 http cache http-proxy-agent@https://registry.npmjs.org/http-proxy-agent/-/http-proxy-agent-5.0.0.tgz 0ms (cache hit)
3742 http cache minimatch@https://registry.npmjs.org/minimatch/-/minimatch-6.2.0.tgz 0ms (cache hit)
3743 http cache tcp-port-used@https://registry.npmjs.org/tcp-port-used/-/tcp-port-used-1.0.2.tgz 0ms (cache hit)
3744 http cache superstatic@https://registry.npmjs.org/superstatic/-/superstatic-10.0.0.tgz 0ms (cache hit)
3745 http cache text-decoder@https://registry.npmjs.org/text-decoder/-/text-decoder-1.2.3.tgz 0ms (cache hit)
3746 http cache ms@https://registry.npmjs.org/ms/-/ms-2.1.2.tgz 0ms (cache hit)
3747 http cache supports-hyperlinks@https://registry.npmjs.org/supports-hyperlinks/-/supports-hyperlinks-3.2.0.tgz 0ms (cache hit)
3748 http cache supports-color@https://registry.npmjs.org/supports-color/-/supports-color-7.2.0.tgz 0ms (cache hit)
3749 http cache tar-stream@https://registry.npmjs.org/tar-stream/-/tar-stream-3.1.7.tgz 0ms (cache hit)
3750 http cache debug@https://registry.npmjs.org/debug/-/debug-4.3.1.tgz 0ms (cache hit)
3751 http cache stubs@https://registry.npmjs.org/stubs/-/stubs-3.0.0.tgz 0ms (cache hit)
3752 http cache strip-json-comments@https://registry.npmjs.org/strip-json-comments/-/strip-json-comments-2.0.1.tgz 0ms (cache hit)
3753 http cache brace-expansion@https://registry.npmjs.org/brace-expansion/-/brace-expansion-2.0.2.tgz 0ms (cache hit)
3754 http cache streamx@https://registry.npmjs.org/streamx/-/streamx-2.23.0.tgz 0ms (cache hit)
3755 http cache strip-ansi-cjs@https://registry.npmjs.org/strip-ansi/-/strip-ansi-6.0.1.tgz 0ms (cache hit)
3756 http cache stream-json@https://registry.npmjs.org/stream-json/-/stream-json-1.9.1.tgz 0ms (cache hit)
3757 http cache strip-ansi@https://registry.npmjs.org/strip-ansi/-/strip-ansi-7.1.2.tgz 0ms (cache hit)
3758 http cache string-width-cjs@https://registry.npmjs.org/string-width/-/string-width-4.2.3.tgz 0ms (cache hit)
3759 http cache json-bigint@https://registry.npmjs.org/json-bigint/-/json-bigint-1.0.0.tgz 0ms (cache hit)
3760 http cache ansi-regex@https://registry.npmjs.org/ansi-regex/-/ansi-regex-5.0.1.tgz 0ms (cache hit)
3761 http cache strip-ansi@https://registry.npmjs.org/strip-ansi/-/strip-ansi-6.0.1.tgz 0ms (cache hit)
3762 http cache string-width@https://registry.npmjs.org/string-width/-/string-width-4.2.3.tgz 0ms (cache hit)
3763 http cache ansi-regex@https://registry.npmjs.org/ansi-regex/-/ansi-regex-5.0.1.tgz 0ms (cache hit)
3764 http cache strip-ansi@https://registry.npmjs.org/strip-ansi/-/strip-ansi-6.0.1.tgz 0ms (cache hit)
3765 http cache ansi-regex@https://registry.npmjs.org/ansi-regex/-/ansi-regex-5.0.1.tgz 0ms (cache hit)
3766 http cache https-proxy-agent@https://registry.npmjs.org/https-proxy-agent/-/https-proxy-agent-7.0.6.tgz 0ms (cache hit)
3767 http cache ms@https://registry.npmjs.org/ms/-/ms-2.1.3.tgz 0ms (cache hit)
3768 http cache proxy-addr@https://registry.npmjs.org/proxy-addr/-/proxy-addr-2.0.7.tgz 0ms (cache hit)
3769 http cache stream-shift@https://registry.npmjs.org/stream-shift/-/stream-shift-1.0.3.tgz 0ms (cache hit)
3770 http cache debug@https://registry.npmjs.org/debug/-/debug-4.4.3.tgz 0ms (cache hit)
3771 http cache stream-events@https://registry.npmjs.org/stream-events/-/stream-events-1.0.5.tgz 0ms (cache hit)
3772 http cache ipaddr.js@https://registry.npmjs.org/ipaddr.js/-/ipaddr.js-1.9.1.tgz 0ms (cache hit)
3773 http cache stream-chain@https://registry.npmjs.org/stream-chain/-/stream-chain-2.2.5.tgz 0ms (cache hit)
3774 http cache sprintf-js@https://registry.npmjs.org/sprintf-js/-/sprintf-js-1.0.3.tgz 0ms (cache hit)
3775 http cache sql-formatter@https://registry.npmjs.org/sql-formatter/-/sql-formatter-15.7.0.tgz 0ms (cache hit)
3776 http cache source-map@https://registry.npmjs.org/source-map/-/source-map-0.6.1.tgz 0ms (cache hit)
3777 http cache argparse@https://registry.npmjs.org/argparse/-/argparse-2.0.1.tgz 0ms (cache hit)
3778 http cache socks-proxy-agent@https://registry.npmjs.org/socks-proxy-agent/-/socks-proxy-agent-8.0.5.tgz 0ms (cache hit)
3779 http cache stack-trace@https://registry.npmjs.org/stack-trace/-/stack-trace-0.0.10.tgz 0ms (cache hit)
3780 http cache split2@https://registry.npmjs.org/split2/-/split2-4.2.0.tgz 0ms (cache hit)
3781 http cache ms@https://registry.npmjs.org/ms/-/ms-2.1.3.tgz 0ms (cache hit)
3782 http cache debug@https://registry.npmjs.org/debug/-/debug-4.4.3.tgz 0ms (cache hit)
3783 http cache smart-buffer@https://registry.npmjs.org/smart-buffer/-/smart-buffer-4.2.0.tgz 0ms (cache hit)
3784 http cache socks@https://registry.npmjs.org/socks/-/socks-2.8.7.tgz 0ms (cache hit)
3785 http cache skin-tone@https://registry.npmjs.org/skin-tone/-/skin-tone-2.0.0.tgz 0ms (cache hit)
3786 http cache side-channel@https://registry.npmjs.org/side-channel/-/side-channel-1.1.0.tgz 0ms (cache hit)
3787 http cache signal-exit@https://registry.npmjs.org/signal-exit/-/signal-exit-4.1.0.tgz 0ms (cache hit)
3788 http cache sort-any@https://registry.npmjs.org/sort-any/-/sort-any-2.0.0.tgz 0ms (cache hit)
3789 http cache side-channel-map@https://registry.npmjs.org/side-channel-map/-/side-channel-map-1.0.1.tgz 0ms (cache hit)
3790 http cache side-channel-list@https://registry.npmjs.org/side-channel-list/-/side-channel-list-1.0.0.tgz 0ms (cache hit)
3791 http cache side-channel-weakmap@https://registry.npmjs.org/side-channel-weakmap/-/side-channel-weakmap-1.0.2.tgz 0ms (cache hit)
3792 http cache send@https://registry.npmjs.org/send/-/send-0.19.2.tgz 0ms (cache hit)
3793 http cache shebang-regex@https://registry.npmjs.org/shebang-regex/-/shebang-regex-3.0.0.tgz 0ms (cache hit)
3794 http cache ms@https://registry.npmjs.org/ms/-/ms-2.1.3.tgz 0ms (cache hit)
3795 http cache mime@https://registry.npmjs.org/mime/-/mime-1.6.0.tgz 0ms (cache hit)
3796 http cache shebang-command@https://registry.npmjs.org/shebang-command/-/shebang-command-2.0.0.tgz 0ms (cache hit)
3797 http cache serve-static@https://registry.npmjs.org/serve-static/-/serve-static-1.16.3.tgz 0ms (cache hit)
3798 http cache setprototypeof@https://registry.npmjs.org/setprototypeof/-/setprototypeof-1.2.0.tgz 0ms (cache hit)
3799 http cache semver@https://registry.npmjs.org/semver/-/semver-7.7.4.tgz 0ms (cache hit)
3800 http cache safe-buffer@https://registry.npmjs.org/safe-buffer/-/safe-buffer-5.2.1.tgz 0ms (cache hit)
3801 http cache safer-buffer@https://registry.npmjs.org/safer-buffer/-/safer-buffer-2.1.2.tgz 0ms (cache hit)
3802 http cache semver-diff@https://registry.npmjs.org/semver-diff/-/semver-diff-3.1.1.tgz 0ms (cache hit)
3803 http cache semver@https://registry.npmjs.org/semver/-/semver-6.3.1.tgz 0ms (cache hit)
3804 http cache safe-stable-stringify@https://registry.npmjs.org/safe-stable-stringify/-/safe-stable-stringify-2.5.0.tgz 0ms (cache hit)
3805 http cache retry-request@https://registry.npmjs.org/retry-request/-/retry-request-8.0.2.tgz 0ms (cache hit)
3806 http cache rimraf@https://registry.npmjs.org/rimraf/-/rimraf-5.0.10.tgz 0ms (cache hit)
3807 http cache readdir-glob@https://registry.npmjs.org/readdir-glob/-/readdir-glob-1.1.3.tgz 0ms (cache hit)
3808 http cache brace-expansion@https://registry.npmjs.org/brace-expansion/-/brace-expansion-2.0.2.tgz 0ms (cache hit)
3809 http cache minimatch@https://registry.npmjs.org/minimatch/-/minimatch-5.1.6.tgz 0ms (cache hit)
3810 http cache router@https://registry.npmjs.org/router/-/router-2.2.0.tgz 0ms (cache hit)
3811 http cache path-to-regexp@https://registry.npmjs.org/path-to-regexp/-/path-to-regexp-8.3.0.tgz 0ms (cache hit)
3812 http cache debug@https://registry.npmjs.org/debug/-/debug-4.4.3.tgz 0ms (cache hit)
3813 http cache retry@https://registry.npmjs.org/retry/-/retry-0.13.1.tgz 0ms (cache hit)
3814 http cache ms@https://registry.npmjs.org/ms/-/ms-2.1.3.tgz 0ms (cache hit)
3815 http cache require-from-string@https://registry.npmjs.org/require-from-string/-/require-from-string-2.0.2.tgz 0ms (cache hit)
3816 http cache registry-url@https://registry.npmjs.org/registry-url/-/registry-url-5.1.0.tgz 0ms (cache hit)
3817 http cache restore-cursor@https://registry.npmjs.org/restore-cursor/-/restore-cursor-3.1.0.tgz 0ms (cache hit)
3818 http cache signal-exit@https://registry.npmjs.org/signal-exit/-/signal-exit-3.0.7.tgz 0ms (cache hit)
3819 http cache ret@https://registry.npmjs.org/ret/-/ret-0.1.15.tgz 0ms (cache hit)
3820 http cache parseurl@https://registry.npmjs.org/parseurl/-/parseurl-1.3.3.tgz 0ms (cache hit)
3821 http cache require-directory@https://registry.npmjs.org/require-directory/-/require-directory-2.1.1.tgz 0ms (cache hit)
3822 http cache pupa@https://registry.npmjs.org/pupa/-/pupa-2.1.1.tgz 0ms (cache hit)
3823 http cache rc@https://registry.npmjs.org/rc/-/rc-1.2.8.tgz 0ms (cache hit)
3824 http cache ini@https://registry.npmjs.org/ini/-/ini-1.3.8.tgz 0ms (cache hit)
3825 http cache raw-body@https://registry.npmjs.org/raw-body/-/raw-body-3.0.2.tgz 0ms (cache hit)
3826 http cache readable-stream@https://registry.npmjs.org/readable-stream/-/readable-stream-4.7.0.tgz 0ms (cache hit)
3827 http cache railroad-diagrams@https://registry.npmjs.org/railroad-diagrams/-/railroad-diagrams-1.0.0.tgz 0ms (cache hit)
3828 http cache randexp@https://registry.npmjs.org/randexp/-/randexp-0.4.6.tgz 0ms (cache hit)
3829 http cache buffer@https://registry.npmjs.org/buffer/-/buffer-6.0.3.tgz 0ms (cache hit)
3830 http cache range-parser@https://registry.npmjs.org/range-parser/-/range-parser-1.2.1.tgz 0ms (cache hit)
3831 http cache pkce-challenge@https://registry.npmjs.org/pkce-challenge/-/pkce-challenge-5.0.1.tgz 0ms (cache hit)
3832 http cache qs@https://registry.npmjs.org/qs/-/qs-6.14.1.tgz 0ms (cache hit)
3833 http cache protobufjs@https://registry.npmjs.org/protobufjs/-/protobufjs-7.5.4.tgz 0ms (cache hit)
3834 http cache proxy-from-env@https://registry.npmjs.org/proxy-from-env/-/proxy-from-env-1.1.0.tgz 0ms (cache hit)
3835 http cache debug@https://registry.npmjs.org/debug/-/debug-4.4.3.tgz 0ms (cache hit)
3836 http cache ms@https://registry.npmjs.org/ms/-/ms-2.1.3.tgz 0ms (cache hit)
3837 http cache proxy-agent@https://registry.npmjs.org/proxy-agent/-/proxy-agent-6.5.0.tgz 0ms (cache hit)
3838 http cache lru-cache@https://registry.npmjs.org/lru-cache/-/lru-cache-7.18.3.tgz 0ms (cache hit)
3839 http cache proto-list@https://registry.npmjs.org/proto-list/-/proto-list-1.2.4.tgz 0ms (cache hit)
3840 http cache process-nextick-args@https://registry.npmjs.org/process-nextick-args/-/process-nextick-args-2.0.1.tgz 0ms (cache hit)
3841 http cache promise-breaker@https://registry.npmjs.org/promise-breaker/-/promise-breaker-6.0.0.tgz 0ms (cache hit)
3842 http cache proto3-json-serializer@https://registry.npmjs.org/proto3-json-serializer/-/proto3-json-serializer-3.0.4.tgz 0ms (cache hit)
3843 http cache postgres-interval@https://registry.npmjs.org/postgres-interval/-/postgres-interval-1.2.0.tgz 0ms (cache hit)
3844 http cache progress@https://registry.npmjs.org/progress/-/progress-2.0.3.tgz 0ms (cache hit)
3845 http cache picomatch@https://registry.npmjs.org/picomatch/-/picomatch-2.3.1.tgz 0ms (cache hit)
3846 http cache postgres-date@https://registry.npmjs.org/postgres-date/-/postgres-date-1.0.7.tgz 0ms (cache hit)
3847 http cache process@https://registry.npmjs.org/process/-/process-0.11.10.tgz 0ms (cache hit)
3848 http cache postgres-array@https://registry.npmjs.org/postgres-array/-/postgres-array-2.0.0.tgz 0ms (cache hit)
3849 http cache proc-log@https://registry.npmjs.org/proc-log/-/proc-log-4.2.0.tgz 0ms (cache hit)
3850 http cache portfinder@https://registry.npmjs.org/portfinder/-/portfinder-1.0.38.tgz 0ms (cache hit)
3851 http cache pg-gateway@https://registry.npmjs.org/pg-gateway/-/pg-gateway-0.3.0-beta.4.tgz 0ms (cache hit)
3852 http cache debug@https://registry.npmjs.org/debug/-/debug-4.4.3.tgz 0ms (cache hit)
3853 http cache ms@https://registry.npmjs.org/ms/-/ms-2.1.3.tgz 0ms (cache hit)
3854 http cache postgres-bytea@https://registry.npmjs.org/postgres-bytea/-/postgres-bytea-1.0.1.tgz 0ms (cache hit)
3855 http cache pgpass@https://registry.npmjs.org/pgpass/-/pgpass-1.0.5.tgz 0ms (cache hit)
3856 http cache object-assign@https://registry.npmjs.org/object-assign/-/object-assign-4.1.1.tgz 0ms (cache hit)
3857 http cache pglite-2@https://registry.npmjs.org/@electric-sql/pglite/-/pglite-0.2.17.tgz 0ms (cache hit)
3858 http cache pg-pool@https://registry.npmjs.org/pg-pool/-/pg-pool-3.11.0.tgz 0ms (cache hit)
3859 http cache pg-protocol@https://registry.npmjs.org/pg-protocol/-/pg-protocol-1.11.0.tgz 0ms (cache hit)
3860 http cache pg-types@https://registry.npmjs.org/pg-types/-/pg-types-2.2.0.tgz 0ms (cache hit)
3861 http cache pg-int8@https://registry.npmjs.org/pg-int8/-/pg-int8-1.0.1.tgz 0ms (cache hit)
3862 http cache pg-cloudflare@https://registry.npmjs.org/pg-cloudflare/-/pg-cloudflare-1.3.0.tgz 0ms (cache hit)
3863 http cache parse5@https://registry.npmjs.org/parse5/-/parse5-5.1.1.tgz 0ms (cache hit)
3864 http cache pg-connection-string@https://registry.npmjs.org/pg-connection-string/-/pg-connection-string-2.11.0.tgz 0ms (cache hit)
3865 http cache path-to-regexp@https://registry.npmjs.org/path-to-regexp/-/path-to-regexp-0.1.12.tgz 0ms (cache hit)
3866 http cache cli-highlight@https://registry.npmjs.org/cli-highlight/-/cli-highlight-2.1.11.tgz 0ms (cache hit)
3867 http cache pg@https://registry.npmjs.org/pg/-/pg-8.18.0.tgz 0ms (cache hit)
3868 http cache path-scurry@https://registry.npmjs.org/path-scurry/-/path-scurry-1.11.1.tgz 0ms (cache hit)
3869 http cache finalhandler@https://registry.npmjs.org/finalhandler/-/finalhandler-1.3.2.tgz 0ms (cache hit)
3870 http cache yargs@https://registry.npmjs.org/yargs/-/yargs-16.2.0.tgz 0ms (cache hit)
3871 http cache yargs-parser@https://registry.npmjs.org/yargs-parser/-/yargs-parser-20.2.9.tgz 1ms (cache hit)
3872 http cache wrap-ansi@https://registry.npmjs.org/wrap-ansi/-/wrap-ansi-7.0.0.tgz 0ms (cache hit)
3873 http cache strip-ansi@https://registry.npmjs.org/strip-ansi/-/strip-ansi-6.0.1.tgz 0ms (cache hit)
3874 http cache cliui@https://registry.npmjs.org/cliui/-/cliui-7.0.4.tgz 0ms (cache hit)
3875 http cache chalk@https://registry.npmjs.org/chalk/-/chalk-4.1.2.tgz 0ms (cache hit)
3876 http cache ansi-regex@https://registry.npmjs.org/ansi-regex/-/ansi-regex-5.0.1.tgz 0ms (cache hit)
3877 http cache path-key@https://registry.npmjs.org/path-key/-/path-key-3.1.1.tgz 0ms (cache hit)
3878 http cache parse5-htmlparser2-tree-adapter@https://registry.npmjs.org/parse5-htmlparser2-tree-adapter/-/parse5-htmlparser2-tree-adapter-6.0.1.tgz 0ms (cache hit)
3879 http cache parse5@https://registry.npmjs.org/parse5/-/parse5-6.0.1.tgz 0ms (cache hit)
3880 http cache pac-resolver@https://registry.npmjs.org/pac-resolver/-/pac-resolver-7.0.1.tgz 0ms (cache hit)
3881 http cache package-json-from-dist@https://registry.npmjs.org/package-json-from-dist/-/package-json-from-dist-1.0.1.tgz 0ms (cache hit)
3882 http cache ms@https://registry.npmjs.org/ms/-/ms-2.1.3.tgz 0ms (cache hit)
3883 http cache p-throttle@https://registry.npmjs.org/p-throttle/-/p-throttle-7.0.0.tgz 0ms (cache hit)
3884 http cache pac-proxy-agent@https://registry.npmjs.org/pac-proxy-agent/-/pac-proxy-agent-7.2.0.tgz 0ms (cache hit)
3885 http cache debug@https://registry.npmjs.org/debug/-/debug-4.4.3.tgz 0ms (cache hit)
3886 http cache p-defer@https://registry.npmjs.org/p-defer/-/p-defer-3.0.0.tgz 0ms (cache hit)
3887 http cache openapi3-ts@https://registry.npmjs.org/openapi3-ts/-/openapi3-ts-3.2.0.tgz 0ms (cache hit)
3888 http cache create-require@https://registry.npmjs.org/create-require/-/create-require-1.1.1.tgz 0ms (cache hit)
3889 http cache ora@https://registry.npmjs.org/ora/-/ora-5.4.1.tgz 0ms (cache hit)
3890 http cache strip-ansi@https://registry.npmjs.org/strip-ansi/-/strip-ansi-6.0.1.tgz 0ms (cache hit)
3891 http cache p-limit@https://registry.npmjs.org/p-limit/-/p-limit-3.1.0.tgz 0ms (cache hit)
3892 http cache ansi-regex@https://registry.npmjs.org/ansi-regex/-/ansi-regex-5.0.1.tgz 0ms (cache hit)
3893 http cache open@https://registry.npmjs.org/open/-/open-6.4.0.tgz 0ms (cache hit)
3894 http cache onetime@https://registry.npmjs.org/onetime/-/onetime-5.1.2.tgz 0ms (cache hit)
3895 http cache npm-normalize-package-bin@https://registry.npmjs.org/npm-normalize-package-bin/-/npm-normalize-package-bin-3.0.1.tgz 0ms (cache hit)
3896 http cache on-headers@https://registry.npmjs.org/on-headers/-/on-headers-1.1.0.tgz 0ms (cache hit)
3897 http cache one-time@https://registry.npmjs.org/one-time/-/one-time-1.0.0.tgz 0ms (cache hit)
3898 http cache npm-package-arg@https://registry.npmjs.org/npm-package-arg/-/npm-package-arg-11.0.3.tgz 0ms (cache hit)
3899 http cache object-inspect@https://registry.npmjs.org/object-inspect/-/object-inspect-1.13.4.tgz 0ms (cache hit)
3900 http cache object-hash@https://registry.npmjs.org/object-hash/-/object-hash-3.0.0.tgz 0ms (cache hit)
3901 http cache on-finished@https://registry.npmjs.org/on-finished/-/on-finished-2.4.1.tgz 0ms (cache hit)
3902 http cache npm-install-checks@https://registry.npmjs.org/npm-install-checks/-/npm-install-checks-6.3.0.tgz 0ms (cache hit)
3903 http cache npm-pick-manifest@https://registry.npmjs.org/npm-pick-manifest/-/npm-pick-manifest-9.1.0.tgz 0ms (cache hit)
3904 http cache nearley@https://registry.npmjs.org/nearley/-/nearley-2.20.1.tgz 0ms (cache hit)
3905 http cache netmask@https://registry.npmjs.org/netmask/-/netmask-2.0.2.tgz 0ms (cache hit)
3906 http cache commander@https://registry.npmjs.org/commander/-/commander-2.20.3.tgz 0ms (cache hit)
3907 http cache node-emoji@https://registry.npmjs.org/node-emoji/-/node-emoji-2.2.0.tgz 0ms (cache hit)
3908 http cache normalize-path@https://registry.npmjs.org/normalize-path/-/normalize-path-3.0.0.tgz 0ms (cache hit)
3909 http cache node-fetch@https://registry.npmjs.org/node-fetch/-/node-fetch-2.7.0.tgz 0ms (cache hit)
3910 http cache mz@https://registry.npmjs.org/mz/-/mz-2.7.0.tgz 0ms (cache hit)
3911 http cache morgan@https://registry.npmjs.org/morgan/-/morgan-1.10.1.tgz 0ms (cache hit)
3912 http cache node-domexception@https://registry.npmjs.org/node-domexception/-/node-domexception-1.0.0.tgz 0ms (cache hit)
3913 http cache on-finished@https://registry.npmjs.org/on-finished/-/on-finished-2.3.0.tgz 0ms (cache hit)
3914 http cache negotiator@https://registry.npmjs.org/negotiator/-/negotiator-0.6.3.tgz 0ms (cache hit)
3915 http cache ms@https://registry.npmjs.org/ms/-/ms-2.0.0.tgz 0ms (cache hit)
3916 http cache chalk@https://registry.npmjs.org/chalk/-/chalk-4.1.2.tgz 0ms (cache hit)
3917 http cache mute-stream@https://registry.npmjs.org/mute-stream/-/mute-stream-2.0.0.tgz 0ms (cache hit)
3918 http cache minimatch@https://registry.npmjs.org/minimatch/-/minimatch-3.1.2.tgz 0ms (cache hit)
3919 http cache minipass@https://registry.npmjs.org/minipass/-/minipass-7.1.2.tgz 0ms (cache hit)
3920 http cache moo@https://registry.npmjs.org/moo/-/moo-0.5.2.tgz 0ms (cache hit)
3921 http cache mimic-fn@https://registry.npmjs.org/mimic-fn/-/mimic-fn-2.1.0.tgz 0ms (cache hit)
3922 http cache minimist@https://registry.npmjs.org/minimist/-/minimist-1.2.8.tgz 0ms (cache hit)
3923 http cache mime-types@https://registry.npmjs.org/mime-types/-/mime-types-2.1.35.tgz 0ms (cache hit)
3924 http cache media-typer@https://registry.npmjs.org/media-typer/-/media-typer-0.3.0.tgz 0ms (cache hit)
3925 http cache mime-db@https://registry.npmjs.org/mime-db/-/mime-db-1.52.0.tgz 0ms (cache hit)
3926 http cache merge-descriptors@https://registry.npmjs.org/merge-descriptors/-/merge-descriptors-1.0.3.tgz 0ms (cache hit)
3927 http cache mime@https://registry.npmjs.org/mime/-/mime-2.6.0.tgz 0ms (cache hit)
3928 http cache math-intrinsics@https://registry.npmjs.org/math-intrinsics/-/math-intrinsics-1.1.0.tgz 0ms (cache hit)
3929 http cache methods@https://registry.npmjs.org/methods/-/methods-1.1.2.tgz 0ms (cache hit)
3930 http cache long@https://registry.npmjs.org/long/-/long-5.3.2.tgz 0ms (cache hit)
3931 http cache marked-terminal@https://registry.npmjs.org/marked-terminal/-/marked-terminal-7.3.0.tgz 0ms (cache hit)
3932 http cache make-error@https://registry.npmjs.org/make-error/-/make-error-1.3.6.tgz 0ms (cache hit)
3933 http cache make-dir@https://registry.npmjs.org/make-dir/-/make-dir-3.1.0.tgz 0ms (cache hit)
3934 http cache semver@https://registry.npmjs.org/semver/-/semver-6.3.1.tgz 0ms (cache hit)
3935 http cache lsofi@https://registry.npmjs.org/lsofi/-/lsofi-1.0.0.tgz 0ms (cache hit)
3936 http cache marked@https://registry.npmjs.org/marked/-/marked-13.0.3.tgz 0ms (cache hit)
3937 http cache lodash.isboolean@https://registry.npmjs.org/lodash.isboolean/-/lodash.isboolean-3.0.3.tgz 0ms (cache hit)
3938 http cache lru-cache@https://registry.npmjs.org/lru-cache/-/lru-cache-10.4.3.tgz 0ms (cache hit)
3939 http cache logform@https://registry.npmjs.org/logform/-/logform-2.7.0.tgz 0ms (cache hit)
3940 http cache @colors/colors@https://registry.npmjs.org/@colors/colors/-/colors-1.6.0.tgz 0ms (cache hit)
3941 http cache ms@https://registry.npmjs.org/ms/-/ms-2.1.3.tgz 0ms (cache hit)
3942 http cache lodash.once@https://registry.npmjs.org/lodash.once/-/lodash.once-4.1.1.tgz 0ms (cache hit)
3943 http cache log-symbols@https://registry.npmjs.org/log-symbols/-/log-symbols-4.1.0.tgz 0ms (cache hit)
3944 http cache lodash.mapvalues@https://registry.npmjs.org/lodash.mapvalues/-/lodash.mapvalues-4.6.0.tgz 0ms (cache hit)
3945 http cache lodash.isplainobject@https://registry.npmjs.org/lodash.isplainobject/-/lodash.isplainobject-4.0.6.tgz 0ms (cache hit)
3946 http cache chalk@https://registry.npmjs.org/chalk/-/chalk-4.1.2.tgz 0ms (cache hit)
3947 http cache lodash.isinteger@https://registry.npmjs.org/lodash.isinteger/-/lodash.isinteger-4.0.4.tgz 0ms (cache hit)
3948 http cache lodash.isstring@https://registry.npmjs.org/lodash.isstring/-/lodash.isstring-4.0.1.tgz 0ms (cache hit)
3949 http cache lodash.isobject@https://registry.npmjs.org/lodash.isobject/-/lodash.isobject-2.4.1.tgz 0ms (cache hit)
3950 http cache lodash.snakecase@https://registry.npmjs.org/lodash.snakecase/-/lodash.snakecase-4.1.1.tgz 0ms (cache hit)
3951 http cache lodash.includes@https://registry.npmjs.org/lodash.includes/-/lodash.includes-4.3.0.tgz 0ms (cache hit)
3952 http cache lodash.isnumber@https://registry.npmjs.org/lodash.isnumber/-/lodash.isnumber-3.0.3.tgz 0ms (cache hit)
3953 http cache lodash@https://registry.npmjs.org/lodash/-/lodash-4.17.23.tgz 0ms (cache hit)
3954 http cache libsodium@https://registry.npmjs.org/libsodium/-/libsodium-0.7.16.tgz 0ms (cache hit)
3955 http cache lodash.camelcase@https://registry.npmjs.org/lodash.camelcase/-/lodash.camelcase-4.3.0.tgz 0ms (cache hit)
3956 http cache lodash._objecttypes@https://registry.npmjs.org/lodash._objecttypes/-/lodash._objecttypes-2.4.1.tgz 0ms (cache hit)
3957 http cache leven@https://registry.npmjs.org/leven/-/leven-3.1.0.tgz 0ms (cache hit)
3958 http cache jsonfile@https://registry.npmjs.org/jsonfile/-/jsonfile-6.2.0.tgz 0ms (cache hit)
3959 http cache lazystream@https://registry.npmjs.org/lazystream/-/lazystream-1.0.1.tgz 0ms (cache hit)
3960 http cache string_decoder@https://registry.npmjs.org/string_decoder/-/string_decoder-1.1.1.tgz 0ms (cache hit)
3961 http cache libsodium-wrappers@https://registry.npmjs.org/libsodium-wrappers/-/libsodium-wrappers-0.7.16.tgz 0ms (cache hit)
3962 http cache safe-buffer@https://registry.npmjs.org/safe-buffer/-/safe-buffer-5.1.2.tgz 0ms (cache hit)
3963 http cache readable-stream@https://registry.npmjs.org/readable-stream/-/readable-stream-2.3.8.tgz 0ms (cache hit)
3964 http cache jws@https://registry.npmjs.org/jws/-/jws-4.0.1.tgz 0ms (cache hit)
3965 http cache kind-of@https://registry.npmjs.org/kind-of/-/kind-of-3.2.2.tgz 0ms (cache hit)
3966 http cache kuler@https://registry.npmjs.org/kuler/-/kuler-2.0.0.tgz 0ms (cache hit)
3967 http cache jsonwebtoken@https://registry.npmjs.org/jsonwebtoken/-/jsonwebtoken-9.0.3.tgz 0ms (cache hit)
3968 http cache json-schema-traverse@https://registry.npmjs.org/json-schema-traverse/-/json-schema-traverse-1.0.0.tgz 0ms (cache hit)
3969 http cache json-ptr@https://registry.npmjs.org/json-ptr/-/json-ptr-3.1.1.tgz 0ms (cache hit)
3970 http cache ms@https://registry.npmjs.org/ms/-/ms-2.1.3.tgz 0ms (cache hit)
3971 http cache jwa@https://registry.npmjs.org/jwa/-/jwa-2.0.1.tgz 0ms (cache hit)
3972 http cache json-schema-typed@https://registry.npmjs.org/json-schema-typed/-/json-schema-typed-8.0.2.tgz 0ms (cache hit)
3973 http cache js-yaml@https://registry.npmjs.org/js-yaml/-/js-yaml-3.14.2.tgz 0ms (cache hit)
3974 http cache json-parse-helpfulerror@https://registry.npmjs.org/json-parse-helpfulerror/-/json-parse-helpfulerror-1.0.3.tgz 0ms (cache hit)
3975 http cache isarray@https://registry.npmjs.org/isarray/-/isarray-1.0.0.tgz 0ms (cache hit)
3976 http cache get-proto@https://registry.npmjs.org/get-proto/-/get-proto-1.0.1.tgz 0ms (cache hit)
3977 http cache jose@https://registry.npmjs.org/jose/-/jose-6.1.3.tgz 0ms (cache hit)
3978 http cache join-path@https://registry.npmjs.org/join-path/-/join-path-1.1.1.tgz 0ms (cache hit)
3979 http cache jju@https://registry.npmjs.org/jju/-/jju-1.4.0.tgz 0ms (cache hit)
3980 http cache is-stream-ended@https://registry.npmjs.org/is-stream-ended/-/is-stream-ended-0.1.4.tgz 0ms (cache hit)
3981 http cache jackspeak@https://registry.npmjs.org/jackspeak/-/jackspeak-3.4.3.tgz 0ms (cache hit)
3982 http cache isexe@https://registry.npmjs.org/isexe/-/isexe-2.0.0.tgz 0ms (cache hit)
3983 http cache isomorphic-fetch@https://registry.npmjs.org/isomorphic-fetch/-/isomorphic-fetch-3.0.0.tgz 0ms (cache hit)
3984 http cache is2@https://registry.npmjs.org/is2/-/is2-2.0.9.tgz 0ms (cache hit)
3985 http cache is-yarn-global@https://registry.npmjs.org/is-yarn-global/-/is-yarn-global-0.3.0.tgz 0ms (cache hit)
3986 http cache is-wsl@https://registry.npmjs.org/is-wsl/-/is-wsl-1.1.0.tgz 0ms (cache hit)
3987 http cache is-typedarray@https://registry.npmjs.org/is-typedarray/-/is-typedarray-1.0.0.tgz 0ms (cache hit)
3988 http cache is-url@https://registry.npmjs.org/is-url/-/is-url-1.2.4.tgz 0ms (cache hit)
3989 http cache is-installed-globally@https://registry.npmjs.org/is-installed-globally/-/is-installed-globally-0.4.0.tgz 0ms (cache hit)
3990 http cache is-unicode-supported@https://registry.npmjs.org/is-unicode-supported/-/is-unicode-supported-0.1.0.tgz 0ms (cache hit)
3991 http cache is-stream@https://registry.npmjs.org/is-stream/-/is-stream-2.0.1.tgz 0ms (cache hit)
3992 http cache is-obj@https://registry.npmjs.org/is-obj/-/is-obj-2.0.0.tgz 0ms (cache hit)
3993 http cache is-path-inside@https://registry.npmjs.org/is-path-inside/-/is-path-inside-3.0.3.tgz 0ms (cache hit)
3994 http cache is-promise@https://registry.npmjs.org/is-promise/-/is-promise-4.0.0.tgz 0ms (cache hit)
3995 http cache is-glob@https://registry.npmjs.org/is-glob/-/is-glob-4.0.3.tgz 0ms (cache hit)
3996 http cache is-npm@https://registry.npmjs.org/is-npm/-/is-npm-5.0.0.tgz 0ms (cache hit)
3997 http cache is-number@https://registry.npmjs.org/is-number/-/is-number-2.1.0.tgz 0ms (cache hit)
3998 http cache is-interactive@https://registry.npmjs.org/is-interactive/-/is-interactive-1.0.0.tgz 0ms (cache hit)
3999 http cache is-fullwidth-code-point@https://registry.npmjs.org/is-fullwidth-code-point/-/is-fullwidth-code-point-3.0.0.tgz 0ms (cache hit)
4000 http cache is-extglob@https://registry.npmjs.org/is-extglob/-/is-extglob-2.1.1.tgz 0ms (cache hit)
4001 http cache is-binary-path@https://registry.npmjs.org/is-binary-path/-/is-binary-path-2.1.0.tgz 0ms (cache hit)
4002 http cache is-ci@https://registry.npmjs.org/is-ci/-/is-ci-2.0.0.tgz 0ms (cache hit)
4003 http cache is-buffer@https://registry.npmjs.org/is-buffer/-/is-buffer-1.1.6.tgz 0ms (cache hit)
4004 http cache inherits@https://registry.npmjs.org/inherits/-/inherits-2.0.4.tgz 0ms (cache hit)
4005 http cache imurmurhash@https://registry.npmjs.org/imurmurhash/-/imurmurhash-0.1.4.tgz 0ms (cache hit)
4006 http cache ip-regex@https://registry.npmjs.org/ip-regex/-/ip-regex-4.3.0.tgz 0ms (cache hit)
4007 http cache ip-address@https://registry.npmjs.org/ip-address/-/ip-address-10.0.1.tgz 0ms (cache hit)
4008 http cache ini@https://registry.npmjs.org/ini/-/ini-2.0.0.tgz 0ms (cache hit)
4009 http cache import-lazy@https://registry.npmjs.org/import-lazy/-/import-lazy-2.1.0.tgz 0ms (cache hit)
4010 http cache infer-owner@https://registry.npmjs.org/infer-owner/-/infer-owner-1.0.4.tgz 0ms (cache hit)
4011 http cache ieee754@https://registry.npmjs.org/ieee754/-/ieee754-1.2.1.tgz 0ms (cache hit)
4012 http cache http-errors@https://registry.npmjs.org/http-errors/-/http-errors-2.0.1.tgz 0ms (cache hit)
4013 http cache ignore@https://registry.npmjs.org/ignore/-/ignore-7.0.5.tgz 0ms (cache hit)
4014 http cache highlight.js@https://registry.npmjs.org/highlight.js/-/highlight.js-10.7.3.tgz 0ms (cache hit)
4015 http cache iconv-lite@https://registry.npmjs.org/iconv-lite/-/iconv-lite-0.7.2.tgz 0ms (cache hit)
4016 http cache http-proxy-agent@https://registry.npmjs.org/http-proxy-agent/-/http-proxy-agent-7.0.2.tgz 0ms (cache hit)
4017 http cache debug@https://registry.npmjs.org/debug/-/debug-4.4.3.tgz 0ms (cache hit)
4018 http cache has-tostringtag@https://registry.npmjs.org/has-tostringtag/-/has-tostringtag-1.0.2.tgz 0ms (cache hit)
4019 http cache ms@https://registry.npmjs.org/ms/-/ms-2.1.3.tgz 0ms (cache hit)
4020 http cache hosted-git-info@https://registry.npmjs.org/hosted-git-info/-/hosted-git-info-7.0.2.tgz 0ms (cache hit)
4021 http cache heap-js@https://registry.npmjs.org/heap-js/-/heap-js-2.7.1.tgz 0ms (cache hit)
4022 http cache has-symbols@https://registry.npmjs.org/has-symbols/-/has-symbols-1.1.0.tgz 1ms (cache hit)
4023 http cache hono@https://registry.npmjs.org/hono/-/hono-4.11.9.tgz 0ms (cache hit)
4024 http cache has-yarn@https://registry.npmjs.org/has-yarn/-/has-yarn-2.1.0.tgz 0ms (cache hit)
4025 http cache hasown@https://registry.npmjs.org/hasown/-/hasown-2.0.2.tgz 0ms (cache hit)
4026 http cache graceful-fs@https://registry.npmjs.org/graceful-fs/-/graceful-fs-4.2.11.tgz 0ms (cache hit)
4027 http cache google-logging-utils@https://registry.npmjs.org/google-logging-utils/-/google-logging-utils-0.0.2.tgz 0ms (cache hit)
4028 http cache has-flag@https://registry.npmjs.org/has-flag/-/has-flag-4.0.0.tgz 0ms (cache hit)
4029 http cache glob@https://registry.npmjs.org/glob/-/glob-10.5.0.tgz 0ms (cache hit)
4030 http cache brace-expansion@https://registry.npmjs.org/brace-expansion/-/brace-expansion-2.0.2.tgz 0ms (cache hit)
4031 http cache minimatch@https://registry.npmjs.org/minimatch/-/minimatch-9.0.5.tgz 0ms (cache hit)
4032 http cache gopd@https://registry.npmjs.org/gopd/-/gopd-1.2.0.tgz 0ms (cache hit)
4033 http cache gtoken@https://registry.npmjs.org/gtoken/-/gtoken-7.1.0.tgz 0ms (cache hit)
4034 http cache google-gax@https://registry.npmjs.org/google-gax/-/google-gax-5.0.6.tgz 0ms (cache hit)
4035 http cache node-fetch@https://registry.npmjs.org/node-fetch/-/node-fetch-3.3.2.tgz 0ms (cache hit)
4036 http cache google-auth-library@https://registry.npmjs.org/google-auth-library/-/google-auth-library-10.5.0.tgz 0ms (cache hit)
4037 http cache gaxios@https://registry.npmjs.org/gaxios/-/gaxios-7.1.3.tgz 0ms (cache hit)
4038 http cache gtoken@https://registry.npmjs.org/gtoken/-/gtoken-8.0.0.tgz 0ms (cache hit)
4039 http cache gcp-metadata@https://registry.npmjs.org/gcp-metadata/-/gcp-metadata-8.1.2.tgz 0ms (cache hit)
4040 http cache google-logging-utils@https://registry.npmjs.org/google-logging-utils/-/google-logging-utils-1.1.3.tgz 0ms (cache hit)
4041 http cache googleapis-common@https://registry.npmjs.org/googleapis-common/-/googleapis-common-8.0.1.tgz 0ms (cache hit)
4042 http cache data-uri-to-buffer@https://registry.npmjs.org/data-uri-to-buffer/-/data-uri-to-buffer-4.0.1.tgz 0ms (cache hit)
4043 http cache node-fetch@https://registry.npmjs.org/node-fetch/-/node-fetch-3.3.2.tgz 0ms (cache hit)
4044 http cache google-auth-library@https://registry.npmjs.org/google-auth-library/-/google-auth-library-10.5.0.tgz 0ms (cache hit)
4045 http cache gcp-metadata@https://registry.npmjs.org/gcp-metadata/-/gcp-metadata-8.1.2.tgz 0ms (cache hit)
4046 http cache google-logging-utils@https://registry.npmjs.org/google-logging-utils/-/google-logging-utils-1.1.3.tgz 0ms (cache hit)
4047 http cache gtoken@https://registry.npmjs.org/gtoken/-/gtoken-8.0.0.tgz 0ms (cache hit)
4048 http cache google-auth-library@https://registry.npmjs.org/google-auth-library/-/google-auth-library-9.15.1.tgz 0ms (cache hit)
4049 http cache data-uri-to-buffer@https://registry.npmjs.org/data-uri-to-buffer/-/data-uri-to-buffer-4.0.1.tgz 0ms (cache hit)
4050 http cache glob-slasher@https://registry.npmjs.org/glob-slasher/-/glob-slasher-1.0.1.tgz 0ms (cache hit)
4051 http cache gaxios@https://registry.npmjs.org/gaxios/-/gaxios-7.1.3.tgz 1ms (cache hit)
4052 http cache global-dirs@https://registry.npmjs.org/global-dirs/-/global-dirs-3.0.1.tgz 0ms (cache hit)
4053 http cache glob-parent@https://registry.npmjs.org/glob-parent/-/glob-parent-5.1.2.tgz 0ms (cache hit)
4054 http cache gaxios@https://registry.npmjs.org/gaxios/-/gaxios-6.7.1.tgz 0ms (cache hit)
4055 http cache uuid@https://registry.npmjs.org/uuid/-/uuid-9.0.1.tgz 0ms (cache hit)
4056 http cache glob-slash@https://registry.npmjs.org/glob-slash/-/glob-slash-1.0.0.tgz 0ms (cache hit)
4057 http cache get-uri@https://registry.npmjs.org/get-uri/-/get-uri-6.0.5.tgz 0ms (cache hit)
4058 http cache get-intrinsic@https://registry.npmjs.org/get-intrinsic/-/get-intrinsic-1.3.0.tgz 0ms (cache hit)
4059 http cache debug@https://registry.npmjs.org/debug/-/debug-4.4.3.tgz 0ms (cache hit)
4060 http cache ms@https://registry.npmjs.org/ms/-/ms-2.1.3.tgz 0ms (cache hit)
4061 http cache fuzzy@https://registry.npmjs.org/fuzzy/-/fuzzy-0.1.3.tgz 0ms (cache hit)
4062 http cache get-caller-file@https://registry.npmjs.org/get-caller-file/-/get-caller-file-2.0.5.tgz 0ms (cache hit)
4063 http cache escalade@https://registry.npmjs.org/escalade/-/escalade-3.2.0.tgz 0ms (cache hit)
4064 http cache function-bind@https://registry.npmjs.org/function-bind/-/function-bind-1.1.2.tgz 0ms (cache hit)
4065 http cache gcp-metadata@https://registry.npmjs.org/gcp-metadata/-/gcp-metadata-6.1.1.tgz 0ms (cache hit)
4066 http cache fill-range@https://registry.npmjs.org/fill-range/-/fill-range-7.1.1.tgz 0ms (cache hit)
4067 http cache form-data@https://registry.npmjs.org/form-data/-/form-data-4.0.5.tgz 0ms (cache hit)
4068 http cache formdata-polyfill@https://registry.npmjs.org/formdata-polyfill/-/formdata-polyfill-4.0.10.tgz 0ms (cache hit)
4069 http cache fresh@https://registry.npmjs.org/fresh/-/fresh-0.5.2.tgz 0ms (cache hit)
4070 http cache forwarded@https://registry.npmjs.org/forwarded/-/forwarded-0.2.0.tgz 0ms (cache hit)
4071 http cache foreground-child@https://registry.npmjs.org/foreground-child/-/foreground-child-3.3.1.tgz 0ms (cache hit)
4072 http cache fecha@https://registry.npmjs.org/fecha/-/fecha-4.2.3.tgz 0ms (cache hit)
4073 http cache filesize@https://registry.npmjs.org/filesize/-/filesize-6.4.0.tgz 0ms (cache hit)
4074 http cache arrify@https://registry.npmjs.org/arrify/-/arrify-2.0.1.tgz 0ms (cache hit)
4075 http cache fetch-blob@https://registry.npmjs.org/fetch-blob/-/fetch-blob-3.2.0.tgz 0ms (cache hit)
4076 http cache fast-uri@https://registry.npmjs.org/fast-uri/-/fast-uri-3.1.0.tgz 0ms (cache hit)
4077 http cache fn.name@https://registry.npmjs.org/fn.name/-/fn.name-1.1.0.tgz 0ms (cache hit)
4078 http cache exegesis-express@https://registry.npmjs.org/exegesis-express/-/exegesis-express-4.0.0.tgz 0ms (cache hit)
4079 http cache fast-deep-equal@https://registry.npmjs.org/fast-deep-equal/-/fast-deep-equal-3.1.3.tgz 0ms (cache hit)
4080 http cache fast-fifo@https://registry.npmjs.org/fast-fifo/-/fast-fifo-1.3.2.tgz 0ms (cache hit)
4081 http cache express@https://registry.npmjs.org/express/-/express-4.22.1.tgz 0ms (cache hit)
4082 http cache express-rate-limit@https://registry.npmjs.org/express-rate-limit/-/express-rate-limit-8.2.1.tgz 0ms (cache hit)
4083 http cache eventsource-parser@https://registry.npmjs.org/eventsource-parser/-/eventsource-parser-3.0.6.tgz 0ms (cache hit)
4084 http cache extend@https://registry.npmjs.org/extend/-/extend-3.0.2.tgz 0ms (cache hit)
4085 http cache raw-body@https://registry.npmjs.org/raw-body/-/raw-body-2.5.3.tgz 0ms (cache hit)
4086 http cache exegesis@https://registry.npmjs.org/exegesis/-/exegesis-4.3.0.tgz 0ms (cache hit)
4087 http cache ajv-formats@https://registry.npmjs.org/ajv-formats/-/ajv-formats-2.1.1.tgz 0ms (cache hit)
4088 http cache iconv-lite@https://registry.npmjs.org/iconv-lite/-/iconv-lite-0.4.24.tgz 0ms (cache hit)
4089 http cache escodegen@https://registry.npmjs.org/escodegen/-/escodegen-2.1.0.tgz 0ms (cache hit)
4090 http cache events-listener@https://registry.npmjs.org/events-listener/-/events-listener-1.1.0.tgz 0ms (cache hit)
4091 http cache fs-extra@https://registry.npmjs.org/fs-extra/-/fs-extra-10.1.0.tgz 0ms (cache hit)
4092 http cache eventsource@https://registry.npmjs.org/eventsource/-/eventsource-3.0.7.tgz 0ms (cache hit)
4093 http cache events-universal@https://registry.npmjs.org/events-universal/-/events-universal-1.0.1.tgz 0ms (cache hit)
4094 http cache events@https://registry.npmjs.org/events/-/events-3.3.0.tgz 0ms (cache hit)
4095 http cache event-target-shim@https://registry.npmjs.org/event-target-shim/-/event-target-shim-5.0.1.tgz 0ms (cache hit)
4096 http cache estraverse@https://registry.npmjs.org/estraverse/-/estraverse-5.3.0.tgz 0ms (cache hit)
4097 http cache esprima@https://registry.npmjs.org/esprima/-/esprima-4.0.1.tgz 0ms (cache hit)
4098 http cache escape-html@https://registry.npmjs.org/escape-html/-/escape-html-1.0.3.tgz 0ms (cache hit)
4099 http cache etag@https://registry.npmjs.org/etag/-/etag-1.8.1.tgz 0ms (cache hit)
4100 http cache esutils@https://registry.npmjs.org/esutils/-/esutils-2.0.3.tgz 0ms (cache hit)
4101 http cache es-object-atoms@https://registry.npmjs.org/es-object-atoms/-/es-object-atoms-1.1.1.tgz 0ms (cache hit)
4102 http cache eastasianwidth@https://registry.npmjs.org/eastasianwidth/-/eastasianwidth-0.2.0.tgz 0ms (cache hit)
4103 http cache escape-goat@https://registry.npmjs.org/escape-goat/-/escape-goat-2.1.1.tgz 0ms (cache hit)
4104 http cache es-set-tostringtag@https://registry.npmjs.org/es-set-tostringtag/-/es-set-tostringtag-2.1.0.tgz 0ms (cache hit)
4105 http cache es-define-property@https://registry.npmjs.org/es-define-property/-/es-define-property-1.0.1.tgz 0ms (cache hit)
4106 http cache es-errors@https://registry.npmjs.org/es-errors/-/es-errors-1.3.0.tgz 0ms (cache hit)
4107 http cache end-of-stream@https://registry.npmjs.org/end-of-stream/-/end-of-stream-1.4.5.tgz 0ms (cache hit)
4108 http cache environment@https://registry.npmjs.org/environment/-/environment-1.1.0.tgz 0ms (cache hit)
4109 http cache encoding@https://registry.npmjs.org/encoding/-/encoding-0.1.13.tgz 0ms (cache hit)
4110 http cache ee-first@https://registry.npmjs.org/ee-first/-/ee-first-1.1.1.tgz 0ms (cache hit)
4111 http cache iconv-lite@https://registry.npmjs.org/iconv-lite/-/iconv-lite-0.6.3.tgz 0ms (cache hit)
4112 http cache emojilib@https://registry.npmjs.org/emojilib/-/emojilib-2.4.0.tgz 0ms (cache hit)
4113 http cache ecdsa-sig-formatter@https://registry.npmjs.org/ecdsa-sig-formatter/-/ecdsa-sig-formatter-1.0.11.tgz 0ms (cache hit)
4114 http cache emoji-regex@https://registry.npmjs.org/emoji-regex/-/emoji-regex-8.0.0.tgz 0ms (cache hit)
4115 http cache enabled@https://registry.npmjs.org/enabled/-/enabled-2.0.0.tgz 0ms (cache hit)
4116 http cache encodeurl@https://registry.npmjs.org/encodeurl/-/encodeurl-2.0.0.tgz 0ms (cache hit)
4117 http cache duplexify@https://registry.npmjs.org/duplexify/-/duplexify-4.1.3.tgz 0ms (cache hit)
4118 http cache csv-parse@https://registry.npmjs.org/csv-parse/-/csv-parse-5.6.0.tgz 0ms (cache hit)
4119 http cache readable-stream@https://registry.npmjs.org/readable-stream/-/readable-stream-3.6.2.tgz 0ms (cache hit)
4120 http cache depd@https://registry.npmjs.org/depd/-/depd-2.0.0.tgz 0ms (cache hit)
4121 http cache dunder-proto@https://registry.npmjs.org/dunder-proto/-/dunder-proto-1.0.1.tgz 0ms (cache hit)
4122 http cache destroy@https://registry.npmjs.org/destroy/-/destroy-1.2.0.tgz 0ms (cache hit)
4123 http cache discontinuous-range@https://registry.npmjs.org/discontinuous-range/-/discontinuous-range-1.0.0.tgz 0ms (cache hit)
4124 http cache diff@https://registry.npmjs.org/diff/-/diff-4.0.4.tgz 0ms (cache hit)
4125 http cache degenerator@https://registry.npmjs.org/degenerator/-/degenerator-5.0.1.tgz 0ms (cache hit)
4126 http cache delayed-stream@https://registry.npmjs.org/delayed-stream/-/delayed-stream-1.0.0.tgz 0ms (cache hit)
4127 http cache deep-freeze@https://registry.npmjs.org/deep-freeze/-/deep-freeze-0.0.1.tgz 0ms (cache hit)
4128 http cache deep-is@https://registry.npmjs.org/deep-is/-/deep-is-0.1.4.tgz 0ms (cache hit)
4129 http cache defaults@https://registry.npmjs.org/defaults/-/defaults-1.0.4.tgz 0ms (cache hit)
4130 http cache deep-extend@https://registry.npmjs.org/deep-extend/-/deep-extend-0.6.0.tgz 0ms (cache hit)
4131 http cache cross-env@https://registry.npmjs.org/cross-env/-/cross-env-7.0.3.tgz 0ms (cache hit)
4132 http cache debug@https://registry.npmjs.org/debug/-/debug-2.6.9.tgz 0ms (cache hit)
4133 http cache data-uri-to-buffer@https://registry.npmjs.org/data-uri-to-buffer/-/data-uri-to-buffer-6.0.2.tgz 0ms (cache hit)
4134 http cache deep-equal-in-any-order@https://registry.npmjs.org/deep-equal-in-any-order/-/deep-equal-in-any-order-2.1.0.tgz 0ms (cache hit)
4135 http cache bare-events@https://registry.npmjs.org/bare-events/-/bare-events-2.8.2.tgz 0ms (cache hit)
4136 http cache cross-spawn@https://registry.npmjs.org/cross-spawn/-/cross-spawn-7.0.6.tgz 0ms (cache hit)
4137 http cache crypto-random-string@https://registry.npmjs.org/crypto-random-string/-/crypto-random-string-2.0.0.tgz 0ms (cache hit)
4138 http cache configstore@https://registry.npmjs.org/configstore/-/configstore-5.0.1.tgz 0ms (cache hit)
4139 http cache core-util-is@https://registry.npmjs.org/core-util-is/-/core-util-is-1.0.3.tgz 0ms (cache hit)
4140 http cache crc32-stream@https://registry.npmjs.org/crc32-stream/-/crc32-stream-6.0.0.tgz 0ms (cache hit)
4141 http cache cors@https://registry.npmjs.org/cors/-/cors-2.8.6.tgz 0ms (cache hit)
4142 http cache crc-32@https://registry.npmjs.org/crc-32/-/crc-32-1.2.2.tgz 0ms (cache hit)
4143 http cache cookie-signature@https://registry.npmjs.org/cookie-signature/-/cookie-signature-1.0.7.tgz 0ms (cache hit)
4144 http cache cookie@https://registry.npmjs.org/cookie/-/cookie-0.7.2.tgz 0ms (cache hit)
4145 http cache config-chain@https://registry.npmjs.org/config-chain/-/config-chain-1.1.13.tgz 0ms (cache hit)
4146 http cache ini@https://registry.npmjs.org/ini/-/ini-1.3.8.tgz 0ms (cache hit)
4147 http cache content-type@https://registry.npmjs.org/content-type/-/content-type-1.0.5.tgz 0ms (cache hit)
4148 http cache content-disposition@https://registry.npmjs.org/content-disposition/-/content-disposition-0.5.4.tgz 0ms (cache hit)
4149 http cache connect@https://registry.npmjs.org/connect/-/connect-3.7.0.tgz 0ms (cache hit)
4150 http cache finalhandler@https://registry.npmjs.org/finalhandler/-/finalhandler-1.1.2.tgz 1ms (cache hit)
4151 http cache statuses@https://registry.npmjs.org/statuses/-/statuses-1.5.0.tgz 0ms (cache hit)
4152 http cache on-finished@https://registry.npmjs.org/on-finished/-/on-finished-2.3.0.tgz 0ms (cache hit)
4153 http cache encodeurl@https://registry.npmjs.org/encodeurl/-/encodeurl-1.0.2.tgz 0ms (cache hit)
4154 http cache commander@https://registry.npmjs.org/commander/-/commander-5.1.0.tgz 0ms (cache hit)
4155 http cache bl@https://registry.npmjs.org/bl/-/bl-4.1.0.tgz 0ms (cache hit)
4156 http cache readable-stream@https://registry.npmjs.org/readable-stream/-/readable-stream-3.6.2.tgz 0ms (cache hit)
4157 http cache concat-map@https://registry.npmjs.org/concat-map/-/concat-map-0.0.1.tgz 0ms (cache hit)
4158 http cache compression@https://registry.npmjs.org/compression/-/compression-1.8.1.tgz 0ms (cache hit)
4159 http cache compressible@https://registry.npmjs.org/compressible/-/compressible-2.0.18.tgz 0ms (cache hit)
4160 http cache negotiator@https://registry.npmjs.org/negotiator/-/negotiator-0.6.4.tgz 0ms (cache hit)
4161 http cache combined-stream@https://registry.npmjs.org/combined-stream/-/combined-stream-1.0.8.tgz 0ms (cache hit)
4162 http cache compress-commons@https://registry.npmjs.org/compress-commons/-/compress-commons-6.0.2.tgz 0ms (cache hit)
4163 http cache basic-ftp@https://registry.npmjs.org/basic-ftp/-/basic-ftp-5.1.0.tgz 0ms (cache hit)
4164 http cache color-string@https://registry.npmjs.org/color-string/-/color-string-2.1.4.tgz 0ms (cache hit)
4165 http cache colorette@https://registry.npmjs.org/colorette/-/colorette-2.0.20.tgz 0ms (cache hit)
4166 http cache color-name@https://registry.npmjs.org/color-name/-/color-name-2.1.0.tgz 0ms (cache hit)
4167 http cache clone@https://registry.npmjs.org/clone/-/clone-1.0.4.tgz 0ms (cache hit)
4168 http cache color@https://registry.npmjs.org/color/-/color-5.0.3.tgz 0ms (cache hit)
4169 http cache color-convert@https://registry.npmjs.org/color-convert/-/color-convert-3.1.3.tgz 0ms (cache hit)
4170 http cache cliui@https://registry.npmjs.org/cliui/-/cliui-8.0.1.tgz 0ms (cache hit)
4171 http cache cli-width@https://registry.npmjs.org/cli-width/-/cli-width-4.1.0.tgz 0ms (cache hit)
4172 http cache wrap-ansi@https://registry.npmjs.org/wrap-ansi/-/wrap-ansi-7.0.0.tgz 0ms (cache hit)
4173 http cache strip-ansi@https://registry.npmjs.org/strip-ansi/-/strip-ansi-6.0.1.tgz 0ms (cache hit)
4174 http cache cli-table3@https://registry.npmjs.org/cli-table3/-/cli-table3-0.6.5.tgz 0ms (cache hit)
4175 http cache ansi-regex@https://registry.npmjs.org/ansi-regex/-/ansi-regex-5.0.1.tgz 0ms (cache hit)
4176 http cache cli-spinners@https://registry.npmjs.org/cli-spinners/-/cli-spinners-2.9.2.tgz 0ms (cache hit)
4177 http cache cli-boxes@https://registry.npmjs.org/cli-boxes/-/cli-boxes-2.2.1.tgz 0ms (cache hit)
4178 http cache cli-cursor@https://registry.npmjs.org/cli-cursor/-/cli-cursor-3.1.0.tgz 0ms (cache hit)
4179 http cache cjson@https://registry.npmjs.org/cjson/-/cjson-0.3.3.tgz 0ms (cache hit)
4180 http cache ci-info@https://registry.npmjs.org/ci-info/-/ci-info-2.0.0.tgz 0ms (cache hit)
4181 http cache chardet@https://registry.npmjs.org/chardet/-/chardet-2.1.1.tgz 0ms (cache hit)
4182 http cache chokidar@https://registry.npmjs.org/chokidar/-/chokidar-3.6.0.tgz 0ms (cache hit)
4183 http cache chalk@https://registry.npmjs.org/chalk/-/chalk-5.6.2.tgz 0ms (cache hit)
4184 http cache char-regex@https://registry.npmjs.org/char-regex/-/char-regex-1.0.2.tgz 0ms (cache hit)
4185 http cache call-bind-apply-helpers@https://registry.npmjs.org/call-bind-apply-helpers/-/call-bind-apply-helpers-1.0.2.tgz 0ms (cache hit)
4186 http cache call-me-maybe@https://registry.npmjs.org/call-me-maybe/-/call-me-maybe-1.0.2.tgz 0ms (cache hit)
4187 http cache call-bound@https://registry.npmjs.org/call-bound/-/call-bound-1.0.4.tgz 0ms (cache hit)
4188 http cache bytes@https://registry.npmjs.org/bytes/-/bytes-3.1.2.tgz 0ms (cache hit)
4189 http cache buffer-crc32@https://registry.npmjs.org/buffer-crc32/-/buffer-crc32-1.0.0.tgz 0ms (cache hit)
4190 http cache buffer-equal-constant-time@https://registry.npmjs.org/buffer-equal-constant-time/-/buffer-equal-constant-time-1.0.1.tgz 0ms (cache hit)
4191 http cache braces@https://registry.npmjs.org/braces/-/braces-3.0.3.tgz 0ms (cache hit)
4192 http cache camelcase@https://registry.npmjs.org/camelcase/-/camelcase-6.3.0.tgz 0ms (cache hit)
4193 http cache brace-expansion@https://registry.npmjs.org/brace-expansion/-/brace-expansion-1.1.12.tgz 0ms (cache hit)
4194 http cache buffer@https://registry.npmjs.org/buffer/-/buffer-5.7.1.tgz 0ms (cache hit)
4195 http cache boxen@https://registry.npmjs.org/boxen/-/boxen-5.1.2.tgz 0ms (cache hit)
4196 http cache chalk@https://registry.npmjs.org/chalk/-/chalk-4.1.2.tgz 0ms (cache hit)
4197 http cache wrap-ansi@https://registry.npmjs.org/wrap-ansi/-/wrap-ansi-7.0.0.tgz 0ms (cache hit)
4198 http cache ansi-regex@https://registry.npmjs.org/ansi-regex/-/ansi-regex-5.0.1.tgz 0ms (cache hit)
4199 http cache strip-ansi@https://registry.npmjs.org/strip-ansi/-/strip-ansi-6.0.1.tgz 0ms (cache hit)
4200 http cache body-parser@https://registry.npmjs.org/body-parser/-/body-parser-1.20.4.tgz 0ms (cache hit)
4201 http cache raw-body@https://registry.npmjs.org/raw-body/-/raw-body-2.5.3.tgz 0ms (cache hit)
4202 http cache iconv-lite@https://registry.npmjs.org/iconv-lite/-/iconv-lite-0.4.24.tgz 0ms (cache hit)
4203 http cache basic-auth@https://registry.npmjs.org/basic-auth/-/basic-auth-2.0.1.tgz 0ms (cache hit)
4204 http cache safe-buffer@https://registry.npmjs.org/safe-buffer/-/safe-buffer-5.1.2.tgz 0ms (cache hit)
4205 http cache bignumber.js@https://registry.npmjs.org/bignumber.js/-/bignumber.js-9.3.1.tgz 0ms (cache hit)
4206 http cache binary-extensions@https://registry.npmjs.org/binary-extensions/-/binary-extensions-2.3.0.tgz 0ms (cache hit)
4207 http cache b4a@https://registry.npmjs.org/b4a/-/b4a-1.7.3.tgz 0ms (cache hit)
4208 http cache balanced-match@https://registry.npmjs.org/balanced-match/-/balanced-match-1.0.2.tgz 0ms (cache hit)
4209 http cache basic-auth-connect@https://registry.npmjs.org/basic-auth-connect/-/basic-auth-connect-1.1.0.tgz 0ms (cache hit)
4210 http cache as-array@https://registry.npmjs.org/as-array/-/as-array-2.0.0.tgz 0ms (cache hit)
4211 http cache base64-js@https://registry.npmjs.org/base64-js/-/base64-js-1.5.1.tgz 0ms (cache hit)
4212 http cache async@https://registry.npmjs.org/async/-/async-3.2.6.tgz 0ms (cache hit)
4213 http cache asynckit@https://registry.npmjs.org/asynckit/-/asynckit-0.4.0.tgz 0ms (cache hit)
4214 http cache async-lock@https://registry.npmjs.org/async-lock/-/async-lock-1.4.1.tgz 0ms (cache hit)
4215 http cache ast-types@https://registry.npmjs.org/ast-types/-/ast-types-0.13.4.tgz 0ms (cache hit)
4216 http cache argparse@https://registry.npmjs.org/argparse/-/argparse-1.0.10.tgz 0ms (cache hit)
4217 http cache arg@https://registry.npmjs.org/arg/-/arg-4.1.3.tgz 0ms (cache hit)
4218 http cache archiver-utils@https://registry.npmjs.org/archiver-utils/-/archiver-utils-5.0.2.tgz 0ms (cache hit)
4219 http cache array-flatten@https://registry.npmjs.org/array-flatten/-/array-flatten-1.1.1.tgz 0ms (cache hit)
4220 http cache archiver@https://registry.npmjs.org/archiver/-/archiver-7.0.1.tgz 0ms (cache hit)
4221 http cache any-promise@https://registry.npmjs.org/any-promise/-/any-promise-1.3.0.tgz 0ms (cache hit)
4222 http cache ansi-align@https://registry.npmjs.org/ansi-align/-/ansi-align-3.0.1.tgz 0ms (cache hit)
4223 http cache anymatch@https://registry.npmjs.org/anymatch/-/anymatch-3.1.3.tgz 0ms (cache hit)
4224 http cache color-name@https://registry.npmjs.org/color-name/-/color-name-1.1.4.tgz 0ms (cache hit)
4225 http cache ajv@https://registry.npmjs.org/ajv/-/ajv-8.17.1.tgz 0ms (cache hit)
4226 http cache ansi-styles@https://registry.npmjs.org/ansi-styles/-/ansi-styles-4.3.0.tgz 0ms (cache hit)
4227 http cache color-convert@https://registry.npmjs.org/color-convert/-/color-convert-2.0.1.tgz 0ms (cache hit)
4228 http cache ansi-regex@https://registry.npmjs.org/ansi-regex/-/ansi-regex-6.2.2.tgz 0ms (cache hit)
4229 http cache ajv-formats@https://registry.npmjs.org/ajv-formats/-/ajv-formats-3.0.1.tgz 0ms (cache hit)
4230 http cache ansi-escapes@https://registry.npmjs.org/ansi-escapes/-/ansi-escapes-7.3.0.tgz 0ms (cache hit)
4231 http cache abort-controller@https://registry.npmjs.org/abort-controller/-/abort-controller-3.0.0.tgz 0ms (cache hit)
4232 http cache acorn-walk@https://registry.npmjs.org/acorn-walk/-/acorn-walk-8.3.4.tgz 0ms (cache hit)
4233 http cache agent-base@https://registry.npmjs.org/agent-base/-/agent-base-7.1.4.tgz 0ms (cache hit)
4234 http cache acorn@https://registry.npmjs.org/acorn/-/acorn-8.15.0.tgz 0ms (cache hit)
4235 http cache accepts@https://registry.npmjs.org/accepts/-/accepts-1.3.8.tgz 0ms (cache hit)
4236 http cache type-is@https://registry.npmjs.org/type-is/-/type-is-1.6.18.tgz 0ms (cache hit)
4237 warn deprecated node-domexception@1.0.0: Use your platform's native DOMException instead
4238 warn deprecated json-ptr@3.1.1: Package no longer supported. Contact Support at https://www.npmjs.com/support for more info.
4239 warn deprecated glob@10.5.0: Old versions of glob are not supported, and contain widely publicized security vulnerabilities, which have been fixed in the current version. Please update. Support for old versions may be purchased (at exorbitant rates) by contacting i@izs.me
4240 info run re2@1.23.2 install node_modules/firebase-tools/node_modules/re2 install-from-cache --artifact build/Release/re2.node --host-var RE2_DOWNLOAD_MIRROR --skip-path-var RE2_DOWNLOAD_SKIP_PATH --skip-ver-var RE2_DOWNLOAD_SKIP_VER || node-gyp -j max rebuild
4241 info run re2@1.23.2 install { code: 1, signal: null }
4242 verbose reify failed optional dependency /data/data/com.termux/files/usr/lib/node_modules/firebase-tools/node_modules/re2
4243 silly reify mark deleted [
4243 silly reify   '/data/data/com.termux/files/usr/lib/node_modules/firebase-tools/node_modules/re2'
4243 silly reify ]
4244 verbose reify failed optional dependency /data/data/com.termux/files/usr/lib/node_modules/firebase-tools/node_modules/install-artifact-from-github
4245 silly reify mark deleted [
4245 silly reify   '/data/data/com.termux/files/usr/lib/node_modules/firebase-tools/node_modules/install-artifact-from-github',
4245 silly reify   '/data/data/com.termux/files/usr/lib/node_modules/firebase-tools/node_modules/.bin/install-from-cache',
4245 silly reify   '/data/data/com.termux/files/usr/lib/node_modules/firebase-tools/node_modules/.bin/save-to-github-cache'
4245 silly reify ]
4246 verbose reify failed optional dependency /data/data/com.termux/files/usr/lib/node_modules/firebase-tools/node_modules/nan
4247 silly reify mark deleted [
4247 silly reify   '/data/data/com.termux/files/usr/lib/node_modules/firebase-tools/node_modules/nan'
4247 silly reify ]
4248 verbose reify failed optional dependency /data/data/com.termux/files/usr/lib/node_modules/firebase-tools/node_modules/node-gyp
4249 silly reify mark deleted [
4249 silly reify   '/data/data/com.termux/files/usr/lib/node_modules/firebase-tools/node_modules/node-gyp',
4249 silly reify   '/data/data/com.termux/files/usr/lib/node_modules/firebase-tools/node_modules/.bin/node-gyp'
4249 silly reify ]
4250 verbose reify failed optional dependency /data/data/com.termux/files/usr/lib/node_modules/firebase-tools/node_modules/env-paths
4251 silly reify mark deleted [
4251 silly reify   '/data/data/com.termux/files/usr/lib/node_modules/firebase-tools/node_modules/env-paths'
4251 silly reify ]
4252 verbose reify failed optional dependency /data/data/com.termux/files/usr/lib/node_modules/firebase-tools/node_modules/exponential-backoff
4253 silly reify mark deleted [
4253 silly reify   '/data/data/com.termux/files/usr/lib/node_modules/firebase-tools/node_modules/exponential-backoff'
4253 silly reify ]
4254 verbose reify failed optional dependency /data/data/com.termux/files/usr/lib/node_modules/firebase-tools/node_modules/make-fetch-happen
4255 silly reify mark deleted [
4255 silly reify   '/data/data/com.termux/files/usr/lib/node_modules/firebase-tools/node_modules/make-fetch-happen'
4255 silly reify ]
4256 verbose reify failed optional dependency /data/data/com.termux/files/usr/lib/node_modules/firebase-tools/node_modules/nopt
4257 silly reify mark deleted [
4257 silly reify   '/data/data/com.termux/files/usr/lib/node_modules/firebase-tools/node_modules/nopt',
4257 silly reify   '/data/data/com.termux/files/usr/lib/node_modules/firebase-tools/node_modules/.bin/nopt'
4257 silly reify ]
4258 verbose reify failed optional dependency /data/data/com.termux/files/usr/lib/node_modules/firebase-tools/node_modules/node-gyp/node_modules/proc-log
4259 silly reify mark deleted [
4259 silly reify   '/data/data/com.termux/files/usr/lib/node_modules/firebase-tools/node_modules/node-gyp/node_modules/proc-log'
4259 silly reify ]
4260 verbose reify failed optional dependency /data/data/com.termux/files/usr/lib/node_modules/firebase-tools/node_modules/tar
4261 silly reify mark deleted [
4261 silly reify   '/data/data/com.termux/files/usr/lib/node_modules/firebase-tools/node_modules/tar'
4261 silly reify ]
4262 verbose reify failed optional dependency /data/data/com.termux/files/usr/lib/node_modules/firebase-tools/node_modules/tinyglobby
4263 silly reify mark deleted [
4263 silly reify   '/data/data/com.termux/files/usr/lib/node_modules/firebase-tools/node_modules/tinyglobby'
4263 silly reify ]
4264 verbose reify failed optional dependency /data/data/com.termux/files/usr/lib/node_modules/firebase-tools/node_modules/node-gyp/node_modules/which
4265 silly reify mark deleted [
4265 silly reify   '/data/data/com.termux/files/usr/lib/node_modules/firebase-tools/node_modules/node-gyp/node_modules/which',
4265 silly reify   '/data/data/com.termux/files/usr/lib/node_modules/firebase-tools/node_modules/node-gyp/node_modules/.bin/node-which'
4265 silly reify ]
4266 verbose reify failed optional dependency /data/data/com.termux/files/usr/lib/node_modules/firebase-tools/node_modules/@npmcli/agent
4267 silly reify mark deleted [
4267 silly reify   '/data/data/com.termux/files/usr/lib/node_modules/firebase-tools/node_modules/@npmcli/agent'
4267 silly reify ]
4268 verbose reify failed optional dependency /data/data/com.termux/files/usr/lib/node_modules/firebase-tools/node_modules/cacache
4269 silly reify mark deleted [
4269 silly reify   '/data/data/com.termux/files/usr/lib/node_modules/firebase-tools/node_modules/cacache'
4269 silly reify ]
4270 verbose reify failed optional dependency /data/data/com.termux/files/usr/lib/node_modules/firebase-tools/node_modules/http-cache-semantics
4271 silly reify mark deleted [
4271 silly reify   '/data/data/com.termux/files/usr/lib/node_modules/firebase-tools/node_modules/http-cache-semantics'
4271 silly reify ]
4272 verbose reify failed optional dependency /data/data/com.termux/files/usr/lib/node_modules/firebase-tools/node_modules/minipass-fetch
4273 silly reify mark deleted [
4273 silly reify   '/data/data/com.termux/files/usr/lib/node_modules/firebase-tools/node_modules/minipass-fetch'
4273 silly reify ]
4274 verbose reify failed optional dependency /data/data/com.termux/files/usr/lib/node_modules/firebase-tools/node_modules/minipass-flush
4275 silly reify mark deleted [
4275 silly reify   '/data/data/com.termux/files/usr/lib/node_modules/firebase-tools/node_modules/minipass-flush'
4275 silly reify ]
4276 verbose reify failed optional dependency /data/data/com.termux/files/usr/lib/node_modules/firebase-tools/node_modules/minipass-pipeline
4277 silly reify mark deleted [
4277 silly reify   '/data/data/com.termux/files/usr/lib/node_modules/firebase-tools/node_modules/minipass-pipeline'
4277 silly reify ]
4278 verbose reify failed optional dependency /data/data/com.termux/files/usr/lib/node_modules/firebase-tools/node_modules/make-fetch-happen/node_modules/negotiator
4279 silly reify mark deleted [
4279 silly reify   '/data/data/com.termux/files/usr/lib/node_modules/firebase-tools/node_modules/make-fetch-happen/node_modules/negotiator'
4279 silly reify ]
4280 verbose reify failed optional dependency /data/data/com.termux/files/usr/lib/node_modules/firebase-tools/node_modules/make-fetch-happen/node_modules/proc-log
4281 silly reify mark deleted [
4281 silly reify   '/data/data/com.termux/files/usr/lib/node_modules/firebase-tools/node_modules/make-fetch-happen/node_modules/proc-log'
4281 silly reify ]
4282 verbose reify failed optional dependency /data/data/com.termux/files/usr/lib/node_modules/firebase-tools/node_modules/promise-retry
4283 silly reify mark deleted [
4283 silly reify   '/data/data/com.termux/files/usr/lib/node_modules/firebase-tools/node_modules/promise-retry'
4283 silly reify ]
4284 verbose reify failed optional dependency /data/data/com.termux/files/usr/lib/node_modules/firebase-tools/node_modules/ssri
4285 silly reify mark deleted [
4285 silly reify   '/data/data/com.termux/files/usr/lib/node_modules/firebase-tools/node_modules/ssri'
4285 silly reify ]
4286 verbose reify failed optional dependency /data/data/com.termux/files/usr/lib/node_modules/firebase-tools/node_modules/abbrev
4287 silly reify mark deleted [
4287 silly reify   '/data/data/com.termux/files/usr/lib/node_modules/firebase-tools/node_modules/abbrev'
4287 silly reify ]
4288 verbose reify failed optional dependency /data/data/com.termux/files/usr/lib/node_modules/firebase-tools/node_modules/chownr
4289 silly reify mark deleted [
4289 silly reify   '/data/data/com.termux/files/usr/lib/node_modules/firebase-tools/node_modules/chownr'
4289 silly reify ]
4290 verbose reify failed optional dependency /data/data/com.termux/files/usr/lib/node_modules/firebase-tools/node_modules/yallist
4291 silly reify mark deleted [
4291 silly reify   '/data/data/com.termux/files/usr/lib/node_modules/firebase-tools/node_modules/yallist'
4291 silly reify ]
4292 verbose reify failed optional dependency /data/data/com.termux/files/usr/lib/node_modules/firebase-tools/node_modules/minizlib
4293 silly reify mark deleted [
4293 silly reify   '/data/data/com.termux/files/usr/lib/node_modules/firebase-tools/node_modules/minizlib'
4293 silly reify ]
4294 verbose reify failed optional dependency /data/data/com.termux/files/usr/lib/node_modules/firebase-tools/node_modules/@isaacs/fs-minipass
4295 silly reify mark deleted [
4295 silly reify   '/data/data/com.termux/files/usr/lib/node_modules/firebase-tools/node_modules/@isaacs/fs-minipass'
4295 silly reify ]
4296 verbose reify failed optional dependency /data/data/com.termux/files/usr/lib/node_modules/firebase-tools/node_modules/tinyglobby/node_modules/fdir
4297 silly reify mark deleted [
4297 silly reify   '/data/data/com.termux/files/usr/lib/node_modules/firebase-tools/node_modules/tinyglobby/node_modules/fdir'
4297 silly reify ]
4298 verbose reify failed optional dependency /data/data/com.termux/files/usr/lib/node_modules/firebase-tools/node_modules/tinyglobby/node_modules/picomatch
4299 silly reify mark deleted [
4299 silly reify   '/data/data/com.termux/files/usr/lib/node_modules/firebase-tools/node_modules/tinyglobby/node_modules/picomatch'
4299 silly reify ]
4300 verbose reify failed optional dependency /data/data/com.termux/files/usr/lib/node_modules/firebase-tools/node_modules/node-gyp/node_modules/isexe
4301 silly reify mark deleted [
4301 silly reify   '/data/data/com.termux/files/usr/lib/node_modules/firebase-tools/node_modules/node-gyp/node_modules/isexe'
4301 silly reify ]
4302 verbose reify failed optional dependency /data/data/com.termux/files/usr/lib/node_modules/firebase-tools/node_modules/@npmcli/agent/node_modules/lru-cache
4303 silly reify mark deleted [
4303 silly reify   '/data/data/com.termux/files/usr/lib/node_modules/firebase-tools/node_modules/@npmcli/agent/node_modules/lru-cache'
4303 silly reify ]
4304 verbose reify failed optional dependency /data/data/com.termux/files/usr/lib/node_modules/firebase-tools/node_modules/@npmcli/fs
4305 silly reify mark deleted [
4305 silly reify   '/data/data/com.termux/files/usr/lib/node_modules/firebase-tools/node_modules/@npmcli/fs'
4305 silly reify ]
4306 verbose reify failed optional dependency /data/data/com.termux/files/usr/lib/node_modules/firebase-tools/node_modules/fs-minipass
4307 silly reify mark deleted [
4307 silly reify   '/data/data/com.termux/files/usr/lib/node_modules/firebase-tools/node_modules/fs-minipass'
4307 silly reify ]
4308 verbose reify failed optional dependency /data/data/com.termux/files/usr/lib/node_modules/firebase-tools/node_modules/cacache/node_modules/glob
4309 silly reify mark deleted [
4309 silly reify   '/data/data/com.termux/files/usr/lib/node_modules/firebase-tools/node_modules/cacache/node_modules/glob'
4309 silly reify ]
4310 verbose reify failed optional dependency /data/data/com.termux/files/usr/lib/node_modules/firebase-tools/node_modules/cacache/node_modules/lru-cache
4311 silly reify mark deleted [
4311 silly reify   '/data/data/com.termux/files/usr/lib/node_modules/firebase-tools/node_modules/cacache/node_modules/lru-cache'
4311 silly reify ]
4312 verbose reify failed optional dependency /data/data/com.termux/files/usr/lib/node_modules/firebase-tools/node_modules/minipass-collect
4313 silly reify mark deleted [
4313 silly reify   '/data/data/com.termux/files/usr/lib/node_modules/firebase-tools/node_modules/minipass-collect'
4313 silly reify ]
4314 verbose reify failed optional dependency /data/data/com.termux/files/usr/lib/node_modules/firebase-tools/node_modules/p-map
4315 silly reify mark deleted [
4315 silly reify   '/data/data/com.termux/files/usr/lib/node_modules/firebase-tools/node_modules/p-map'
4315 silly reify ]
4316 verbose reify failed optional dependency /data/data/com.termux/files/usr/lib/node_modules/firebase-tools/node_modules/unique-filename
4317 silly reify mark deleted [
4317 silly reify   '/data/data/com.termux/files/usr/lib/node_modules/firebase-tools/node_modules/unique-filename'
4317 silly reify ]
4318 verbose reify failed optional dependency /data/data/com.termux/files/usr/lib/node_modules/firebase-tools/node_modules/minipass-sized
4319 silly reify mark deleted [
4319 silly reify   '/data/data/com.termux/files/usr/lib/node_modules/firebase-tools/node_modules/minipass-sized'
4319 silly reify ]
4320 verbose reify failed optional dependency /data/data/com.termux/files/usr/lib/node_modules/firebase-tools/node_modules/minipass-flush/node_modules/minipass
4321 silly reify mark deleted [
4321 silly reify   '/data/data/com.termux/files/usr/lib/node_modules/firebase-tools/node_modules/minipass-flush/node_modules/minipass'
4321 silly reify ]
4322 verbose reify failed optional dependency /data/data/com.termux/files/usr/lib/node_modules/firebase-tools/node_modules/minipass-pipeline/node_modules/minipass
4323 silly reify mark deleted [
4323 silly reify   '/data/data/com.termux/files/usr/lib/node_modules/firebase-tools/node_modules/minipass-pipeline/node_modules/minipass'
4323 silly reify ]
4324 verbose reify failed optional dependency /data/data/com.termux/files/usr/lib/node_modules/firebase-tools/node_modules/err-code
4325 silly reify mark deleted [
4325 silly reify   '/data/data/com.termux/files/usr/lib/node_modules/firebase-tools/node_modules/err-code'
4325 silly reify ]
4326 verbose reify failed optional dependency /data/data/com.termux/files/usr/lib/node_modules/firebase-tools/node_modules/promise-retry/node_modules/retry
4327 silly reify mark deleted [
4327 silly reify   '/data/data/com.termux/files/usr/lib/node_modules/firebase-tools/node_modules/promise-retry/node_modules/retry'
4327 silly reify ]
4328 verbose reify failed optional dependency /data/data/com.termux/files/usr/lib/node_modules/firebase-tools/node_modules/cacache/node_modules/minimatch
4329 silly reify mark deleted [
4329 silly reify   '/data/data/com.termux/files/usr/lib/node_modules/firebase-tools/node_modules/cacache/node_modules/minimatch'
4329 silly reify ]
4330 verbose reify failed optional dependency /data/data/com.termux/files/usr/lib/node_modules/firebase-tools/node_modules/cacache/node_modules/path-scurry
4331 silly reify mark deleted [
4331 silly reify   '/data/data/com.termux/files/usr/lib/node_modules/firebase-tools/node_modules/cacache/node_modules/path-scurry'
4331 silly reify ]
4332 verbose reify failed optional dependency /data/data/com.termux/files/usr/lib/node_modules/firebase-tools/node_modules/unique-slug
4333 silly reify mark deleted [
4333 silly reify   '/data/data/com.termux/files/usr/lib/node_modules/firebase-tools/node_modules/unique-slug'
4333 silly reify ]
4334 verbose reify failed optional dependency /data/data/com.termux/files/usr/lib/node_modules/firebase-tools/node_modules/minipass-flush/node_modules/yallist
4335 silly reify mark deleted [
4335 silly reify   '/data/data/com.termux/files/usr/lib/node_modules/firebase-tools/node_modules/minipass-flush/node_modules/yallist'
4335 silly reify ]
4336 verbose reify failed optional dependency /data/data/com.termux/files/usr/lib/node_modules/firebase-tools/node_modules/minipass-pipeline/node_modules/yallist
4337 silly reify mark deleted [
4337 silly reify   '/data/data/com.termux/files/usr/lib/node_modules/firebase-tools/node_modules/minipass-pipeline/node_modules/yallist'
4337 silly reify ]
4338 verbose reify failed optional dependency /data/data/com.termux/files/usr/lib/node_modules/firebase-tools/node_modules/@isaacs/brace-expansion
4339 silly reify mark deleted [
4339 silly reify   '/data/data/com.termux/files/usr/lib/node_modules/firebase-tools/node_modules/@isaacs/brace-expansion'
4339 silly reify ]
4340 verbose reify failed optional dependency /data/data/com.termux/files/usr/lib/node_modules/firebase-tools/node_modules/@isaacs/balanced-match
4341 silly reify mark deleted [
4341 silly reify   '/data/data/com.termux/files/usr/lib/node_modules/firebase-tools/node_modules/@isaacs/balanced-match'
4341 silly reify ]
4342 info run protobufjs@7.5.4 postinstall node_modules/firebase-tools/node_modules/protobufjs node scripts/postinstall
4343 info run protobufjs@7.5.4 postinstall { code: 0, signal: null }
4344 silly CHANGE node_modules/firebase-tools
4345 silly ADD
4346 silly ADD
4347 silly ADD
4348 silly ADD
4349 silly ADD
4350 silly ADD
4351 silly ADD
4352 silly ADD
4353 silly ADD
4354 silly ADD
4355 silly ADD
4356 silly ADD
4357 silly ADD
4358 silly ADD
4359 silly ADD
4360 silly ADD
4361 silly ADD
4362 silly ADD node_modules/retry
4363 silly ADD
4364 silly ADD node_modules/yallist
4365 silly ADD node_modules/minipass
4366 silly ADD
4367 silly ADD node_modules/yallist
4368 silly ADD node_modules/minipass
4369 silly ADD
4370 silly ADD
4371 silly ADD
4372 silly ADD node_modules/path-scurry
4373 silly ADD node_modules/minimatch
4374 silly ADD node_modules/lru-cache
4375 silly ADD node_modules/glob
4376 silly ADD
4377 silly ADD node_modules/lru-cache
4378 silly ADD
4379 silly ADD node_modules/picomatch
4380 silly ADD node_modules/fdir
4381 silly ADD
4382 silly ADD
4383 silly ADD
4384 silly ADD node_modules/proc-log
4385 silly ADD node_modules/negotiator
4386 silly ADD
4387 silly ADD
4388 silly ADD
4389 silly ADD node_modules/isexe
4390 silly ADD node_modules/which
4391 silly ADD node_modules/proc-log
4392 silly ADD
4393 silly ADD
4394 silly ADD
4395 silly CHANGE node_modules/firebase-tools/node_modules/@inquirer/select
4396 silly CHANGE node_modules/firebase-tools/node_modules/@types/node
4397 silly CHANGE node_modules/firebase-tools/node_modules/@inquirer/editor
4398 silly CHANGE node_modules/firebase-tools/node_modules/@types/triple-beam
4399 silly CHANGE node_modules/firebase-tools/node_modules/@types/json-schema
4400 silly CHANGE node_modules/firebase-tools/node_modules/string_decoder
4401 silly CHANGE node_modules/firebase-tools/node_modules/registry-auth-token
4402 silly CHANGE node_modules/firebase-tools/node_modules/@tsconfig/node10
4403 silly CHANGE node_modules/firebase-tools/node_modules/@tsconfig/node16
4404 silly CHANGE node_modules/firebase-tools/node_modules/statuses
4405 silly CHANGE node_modules/firebase-tools/node_modules/@tsconfig/node14
4406 silly CHANGE node_modules/firebase-tools/node_modules/@tsconfig/node12
4407 silly CHANGE node_modules/firebase-tools/node_modules/@tootallnate/quickjs-emscripten
4408 silly CHANGE node_modules/firebase-tools/node_modules/@tootallnate/once
4409 silly CHANGE node_modules/firebase-tools/node_modules/@so-ric/colorspace
4410 silly CHANGE node_modules/firebase-tools/node_modules/@protobufjs/pool
4411 silly CHANGE node_modules/firebase-tools/node_modules/@sindresorhus/is
4412 silly CHANGE node_modules/firebase-tools/node_modules/@protobufjs/path
4413 silly CHANGE node_modules/firebase-tools/node_modules/@protobufjs/utf8
4414 silly CHANGE node_modules/firebase-tools/node_modules/@protobufjs/fetch
4415 silly CHANGE node_modules/firebase-tools/node_modules/@protobufjs/inquire
4416 silly CHANGE node_modules/firebase-tools/node_modules/@protobufjs/aspromise
4417 silly CHANGE node_modules/firebase-tools/node_modules/@protobufjs/eventemitter
4418 silly CHANGE node_modules/firebase-tools/node_modules/@protobufjs/float
4419 silly CHANGE node_modules/firebase-tools/node_modules/@protobufjs/codegen
4420 silly CHANGE node_modules/firebase-tools/node_modules/@pnpm/npm-conf
4421 silly CHANGE node_modules/firebase-tools/node_modules/@protobufjs/base64
4422 silly CHANGE node_modules/firebase-tools/node_modules/@npmcli/promise-spawn
4423 silly CHANGE node_modules/firebase-tools/node_modules/@opentelemetry/core
4424 silly CHANGE node_modules/firebase-tools/node_modules/@opentelemetry/core/node_modules/@opentelemetry/semantic-conventions
4425 silly CHANGE node_modules/firebase-tools/node_modules/@pnpm/network.ca-file
4426 silly CHANGE node_modules/firebase-tools/node_modules/@pnpm/network.ca-file/node_modules/graceful-fs
4427 silly CHANGE node_modules/firebase-tools/node_modules/@opentelemetry/api
4428 silly CHANGE node_modules/firebase-tools/node_modules/@opentelemetry/semantic-conventions
4429 silly CHANGE node_modules/firebase-tools/node_modules/@pkgjs/parseargs
4430 silly CHANGE node_modules/firebase-tools/node_modules/@pnpm/config.env-replace
4431 silly CHANGE node_modules/firebase-tools/node_modules/@js-sdsl/ordered-map
4432 silly CHANGE node_modules/firebase-tools/node_modules/@modelcontextprotocol/sdk
4433 silly CHANGE node_modules/firebase-tools/node_modules/@modelcontextprotocol/sdk/node_modules/type-is
4434 silly CHANGE node_modules/firebase-tools/node_modules/@modelcontextprotocol/sdk/node_modules/mime-types
4435 silly CHANGE node_modules/firebase-tools/node_modules/@modelcontextprotocol/sdk/node_modules/serve-static
4436 silly CHANGE node_modules/firebase-tools/node_modules/@modelcontextprotocol/sdk/node_modules/mime-db
4437 silly CHANGE node_modules/firebase-tools/node_modules/@modelcontextprotocol/sdk/node_modules/ms
4438 silly CHANGE node_modules/firebase-tools/node_modules/@modelcontextprotocol/sdk/node_modules/send
4439 silly CHANGE node_modules/firebase-tools/node_modules/@modelcontextprotocol/sdk/node_modules/negotiator
4440 silly CHANGE node_modules/firebase-tools/node_modules/@modelcontextprotocol/sdk/node_modules/content-disposition
4441 silly CHANGE node_modules/firebase-tools/node_modules/@modelcontextprotocol/sdk/node_modules/debug
4442 silly CHANGE node_modules/firebase-tools/node_modules/@modelcontextprotocol/sdk/node_modules/media-typer
4443 silly CHANGE node_modules/firebase-tools/node_modules/@modelcontextprotocol/sdk/node_modules/merge-descriptors
4444 silly CHANGE node_modules/firebase-tools/node_modules/@modelcontextprotocol/sdk/node_modules/fresh
4445 silly CHANGE node_modules/firebase-tools/node_modules/@modelcontextprotocol/sdk/node_modules/finalhandler
4446 silly CHANGE node_modules/firebase-tools/node_modules/@modelcontextprotocol/sdk/node_modules/express
4447 silly CHANGE node_modules/firebase-tools/node_modules/@modelcontextprotocol/sdk/node_modules/cookie-signature
4448 silly CHANGE node_modules/firebase-tools/node_modules/@modelcontextprotocol/sdk/node_modules/body-parser
4449 silly CHANGE node_modules/firebase-tools/node_modules/@modelcontextprotocol/sdk/node_modules/accepts
4450 silly CHANGE node_modules/firebase-tools/node_modules/@jridgewell/trace-mapping
4451 silly CHANGE node_modules/firebase-tools/node_modules/@jridgewell/resolve-uri
4452 silly CHANGE node_modules/firebase-tools/node_modules/@jsdevtools/ono
4453 silly CHANGE node_modules/firebase-tools/node_modules/@inquirer/type
4454 silly CHANGE node_modules/firebase-tools/node_modules/@inquirer/rawlist
4455 silly CHANGE node_modules/firebase-tools/node_modules/@jridgewell/sourcemap-codec
4456 silly CHANGE node_modules/firebase-tools/node_modules/@isaacs/cliui
4457 silly CHANGE node_modules/firebase-tools/node_modules/@isaacs/cliui/node_modules/string-width
4458 silly CHANGE node_modules/firebase-tools/node_modules/@isaacs/cliui/node_modules/wrap-ansi
4459 silly CHANGE node_modules/firebase-tools/node_modules/@isaacs/cliui/node_modules/ansi-styles
4460 silly CHANGE node_modules/firebase-tools/node_modules/@isaacs/cliui/node_modules/emoji-regex
4461 silly CHANGE node_modules/firebase-tools/node_modules/@inquirer/figures
4462 silly CHANGE node_modules/firebase-tools/node_modules/@dabh/diagnostics
4463 silly CHANGE node_modules/firebase-tools/node_modules/@inquirer/number
4464 silly CHANGE node_modules/firebase-tools/node_modules/dot-prop
4465 silly CHANGE node_modules/firebase-tools/node_modules/@inquirer/prompts
4466 silly CHANGE node_modules/firebase-tools/node_modules/@inquirer/search
4467 silly CHANGE node_modules/firebase-tools/node_modules/@inquirer/password
4468 silly CHANGE node_modules/firebase-tools/node_modules/@inquirer/input
4469 silly CHANGE node_modules/firebase-tools/node_modules/@inquirer/external-editor
4470 silly CHANGE node_modules/firebase-tools/node_modules/once
4471 silly CHANGE node_modules/firebase-tools/node_modules/@inquirer/expand
4472 silly CHANGE node_modules/firebase-tools/node_modules/@inquirer/checkbox
4473 silly CHANGE node_modules/firebase-tools/node_modules/@inquirer/core
4474 silly CHANGE node_modules/firebase-tools/node_modules/@inquirer/confirm
4475 silly CHANGE node_modules/firebase-tools/node_modules/@hono/node-server
4476 silly CHANGE node_modules/firebase-tools/node_modules/@grpc/grpc-js
4477 silly CHANGE node_modules/firebase-tools/node_modules/@inquirer/ansi
4478 silly CHANGE node_modules/firebase-tools/node_modules/@grpc/proto-loader
4479 silly CHANGE node_modules/firebase-tools/node_modules/@googleapis/sqladmin
4480 silly CHANGE node_modules/firebase-tools/node_modules/@google-cloud/promisify
4481 silly CHANGE node_modules/firebase-tools/node_modules/@google-cloud/pubsub
4482 silly CHANGE node_modules/firebase-tools/node_modules/@google-cloud/pubsub/node_modules/gtoken
4483 silly CHANGE node_modules/firebase-tools/node_modules/@google-cloud/pubsub/node_modules/node-fetch
4484 silly CHANGE node_modules/firebase-tools/node_modules/@google-cloud/pubsub/node_modules/gaxios
4485 silly CHANGE node_modules/firebase-tools/node_modules/@google-cloud/pubsub/node_modules/google-logging-utils
4486 silly CHANGE node_modules/firebase-tools/node_modules/@google-cloud/pubsub/node_modules/gcp-metadata
4487 silly CHANGE node_modules/firebase-tools/node_modules/@google-cloud/pubsub/node_modules/google-auth-library
4488 silly CHANGE node_modules/firebase-tools/node_modules/@google-cloud/pubsub/node_modules/data-uri-to-buffer
4489 silly CHANGE node_modules/firebase-tools/node_modules/@google-cloud/paginator
4490 silly CHANGE node_modules/firebase-tools/node_modules/@google-cloud/projectify
4491 silly CHANGE node_modules/firebase-tools/node_modules/@electric-sql/pglite-tools
4492 silly CHANGE node_modules/firebase-tools/node_modules/@google-cloud/precise-date
4493 silly CHANGE node_modules/firebase-tools/node_modules/@cspotcode/source-map-support
4494 silly CHANGE node_modules/firebase-tools/node_modules/@google-cloud/cloud-sql-connector
4495 silly CHANGE node_modules/firebase-tools/node_modules/@google-cloud/cloud-sql-connector/node_modules/node-fetch
4496 silly CHANGE node_modules/firebase-tools/node_modules/@google-cloud/cloud-sql-connector/node_modules/gtoken
4497 silly CHANGE node_modules/firebase-tools/node_modules/@google-cloud/cloud-sql-connector/node_modules/gcp-metadata
4498 silly CHANGE node_modules/firebase-tools/node_modules/@google-cloud/cloud-sql-connector/node_modules/google-auth-library
4499 silly CHANGE node_modules/firebase-tools/node_modules/@google-cloud/cloud-sql-connector/node_modules/google-logging-utils
4500 silly CHANGE node_modules/firebase-tools/node_modules/@google-cloud/cloud-sql-connector/node_modules/data-uri-to-buffer
4501 silly CHANGE node_modules/firebase-tools/node_modules/@google-cloud/cloud-sql-connector/node_modules/gaxios
4502 silly CHANGE node_modules/firebase-tools/node_modules/xdg-basedir
4503 silly CHANGE node_modules/firebase-tools/node_modules/@electric-sql/pglite
4504 silly CHANGE node_modules/firebase-tools/node_modules/@colors/colors
4505 silly CHANGE node_modules/firebase-tools/node_modules/@apphosting/common
4506 silly CHANGE node_modules/firebase-tools/node_modules/zod
4507 silly CHANGE node_modules/firebase-tools/node_modules/zod-to-json-schema
4508 silly CHANGE node_modules/firebase-tools/node_modules/@apphosting/build
4509 silly CHANGE node_modules/firebase-tools/node_modules/@apphosting/build/node_modules/@apphosting/common
4510 silly CHANGE node_modules/firebase-tools/node_modules/@apphosting/build/node_modules/commander
4511 silly CHANGE node_modules/firebase-tools/node_modules/@apidevtools/json-schema-ref-parser
4512 silly CHANGE node_modules/firebase-tools/node_modules/@apidevtools/json-schema-ref-parser/node_modules/argparse
4513 silly CHANGE node_modules/firebase-tools/node_modules/@apidevtools/json-schema-ref-parser/node_modules/js-yaml
4514 silly CHANGE node_modules/firebase-tools/node_modules/zip-stream
4515 silly CHANGE node_modules/firebase-tools/node_modules/yoctocolors-cjs
4516 silly CHANGE node_modules/firebase-tools/node_modules/yn
4517 silly CHANGE node_modules/firebase-tools/node_modules/ws
4518 silly CHANGE node_modules/firebase-tools/node_modules/yocto-queue
4519 silly CHANGE node_modules/firebase-tools/node_modules/y18n
4520 silly CHANGE node_modules/firebase-tools/node_modules/yargs-parser
4521 silly CHANGE node_modules/firebase-tools/node_modules/yaml
4522 silly CHANGE node_modules/firebase-tools/node_modules/readdirp
4523 silly CHANGE node_modules/firebase-tools/node_modules/yargs
4524 silly CHANGE node_modules/firebase-tools/node_modules/xtend
4525 silly CHANGE node_modules/firebase-tools/node_modules/winston
4526 silly CHANGE node_modules/firebase-tools/node_modules/winston/node_modules/@colors/colors
4527 silly CHANGE node_modules/firebase-tools/node_modules/winston/node_modules/readable-stream
4528 silly CHANGE node_modules/firebase-tools/node_modules/wrap-ansi-cjs
4529 silly CHANGE node_modules/firebase-tools/node_modules/wrap-ansi-cjs/node_modules/ansi-regex
4530 silly CHANGE node_modules/firebase-tools/node_modules/wrap-ansi-cjs/node_modules/strip-ansi
4531 silly CHANGE node_modules/firebase-tools/node_modules/wrappy
4532 silly CHANGE node_modules/firebase-tools/node_modules/write-file-atomic
4533 silly CHANGE node_modules/firebase-tools/node_modules/write-file-atomic/node_modules/signal-exit
4534 silly CHANGE node_modules/firebase-tools/node_modules/winston-transport
4535 silly CHANGE node_modules/firebase-tools/node_modules/winston-transport/node_modules/readable-stream
4536 silly CHANGE node_modules/firebase-tools/node_modules/widest-line
4537 silly CHANGE node_modules/firebase-tools/node_modules/wrap-ansi
4538 silly CHANGE node_modules/firebase-tools/node_modules/wrap-ansi/node_modules/strip-ansi
4539 silly CHANGE node_modules/firebase-tools/node_modules/wrap-ansi/node_modules/ansi-regex
4540 silly CHANGE node_modules/firebase-tools/node_modules/webidl-conversions
4541 silly CHANGE node_modules/firebase-tools/node_modules/whatwg-url
4542 silly CHANGE node_modules/firebase-tools/node_modules/which
4543 silly CHANGE node_modules/firebase-tools/node_modules/web-streams-polyfill
4544 silly CHANGE node_modules/firebase-tools/node_modules/whatwg-fetch
4545 silly CHANGE node_modules/firebase-tools/node_modules/v8-compile-cache-lib
4546 silly CHANGE node_modules/firebase-tools/node_modules/vary
4547 silly CHANGE node_modules/firebase-tools/node_modules/wcwidth
4548 silly CHANGE node_modules/firebase-tools/node_modules/validate-npm-package-name
4549 silly CHANGE node_modules/firebase-tools/node_modules/valid-url
4550 silly CHANGE node_modules/firebase-tools/node_modules/unique-string
4551 silly CHANGE node_modules/firebase-tools/node_modules/uuid
4552 silly CHANGE node_modules/firebase-tools/node_modules/url-join
4553 silly CHANGE node_modules/firebase-tools/node_modules/utils-merge
4554 silly CHANGE node_modules/firebase-tools/node_modules/util-deprecate
4555 silly CHANGE node_modules/firebase-tools/node_modules/url-template
4556 silly CHANGE node_modules/firebase-tools/node_modules/update-notifier-cjs
4557 silly CHANGE node_modules/firebase-tools/node_modules/update-notifier-cjs/node_modules/chalk
4558 silly CHANGE node_modules/firebase-tools/node_modules/universalify
4559 silly CHANGE node_modules/firebase-tools/node_modules/unpipe
4560 silly CHANGE node_modules/firebase-tools/node_modules/type-fest
4561 silly CHANGE node_modules/firebase-tools/node_modules/universal-analytics
4562 silly CHANGE node_modules/firebase-tools/node_modules/universal-analytics/node_modules/debug
4563 silly CHANGE node_modules/firebase-tools/node_modules/universal-analytics/node_modules/ms
4564 silly CHANGE node_modules/firebase-tools/node_modules/undici-types
4565 silly CHANGE node_modules/firebase-tools/node_modules/unicode-emoji-modifier-base
4566 silly CHANGE node_modules/firebase-tools/node_modules/typescript
4567 silly CHANGE node_modules/firebase-tools/node_modules/typedarray-to-buffer
4568 silly CHANGE node_modules/firebase-tools/node_modules/type-is
4569 silly CHANGE node_modules/firebase-tools/node_modules/ts-node
4570 silly CHANGE node_modules/firebase-tools/node_modules/tsscmp
4571 silly CHANGE node_modules/firebase-tools/node_modules/tslib
4572 silly CHANGE node_modules/firebase-tools/node_modules/tr46
4573 silly CHANGE node_modules/firebase-tools/node_modules/triple-beam
4574 silly CHANGE node_modules/firebase-tools/node_modules/toxic
4575 silly CHANGE node_modules/firebase-tools/node_modules/toidentifier
4576 silly CHANGE node_modules/firebase-tools/node_modules/through2
4577 silly CHANGE node_modules/firebase-tools/node_modules/through2/node_modules/string_decoder
4578 silly CHANGE node_modules/firebase-tools/node_modules/through2/node_modules/readable-stream
4579 silly CHANGE node_modules/firebase-tools/node_modules/through2/node_modules/safe-buffer
4580 silly CHANGE node_modules/firebase-tools/node_modules/to-regex-range
4581 silly CHANGE node_modules/firebase-tools/node_modules/to-regex-range/node_modules/is-number
4582 silly CHANGE node_modules/firebase-tools/node_modules/thenify-all
4583 silly CHANGE node_modules/firebase-tools/node_modules/tmp
4584 silly CHANGE node_modules/firebase-tools/node_modules/teeny-request
4585 silly CHANGE node_modules/firebase-tools/node_modules/teeny-request/node_modules/ms
4586 silly CHANGE node_modules/firebase-tools/node_modules/teeny-request/node_modules/node-fetch
4587 silly CHANGE node_modules/firebase-tools/node_modules/teeny-request/node_modules/debug
4588 silly CHANGE node_modules/firebase-tools/node_modules/teeny-request/node_modules/https-proxy-agent
4589 silly CHANGE node_modules/firebase-tools/node_modules/teeny-request/node_modules/http-proxy-agent
4590 silly CHANGE node_modules/firebase-tools/node_modules/teeny-request/node_modules/agent-base
4591 silly CHANGE node_modules/firebase-tools/node_modules/teeny-request/node_modules/data-uri-to-buffer
4592 silly CHANGE node_modules/firebase-tools/node_modules/text-hex
4593 silly CHANGE node_modules/firebase-tools/node_modules/superstatic
4594 silly CHANGE node_modules/firebase-tools/node_modules/superstatic/node_modules/path-to-regexp
4595 silly CHANGE node_modules/firebase-tools/node_modules/superstatic/node_modules/commander
4596 silly CHANGE node_modules/firebase-tools/node_modules/superstatic/node_modules/isarray
4597 silly CHANGE node_modules/firebase-tools/node_modules/superstatic/node_modules/minimatch
4598 silly CHANGE node_modules/firebase-tools/node_modules/superstatic/node_modules/brace-expansion
4599 silly CHANGE node_modules/firebase-tools/node_modules/thenify
4600 silly CHANGE node_modules/firebase-tools/node_modules/tcp-port-used
4601 silly CHANGE node_modules/firebase-tools/node_modules/tcp-port-used/node_modules/ms
4602 silly CHANGE node_modules/firebase-tools/node_modules/tcp-port-used/node_modules/debug
4603 silly CHANGE node_modules/firebase-tools/node_modules/text-decoder
4604 silly CHANGE node_modules/firebase-tools/node_modules/supports-color
4605 silly CHANGE node_modules/firebase-tools/node_modules/supports-hyperlinks
4606 silly CHANGE node_modules/firebase-tools/node_modules/tar-stream
4607 silly CHANGE node_modules/firebase-tools/node_modules/stubs
4608 silly CHANGE node_modules/firebase-tools/node_modules/strip-json-comments
4609 silly CHANGE node_modules/firebase-tools/node_modules/streamx
4610 silly CHANGE node_modules/firebase-tools/node_modules/stream-json
4611 silly CHANGE node_modules/firebase-tools/node_modules/strip-ansi-cjs
4612 silly CHANGE node_modules/firebase-tools/node_modules/strip-ansi-cjs/node_modules/ansi-regex
4613 silly CHANGE node_modules/firebase-tools/node_modules/strip-ansi
4614 silly CHANGE node_modules/firebase-tools/node_modules/json-bigint
4615 silly CHANGE node_modules/firebase-tools/node_modules/string-width-cjs
4616 silly CHANGE node_modules/firebase-tools/node_modules/string-width-cjs/node_modules/strip-ansi
4617 silly CHANGE node_modules/firebase-tools/node_modules/string-width-cjs/node_modules/ansi-regex
4618 silly CHANGE node_modules/firebase-tools/node_modules/string-width
4619 silly CHANGE node_modules/firebase-tools/node_modules/string-width/node_modules/strip-ansi
4620 silly CHANGE node_modules/firebase-tools/node_modules/string-width/node_modules/ansi-regex
4621 silly CHANGE node_modules/firebase-tools/node_modules/https-proxy-agent
4622 silly CHANGE node_modules/firebase-tools/node_modules/https-proxy-agent/node_modules/ms
4623 silly CHANGE node_modules/firebase-tools/node_modules/https-proxy-agent/node_modules/debug
4624 silly CHANGE node_modules/firebase-tools/node_modules/proxy-addr
4625 silly CHANGE node_modules/firebase-tools/node_modules/stream-shift
4626 silly CHANGE node_modules/firebase-tools/node_modules/ipaddr.js
4627 silly CHANGE node_modules/firebase-tools/node_modules/stream-events
4628 silly CHANGE node_modules/firebase-tools/node_modules/stream-chain
4629 silly CHANGE node_modules/firebase-tools/node_modules/sprintf-js
4630 silly CHANGE node_modules/firebase-tools/node_modules/sql-formatter
4631 silly CHANGE node_modules/firebase-tools/node_modules/sql-formatter/node_modules/argparse
4632 silly CHANGE node_modules/firebase-tools/node_modules/stack-trace
4633 silly CHANGE node_modules/firebase-tools/node_modules/split2
4634 silly CHANGE node_modules/firebase-tools/node_modules/source-map
4635 silly CHANGE node_modules/firebase-tools/node_modules/socks
4636 silly CHANGE node_modules/firebase-tools/node_modules/sort-any
4637 silly CHANGE node_modules/firebase-tools/node_modules/socks-proxy-agent
4638 silly CHANGE node_modules/firebase-tools/node_modules/socks-proxy-agent/node_modules/ms
4639 silly CHANGE node_modules/firebase-tools/node_modules/socks-proxy-agent/node_modules/debug
4640 silly CHANGE node_modules/firebase-tools/node_modules/smart-buffer
4641 silly CHANGE node_modules/firebase-tools/node_modules/side-channel
4642 silly CHANGE node_modules/firebase-tools/node_modules/skin-tone
4643 silly CHANGE node_modules/firebase-tools/node_modules/signal-exit
4644 silly CHANGE node_modules/firebase-tools/node_modules/side-channel-weakmap
4645 silly CHANGE node_modules/firebase-tools/node_modules/side-channel-map
4646 silly CHANGE node_modules/firebase-tools/node_modules/side-channel-list
4647 silly CHANGE node_modules/firebase-tools/node_modules/shebang-regex
4648 silly CHANGE node_modules/firebase-tools/node_modules/send
4649 silly CHANGE node_modules/firebase-tools/node_modules/send/node_modules/mime
4650 silly CHANGE node_modules/firebase-tools/node_modules/send/node_modules/ms
4651 silly CHANGE node_modules/firebase-tools/node_modules/shebang-command
4652 silly CHANGE node_modules/firebase-tools/node_modules/serve-static
4653 silly CHANGE node_modules/firebase-tools/node_modules/setprototypeof
4654 silly CHANGE node_modules/firebase-tools/node_modules/semver
4655 silly CHANGE node_modules/firebase-tools/node_modules/safe-buffer
4656 silly CHANGE node_modules/firebase-tools/node_modules/safer-buffer
4657 silly CHANGE node_modules/firebase-tools/node_modules/semver-diff
4658 silly CHANGE node_modules/firebase-tools/node_modules/semver-diff/node_modules/semver
4659 silly CHANGE node_modules/firebase-tools/node_modules/safe-stable-stringify
4660 silly CHANGE node_modules/firebase-tools/node_modules/rimraf
4661 silly CHANGE node_modules/firebase-tools/node_modules/retry-request
4662 silly CHANGE node_modules/firebase-tools/node_modules/readdir-glob
4663 silly CHANGE node_modules/firebase-tools/node_modules/readdir-glob/node_modules/brace-expansion
4664 silly CHANGE node_modules/firebase-tools/node_modules/readdir-glob/node_modules/minimatch
4665 silly CHANGE node_modules/firebase-tools/node_modules/router
4666 silly CHANGE node_modules/firebase-tools/node_modules/router/node_modules/ms
4667 silly CHANGE node_modules/firebase-tools/node_modules/router/node_modules/path-to-regexp
4668 silly CHANGE node_modules/firebase-tools/node_modules/router/node_modules/debug
4669 silly CHANGE node_modules/firebase-tools/node_modules/retry
4670 silly CHANGE node_modules/firebase-tools/node_modules/registry-url
4671 silly CHANGE node_modules/firebase-tools/node_modules/require-from-string
4672 silly CHANGE node_modules/firebase-tools/node_modules/restore-cursor
4673 silly CHANGE node_modules/firebase-tools/node_modules/restore-cursor/node_modules/signal-exit
4674 silly CHANGE node_modules/firebase-tools/node_modules/ret
4675 silly CHANGE node_modules/firebase-tools/node_modules/require-directory
4676 silly CHANGE node_modules/firebase-tools/node_modules/parseurl
4677 silly CHANGE node_modules/firebase-tools/node_modules/pupa
4678 silly CHANGE node_modules/firebase-tools/node_modules/rc
4679 silly CHANGE node_modules/firebase-tools/node_modules/rc/node_modules/ini
4680 silly CHANGE node_modules/firebase-tools/node_modules/raw-body
4681 silly CHANGE node_modules/firebase-tools/node_modules/readable-stream
4682 silly CHANGE node_modules/firebase-tools/node_modules/readable-stream/node_modules/buffer
4683 silly CHANGE node_modules/firebase-tools/node_modules/randexp
4684 silly CHANGE node_modules/firebase-tools/node_modules/railroad-diagrams
4685 silly CHANGE node_modules/firebase-tools/node_modules/range-parser
4686 silly CHANGE node_modules/firebase-tools/node_modules/pkce-challenge
4687 silly CHANGE node_modules/firebase-tools/node_modules/protobufjs
4688 silly CHANGE node_modules/firebase-tools/node_modules/qs
4689 silly CHANGE node_modules/firebase-tools/node_modules/proxy-from-env
4690 silly CHANGE node_modules/firebase-tools/node_modules/proxy-agent
4691 silly CHANGE node_modules/firebase-tools/node_modules/proxy-agent/node_modules/debug
4692 silly CHANGE node_modules/firebase-tools/node_modules/proxy-agent/node_modules/ms
4693 silly CHANGE node_modules/firebase-tools/node_modules/proxy-agent/node_modules/lru-cache
4694 silly CHANGE node_modules/firebase-tools/node_modules/process-nextick-args
4695 silly CHANGE node_modules/firebase-tools/node_modules/proto-list
4696 silly CHANGE node_modules/firebase-tools/node_modules/proto3-json-serializer
4697 silly CHANGE node_modules/firebase-tools/node_modules/promise-breaker
4698 silly CHANGE node_modules/firebase-tools/node_modules/progress
4699 silly CHANGE node_modules/firebase-tools/node_modules/proc-log
4700 silly CHANGE node_modules/firebase-tools/node_modules/postgres-interval
4701 silly CHANGE node_modules/firebase-tools/node_modules/process
4702 silly CHANGE node_modules/firebase-tools/node_modules/picomatch
4703 silly CHANGE node_modules/firebase-tools/node_modules/postgres-date
4704 silly CHANGE node_modules/firebase-tools/node_modules/postgres-array
4705 silly CHANGE node_modules/firebase-tools/node_modules/pg-gateway
4706 silly CHANGE node_modules/firebase-tools/node_modules/postgres-bytea
4707 silly CHANGE node_modules/firebase-tools/node_modules/portfinder
4708 silly CHANGE node_modules/firebase-tools/node_modules/portfinder/node_modules/ms
4709 silly CHANGE node_modules/firebase-tools/node_modules/portfinder/node_modules/debug
4710 silly CHANGE node_modules/firebase-tools/node_modules/pgpass
4711 silly CHANGE node_modules/firebase-tools/node_modules/object-assign
4712 silly CHANGE node_modules/firebase-tools/node_modules/pg-pool
4713 silly CHANGE node_modules/firebase-tools/node_modules/pg-types
4714 silly CHANGE node_modules/firebase-tools/node_modules/pglite-2
4715 silly CHANGE node_modules/firebase-tools/node_modules/pg-int8
4716 silly CHANGE node_modules/firebase-tools/node_modules/pg-protocol
4717 silly CHANGE node_modules/firebase-tools/node_modules/pg-cloudflare
4718 silly CHANGE node_modules/firebase-tools/node_modules/parse5
4719 silly CHANGE node_modules/firebase-tools/node_modules/pg-connection-string
4720 silly CHANGE node_modules/firebase-tools/node_modules/path-to-regexp
4721 silly CHANGE node_modules/firebase-tools/node_modules/pg
4722 silly CHANGE node_modules/firebase-tools/node_modules/path-scurry
4723 silly CHANGE node_modules/firebase-tools/node_modules/finalhandler
4724 silly CHANGE node_modules/firebase-tools/node_modules/cli-highlight
4725 silly CHANGE node_modules/firebase-tools/node_modules/cli-highlight/node_modules/yargs-parser
4726 silly CHANGE node_modules/firebase-tools/node_modules/cli-highlight/node_modules/wrap-ansi
4727 silly CHANGE node_modules/firebase-tools/node_modules/cli-highlight/node_modules/yargs
4728 silly CHANGE node_modules/firebase-tools/node_modules/cli-highlight/node_modules/strip-ansi
4729 silly CHANGE node_modules/firebase-tools/node_modules/cli-highlight/node_modules/cliui
4730 silly CHANGE node_modules/firebase-tools/node_modules/cli-highlight/node_modules/chalk
4731 silly CHANGE node_modules/firebase-tools/node_modules/cli-highlight/node_modules/ansi-regex
4732 silly CHANGE node_modules/firebase-tools/node_modules/path-key
4733 silly CHANGE node_modules/firebase-tools/node_modules/parse5-htmlparser2-tree-adapter
4734 silly CHANGE node_modules/firebase-tools/node_modules/parse5-htmlparser2-tree-adapter/node_modules/parse5
4735 silly CHANGE node_modules/firebase-tools/node_modules/package-json-from-dist
4736 silly CHANGE node_modules/firebase-tools/node_modules/pac-resolver
4737 silly CHANGE node_modules/firebase-tools/node_modules/pac-proxy-agent
4738 silly CHANGE node_modules/firebase-tools/node_modules/pac-proxy-agent/node_modules/ms
4739 silly CHANGE node_modules/firebase-tools/node_modules/pac-proxy-agent/node_modules/debug
4740 silly CHANGE node_modules/firebase-tools/node_modules/p-throttle
4741 silly CHANGE node_modules/firebase-tools/node_modules/p-limit
4742 silly CHANGE node_modules/firebase-tools/node_modules/p-defer
4743 silly CHANGE node_modules/firebase-tools/node_modules/openapi3-ts
4744 silly CHANGE node_modules/firebase-tools/node_modules/create-require
4745 silly CHANGE node_modules/firebase-tools/node_modules/ora
4746 silly CHANGE node_modules/firebase-tools/node_modules/ora/node_modules/chalk
4747 silly CHANGE node_modules/firebase-tools/node_modules/ora/node_modules/strip-ansi
4748 silly CHANGE node_modules/firebase-tools/node_modules/ora/node_modules/ansi-regex
4749 silly CHANGE node_modules/firebase-tools/node_modules/open
4750 silly CHANGE node_modules/firebase-tools/node_modules/on-headers
4751 silly CHANGE node_modules/firebase-tools/node_modules/onetime
4752 silly CHANGE node_modules/firebase-tools/node_modules/npm-normalize-package-bin
4753 silly CHANGE node_modules/firebase-tools/node_modules/one-time
4754 silly CHANGE node_modules/firebase-tools/node_modules/npm-package-arg
4755 silly CHANGE node_modules/firebase-tools/node_modules/object-inspect
4756 silly CHANGE node_modules/firebase-tools/node_modules/on-finished
4757 silly CHANGE node_modules/firebase-tools/node_modules/object-hash
4758 silly CHANGE node_modules/firebase-tools/node_modules/npm-install-checks
4759 silly CHANGE node_modules/firebase-tools/node_modules/npm-pick-manifest
4760 silly CHANGE node_modules/firebase-tools/node_modules/nearley
4761 silly CHANGE node_modules/firebase-tools/node_modules/nearley/node_modules/commander
4762 silly CHANGE node_modules/firebase-tools/node_modules/netmask
4763 silly CHANGE node_modules/firebase-tools/node_modules/node-emoji
4764 silly CHANGE node_modules/firebase-tools/node_modules/node-fetch
4765 silly CHANGE node_modules/firebase-tools/node_modules/normalize-path
4766 silly CHANGE node_modules/firebase-tools/node_modules/mz
4767 silly CHANGE node_modules/firebase-tools/node_modules/node-domexception
4768 silly CHANGE node_modules/firebase-tools/node_modules/morgan
4769 silly CHANGE node_modules/firebase-tools/node_modules/morgan/node_modules/on-finished
4770 silly CHANGE node_modules/firebase-tools/node_modules/negotiator
4771 silly CHANGE node_modules/firebase-tools/node_modules/ms
4772 silly CHANGE node_modules/firebase-tools/node_modules/mute-stream
4773 silly CHANGE node_modules/firebase-tools/node_modules/minimatch
4774 silly CHANGE node_modules/firebase-tools/node_modules/mimic-fn
4775 silly CHANGE node_modules/firebase-tools/node_modules/moo
4776 silly CHANGE node_modules/firebase-tools/node_modules/minipass
4777 silly CHANGE node_modules/firebase-tools/node_modules/minimist
4778 silly CHANGE node_modules/firebase-tools/node_modules/mime-types
4779 silly CHANGE node_modules/firebase-tools/node_modules/mime-db
4780 silly CHANGE node_modules/firebase-tools/node_modules/media-typer
4781 silly CHANGE node_modules/firebase-tools/node_modules/mime
4782 silly CHANGE node_modules/firebase-tools/node_modules/merge-descriptors
4783 silly CHANGE node_modules/firebase-tools/node_modules/methods
4784 silly CHANGE node_modules/firebase-tools/node_modules/math-intrinsics
4785 silly CHANGE node_modules/firebase-tools/node_modules/make-error
4786 silly CHANGE node_modules/firebase-tools/node_modules/long
4787 silly CHANGE node_modules/firebase-tools/node_modules/marked-terminal
4788 silly CHANGE node_modules/firebase-tools/node_modules/make-dir
4789 silly CHANGE node_modules/firebase-tools/node_modules/make-dir/node_modules/semver
4790 silly CHANGE node_modules/firebase-tools/node_modules/marked
4791 silly CHANGE node_modules/firebase-tools/node_modules/lsofi
4792 silly CHANGE node_modules/firebase-tools/node_modules/lru-cache
4793 silly CHANGE node_modules/firebase-tools/node_modules/lodash.isboolean
4794 silly CHANGE node_modules/firebase-tools/node_modules/logform
4795 silly CHANGE node_modules/firebase-tools/node_modules/logform/node_modules/@colors/colors
4796 silly CHANGE node_modules/firebase-tools/node_modules/logform/node_modules/ms
4797 silly CHANGE node_modules/firebase-tools/node_modules/lodash.once
4798 silly CHANGE node_modules/firebase-tools/node_modules/log-symbols
4799 silly CHANGE node_modules/firebase-tools/node_modules/log-symbols/node_modules/chalk
4800 silly CHANGE node_modules/firebase-tools/node_modules/lodash.mapvalues
4801 silly CHANGE node_modules/firebase-tools/node_modules/lodash.snakecase
4802 silly CHANGE node_modules/firebase-tools/node_modules/lodash.isplainobject
4803 silly CHANGE node_modules/firebase-tools/node_modules/lodash.isobject
4804 silly CHANGE node_modules/firebase-tools/node_modules/lodash.isstring
4805 silly CHANGE node_modules/firebase-tools/node_modules/lodash.isinteger
4806 silly CHANGE node_modules/firebase-tools/node_modules/lodash.includes
4807 silly CHANGE node_modules/firebase-tools/node_modules/lodash.isnumber
4808 silly CHANGE node_modules/firebase-tools/node_modules/lodash
4809 silly CHANGE node_modules/firebase-tools/node_modules/lodash._objecttypes
4810 silly CHANGE node_modules/firebase-tools/node_modules/lodash.camelcase
4811 silly CHANGE node_modules/firebase-tools/node_modules/libsodium
4812 silly CHANGE node_modules/firebase-tools/node_modules/libsodium-wrappers
4813 silly CHANGE node_modules/firebase-tools/node_modules/leven
4814 silly CHANGE node_modules/firebase-tools/node_modules/jsonfile
4815 silly CHANGE node_modules/firebase-tools/node_modules/lazystream
4816 silly CHANGE node_modules/firebase-tools/node_modules/lazystream/node_modules/string_decoder
4817 silly CHANGE node_modules/firebase-tools/node_modules/lazystream/node_modules/readable-stream
4818 silly CHANGE node_modules/firebase-tools/node_modules/lazystream/node_modules/safe-buffer
4819 silly CHANGE node_modules/firebase-tools/node_modules/kind-of
4820 silly CHANGE node_modules/firebase-tools/node_modules/jws
4821 silly CHANGE node_modules/firebase-tools/node_modules/kuler
4822 silly CHANGE node_modules/firebase-tools/node_modules/jsonwebtoken
4823 silly CHANGE node_modules/firebase-tools/node_modules/jsonwebtoken/node_modules/ms
4824 silly CHANGE node_modules/firebase-tools/node_modules/jwa
4825 silly CHANGE node_modules/firebase-tools/node_modules/json-ptr
4826 silly CHANGE node_modules/firebase-tools/node_modules/json-schema-typed
4827 silly CHANGE node_modules/firebase-tools/node_modules/json-schema-traverse
4828 silly CHANGE node_modules/firebase-tools/node_modules/js-yaml
4829 silly CHANGE node_modules/firebase-tools/node_modules/json-parse-helpfulerror
4830 silly CHANGE node_modules/firebase-tools/node_modules/jose
4831 silly CHANGE node_modules/firebase-tools/node_modules/get-proto
4832 silly CHANGE node_modules/firebase-tools/node_modules/isarray
4833 silly CHANGE node_modules/firebase-tools/node_modules/jju
4834 silly CHANGE node_modules/firebase-tools/node_modules/join-path
4835 silly CHANGE node_modules/firebase-tools/node_modules/jackspeak
4836 silly CHANGE node_modules/firebase-tools/node_modules/is-stream-ended
4837 silly CHANGE node_modules/firebase-tools/node_modules/isomorphic-fetch
4838 silly CHANGE node_modules/firebase-tools/node_modules/isexe
4839 silly CHANGE node_modules/firebase-tools/node_modules/is2
4840 silly CHANGE node_modules/firebase-tools/node_modules/is-wsl
4841 silly CHANGE node_modules/firebase-tools/node_modules/is-yarn-global
4842 silly CHANGE node_modules/firebase-tools/node_modules/is-url
4843 silly CHANGE node_modules/firebase-tools/node_modules/is-typedarray
4844 silly CHANGE node_modules/firebase-tools/node_modules/is-unicode-supported
4845 silly CHANGE node_modules/firebase-tools/node_modules/is-installed-globally
4846 silly CHANGE node_modules/firebase-tools/node_modules/is-stream
4847 silly CHANGE node_modules/firebase-tools/node_modules/is-obj
4848 silly CHANGE node_modules/firebase-tools/node_modules/is-promise
4849 silly CHANGE node_modules/firebase-tools/node_modules/is-glob
4850 silly CHANGE node_modules/firebase-tools/node_modules/is-path-inside
4851 silly CHANGE node_modules/firebase-tools/node_modules/is-npm
4852 silly CHANGE node_modules/firebase-tools/node_modules/is-number
4853 silly CHANGE node_modules/firebase-tools/node_modules/is-interactive
4854 silly CHANGE node_modules/firebase-tools/node_modules/is-fullwidth-code-point
4855 silly CHANGE node_modules/firebase-tools/node_modules/is-binary-path
4856 silly CHANGE node_modules/firebase-tools/node_modules/is-ci
4857 silly CHANGE node_modules/firebase-tools/node_modules/is-extglob
4858 silly CHANGE node_modules/firebase-tools/node_modules/is-buffer
4859 silly CHANGE node_modules/firebase-tools/node_modules/inherits
4860 silly CHANGE node_modules/firebase-tools/node_modules/ip-regex
4861 silly CHANGE node_modules/firebase-tools/node_modules/imurmurhash
4862 silly CHANGE node_modules/firebase-tools/node_modules/ini
4863 silly CHANGE node_modules/firebase-tools/node_modules/ip-address
4864 silly CHANGE node_modules/firebase-tools/node_modules/import-lazy
4865 silly CHANGE node_modules/firebase-tools/node_modules/infer-owner
4866 silly CHANGE node_modules/firebase-tools/node_modules/ieee754
4867 silly CHANGE node_modules/firebase-tools/node_modules/ignore
4868 silly CHANGE node_modules/firebase-tools/node_modules/http-errors
4869 silly CHANGE node_modules/firebase-tools/node_modules/iconv-lite
4870 silly CHANGE node_modules/firebase-tools/node_modules/highlight.js
4871 silly CHANGE node_modules/firebase-tools/node_modules/http-proxy-agent
4872 silly CHANGE node_modules/firebase-tools/node_modules/http-proxy-agent/node_modules/debug
4873 silly CHANGE node_modules/firebase-tools/node_modules/http-proxy-agent/node_modules/ms
4874 silly CHANGE node_modules/firebase-tools/node_modules/hosted-git-info
4875 silly CHANGE node_modules/firebase-tools/node_modules/has-tostringtag
4876 silly CHANGE node_modules/firebase-tools/node_modules/heap-js
4877 silly CHANGE node_modules/firebase-tools/node_modules/hono
4878 silly CHANGE node_modules/firebase-tools/node_modules/has-yarn
4879 silly CHANGE node_modules/firebase-tools/node_modules/has-symbols
4880 silly CHANGE node_modules/firebase-tools/node_modules/hasown
4881 silly CHANGE node_modules/firebase-tools/node_modules/graceful-fs
4882 silly CHANGE node_modules/firebase-tools/node_modules/has-flag
4883 silly CHANGE node_modules/firebase-tools/node_modules/google-logging-utils
4884 silly CHANGE node_modules/firebase-tools/node_modules/glob
4885 silly CHANGE node_modules/firebase-tools/node_modules/glob/node_modules/brace-expansion
4886 silly CHANGE node_modules/firebase-tools/node_modules/glob/node_modules/minimatch
4887 silly CHANGE node_modules/firebase-tools/node_modules/gopd
4888 silly CHANGE node_modules/firebase-tools/node_modules/gtoken
4889 silly CHANGE node_modules/firebase-tools/node_modules/google-gax
4890 silly CHANGE node_modules/firebase-tools/node_modules/google-gax/node_modules/google-auth-library
4891 silly CHANGE node_modules/firebase-tools/node_modules/google-gax/node_modules/node-fetch
4892 silly CHANGE node_modules/firebase-tools/node_modules/google-gax/node_modules/gtoken
4893 silly CHANGE node_modules/firebase-tools/node_modules/google-gax/node_modules/gaxios
4894 silly CHANGE node_modules/firebase-tools/node_modules/google-gax/node_modules/google-logging-utils
4895 silly CHANGE node_modules/firebase-tools/node_modules/google-gax/node_modules/gcp-metadata
4896 silly CHANGE node_modules/firebase-tools/node_modules/google-gax/node_modules/data-uri-to-buffer
4897 silly CHANGE node_modules/firebase-tools/node_modules/googleapis-common
4898 silly CHANGE node_modules/firebase-tools/node_modules/googleapis-common/node_modules/node-fetch
4899 silly CHANGE node_modules/firebase-tools/node_modules/googleapis-common/node_modules/google-auth-library
4900 silly CHANGE node_modules/firebase-tools/node_modules/googleapis-common/node_modules/gcp-metadata
4901 silly CHANGE node_modules/firebase-tools/node_modules/googleapis-common/node_modules/gtoken
4902 silly CHANGE node_modules/firebase-tools/node_modules/googleapis-common/node_modules/google-logging-utils
4903 silly CHANGE node_modules/firebase-tools/node_modules/googleapis-common/node_modules/data-uri-to-buffer
4904 silly CHANGE node_modules/firebase-tools/node_modules/googleapis-common/node_modules/gaxios
4905 silly CHANGE node_modules/firebase-tools/node_modules/google-auth-library
4906 silly CHANGE node_modules/firebase-tools/node_modules/glob-slasher
4907 silly CHANGE node_modules/firebase-tools/node_modules/glob-parent
4908 silly CHANGE node_modules/firebase-tools/node_modules/global-dirs
4909 silly CHANGE node_modules/firebase-tools/node_modules/gaxios
4910 silly CHANGE node_modules/firebase-tools/node_modules/gaxios/node_modules/uuid
4911 silly CHANGE node_modules/firebase-tools/node_modules/glob-slash
4912 silly CHANGE node_modules/firebase-tools/node_modules/get-intrinsic
4913 silly CHANGE node_modules/firebase-tools/node_modules/get-uri
4914 silly CHANGE node_modules/firebase-tools/node_modules/get-uri/node_modules/ms
4915 silly CHANGE node_modules/firebase-tools/node_modules/get-uri/node_modules/debug
4916 silly CHANGE node_modules/firebase-tools/node_modules/fuzzy
4917 silly CHANGE node_modules/firebase-tools/node_modules/get-caller-file
4918 silly CHANGE node_modules/firebase-tools/node_modules/escalade
4919 silly CHANGE node_modules/firebase-tools/node_modules/function-bind
4920 silly CHANGE node_modules/firebase-tools/node_modules/gcp-metadata
4921 silly CHANGE node_modules/firebase-tools/node_modules/fs-extra
4922 silly CHANGE node_modules/firebase-tools/node_modules/form-data
4923 silly CHANGE node_modules/firebase-tools/node_modules/formdata-polyfill
4924 silly CHANGE node_modules/firebase-tools/node_modules/fill-range
4925 silly CHANGE node_modules/firebase-tools/node_modules/fresh
4926 silly CHANGE node_modules/firebase-tools/node_modules/foreground-child
4927 silly CHANGE node_modules/firebase-tools/node_modules/fecha
4928 silly CHANGE node_modules/firebase-tools/node_modules/forwarded
4929 silly CHANGE node_modules/firebase-tools/node_modules/filesize
4930 silly CHANGE node_modules/firebase-tools/node_modules/arrify
4931 silly CHANGE node_modules/firebase-tools/node_modules/fetch-blob
4932 silly CHANGE node_modules/firebase-tools/node_modules/fast-uri
4933 silly CHANGE node_modules/firebase-tools/node_modules/fn.name
4934 silly CHANGE node_modules/firebase-tools/node_modules/fast-deep-equal
4935 silly CHANGE node_modules/firebase-tools/node_modules/fast-fifo
4936 silly CHANGE node_modules/firebase-tools/node_modules/exegesis-express
4937 silly CHANGE node_modules/firebase-tools/node_modules/express
4938 silly CHANGE node_modules/firebase-tools/node_modules/express-rate-limit
4939 silly CHANGE node_modules/firebase-tools/node_modules/eventsource-parser
4940 silly CHANGE node_modules/firebase-tools/node_modules/extend
4941 silly CHANGE node_modules/firebase-tools/node_modules/exegesis
4942 silly CHANGE node_modules/firebase-tools/node_modules/exegesis/node_modules/raw-body
4943 silly CHANGE node_modules/firebase-tools/node_modules/exegesis/node_modules/iconv-lite
4944 silly CHANGE node_modules/firebase-tools/node_modules/exegesis/node_modules/ajv-formats
4945 silly CHANGE node_modules/firebase-tools/node_modules/escodegen
4946 silly CHANGE node_modules/firebase-tools/node_modules/events-listener
4947 silly CHANGE node_modules/firebase-tools/node_modules/eventsource
4948 silly CHANGE node_modules/firebase-tools/node_modules/events-universal
4949 silly CHANGE node_modules/firebase-tools/node_modules/events
4950 silly CHANGE node_modules/firebase-tools/node_modules/event-target-shim
4951 silly CHANGE node_modules/firebase-tools/node_modules/estraverse
4952 silly CHANGE node_modules/firebase-tools/node_modules/esprima
4953 silly CHANGE node_modules/firebase-tools/node_modules/esutils
4954 silly CHANGE node_modules/firebase-tools/node_modules/etag
4955 silly CHANGE node_modules/firebase-tools/node_modules/escape-html
4956 silly CHANGE node_modules/firebase-tools/node_modules/es-object-atoms
4957 silly CHANGE node_modules/firebase-tools/node_modules/eastasianwidth
4958 silly CHANGE node_modules/firebase-tools/node_modules/es-set-tostringtag
4959 silly CHANGE node_modules/firebase-tools/node_modules/escape-goat
4960 silly CHANGE node_modules/firebase-tools/node_modules/es-errors
4961 silly CHANGE node_modules/firebase-tools/node_modules/es-define-property
4962 silly CHANGE node_modules/firebase-tools/node_modules/end-of-stream
4963 silly CHANGE node_modules/firebase-tools/node_modules/environment
4964 silly CHANGE node_modules/firebase-tools/node_modules/encoding
4965 silly CHANGE node_modules/firebase-tools/node_modules/encoding/node_modules/iconv-lite
4966 silly CHANGE node_modules/firebase-tools/node_modules/ee-first
4967 silly CHANGE node_modules/firebase-tools/node_modules/encodeurl
4968 silly CHANGE node_modules/firebase-tools/node_modules/ecdsa-sig-formatter
4969 silly CHANGE node_modules/firebase-tools/node_modules/emojilib
4970 silly CHANGE node_modules/firebase-tools/node_modules/enabled
4971 silly CHANGE node_modules/firebase-tools/node_modules/emoji-regex
4972 silly CHANGE node_modules/firebase-tools/node_modules/duplexify
4973 silly CHANGE node_modules/firebase-tools/node_modules/duplexify/node_modules/readable-stream
4974 silly CHANGE node_modules/firebase-tools/node_modules/depd
4975 silly CHANGE node_modules/firebase-tools/node_modules/dunder-proto
4976 silly CHANGE node_modules/firebase-tools/node_modules/csv-parse
4977 silly CHANGE node_modules/firebase-tools/node_modules/destroy
4978 silly CHANGE node_modules/firebase-tools/node_modules/diff
4979 silly CHANGE node_modules/firebase-tools/node_modules/discontinuous-range
4980 silly CHANGE node_modules/firebase-tools/node_modules/delayed-stream
4981 silly CHANGE node_modules/firebase-tools/node_modules/degenerator
4982 silly CHANGE node_modules/firebase-tools/node_modules/deep-freeze
4983 silly CHANGE node_modules/firebase-tools/node_modules/deep-is
4984 silly CHANGE node_modules/firebase-tools/node_modules/deep-extend
4985 silly CHANGE node_modules/firebase-tools/node_modules/cross-env
4986 silly CHANGE node_modules/firebase-tools/node_modules/defaults
4987 silly CHANGE node_modules/firebase-tools/node_modules/deep-equal-in-any-order
4988 silly CHANGE node_modules/firebase-tools/node_modules/debug
4989 silly CHANGE node_modules/firebase-tools/node_modules/data-uri-to-buffer
4990 silly CHANGE node_modules/firebase-tools/node_modules/bare-events
4991 silly CHANGE node_modules/firebase-tools/node_modules/crypto-random-string
4992 silly CHANGE node_modules/firebase-tools/node_modules/configstore
4993 silly CHANGE node_modules/firebase-tools/node_modules/cross-spawn
4994 silly CHANGE node_modules/firebase-tools/node_modules/core-util-is
4995 silly CHANGE node_modules/firebase-tools/node_modules/crc32-stream
4996 silly CHANGE node_modules/firebase-tools/node_modules/crc-32
4997 silly CHANGE node_modules/firebase-tools/node_modules/cors
4998 silly CHANGE node_modules/firebase-tools/node_modules/cookie
4999 silly CHANGE node_modules/firebase-tools/node_modules/cookie-signature
5000 silly CHANGE node_modules/firebase-tools/node_modules/config-chain
5001 silly CHANGE node_modules/firebase-tools/node_modules/config-chain/node_modules/ini
5002 silly CHANGE node_modules/firebase-tools/node_modules/content-type
5003 silly CHANGE node_modules/firebase-tools/node_modules/content-disposition
5004 silly CHANGE node_modules/firebase-tools/node_modules/connect
5005 silly CHANGE node_modules/firebase-tools/node_modules/connect/node_modules/statuses
5006 silly CHANGE node_modules/firebase-tools/node_modules/connect/node_modules/on-finished
5007 silly CHANGE node_modules/firebase-tools/node_modules/connect/node_modules/finalhandler
5008 silly CHANGE node_modules/firebase-tools/node_modules/connect/node_modules/encodeurl
5009 silly CHANGE node_modules/firebase-tools/node_modules/bl
5010 silly CHANGE node_modules/firebase-tools/node_modules/bl/node_modules/readable-stream
5011 silly CHANGE node_modules/firebase-tools/node_modules/commander
5012 silly CHANGE node_modules/firebase-tools/node_modules/concat-map
5013 silly CHANGE node_modules/firebase-tools/node_modules/compression
5014 silly CHANGE node_modules/firebase-tools/node_modules/compression/node_modules/negotiator
5015 silly CHANGE node_modules/firebase-tools/node_modules/compressible
5016 silly CHANGE node_modules/firebase-tools/node_modules/compress-commons
5017 silly CHANGE node_modules/firebase-tools/node_modules/combined-stream
5018 silly CHANGE node_modules/firebase-tools/node_modules/colorette
5019 silly CHANGE node_modules/firebase-tools/node_modules/basic-ftp
5020 silly CHANGE node_modules/firebase-tools/node_modules/color-string
5021 silly CHANGE node_modules/firebase-tools/node_modules/color-name
5022 silly CHANGE node_modules/firebase-tools/node_modules/color
5023 silly CHANGE node_modules/firebase-tools/node_modules/color-convert
5024 silly CHANGE node_modules/firebase-tools/node_modules/clone
5025 silly CHANGE node_modules/firebase-tools/node_modules/cli-width
5026 silly CHANGE node_modules/firebase-tools/node_modules/cliui
5027 silly CHANGE node_modules/firebase-tools/node_modules/cliui/node_modules/wrap-ansi
5028 silly CHANGE node_modules/firebase-tools/node_modules/cliui/node_modules/strip-ansi
5029 silly CHANGE node_modules/firebase-tools/node_modules/cliui/node_modules/ansi-regex
5030 silly CHANGE node_modules/firebase-tools/node_modules/chokidar
5031 silly CHANGE node_modules/firebase-tools/node_modules/cli-table3
5032 silly CHANGE node_modules/firebase-tools/node_modules/cli-spinners
5033 silly CHANGE node_modules/firebase-tools/node_modules/cli-cursor
5034 silly CHANGE node_modules/firebase-tools/node_modules/cli-boxes
5035 silly CHANGE node_modules/firebase-tools/node_modules/cjson
5036 silly CHANGE node_modules/firebase-tools/node_modules/ci-info
5037 silly CHANGE node_modules/firebase-tools/node_modules/char-regex
5038 silly CHANGE node_modules/firebase-tools/node_modules/chardet
5039 silly CHANGE node_modules/firebase-tools/node_modules/chalk
5040 silly CHANGE node_modules/firebase-tools/node_modules/camelcase
5041 silly CHANGE node_modules/firebase-tools/node_modules/call-me-maybe
5042 silly CHANGE node_modules/firebase-tools/node_modules/call-bind-apply-helpers
5043 silly CHANGE node_modules/firebase-tools/node_modules/call-bound
5044 silly CHANGE node_modules/firebase-tools/node_modules/bytes
5045 silly CHANGE node_modules/firebase-tools/node_modules/buffer-crc32
5046 silly CHANGE node_modules/firebase-tools/node_modules/braces
5047 silly CHANGE node_modules/firebase-tools/node_modules/buffer-equal-constant-time
5048 silly CHANGE node_modules/firebase-tools/node_modules/brace-expansion
5049 silly CHANGE node_modules/firebase-tools/node_modules/buffer
5050 silly CHANGE node_modules/firebase-tools/node_modules/boxen
5051 silly CHANGE node_modules/firebase-tools/node_modules/boxen/node_modules/wrap-ansi
5052 silly CHANGE node_modules/firebase-tools/node_modules/boxen/node_modules/ansi-regex
5053 silly CHANGE node_modules/firebase-tools/node_modules/boxen/node_modules/chalk
5054 silly CHANGE node_modules/firebase-tools/node_modules/boxen/node_modules/strip-ansi
5055 silly CHANGE node_modules/firebase-tools/node_modules/body-parser
5056 silly CHANGE node_modules/firebase-tools/node_modules/body-parser/node_modules/iconv-lite
5057 silly CHANGE node_modules/firebase-tools/node_modules/body-parser/node_modules/raw-body
5058 silly CHANGE node_modules/firebase-tools/node_modules/binary-extensions
5059 silly CHANGE node_modules/firebase-tools/node_modules/basic-auth
5060 silly CHANGE node_modules/firebase-tools/node_modules/basic-auth/node_modules/safe-buffer
5061 silly CHANGE node_modules/firebase-tools/node_modules/bignumber.js
5062 silly CHANGE node_modules/firebase-tools/node_modules/b4a
5063 silly CHANGE node_modules/firebase-tools/node_modules/basic-auth-connect
5064 silly CHANGE node_modules/firebase-tools/node_modules/balanced-match
5065 silly CHANGE node_modules/firebase-tools/node_modules/base64-js
5066 silly CHANGE node_modules/firebase-tools/node_modules/as-array
5067 silly CHANGE node_modules/firebase-tools/node_modules/async
5068 silly CHANGE node_modules/firebase-tools/node_modules/asynckit
5069 silly CHANGE node_modules/firebase-tools/node_modules/async-lock
5070 silly CHANGE node_modules/firebase-tools/node_modules/argparse
5071 silly CHANGE node_modules/firebase-tools/node_modules/ast-types
5072 silly CHANGE node_modules/firebase-tools/node_modules/archiver-utils
5073 silly CHANGE node_modules/firebase-tools/node_modules/arg
5074 silly CHANGE node_modules/firebase-tools/node_modules/array-flatten
5075 silly CHANGE node_modules/firebase-tools/node_modules/archiver
5076 silly CHANGE node_modules/firebase-tools/node_modules/any-promise
5077 silly CHANGE node_modules/firebase-tools/node_modules/anymatch
5078 silly CHANGE node_modules/firebase-tools/node_modules/ansi-align
5079 silly CHANGE node_modules/firebase-tools/node_modules/ajv
5080 silly CHANGE node_modules/firebase-tools/node_modules/ansi-styles
5081 silly CHANGE node_modules/firebase-tools/node_modules/ansi-styles/node_modules/color-name
5082 silly CHANGE node_modules/firebase-tools/node_modules/ansi-styles/node_modules/color-convert
5083 silly CHANGE node_modules/firebase-tools/node_modules/ansi-regex
5084 silly CHANGE node_modules/firebase-tools/node_modules/ansi-escapes
5085 silly CHANGE node_modules/firebase-tools/node_modules/ajv-formats
5086 silly CHANGE node_modules/firebase-tools/node_modules/acorn-walk
5087 silly CHANGE node_modules/firebase-tools/node_modules/abort-controller
5088 silly CHANGE node_modules/firebase-tools/node_modules/agent-base
5089 silly CHANGE node_modules/firebase-tools/node_modules/acorn
5090 silly CHANGE node_modules/firebase-tools/node_modules/accepts
5091 verbose cwd /data/data/com.termux/files/home
5092 verbose os Linux 6.6.98-android15-8-g4b48560cd07d-ab14239520-4k
5093 verbose node v25.3.0
5094 verbose npm  v11.9.0
5095 verbose exit 0
5096 info ok
