0 verbose cli /data/data/com.termux/files/usr/bin/node /data/data/com.termux/files/usr/bin/npm
1 info using npm@11.10.0
2 info using node@v25.3.0
3 silly config load:file:/data/data/com.termux/files/usr/lib/node_modules/npm/npmrc
4 silly config load:file:/storage/emulated/0/Download/Temporal-Drive/.npmrc
5 silly config load:file:/data/data/com.termux/files/home/.npmrc
6 silly config load:file:/data/data/com.termux/files/usr/etc/npmrc
7 verbose title npm install @solana/web3.js bs58 crypto
8 verbose argv "install" "@solana/web3.js" "bs58" "crypto"
9 verbose logfile logs-max:10 dir:/data/data/com.termux/files/home/.npm/_logs/2026-02-14T05_59_01_671Z-
10 verbose logfile /data/data/com.termux/files/home/.npm/_logs/2026-02-14T05_59_01_671Z-debug-0.log
11 silly logfile start cleaning logs, removing 1 files
12 silly logfile done cleaning log files
13 silly packumentCache heap:2248146944 maxSize:562036736 maxEntrySize:281018368
14 silly idealTree buildDeps
15 silly fetch manifest @solana/web3.js@*
16 silly packumentCache full:https://registry.npmjs.org/@solana%2fweb3.js cache-miss
17 http fetch GET 200 https://registry.npmjs.org/@solana%2fweb3.js 460ms (cache revalidated)
18 silly packumentCache full:https://registry.npmjs.org/@solana%2fweb3.js set size:11964965 disposed:false
19 silly fetch manifest bs58@*
20 silly packumentCache full:https://registry.npmjs.org/bs58 cache-miss
21 http fetch GET 200 https://registry.npmjs.org/bs58 37ms (cache revalidated)
22 silly packumentCache full:https://registry.npmjs.org/bs58 set size:28639 disposed:false
23 silly fetch manifest crypto@*
24 silly packumentCache full:https://registry.npmjs.org/crypto cache-miss
25 http fetch GET 200 https://registry.npmjs.org/crypto 120ms (cache miss)
26 silly packumentCache full:https://registry.npmjs.org/crypto set size:undefined disposed:false
27 silly placeDep ROOT @solana/web3.js@1.98.4 OK for: rest-express@1.0.0 want: *
28 silly placeDep ROOT bs58@6.0.0 OK for: rest-express@1.0.0 want: *
29 silly placeDep ROOT crypto@1.0.1 OK for: rest-express@1.0.0 want: *
30 silly fetch manifest bs58@^4.0.1
31 silly packumentCache full:https://registry.npmjs.org/bs58 cache-hit
32 silly fetch manifest bn.js@^5.2.1
33 silly packumentCache full:https://registry.npmjs.org/bn.js cache-miss
34 silly fetch manifest borsh@^0.7.0
35 silly packumentCache full:https://registry.npmjs.org/borsh cache-miss
36 silly fetch manifest buffer@6.0.3
37 silly packumentCache full:https://registry.npmjs.org/buffer cache-miss
38 silly fetch manifest jayson@^4.1.1
39 silly packumentCache full:https://registry.npmjs.org/jayson cache-miss
40 silly fetch manifest node-fetch@^2.7.0
41 silly packumentCache full:https://registry.npmjs.org/node-fetch cache-miss
42 silly fetch manifest superstruct@^2.0.2
43 silly packumentCache full:https://registry.npmjs.org/superstruct cache-miss
44 http fetch GET 200 https://registry.npmjs.org/bn.js 53ms (cache revalidated)
45 silly packumentCache full:https://registry.npmjs.org/bn.js set size:185129 disposed:false
46 silly fetch manifest @noble/curves@^1.4.2
47 silly packumentCache full:https://registry.npmjs.org/@noble%2fcurves cache-miss
48 http fetch GET 200 https://registry.npmjs.org/buffer 99ms (cache revalidated)
49 silly packumentCache full:https://registry.npmjs.org/buffer set size:280480 disposed:false
50 silly fetch manifest @noble/hashes@^1.4.0
51 silly packumentCache full:https://registry.npmjs.org/@noble%2fhashes cache-miss
52 http fetch GET 200 https://registry.npmjs.org/borsh 109ms (cache revalidated)
53 silly packumentCache full:https://registry.npmjs.org/borsh set size:31810 disposed:false
54 silly fetch manifest agentkeepalive@^4.5.0
55 silly packumentCache full:https://registry.npmjs.org/agentkeepalive cache-miss
56 http fetch GET 200 https://registry.npmjs.org/superstruct 107ms (cache revalidated)
57 silly packumentCache full:https://registry.npmjs.org/superstruct set size:403823 disposed:false
58 silly fetch manifest rpc-websockets@^9.0.2
59 silly packumentCache full:https://registry.npmjs.org/rpc-websockets cache-miss
60 http fetch GET 200 https://registry.npmjs.org/node-fetch 122ms (cache revalidated)
61 silly packumentCache full:https://registry.npmjs.org/node-fetch set size:896010 disposed:false
62 silly fetch manifest @solana/buffer-layout@^4.0.1
63 silly packumentCache full:https://registry.npmjs.org/@solana%2fbuffer-layout cache-miss
64 http fetch GET 200 https://registry.npmjs.org/jayson 137ms (cache revalidated)
65 silly packumentCache full:https://registry.npmjs.org/jayson set size:233255 disposed:false
66 silly fetch manifest fast-stable-stringify@^1.0.0
67 silly packumentCache full:https://registry.npmjs.org/fast-stable-stringify cache-miss
68 http fetch GET 200 https://registry.npmjs.org/@noble%2fcurves 104ms (cache revalidated)
69 silly packumentCache full:https://registry.npmjs.org/@noble%2fcurves set size:306108 disposed:false
70 silly fetch manifest @solana/codecs-numbers@^2.1.0
71 silly packumentCache full:https://registry.npmjs.org/@solana%2fcodecs-numbers cache-miss
72 http fetch GET 200 https://registry.npmjs.org/@noble%2fhashes 96ms (cache revalidated)
73 silly packumentCache full:https://registry.npmjs.org/@noble%2fhashes set size:214622 disposed:false
74 silly fetch manifest base-x@^5.0.0
75 silly packumentCache full:https://registry.npmjs.org/base-x cache-miss
76 http fetch GET 200 https://registry.npmjs.org/agentkeepalive 99ms (cache revalidated)
77 silly packumentCache full:https://registry.npmjs.org/agentkeepalive set size:139473 disposed:false
78 http fetch GET 200 https://registry.npmjs.org/rpc-websockets 98ms (cache revalidated)
79 silly packumentCache full:https://registry.npmjs.org/rpc-websockets set size:442132 disposed:false
80 http fetch GET 200 https://registry.npmjs.org/fast-stable-stringify 84ms (cache revalidated)
81 silly packumentCache full:https://registry.npmjs.org/fast-stable-stringify set size:14479 disposed:false
82 http fetch GET 200 https://registry.npmjs.org/@solana%2fbuffer-layout 105ms (cache revalidated)
83 silly packumentCache full:https://registry.npmjs.org/@solana%2fbuffer-layout set size:26557 disposed:false
84 http fetch GET 200 https://registry.npmjs.org/base-x 74ms (cache revalidated)
85 silly packumentCache full:https://registry.npmjs.org/base-x set size:59894 disposed:false
86 http fetch GET 200 https://registry.npmjs.org/@solana%2fcodecs-numbers 402ms (cache updated)
87 silly packumentCache full:https://registry.npmjs.org/@solana%2fcodecs-numbers set size:undefined disposed:false
88 silly fetch manifest encoding@^0.1.0
89 silly packumentCache full:https://registry.npmjs.org/encoding cache-miss
90 http fetch GET 200 https://registry.npmjs.org/encoding 46ms (cache revalidated)
91 silly packumentCache full:https://registry.npmjs.org/encoding set size:17833 disposed:false
92 silly fetch manifest typescript@>=5.3.3
93 silly packumentCache full:https://registry.npmjs.org/typescript cache-miss
94 http fetch GET 200 https://registry.npmjs.org/typescript 753ms (cache updated)
95 silly packumentCache full:https://registry.npmjs.org/typescript set size:undefined disposed:false
96 silly placeDep ROOT @noble/curves@1.9.7 OK for: @solana/web3.js@1.98.4 want: ^1.4.2
97 silly placeDep ROOT @noble/hashes@1.8.0 OK for: @solana/web3.js@1.98.4 want: ^1.4.0
98 silly placeDep ROOT @solana/buffer-layout@4.0.1 OK for: @solana/web3.js@1.98.4 want: ^4.0.1
99 silly placeDep ROOT @solana/codecs-numbers@2.3.0 OK for: @solana/web3.js@1.98.4 want: ^2.1.0
100 silly placeDep ROOT agentkeepalive@4.6.0 OK for: @solana/web3.js@1.98.4 want: ^4.5.0
101 silly placeDep ROOT bn.js@5.2.2 OK for: @solana/web3.js@1.98.4 want: ^5.2.1
102 silly placeDep ROOT borsh@0.7.0 OK for: @solana/web3.js@1.98.4 want: ^0.7.0
103 silly placeDep node_modules/@solana/web3.js bs58@4.0.1 OK for: @solana/web3.js@1.98.4 want: ^4.0.1
104 silly placeDep ROOT buffer@6.0.3 OK for: @solana/web3.js@1.98.4 want: 6.0.3
105 silly placeDep ROOT fast-stable-stringify@1.0.0 OK for: @solana/web3.js@1.98.4 want: ^1.0.0
106 silly placeDep ROOT jayson@4.3.0 OK for: @solana/web3.js@1.98.4 want: ^4.1.1
107 silly placeDep ROOT node-fetch@2.7.0 OK for: @solana/web3.js@1.98.4 want: ^2.7.0
108 silly placeDep ROOT rpc-websockets@9.3.3 OK for: @solana/web3.js@1.98.4 want: ^9.0.2
109 silly placeDep ROOT superstruct@2.0.2 OK for: @solana/web3.js@1.98.4 want: ^2.0.2
110 silly fetch manifest @noble/hashes@1.8.0
111 silly packumentCache full:https://registry.npmjs.org/@noble%2fhashes cache-hit
112 silly fetch manifest buffer@~6.0.3
113 silly packumentCache full:https://registry.npmjs.org/buffer cache-hit
114 silly fetch manifest @solana/errors@2.3.0
115 silly packumentCache full:https://registry.npmjs.org/@solana%2ferrors cache-miss
116 silly fetch manifest @solana/codecs-core@2.3.0
117 silly packumentCache full:https://registry.npmjs.org/@solana%2fcodecs-core cache-miss
118 silly fetch manifest humanize-ms@^1.2.1
119 silly packumentCache full:https://registry.npmjs.org/humanize-ms cache-miss
120 silly fetch manifest bs58@^4.0.0
121 silly packumentCache full:https://registry.npmjs.org/bs58 cache-hit
122 silly fetch manifest text-encoding-utf-8@^1.0.2
123 silly packumentCache full:https://registry.npmjs.org/text-encoding-utf-8 cache-miss
124 silly fetch manifest base-x@^3.0.2
125 silly packumentCache full:https://registry.npmjs.org/base-x cache-hit
126 silly fetch manifest base64-js@^1.3.1
127 silly packumentCache full:https://registry.npmjs.org/base64-js cache-miss
128 silly fetch manifest ieee754@^1.2.1
129 silly packumentCache full:https://registry.npmjs.org/ieee754 cache-miss
130 http fetch GET 200 https://registry.npmjs.org/text-encoding-utf-8 74ms (cache revalidated)
131 silly packumentCache full:https://registry.npmjs.org/text-encoding-utf-8 set size:7421 disposed:false
132 silly fetch manifest @types/node@^12.12.54
133 silly packumentCache full:https://registry.npmjs.org/@types%2fnode cache-miss
134 http fetch GET 200 https://registry.npmjs.org/base64-js 77ms (cache revalidated)
135 silly packumentCache full:https://registry.npmjs.org/base64-js set size:41270 disposed:false
136 silly fetch manifest @types/ws@^7.4.4
137 silly packumentCache full:https://registry.npmjs.org/@types%2fws cache-miss
138 http fetch GET 200 https://registry.npmjs.org/humanize-ms 84ms (cache revalidated)
139 silly packumentCache full:https://registry.npmjs.org/humanize-ms set size:12275 disposed:false
140 silly fetch manifest commander@^2.20.3
141 silly packumentCache full:https://registry.npmjs.org/commander cache-miss
142 http fetch GET 200 https://registry.npmjs.org/ieee754 83ms (cache revalidated)
143 silly packumentCache full:https://registry.npmjs.org/ieee754 set size:34910 disposed:false
144 silly fetch manifest delay@^5.0.0
145 silly packumentCache full:https://registry.npmjs.org/delay cache-miss
146 http fetch GET 200 https://registry.npmjs.org/delay 56ms (cache revalidated)
147 silly packumentCache full:https://registry.npmjs.org/delay set size:45574 disposed:false
148 silly fetch manifest es6-promisify@^5.0.0
149 silly packumentCache full:https://registry.npmjs.org/es6-promisify cache-miss
150 http fetch GET 200 https://registry.npmjs.org/@types%2fws 84ms (cache revalidated)
151 silly packumentCache full:https://registry.npmjs.org/@types%2fws set size:167959 disposed:false
152 silly fetch manifest eyes@^0.1.8
153 silly packumentCache full:https://registry.npmjs.org/eyes cache-miss
154 http fetch GET 200 https://registry.npmjs.org/commander 94ms (cache revalidated)
155 silly packumentCache full:https://registry.npmjs.org/commander set size:348500 disposed:false
156 silly fetch manifest isomorphic-ws@^4.0.1
157 silly packumentCache full:https://registry.npmjs.org/isomorphic-ws cache-miss
158 http fetch GET 200 https://registry.npmjs.org/es6-promisify 86ms (cache revalidated)
159 silly packumentCache full:https://registry.npmjs.org/es6-promisify set size:36935 disposed:false
160 silly fetch manifest json-stringify-safe@^5.0.1
161 silly packumentCache full:https://registry.npmjs.org/json-stringify-safe cache-miss
162 http fetch GET 200 https://registry.npmjs.org/eyes 82ms (cache revalidated)
163 silly packumentCache full:https://registry.npmjs.org/eyes set size:11297 disposed:false
164 silly fetch manifest stream-json@^1.9.1
165 silly packumentCache full:https://registry.npmjs.org/stream-json cache-miss
166 http fetch GET 200 https://registry.npmjs.org/isomorphic-ws 79ms (cache revalidated)
167 silly packumentCache full:https://registry.npmjs.org/isomorphic-ws set size:21346 disposed:false
168 silly fetch manifest uuid@^8.3.2
169 silly packumentCache full:https://registry.npmjs.org/uuid cache-miss
170 http fetch GET 200 https://registry.npmjs.org/stream-json 54ms (cache revalidated)
171 silly packumentCache full:https://registry.npmjs.org/stream-json set size:122555 disposed:false
172 silly fetch manifest ws@^7.5.10
173 silly packumentCache full:https://registry.npmjs.org/ws cache-miss
174 http fetch GET 200 https://registry.npmjs.org/json-stringify-safe 80ms (cache revalidated)
175 silly packumentCache full:https://registry.npmjs.org/json-stringify-safe set size:8806 disposed:false
176 silly fetch manifest whatwg-url@^5.0.0
177 silly packumentCache full:https://registry.npmjs.org/whatwg-url cache-miss
178 http fetch GET 200 https://registry.npmjs.org/uuid 53ms (cache revalidated)
179 silly packumentCache full:https://registry.npmjs.org/uuid set size:224608 disposed:false
180 silly fetch manifest @swc/helpers@^0.5.11
181 silly packumentCache full:https://registry.npmjs.org/@swc%2fhelpers cache-miss
182 http fetch GET 200 https://registry.npmjs.org/ws 62ms (cache revalidated)
183 silly packumentCache full:https://registry.npmjs.org/ws set size:413307 disposed:false
184 silly fetch manifest @types/uuid@^8.3.4
185 silly packumentCache full:https://registry.npmjs.org/@types%2fuuid cache-miss
186 http fetch GET 200 https://registry.npmjs.org/whatwg-url 79ms (cache revalidated)
187 silly packumentCache full:https://registry.npmjs.org/whatwg-url set size:168036 disposed:false
188 silly fetch manifest eventemitter3@^5.0.1
189 silly packumentCache full:https://registry.npmjs.org/eventemitter3 cache-miss
190 http fetch GET 200 https://registry.npmjs.org/@swc%2fhelpers 80ms (cache revalidated)
191 silly packumentCache full:https://registry.npmjs.org/@swc%2fhelpers set size:655395 disposed:false
192 silly fetch manifest utf-8-validate@^5.0.2
193 silly packumentCache full:https://registry.npmjs.org/utf-8-validate cache-miss
194 http fetch GET 200 https://registry.npmjs.org/eventemitter3 63ms (cache revalidated)
195 silly packumentCache full:https://registry.npmjs.org/eventemitter3 set size:92292 disposed:false
196 http fetch GET 200 https://registry.npmjs.org/@types%2fuuid 82ms (cache revalidated)
197 silly packumentCache full:https://registry.npmjs.org/@types%2fuuid set size:118952 disposed:false
198 http fetch GET 200 https://registry.npmjs.org/utf-8-validate 55ms (cache revalidated)
199 silly packumentCache full:https://registry.npmjs.org/utf-8-validate set size:77148 disposed:false
200 http fetch GET 200 https://registry.npmjs.org/@solana%2ferrors 572ms (cache updated)
201 silly packumentCache full:https://registry.npmjs.org/@solana%2ferrors set size:undefined disposed:false
202 http fetch GET 200 https://registry.npmjs.org/@solana%2fcodecs-core 703ms (cache updated)
203 silly packumentCache full:https://registry.npmjs.org/@solana%2fcodecs-core set size:undefined disposed:false
204 http fetch GET 200 https://registry.npmjs.org/@types%2fnode 826ms (cache updated)
205 silly packumentCache full:https://registry.npmjs.org/@types%2fnode set size:undefined disposed:false
206 silly placeDep ROOT @solana/codecs-core@2.3.0 OK for: @solana/codecs-numbers@2.3.0 want: 2.3.0
207 silly placeDep ROOT @solana/errors@2.3.0 OK for: @solana/codecs-numbers@2.3.0 want: 2.3.0
208 silly fetch manifest chalk@^5.4.1
209 silly packumentCache full:https://registry.npmjs.org/chalk cache-miss
210 silly fetch manifest commander@^14.0.0
211 silly packumentCache full:https://registry.npmjs.org/commander cache-hit
212 http fetch GET 200 https://registry.npmjs.org/chalk 77ms (cache revalidated)
213 silly packumentCache full:https://registry.npmjs.org/chalk set size:117861 disposed:false
214 silly placeDep ROOT chalk@5.6.2 OK for: @solana/errors@2.3.0 want: ^5.4.1
215 silly placeDep node_modules/@solana/errors commander@14.0.3 OK for: @solana/errors@2.3.0 want: ^14.0.0
216 silly placeDep ROOT humanize-ms@1.2.1 OK for: agentkeepalive@4.6.0 want: ^1.2.1
217 silly placeDep node_modules/borsh bs58@4.0.1 OK for: borsh@0.7.0 want: ^4.0.0
218 silly placeDep ROOT text-encoding-utf-8@1.0.2 OK for: borsh@0.7.0 want: ^1.0.2
219 silly placeDep ROOT base-x@5.0.1 OK for: bs58@6.0.0 want: ^5.0.0
220 silly placeDep ROOT base64-js@1.5.1 OK for: buffer@6.0.3 want: ^1.3.1
221 silly placeDep ROOT ieee754@1.2.1 OK for: buffer@6.0.3 want: ^1.2.1
222 silly fetch manifest bufferutil@^4.0.1
223 silly packumentCache full:https://registry.npmjs.org/bufferutil cache-miss
224 http fetch GET 200 https://registry.npmjs.org/bufferutil 100ms (cache revalidated)
225 silly packumentCache full:https://registry.npmjs.org/bufferutil set size:52763 disposed:false
226 silly placeDep node_modules/jayson @types/node@12.20.55 OK for: jayson@4.3.0 want: ^12.12.54
227 silly placeDep node_modules/jayson @types/ws@7.4.7 OK for: jayson@4.3.0 want: ^7.4.4
228 silly placeDep node_modules/jayson commander@2.20.3 OK for: jayson@4.3.0 want: ^2.20.3
229 silly placeDep ROOT delay@5.0.0 OK for: jayson@4.3.0 want: ^5.0.0
230 silly placeDep ROOT es6-promisify@5.0.0 OK for: jayson@4.3.0 want: ^5.0.0
231 silly placeDep ROOT eyes@0.1.8 OK for: jayson@4.3.0 want: ^0.1.8
232 silly placeDep ROOT isomorphic-ws@4.0.1 OK for: jayson@4.3.0 want: ^4.0.1
233 silly placeDep ROOT json-stringify-safe@5.0.1 OK for: jayson@4.3.0 want: ^5.0.1
234 silly placeDep ROOT stream-json@1.9.1 OK for: jayson@4.3.0 want: ^1.9.1
235 silly placeDep ROOT uuid@8.3.2 OK for: jayson@4.3.0 want: ^8.3.2
236 silly placeDep node_modules/jayson ws@7.5.10 OK for: jayson@4.3.0 want: ^7.5.10
237 silly fetch manifest es6-promise@^4.0.3
238 silly packumentCache full:https://registry.npmjs.org/es6-promise cache-miss
239 silly fetch manifest stream-chain@^2.2.5
240 silly packumentCache full:https://registry.npmjs.org/stream-chain cache-miss
241 http fetch GET 200 https://registry.npmjs.org/es6-promise 71ms (cache revalidated)
242 silly packumentCache full:https://registry.npmjs.org/es6-promise set size:96828 disposed:false
243 http fetch GET 200 https://registry.npmjs.org/stream-chain 126ms (cache revalidated)
244 silly packumentCache full:https://registry.npmjs.org/stream-chain set size:59873 disposed:false
245 silly placeDep ROOT es6-promise@4.2.8 OK for: es6-promisify@5.0.0 want: ^4.0.3
246 silly placeDep ROOT whatwg-url@5.0.0 OK for: node-fetch@2.7.0 want: ^5.0.0
247 silly fetch manifest tr46@~0.0.3
248 silly packumentCache full:https://registry.npmjs.org/tr46 cache-miss
249 silly fetch manifest webidl-conversions@^3.0.0
250 silly packumentCache full:https://registry.npmjs.org/webidl-conversions cache-miss
251 http fetch GET 200 https://registry.npmjs.org/webidl-conversions 91ms (cache revalidated)
252 silly packumentCache full:https://registry.npmjs.org/webidl-conversions set size:46073 disposed:false
253 http fetch GET 200 https://registry.npmjs.org/tr46 111ms (cache revalidated)
254 silly packumentCache full:https://registry.npmjs.org/tr46 set size:47377 disposed:false
255 silly placeDep ROOT @swc/helpers@0.5.18 OK for: rpc-websockets@9.3.3 want: ^0.5.11
256 silly placeDep ROOT @types/uuid@8.3.4 OK for: rpc-websockets@9.3.3 want: ^8.3.4
257 silly placeDep node_modules/rpc-websockets eventemitter3@5.0.4 OK for: rpc-websockets@9.3.3 want: ^5.0.1
258 silly placeDep ROOT utf-8-validate@5.0.10 OK for: rpc-websockets@9.3.3 want: ^5.0.2
259 silly placeDep ROOT stream-chain@2.2.5 OK for: stream-json@1.9.1 want: ^2.2.5
260 silly placeDep ROOT tr46@0.0.3 OK for: whatwg-url@5.0.0 want: ~0.0.3
261 silly placeDep ROOT webidl-conversions@3.0.1 OK for: whatwg-url@5.0.0 want: ^3.0.0
262 silly placeDep node_modules/@solana/web3.js base-x@3.0.11 OK for: bs58@4.0.1 want: ^3.0.2
263 silly placeDep node_modules/borsh base-x@3.0.11 OK for: bs58@4.0.1 want: ^3.0.2
264 silly reify moves {}
265 silly audit bulk request {
265 silly audit   '@alloc/quick-lru': [ '5.2.0' ],
265 silly audit   '@babel/code-frame': [ '7.27.1' ],
265 silly audit   '@babel/compat-data': [ '7.28.4' ],
265 silly audit   '@babel/core': [ '7.28.4' ],
265 silly audit   '@babel/generator': [ '7.28.3' ],
265 silly audit   '@babel/helper-compilation-targets': [ '7.27.2' ],
265 silly audit   '@babel/helper-globals': [ '7.28.0' ],
265 silly audit   '@babel/helper-module-imports': [ '7.27.1' ],
265 silly audit   '@babel/helper-module-transforms': [ '7.28.3' ],
265 silly audit   '@babel/helper-plugin-utils': [ '7.27.1' ],
265 silly audit   '@babel/helper-string-parser': [ '7.27.1' ],
265 silly audit   '@babel/helper-validator-identifier': [ '7.27.1' ],
265 silly audit   '@babel/helper-validator-option': [ '7.27.1' ],
265 silly audit   '@babel/helpers': [ '7.28.4' ],
265 silly audit   '@babel/parser': [ '7.28.4' ],
265 silly audit   '@babel/plugin-transform-react-jsx-self': [ '7.27.1' ],
265 silly audit   '@babel/plugin-transform-react-jsx-source': [ '7.27.1' ],
265 silly audit   '@babel/runtime': [ '7.27.0' ],
265 silly audit   '@babel/template': [ '7.27.2' ],
265 silly audit   '@babel/traverse': [ '7.28.4' ],
265 silly audit   '@babel/types': [ '7.28.4' ],
265 silly audit   '@drizzle-team/brocli': [ '0.10.2' ],
265 silly audit   '@esbuild/aix-ppc64': [ '0.25.12', '0.27.2' ],
265 silly audit   '@esbuild/android-arm': [ '0.25.12', '0.27.2' ],
265 silly audit   '@esbuild/android-arm64': [ '0.25.12', '0.27.2' ],
265 silly audit   '@esbuild/android-x64': [ '0.25.12', '0.27.2' ],
265 silly audit   '@esbuild/darwin-arm64': [ '0.25.12', '0.27.2' ],
265 silly audit   '@esbuild/darwin-x64': [ '0.25.12', '0.27.2' ],
265 silly audit   '@esbuild/freebsd-arm64': [ '0.25.12', '0.27.2' ],
265 silly audit   '@esbuild/freebsd-x64': [ '0.25.12', '0.27.2' ],
265 silly audit   '@esbuild/linux-arm': [ '0.25.12', '0.27.2' ],
265 silly audit   '@esbuild/linux-arm64': [ '0.25.12', '0.27.2' ],
265 silly audit   '@esbuild/linux-ia32': [ '0.25.12', '0.27.2' ],
265 silly audit   '@esbuild/linux-loong64': [ '0.25.12', '0.27.2' ],
265 silly audit   '@esbuild/linux-mips64el': [ '0.25.12', '0.27.2' ],
265 silly audit   '@esbuild/linux-ppc64': [ '0.25.12', '0.27.2' ],
265 silly audit   '@esbuild/linux-riscv64': [ '0.25.12', '0.27.2' ],
265 silly audit   '@esbuild/linux-s390x': [ '0.25.12', '0.27.2' ],
265 silly audit   '@esbuild/linux-x64': [ '0.25.12', '0.27.2' ],
265 silly audit   '@esbuild/netbsd-arm64': [ '0.25.12', '0.27.2' ],
265 silly audit   '@esbuild/netbsd-x64': [ '0.25.12', '0.27.2' ],
265 silly audit   '@esbuild/openbsd-arm64': [ '0.25.12', '0.27.2' ],
265 silly audit   '@esbuild/openbsd-x64': [ '0.25.12', '0.27.2' ],
265 silly audit   '@esbuild/openharmony-arm64': [ '0.25.12', '0.27.2' ],
265 silly audit   '@esbuild/sunos-x64': [ '0.25.12', '0.27.2' ],
265 silly audit   '@esbuild/win32-arm64': [ '0.25.12', '0.27.2' ],
265 silly audit   '@esbuild/win32-ia32': [ '0.25.12', '0.27.2' ],
265 silly audit   '@esbuild/win32-x64': [ '0.25.12', '0.27.2' ],
265 silly audit   '@floating-ui/core': [ '1.6.9' ],
265 silly audit   '@floating-ui/dom': [ '1.6.13' ],
265 silly audit   '@floating-ui/react-dom': [ '2.1.2' ],
265 silly audit   '@floating-ui/utils': [ '0.2.9' ],
265 silly audit   '@hookform/resolvers': [ '3.10.0' ],
265 silly audit   '@isaacs/cliui': [ '8.0.2' ],
265 silly audit   '@jridgewell/gen-mapping': [ '0.3.13' ],
265 silly audit   '@jridgewell/remapping': [ '2.3.5' ],
265 silly audit   '@jridgewell/resolve-uri': [ '3.1.2' ],
265 silly audit   '@jridgewell/sourcemap-codec': [ '1.5.5' ],
265 silly audit   '@jridgewell/trace-mapping': [ '0.3.31' ],
265 silly audit   '@nodelib/fs.scandir': [ '2.1.5' ],
265 silly audit   '@nodelib/fs.stat': [ '2.0.5' ],
265 silly audit   '@nodelib/fs.walk': [ '1.2.8' ],
265 silly audit   '@pkgjs/parseargs': [ '0.11.0' ],
265 silly audit   '@radix-ui/number': [ '1.1.1' ],
265 silly audit   '@radix-ui/primitive': [ '1.1.2' ],
265 silly audit   '@radix-ui/react-accordion': [ '1.2.4' ],
265 silly audit   '@radix-ui/react-alert-dialog': [ '1.1.7' ],
265 silly audit   '@radix-ui/react-arrow': [ '1.1.3' ],
265 silly audit   '@radix-ui/react-aspect-ratio': [ '1.1.3' ],
265 silly audit   '@radix-ui/react-avatar': [ '1.1.4' ],
265 silly audit   '@radix-ui/react-checkbox': [ '1.1.5' ],
265 silly audit   '@radix-ui/react-collapsible': [ '1.1.4' ],
265 silly audit   '@radix-ui/react-collection': [ '1.1.3' ],
265 silly audit   '@radix-ui/react-compose-refs': [ '1.1.2' ],
265 silly audit   '@radix-ui/react-context': [ '1.1.2' ],
265 silly audit   '@radix-ui/react-context-menu': [ '2.2.7' ],
265 silly audit   '@radix-ui/react-dialog': [ '1.1.7' ],
265 silly audit   '@radix-ui/react-direction': [ '1.1.1' ],
265 silly audit   '@radix-ui/react-dismissable-layer': [ '1.1.6' ],
265 silly audit   '@radix-ui/react-dropdown-menu': [ '2.1.7' ],
265 silly audit   '@radix-ui/react-focus-guards': [ '1.1.2' ],
265 silly audit   '@radix-ui/react-focus-scope': [ '1.1.3' ],
265 silly audit   '@radix-ui/react-hover-card': [ '1.1.7' ],
265 silly audit   '@radix-ui/react-id': [ '1.1.1' ],
265 silly audit   '@radix-ui/react-label': [ '2.1.3' ],
265 silly audit   '@radix-ui/react-menu': [ '2.1.7' ],
265 silly audit   '@radix-ui/react-menubar': [ '1.1.7' ],
265 silly audit   '@radix-ui/react-navigation-menu': [ '1.2.6' ],
265 silly audit   '@radix-ui/react-popover': [ '1.1.7' ],
265 silly audit   '@radix-ui/react-popper': [ '1.2.3' ],
265 silly audit   '@radix-ui/react-portal': [ '1.1.5' ],
265 silly audit   '@radix-ui/react-presence': [ '1.1.3' ],
265 silly audit   '@radix-ui/react-primitive': [ '2.0.3' ],
265 silly audit   '@radix-ui/react-progress': [ '1.1.3' ],
265 silly audit   '@radix-ui/react-radio-group': [ '1.2.4' ],
265 silly audit   '@radix-ui/react-roving-focus': [ '1.1.3' ],
265 silly audit   '@radix-ui/react-scroll-area': [ '1.2.4' ],
265 silly audit   '@radix-ui/react-select': [ '2.1.7' ],
265 silly audit   '@radix-ui/react-separator': [ '1.1.3' ],
265 silly audit   '@radix-ui/react-slider': [ '1.2.4' ],
265 silly audit   '@radix-ui/react-slot': [ '1.2.0' ],
265 silly audit   '@radix-ui/react-switch': [ '1.1.4' ],
265 silly audit   '@radix-ui/react-tabs': [ '1.1.4' ],
265 silly audit   '@radix-ui/react-toast': [ '1.2.7' ],
265 silly audit   '@radix-ui/react-toggle': [ '1.1.3' ],
265 silly audit   '@radix-ui/react-toggle-group': [ '1.1.3' ],
265 silly audit   '@radix-ui/react-tooltip': [ '1.2.0' ],
265 silly audit   '@radix-ui/react-use-callback-ref': [ '1.1.1' ],
265 silly audit   '@radix-ui/react-use-controllable-state': [ '1.1.1' ],
265 silly audit   '@radix-ui/react-use-escape-keydown': [ '1.1.1' ],
265 silly audit   '@radix-ui/react-use-layout-effect': [ '1.1.1' ],
265 silly audit   '@radix-ui/react-use-previous': [ '1.1.1' ],
265 silly audit   '@radix-ui/react-use-rect': [ '1.1.1' ],
265 silly audit   '@radix-ui/react-use-size': [ '1.1.1' ],
265 silly audit   '@radix-ui/react-visually-hidden': [ '1.1.3' ],
265 silly audit   '@radix-ui/rect': [ '1.1.1' ],
265 silly audit   '@replit/vite-plugin-cartographer': [ '0.4.4' ],
265 silly audit   '@replit/vite-plugin-dev-banner': [ '0.1.1' ],
265 silly audit   '@replit/vite-plugin-runtime-error-modal': [ '0.0.3' ],
265 silly audit   '@rolldown/pluginutils': [ '1.0.0-beta.27' ],
265 silly audit   '@rollup/rollup-android-arm-eabi': [ '4.53.5' ],
265 silly audit   '@rollup/rollup-android-arm64': [ '4.53.5' ],
265 silly audit   '@rollup/rollup-darwin-arm64': [ '4.53.5' ],
265 silly audit   '@rollup/rollup-darwin-x64': [ '4.53.5' ],
265 silly audit   '@rollup/rollup-freebsd-arm64': [ '4.53.5' ],
265 silly audit   '@rollup/rollup-freebsd-x64': [ '4.53.5' ],
265 silly audit   '@rollup/rollup-linux-arm-gnueabihf': [ '4.53.5' ],
265 silly audit   '@rollup/rollup-linux-arm-musleabihf': [ '4.53.5' ],
265 silly audit   '@rollup/rollup-linux-arm64-gnu': [ '4.53.5' ],
265 silly audit   '@rollup/rollup-linux-arm64-musl': [ '4.53.5' ],
265 silly audit   '@rollup/rollup-linux-loong64-gnu': [ '4.53.5' ],
265 silly audit   '@rollup/rollup-linux-ppc64-gnu': [ '4.53.5' ],
265 silly audit   '@rollup/rollup-linux-riscv64-gnu': [ '4.53.5' ],
265 silly audit   '@rollup/rollup-linux-riscv64-musl': [ '4.53.5' ],
265 silly audit   '@rollup/rollup-linux-s390x-gnu': [ '4.53.5' ],
265 silly audit   '@rollup/rollup-linux-x64-gnu': [ '4.53.5' ],
265 silly audit   '@rollup/rollup-linux-x64-musl': [ '4.53.5' ],
265 silly audit   '@rollup/rollup-openharmony-arm64': [ '4.53.5' ],
265 silly audit   '@rollup/rollup-win32-arm64-msvc': [ '4.53.5' ],
265 silly audit   '@rollup/rollup-win32-ia32-msvc': [ '4.53.5' ],
265 silly audit   '@rollup/rollup-win32-x64-gnu': [ '4.53.5' ],
265 silly audit   '@rollup/rollup-win32-x64-msvc': [ '4.53.5' ],
265 silly audit   '@tailwindcss/node': [ '4.1.18' ],
265 silly audit   jiti: [ '2.6.1', '1.21.6' ],
265 silly audit   tailwindcss: [ '4.1.18', '3.4.17' ],
265 silly audit   '@tailwindcss/oxide': [ '4.1.18' ],
265 silly audit   '@tailwindcss/oxide-android-arm64': [ '4.1.18' ],
265 silly audit   '@tailwindcss/oxide-darwin-arm64': [ '4.1.18' ],
265 silly audit   '@tailwindcss/oxide-darwin-x64': [ '4.1.18' ],
265 silly audit   '@tailwindcss/oxide-freebsd-x64': [ '4.1.18' ],
265 silly audit   '@tailwindcss/oxide-linux-arm-gnueabihf': [ '4.1.18' ],
265 silly audit   '@tailwindcss/oxide-linux-arm64-gnu': [ '4.1.18' ],
265 silly audit   '@tailwindcss/oxide-linux-arm64-musl': [ '4.1.18' ],
265 silly audit   '@tailwindcss/oxide-linux-x64-gnu': [ '4.1.18' ],
265 silly audit   '@tailwindcss/oxide-linux-x64-musl': [ '4.1.18' ],
265 silly audit   '@tailwindcss/oxide-wasm32-wasi': [ '4.1.18' ],
265 silly audit   '@tailwindcss/oxide-win32-arm64-msvc': [ '4.1.18' ],
265 silly audit   '@tailwindcss/oxide-win32-x64-msvc': [ '4.1.18' ],
265 silly audit   '@tailwindcss/typography': [ '0.5.15' ],
265 silly audit   'postcss-selector-parser': [ '6.0.10', '6.1.2' ],
265 silly audit   '@tailwindcss/vite': [ '4.1.18' ],
265 silly audit   '@tanstack/query-core': [ '5.60.5' ],
265 silly audit   '@tanstack/react-query': [ '5.60.5' ],
265 silly audit   '@types/babel__core': [ '7.20.5' ],
265 silly audit   '@types/babel__generator': [ '7.6.8' ],
265 silly audit   '@types/babel__template': [ '7.4.4' ],
265 silly audit   '@types/babel__traverse': [ '7.20.6' ],
265 silly audit   '@types/body-parser': [ '1.19.5' ],
265 silly audit   '@types/connect': [ '3.4.38' ],
265 silly audit   '@types/connect-pg-simple': [ '7.0.3' ],
265 silly audit   '@types/d3-array': [ '3.2.1' ],
265 silly audit   '@types/d3-color': [ '3.1.3' ],
265 silly audit   '@types/d3-ease': [ '3.0.2' ],
265 silly audit   '@types/d3-interpolate': [ '3.0.4' ],
265 silly audit   '@types/d3-path': [ '3.1.0' ],
265 silly audit   '@types/d3-scale': [ '4.0.8' ],
265 silly audit   '@types/d3-shape': [ '3.1.6' ],
265 silly audit   '@types/d3-time': [ '3.0.3' ],
265 silly audit   '@types/d3-timer': [ '3.0.2' ],
265 silly audit   '@types/estree': [ '1.0.8' ],
265 silly audit   '@types/express': [ '5.0.6' ],
265 silly audit   '@types/express-serve-static-core': [ '5.1.1' ],
265 silly audit   '@types/express-session': [ '1.18.2' ],
265 silly audit   '@types/http-errors': [ '2.0.5' ],
265 silly audit   '@types/memoizee': [ '0.4.12' ],
265 silly audit   '@types/multer': [ '2.0.0' ],
265 silly audit   '@types/node': [ '20.19.27', '12.20.55' ],
265 silly audit   '@types/passport': [ '1.0.17' ],
265 silly audit   '@types/passport-local': [ '1.0.38' ],
265 silly audit   '@types/passport-strategy': [ '0.2.38' ],
265 silly audit   '@types/pg': [ '8.11.6' ],
265 silly audit   '@types/prop-types': [ '15.7.13' ],
265 silly audit   '@types/qs': [ '6.14.0' ],
265 silly audit   '@types/range-parser': [ '1.2.7' ],
265 silly audit   '@types/react': [ '18.3.12' ],
265 silly audit   '@types/react-dom': [ '18.3.1' ],
265 silly audit   '@types/send': [ '1.2.1' ],
265 silly audit   '@types/serve-static': [ '2.2.0' ],
265 silly audit   '@types/ws': [ '8.5.13', '7.4.7' ],
265 silly audit   '@vitejs/plugin-react': [ '4.7.0' ],
265 silly audit   accepts: [ '2.0.0' ],
265 silly audit   'ansi-regex': [ '6.1.0', '5.0.1' ],
265 silly audit   'ansi-styles': [ '6.2.1', '4.3.0' ],
265 silly audit   'any-promise': [ '1.3.0' ],
265 silly audit   anymatch: [ '3.1.3' ],
265 silly audit   'append-field': [ '1.0.0' ],
265 silly audit   arg: [ '5.0.2' ],
265 silly audit   'aria-hidden': [ '1.2.4' ],
265 silly audit   autoprefixer: [ '10.4.20' ],
265 silly audit   'balanced-match': [ '1.0.2' ],
265 silly audit   'binary-extensions': [ '2.3.0' ],
265 silly audit   'body-parser': [ '2.2.2' ],
265 silly audit   debug: [ '4.4.3', '4.3.7', '2.6.9' ],
265 silly audit   'brace-expansion': [ '2.0.2' ],
265 silly audit   braces: [ '3.0.3' ],
265 silly audit   browserslist: [ '4.24.2' ],
265 silly audit   'buffer-from': [ '1.1.2' ],
265 silly audit   bufferutil: [ '4.1.0' ],
265 silly audit   busboy: [ '1.6.0' ],
265 silly audit   bytes: [ '3.1.2' ],
265 silly audit   'call-bind-apply-helpers': [ '1.0.2' ],
265 silly audit   'call-bound': [ '1.0.4' ],
265 silly audit   'camelcase-css': [ '2.0.1' ],
265 silly audit   'caniuse-lite': [ '1.0.30001753' ],
265 silly audit   chokidar: [ '3.6.0' ],
265 silly audit   'glob-parent': [ '5.1.2', '6.0.2' ],
265 silly audit   'class-variance-authority': [ '0.7.1' ],
265 silly audit   clsx: [ '2.1.1' ],
265 silly audit   cmdk: [ '1.1.1' ],
265 silly audit   'color-convert': [ '2.0.1' ],
265 silly audit   'color-name': [ '1.1.4' ],
265 silly audit   commander: [ '4.1.1', '14.0.3', '2.20.3' ],
265 silly audit   'concat-stream': [ '2.0.0' ],
265 silly audit   'connect-pg-simple': [ '10.0.0' ],
265 silly audit   'content-disposition': [ '1.0.1' ],
265 silly audit   'content-type': [ '1.0.5' ],
265 silly audit   'convert-source-map': [ '2.0.0' ],
265 silly audit   cookie: [ '0.7.1', '0.7.2' ],
265 silly audit   'cookie-signature': [ '1.2.2', '1.0.7' ],
265 silly audit   'cross-spawn': [ '7.0.6' ],
265 silly audit   cssesc: [ '3.0.0' ],
265 silly audit   csstype: [ '3.1.3' ],
265 silly audit   d: [ '1.0.2' ],
265 silly audit   'd3-array': [ '3.2.4' ],
265 silly audit   'd3-color': [ '3.1.0' ],
265 silly audit   'd3-ease': [ '3.0.1' ],
265 silly audit   'd3-format': [ '3.1.0' ],
265 silly audit   'd3-interpolate': [ '3.0.1' ],
265 silly audit   'd3-path': [ '3.1.0' ],
265 silly audit   'd3-scale': [ '4.0.2' ],
265 silly audit   'd3-shape': [ '3.2.0' ],
265 silly audit   'd3-time': [ '3.1.0' ],
265 silly audit   'd3-time-format': [ '4.1.0' ],
265 silly audit   'd3-timer': [ '3.0.1' ],
265 silly audit   'date-fns': [ '3.6.0' ],
265 silly audit   'decimal.js-light': [ '2.5.1' ],
265 silly audit   depd: [ '2.0.0' ],
265 silly audit   'detect-libc': [ '2.0.3' ],
265 silly audit   'detect-node-es': [ '1.1.0' ],
265 silly audit   didyoumean: [ '1.2.2' ],
265 silly audit   dlv: [ '1.1.3' ],
265 silly audit   'dom-helpers': [ '5.2.1' ],
265 silly audit   'drizzle-kit': [ '0.31.8' ],
265 silly audit   tsx: [ '4.21.0', '4.20.5' ],
265 silly audit   esbuild: [ '0.27.2', '0.25.12' ],
265 silly audit   'drizzle-orm': [ '0.39.3' ],
265 silly audit   'drizzle-zod': [ '0.7.1' ],
265 silly audit   'dunder-proto': [ '1.0.1' ],
265 silly audit   eastasianwidth: [ '0.2.0' ],
265 silly audit   'ee-first': [ '1.1.1' ],
265 silly audit   'electron-to-chromium': [ '1.5.51' ],
265 silly audit   'embla-carousel': [ '8.6.0' ],
265 silly audit   'embla-carousel-react': [ '8.6.0' ],
265 silly audit   'embla-carousel-reactive-utils': [ '8.6.0' ],
265 silly audit   'emoji-regex': [ '9.2.2', '8.0.0' ],
265 silly audit   encodeurl: [ '2.0.0' ],
265 silly audit   'enhanced-resolve': [ '5.18.4' ],
265 silly audit   'es-define-property': [ '1.0.1' ],
265 silly audit   'es-errors': [ '1.3.0' ],
265 silly audit   'es-object-atoms': [ '1.1.1' ],
265 silly audit   'es5-ext': [ '0.10.64' ],
265 silly audit   'es6-iterator': [ '2.0.3' ],
265 silly audit   'es6-symbol': [ '3.1.4' ],
265 silly audit   'es6-weak-map': [ '2.0.3' ],
265 silly audit   'esbuild-register': [ '3.6.0' ],
265 silly audit   escalade: [ '3.2.0' ],
265 silly audit   'escape-html': [ '1.0.3' ],
265 silly audit   esniff: [ '2.0.1' ],
265 silly audit   etag: [ '1.8.1' ],
265 silly audit   'event-emitter': [ '0.3.5' ],
265 silly audit   eventemitter3: [ '4.0.7', '5.0.4' ],
265 silly audit   express: [ '5.2.1' ],
265 silly audit   'express-session': [ '1.19.0' ],
265 silly audit   ms: [ '2.0.0', '2.1.3' ],
265 silly audit   ext: [ '1.7.0' ],
265 silly audit   'fast-equals': [ '5.2.2' ],
265 silly audit   'fast-glob': [ '3.3.2' ],
265 silly audit   fastq: [ '1.17.1' ],
265 silly audit   'fill-range': [ '7.1.1' ],
265 silly audit   finalhandler: [ '2.1.1' ],
265 silly audit   'foreground-child': [ '3.3.0' ],
265 silly audit   forwarded: [ '0.2.0' ],
265 silly audit   'fraction.js': [ '4.3.7' ],
265 silly audit   'framer-motion': [ '11.18.2' ],
265 silly audit   fresh: [ '2.0.0' ],
265 silly audit   fsevents: [ '2.3.3' ],
265 silly audit   'function-bind': [ '1.1.2' ],
265 silly audit   gensync: [ '1.0.0-beta.2' ],
265 silly audit   'get-intrinsic': [ '1.3.0' ],
265 silly audit   'get-nonce': [ '1.0.1' ],
265 silly audit   'get-proto': [ '1.0.1' ],
265 silly audit   'get-tsconfig': [ '4.8.1' ],
265 silly audit   glob: [ '10.5.0' ],
265 silly audit   gopd: [ '1.2.0' ],
265 silly audit   'graceful-fs': [ '4.2.11' ],
265 silly audit   'has-symbols': [ '1.1.0' ],
265 silly audit   hasown: [ '2.0.2' ],
265 silly audit   'http-errors': [ '2.0.1' ],
265 silly audit   'iconv-lite': [ '0.7.2' ],
265 silly audit   inherits: [ '2.0.4' ],
265 silly audit   'input-otp': [ '1.4.2' ],
265 silly audit   internmap: [ '2.0.3' ],
265 silly audit   'ipaddr.js': [ '1.9.1' ],
265 silly audit   'is-binary-path': [ '2.1.0' ],
265 silly audit   'is-core-module': [ '2.15.1' ],
265 silly audit   'is-extglob': [ '2.1.1' ],
265 silly audit   'is-fullwidth-code-point': [ '3.0.0' ],
265 silly audit   'is-glob': [ '4.0.3' ],
265 silly audit   'is-network-error': [ '1.3.0' ],
265 silly audit   'is-number': [ '7.0.0' ],
265 silly audit   'is-promise': [ '4.0.0', '2.2.2' ],
265 silly audit   isexe: [ '2.0.0' ],
265 silly audit   jackspeak: [ '3.4.3' ],
265 silly audit   jose: [ '6.1.3' ],
265 silly audit   'js-tokens': [ '4.0.0' ],
265 silly audit   jsesc: [ '3.0.2' ],
265 silly audit   json5: [ '2.2.3' ],
265 silly audit   lightningcss: [ '1.30.2' ],
265 silly audit   'lightningcss-android-arm64': [ '1.30.2' ],
265 silly audit   'lightningcss-darwin-arm64': [ '1.30.2' ],
265 silly audit   'lightningcss-darwin-x64': [ '1.30.2' ],
265 silly audit   'lightningcss-freebsd-x64': [ '1.30.2' ],
265 silly audit   'lightningcss-linux-arm-gnueabihf': [ '1.30.2' ],
265 silly audit   'lightningcss-linux-arm64-gnu': [ '1.30.2' ],
265 silly audit   'lightningcss-linux-arm64-musl': [ '1.30.2' ],
265 silly audit   'lightningcss-linux-x64-gnu': [ '1.30.2' ],
265 silly audit   'lightningcss-linux-x64-musl': [ '1.30.2' ],
265 silly audit   'lightningcss-win32-arm64-msvc': [ '1.30.2' ],
265 silly audit   'lightningcss-win32-x64-msvc': [ '1.30.2' ],
265 silly audit   lilconfig: [ '3.1.3' ],
265 silly audit   'lines-and-columns': [ '1.2.4' ],
265 silly audit   lodash: [ '4.17.21' ],
265 silly audit   'lodash.castarray': [ '4.4.0' ],
265 silly audit   'lodash.isplainobject': [ '4.0.6' ],
265 silly audit   'lodash.merge': [ '4.6.2' ],
265 silly audit   'loose-envify': [ '1.4.0' ],
265 silly audit   'lru-cache': [ '5.1.1', '4.1.5', '10.4.3' ],
265 silly audit   'lru-queue': [ '0.1.0' ],
265 silly audit   'lucide-react': [ '0.453.0' ],
265 silly audit   'magic-string': [ '0.30.21' ],
265 silly audit   'math-intrinsics': [ '1.1.0' ],
265 silly audit   'media-typer': [ '1.1.0', '0.3.0' ],
265 silly audit   memoizee: [ '0.4.17' ],
265 silly audit   memorystore: [ '1.6.7' ],
265 silly audit   yallist: [ '2.1.2', '3.1.1' ],
265 silly audit   'merge-descriptors': [ '2.0.0' ],
265 silly audit   merge2: [ '1.4.1' ],
265 silly audit   micromatch: [ '4.0.8' ],
265 silly audit   'mime-db': [ '1.54.0', '1.52.0' ],
265 silly audit   'mime-types': [ '3.0.2', '2.1.35' ],
265 silly audit   minimatch: [ '9.0.5' ],
265 silly audit   minimist: [ '1.2.8' ],
265 silly audit   minipass: [ '7.1.2' ],
265 silly audit   mitt: [ '3.0.1' ],
265 silly audit   mkdirp: [ '0.5.6' ],
265 silly audit   'modern-screenshot': [ '4.6.0' ],
265 silly audit   'motion-dom': [ '11.18.1' ],
265 silly audit   'motion-utils': [ '11.18.1' ],
265 silly audit   multer: [ '2.0.2' ],
265 silly audit   'type-is': [ '1.6.18', '2.0.1' ],
265 silly audit   mz: [ '2.7.0' ],
265 silly audit   nanoid: [ '3.3.11' ],
265 silly audit   negotiator: [ '1.0.0' ],
265 silly audit   'next-themes': [ '0.4.6' ],
265 silly audit   'next-tick': [ '1.1.0' ],
265 silly audit   'node-gyp-build': [ '4.8.3' ],
265 silly audit   'node-releases': [ '2.0.18' ],
265 silly audit   'normalize-path': [ '3.0.0' ],
265 silly audit   'normalize-range': [ '0.1.2' ],
265 silly audit   oauth4webapi: [ '3.8.4' ],
265 silly audit   'object-assign': [ '4.1.1' ],
265 silly audit   'object-hash': [ '3.0.0' ],
265 silly audit   'object-inspect': [ '1.13.4' ],
265 silly audit   obuf: [ '1.1.2' ],
265 silly audit   'on-finished': [ '2.4.1' ],
265 silly audit   'on-headers': [ '1.1.0' ],
265 silly audit   once: [ '1.4.0' ],
265 silly audit   openai: [ '6.21.0' ],
265 silly audit   'openid-client': [ '6.8.2' ],
265 silly audit   'p-limit': [ '7.3.0' ],
265 silly audit   'p-retry': [ '7.1.1' ],
265 silly audit   'package-json-from-dist': [ '1.0.1' ],
265 silly audit   parseurl: [ '1.3.3' ],
265 silly audit   passport: [ '0.7.0' ],
265 silly audit   'passport-local': [ '1.0.0' ],
265 silly audit   'passport-strategy': [ '1.0.0' ],
265 silly audit   'path-key': [ '3.1.1' ],
265 silly audit   'path-parse': [ '1.0.7' ],
265 silly audit   'path-scurry': [ '1.11.1' ],
265 silly audit   'path-to-regexp': [ '8.3.0' ],
265 silly audit   pause: [ '0.0.1' ],
265 silly audit   pg: [ '8.16.3' ],
265 silly audit   'pg-cloudflare': [ '1.2.7' ],
265 silly audit   'pg-connection-string': [ '2.9.1' ],
265 silly audit   'pg-int8': [ '1.0.1' ],
265 silly audit   'pg-numeric': [ '1.0.2' ],
265 silly audit   'pg-pool': [ '3.10.1' ],
265 silly audit   'pg-protocol': [ '1.10.3' ],
265 silly audit   'pg-types': [ '4.0.2', '2.2.0' ],
265 silly audit   'postgres-array': [ '2.0.0', '3.0.2' ],
265 silly audit   'postgres-bytea': [ '1.0.0', '3.0.0' ],
265 silly audit   'postgres-date': [ '1.0.7', '2.1.0' ],
265 silly audit   'postgres-interval': [ '1.2.0', '3.0.0' ],
265 silly audit   pgpass: [ '1.0.5' ],
265 silly audit   picocolors: [ '1.1.1' ],
265 silly audit   picomatch: [ '2.3.1', '4.0.3' ],
265 silly audit   pify: [ '2.3.0' ],
265 silly audit   pirates: [ '4.0.6' ],
265 silly audit   postcss: [ '8.5.6' ],
265 silly audit   'postcss-import': [ '15.1.0' ],
265 silly audit   'postcss-js': [ '4.0.1' ],
265 silly audit   'postcss-load-config': [ '4.0.2' ],
265 silly audit   'postcss-nested': [ '6.2.0' ],
265 silly audit   'postcss-value-parser': [ '4.2.0' ],
265 silly audit   'postgres-range': [ '1.1.4' ],
265 silly audit   'prop-types': [ '15.8.1' ],
265 silly audit   'react-is': [ '16.13.1', '18.3.1' ],
265 silly audit   'proxy-addr': [ '2.0.7' ],
265 silly audit   pseudomap: [ '1.0.2' ],
265 silly audit   qs: [ '6.14.1' ],
265 silly audit   'queue-microtask': [ '1.2.3' ],
265 silly audit   'random-bytes': [ '1.0.0' ],
265 silly audit   'range-parser': [ '1.2.1' ],
265 silly audit   'raw-body': [ '3.0.2' ],
265 silly audit   react: [ '18.3.1' ],
265 silly audit   'react-day-picker': [ '8.10.1' ],
265 silly audit   'react-dom': [ '18.3.1' ],
265 silly audit   'react-hook-form': [ '7.55.0' ],
265 silly audit   'react-icons': [ '5.4.0' ],
265 silly audit   'react-refresh': [ '0.17.0' ],
265 silly audit   'react-remove-scroll': [ '2.6.3' ],
265 silly audit   'react-remove-scroll-bar': [ '2.3.8' ],
265 silly audit   'react-resizable-panels': [ '2.1.7' ],
265 silly audit   'react-smooth': [ '4.0.4' ],
265 silly audit   'react-style-singleton': [ '2.2.3' ],
265 silly audit   'react-transition-group': [ '4.4.5' ],
265 silly audit   'read-cache': [ '1.0.0' ],
265 silly audit   'readable-stream': [ '3.6.2' ],
265 silly audit   readdirp: [ '3.6.0' ],
265 silly audit   recharts: [ '2.15.2' ],
265 silly audit   'recharts-scale': [ '0.4.5' ],
265 silly audit   'regenerator-runtime': [ '0.14.1' ],
265 silly audit   regexparam: [ '3.0.0' ],
265 silly audit   resolve: [ '1.22.8' ],
265 silly audit   'resolve-pkg-maps': [ '1.0.0' ],
265 silly audit   reusify: [ '1.0.4' ],
265 silly audit   rollup: [ '4.53.5' ],
265 silly audit   router: [ '2.2.0' ],
265 silly audit   'run-parallel': [ '1.2.0' ],
265 silly audit   'safe-buffer': [ '5.2.1' ],
265 silly audit   'safer-buffer': [ '2.1.2' ],
265 silly audit   scheduler: [ '0.23.2' ],
265 silly audit   semver: [ '6.3.1' ],
265 silly audit   send: [ '1.2.1' ],
265 silly audit   'serve-static': [ '2.2.1' ],
265 silly audit   setprototypeof: [ '1.2.0' ],
265 silly audit   'shebang-command': [ '2.0.0' ],
265 silly audit   'shebang-regex': [ '3.0.0' ],
265 silly audit   'side-channel': [ '1.1.0' ],
265 silly audit   'side-channel-list': [ '1.0.0' ],
265 silly audit   'side-channel-map': [ '1.0.1' ],
265 silly audit   'side-channel-weakmap': [ '1.0.2' ],
265 silly audit   'signal-exit': [ '4.1.0' ],
265 silly audit   'source-map-js': [ '1.2.1' ],
265 silly audit   split2: [ '4.2.0' ],
265 silly audit   statuses: [ '2.0.2' ],
265 silly audit   streamsearch: [ '1.1.0' ],
265 silly audit   string_decoder: [ '1.3.0' ],
265 silly audit   'string-width': [ '5.1.2', '4.2.3' ],
265 silly audit   'strip-ansi': [ '6.0.1', '7.1.0' ],
265 silly audit   sucrase: [ '3.35.0' ],
265 silly audit   'supports-preserve-symlinks-flag': [ '1.0.0' ],
265 silly audit   'tailwind-merge': [ '2.6.1' ],
265 silly audit   'tailwindcss-animate': [ '1.0.7' ],
265 silly audit   tapable: [ '2.3.0' ],
265 silly audit   thenify: [ '3.3.1' ],
265 silly audit   'thenify-all': [ '1.6.0' ],
265 silly audit   'timers-ext': [ '0.1.8' ],
265 silly audit   'tiny-invariant': [ '1.3.3' ],
265 silly audit   tinyglobby: [ '0.2.15' ],
265 silly audit   fdir: [ '6.5.0' ],
265 silly audit   'to-regex-range': [ '5.0.1' ],
265 silly audit   toidentifier: [ '1.0.1' ],
265 silly audit   'ts-interface-checker': [ '0.1.13' ],
265 silly audit   tslib: [ '2.8.1' ],
265 silly audit   'tw-animate-css': [ '1.2.5' ],
265 silly audit   type: [ '2.7.3' ],
265 silly audit   typedarray: [ '0.0.6' ],
265 silly audit   typescript: [ '5.6.3' ],
265 silly audit   'uid-safe': [ '2.1.5' ],
265 silly audit   'undici-types': [ '6.21.0' ],
265 silly audit   unpipe: [ '1.0.0' ],
265 silly audit   'update-browserslist-db': [ '1.1.1' ],
265 silly audit   'use-callback-ref': [ '1.3.3' ],
265 silly audit   'use-sidecar': [ '1.1.3' ],
265 silly audit   'use-sync-external-store': [ '1.2.2' ],
265 silly audit   'util-deprecate': [ '1.0.2' ],
265 silly audit   'utils-merge': [ '1.0.1' ],
265 silly audit   vary: [ '1.1.2' ],
265 silly audit   vaul: [ '1.1.2' ],
265 silly audit   'victory-vendor': [ '36.9.2' ],
265 silly audit   vite: [ '7.3.0' ],
265 silly audit   which: [ '2.0.2' ],
265 silly audit   wouter: [ '3.3.5' ],
265 silly audit   'wrap-ansi': [ '8.1.0', '7.0.0' ],
265 silly audit   wrappy: [ '1.0.2' ],
265 silly audit   ws: [ '8.18.0', '7.5.10' ],
265 silly audit   xtend: [ '4.0.2' ],
265 silly audit   yaml: [ '2.6.0' ],
265 silly audit   'yocto-queue': [ '1.2.2' ],
265 silly audit   zod: [ '3.25.76' ],
265 silly audit   'zod-validation-error': [ '3.5.4' ],
265 silly audit   '@solana/web3.js': [ '1.98.4' ],
265 silly audit   bs58: [ '6.0.0', '4.0.1' ],
265 silly audit   crypto: [ '1.0.1' ],
265 silly audit   '@noble/curves': [ '1.9.7' ],
265 silly audit   '@noble/hashes': [ '1.8.0' ],
265 silly audit   '@solana/buffer-layout': [ '4.0.1' ],
265 silly audit   '@solana/codecs-numbers': [ '2.3.0' ],
265 silly audit   agentkeepalive: [ '4.6.0' ],
265 silly audit   'bn.js': [ '5.2.2' ],
265 silly audit   borsh: [ '0.7.0' ],
265 silly audit   buffer: [ '6.0.3' ],
265 silly audit   'fast-stable-stringify': [ '1.0.0' ],
265 silly audit   jayson: [ '4.3.0' ],
265 silly audit   'node-fetch': [ '2.7.0' ],
265 silly audit   'rpc-websockets': [ '9.3.3' ],
265 silly audit   superstruct: [ '2.0.2' ],
265 silly audit   '@solana/codecs-core': [ '2.3.0' ],
265 silly audit   '@solana/errors': [ '2.3.0' ],
265 silly audit   chalk: [ '5.6.2' ],
265 silly audit   'humanize-ms': [ '1.2.1' ],
265 silly audit   'text-encoding-utf-8': [ '1.0.2' ],
265 silly audit   'base-x': [ '5.0.1', '3.0.11' ],
265 silly audit   'base64-js': [ '1.5.1' ],
265 silly audit   ieee754: [ '1.2.1' ],
265 silly audit   delay: [ '5.0.0' ],
265 silly audit   'es6-promisify': [ '5.0.0' ],
265 silly audit   eyes: [ '0.1.8' ],
265 silly audit   'isomorphic-ws': [ '4.0.1' ],
265 silly audit   'json-stringify-safe': [ '5.0.1' ],
265 silly audit   'stream-json': [ '1.9.1' ],
265 silly audit   uuid: [ '8.3.2' ],
265 silly audit   'es6-promise': [ '4.2.8' ],
265 silly audit   'whatwg-url': [ '5.0.0' ],
265 silly audit   '@swc/helpers': [ '0.5.18' ],
265 silly audit   '@types/uuid': [ '8.3.4' ],
265 silly audit   'utf-8-validate': [ '5.0.10' ],
265 silly audit   'stream-chain': [ '2.2.5' ],
265 silly audit   tr46: [ '0.0.3' ],
265 silly audit   'webidl-conversions': [ '3.0.1' ]
265 silly audit }
266 http cache tr46@https://registry.npmjs.org/tr46/-/tr46-0.0.3.tgz 0ms (cache hit)
267 http cache stream-chain@https://registry.npmjs.org/stream-chain/-/stream-chain-2.2.5.tgz 0ms (cache hit)
268 http cache utf-8-validate@https://registry.npmjs.org/utf-8-validate/-/utf-8-validate-5.0.10.tgz 0ms (cache hit)
269 http cache uuid@https://registry.npmjs.org/uuid/-/uuid-8.3.2.tgz 0ms (cache hit)
270 http cache @swc/helpers@https://registry.npmjs.org/@swc/helpers/-/helpers-0.5.18.tgz 0ms (cache hit)
271 http cache whatwg-url@https://registry.npmjs.org/whatwg-url/-/whatwg-url-5.0.0.tgz 0ms (cache hit)
272 http cache @types/uuid@https://registry.npmjs.org/@types/uuid/-/uuid-8.3.4.tgz 0ms (cache hit)
273 http cache stream-json@https://registry.npmjs.org/stream-json/-/stream-json-1.9.1.tgz 0ms (cache hit)
274 http cache json-stringify-safe@https://registry.npmjs.org/json-stringify-safe/-/json-stringify-safe-5.0.1.tgz 0ms (cache hit)
275 http cache webidl-conversions@https://registry.npmjs.org/webidl-conversions/-/webidl-conversions-3.0.1.tgz 0ms (cache hit)
276 http cache eyes@https://registry.npmjs.org/eyes/-/eyes-0.1.8.tgz 0ms (cache hit)
277 http cache es6-promisify@https://registry.npmjs.org/es6-promisify/-/es6-promisify-5.0.0.tgz 0ms (cache hit)
278 http cache isomorphic-ws@https://registry.npmjs.org/isomorphic-ws/-/isomorphic-ws-4.0.1.tgz 0ms (cache hit)
279 http cache es6-promise@https://registry.npmjs.org/es6-promise/-/es6-promise-4.2.8.tgz 0ms (cache hit)
280 http cache text-encoding-utf-8@https://registry.npmjs.org/text-encoding-utf-8/-/text-encoding-utf-8-1.0.2.tgz 1ms (cache hit)
281 http cache base-x@https://registry.npmjs.org/base-x/-/base-x-5.0.1.tgz 0ms (cache hit)
282 http cache ieee754@https://registry.npmjs.org/ieee754/-/ieee754-1.2.1.tgz 0ms (cache hit)
283 http cache delay@https://registry.npmjs.org/delay/-/delay-5.0.0.tgz 0ms (cache hit)
284 http cache humanize-ms@https://registry.npmjs.org/humanize-ms/-/humanize-ms-1.2.1.tgz 0ms (cache hit)
285 http cache chalk@https://registry.npmjs.org/chalk/-/chalk-5.6.2.tgz 0ms (cache hit)
286 http cache node-fetch@https://registry.npmjs.org/node-fetch/-/node-fetch-2.7.0.tgz 0ms (cache hit)
287 http cache @solana/errors@https://registry.npmjs.org/@solana/errors/-/errors-2.3.0.tgz 0ms (cache hit)
288 http cache base64-js@https://registry.npmjs.org/base64-js/-/base64-js-1.5.1.tgz 0ms (cache hit)
289 http cache superstruct@https://registry.npmjs.org/superstruct/-/superstruct-2.0.2.tgz 0ms (cache hit)
290 http cache @noble/hashes@https://registry.npmjs.org/@noble/hashes/-/hashes-1.8.0.tgz 0ms (cache hit)
291 http cache agentkeepalive@https://registry.npmjs.org/agentkeepalive/-/agentkeepalive-4.6.0.tgz 0ms (cache hit)
292 http cache borsh@https://registry.npmjs.org/borsh/-/borsh-0.7.0.tgz 0ms (cache hit)
293 http cache rpc-websockets@https://registry.npmjs.org/rpc-websockets/-/rpc-websockets-9.3.3.tgz 0ms (cache hit)
294 http cache bn.js@https://registry.npmjs.org/bn.js/-/bn.js-5.2.2.tgz 0ms (cache hit)
295 http cache @solana/buffer-layout@https://registry.npmjs.org/@solana/buffer-layout/-/buffer-layout-4.0.1.tgz 0ms (cache hit)
296 http cache crypto@https://registry.npmjs.org/crypto/-/crypto-1.0.1.tgz 0ms (cache hit)
297 http cache @solana/codecs-numbers@https://registry.npmjs.org/@solana/codecs-numbers/-/codecs-numbers-2.3.0.tgz 0ms (cache hit)
298 http cache zod@https://registry.npmjs.org/zod/-/zod-3.25.76.tgz 0ms (cache hit)
299 http cache yaml@https://registry.npmjs.org/yaml/-/yaml-2.6.0.tgz 0ms (cache hit)
300 http cache yocto-queue@https://registry.npmjs.org/yocto-queue/-/yocto-queue-1.2.2.tgz 0ms (cache hit)
301 http cache fast-stable-stringify@https://registry.npmjs.org/fast-stable-stringify/-/fast-stable-stringify-1.0.0.tgz 0ms (cache hit)
302 http cache @solana/web3.js@https://registry.npmjs.org/@solana/web3.js/-/web3.js-1.98.4.tgz 0ms (cache hit)
303 http cache bs58@https://registry.npmjs.org/bs58/-/bs58-6.0.0.tgz 0ms (cache hit)
304 http cache yallist@https://registry.npmjs.org/yallist/-/yallist-3.1.1.tgz 0ms (cache hit)
305 http cache @noble/curves@https://registry.npmjs.org/@noble/curves/-/curves-1.9.7.tgz 0ms (cache hit)
306 http cache xtend@https://registry.npmjs.org/xtend/-/xtend-4.0.2.tgz 0ms (cache hit)
307 http cache buffer@https://registry.npmjs.org/buffer/-/buffer-6.0.3.tgz 0ms (cache hit)
308 http cache wrappy@https://registry.npmjs.org/wrappy/-/wrappy-1.0.2.tgz 0ms (cache hit)
309 http cache jayson@https://registry.npmjs.org/jayson/-/jayson-4.3.0.tgz 0ms (cache hit)
310 http cache which@https://registry.npmjs.org/which/-/which-2.0.2.tgz 0ms (cache hit)
311 http cache wouter@https://registry.npmjs.org/wouter/-/wouter-3.3.5.tgz 0ms (cache hit)
312 http cache wrap-ansi-cjs@https://registry.npmjs.org/wrap-ansi/-/wrap-ansi-7.0.0.tgz 0ms (cache hit)
313 http cache victory-vendor@https://registry.npmjs.org/victory-vendor/-/victory-vendor-36.9.2.tgz 0ms (cache hit)
314 http cache ws@https://registry.npmjs.org/ws/-/ws-8.18.0.tgz 0ms (cache hit)
315 http cache vaul@https://registry.npmjs.org/vaul/-/vaul-1.1.2.tgz 0ms (cache hit)
316 http cache wrap-ansi@https://registry.npmjs.org/wrap-ansi/-/wrap-ansi-8.1.0.tgz 0ms (cache hit)
317 http cache zod-validation-error@https://registry.npmjs.org/zod-validation-error/-/zod-validation-error-3.5.4.tgz 0ms (cache hit)
318 http cache vite@https://registry.npmjs.org/vite/-/vite-7.3.0.tgz 0ms (cache hit)
319 http cache use-sync-external-store@https://registry.npmjs.org/use-sync-external-store/-/use-sync-external-store-1.2.2.tgz 0ms (cache hit)
320 http cache util-deprecate@https://registry.npmjs.org/util-deprecate/-/util-deprecate-1.0.2.tgz 0ms (cache hit)
321 http cache unpipe@https://registry.npmjs.org/unpipe/-/unpipe-1.0.0.tgz 0ms (cache hit)
322 http cache update-browserslist-db@https://registry.npmjs.org/update-browserslist-db/-/update-browserslist-db-1.1.1.tgz 0ms (cache hit)
323 http cache use-callback-ref@https://registry.npmjs.org/use-callback-ref/-/use-callback-ref-1.3.3.tgz 0ms (cache hit)
324 http cache utils-merge@https://registry.npmjs.org/utils-merge/-/utils-merge-1.0.1.tgz 0ms (cache hit)
325 http cache uid-safe@https://registry.npmjs.org/uid-safe/-/uid-safe-2.1.5.tgz 0ms (cache hit)
326 http cache typescript@https://registry.npmjs.org/typescript/-/typescript-5.6.3.tgz 0ms (cache hit)
327 http cache type-is@https://registry.npmjs.org/type-is/-/type-is-2.0.1.tgz 1ms (cache hit)
328 http fetch POST 200 https://registry.npmjs.org/-/npm/v1/security/advisories/bulk 437ms
329 silly audit report {
329 silly audit report   lodash: [
329 silly audit report     {
329 silly audit report       id: 1112455,
329 silly audit report       url: 'https://github.com/advisories/GHSA-xxjr-mmjv-4gpg',
329 silly audit report       title: 'Lodash has Prototype Pollution Vulnerability in `_.unset` and `_.omit` functions',
329 silly audit report       severity: 'moderate',
329 silly audit report       vulnerable_versions: '>=4.0.0 <=4.17.22',
329 silly audit report       cwe: [Array],
329 silly audit report       cvss: [Object]
329 silly audit report     }
329 silly audit report   ],
329 silly audit report   qs: [
329 silly audit report     {
329 silly audit report       id: 1113161,
329 silly audit report       url: 'https://github.com/advisories/GHSA-w7fw-mjwx-w883',
329 silly audit report       title: "qs's arrayLimit bypass in comma parsing allows denial of service",
329 silly audit report       severity: 'low',
329 silly audit report       vulnerable_versions: '>=6.7.0 <=6.14.1',
329 silly audit report       cwe: [Array],
329 silly audit report       cvss: [Object]
329 silly audit report     }
329 silly audit report   ]
329 silly audit report }
330 silly packumentCache corgi:https://registry.npmjs.org/lodash cache-miss
331 silly packumentCache corgi:https://registry.npmjs.org/qs cache-miss
332 http cache typedarray@https://registry.npmjs.org/typedarray/-/typedarray-0.0.6.tgz 0ms (cache hit)
333 http cache undici-types@https://registry.npmjs.org/undici-types/-/undici-types-6.21.0.tgz 0ms (cache hit)
334 http cache toidentifier@https://registry.npmjs.org/toidentifier/-/toidentifier-1.0.1.tgz 0ms (cache hit)
335 http cache @solana/codecs-core@https://registry.npmjs.org/@solana/codecs-core/-/codecs-core-2.3.0.tgz 0ms (cache hit)
336 http cache tw-animate-css@https://registry.npmjs.org/tw-animate-css/-/tw-animate-css-1.2.5.tgz 0ms (cache hit)
337 http cache tsx@https://registry.npmjs.org/tsx/-/tsx-4.20.5.tgz 0ms (cache hit)
338 http cache to-regex-range@https://registry.npmjs.org/to-regex-range/-/to-regex-range-5.0.1.tgz 0ms (cache hit)
339 http cache tslib@https://registry.npmjs.org/tslib/-/tslib-2.8.1.tgz 0ms (cache hit)
340 http cache ts-interface-checker@https://registry.npmjs.org/ts-interface-checker/-/ts-interface-checker-0.1.13.tgz 0ms (cache hit)
341 http cache tinyglobby@https://registry.npmjs.org/tinyglobby/-/tinyglobby-0.2.15.tgz 0ms (cache hit)
342 http cache thenify@https://registry.npmjs.org/thenify/-/thenify-3.3.1.tgz 0ms (cache hit)
343 http cache timers-ext@https://registry.npmjs.org/timers-ext/-/timers-ext-0.1.8.tgz 0ms (cache hit)
344 http cache thenify-all@https://registry.npmjs.org/thenify-all/-/thenify-all-1.6.0.tgz 0ms (cache hit)
345 http cache tiny-invariant@https://registry.npmjs.org/tiny-invariant/-/tiny-invariant-1.3.3.tgz 0ms (cache hit)
346 http cache tailwindcss-animate@https://registry.npmjs.org/tailwindcss-animate/-/tailwindcss-animate-1.0.7.tgz 0ms (cache hit)
347 http cache tailwind-merge@https://registry.npmjs.org/tailwind-merge/-/tailwind-merge-2.6.1.tgz 0ms (cache hit)
348 http cache vary@https://registry.npmjs.org/vary/-/vary-1.1.2.tgz 0ms (cache hit)
349 http cache tailwindcss@https://registry.npmjs.org/tailwindcss/-/tailwindcss-3.4.17.tgz 0ms (cache hit)
350 http cache supports-preserve-symlinks-flag@https://registry.npmjs.org/supports-preserve-symlinks-flag/-/supports-preserve-symlinks-flag-1.0.0.tgz 0ms (cache hit)
351 http cache strip-ansi@https://registry.npmjs.org/strip-ansi/-/strip-ansi-7.1.0.tgz 0ms (cache hit)
352 http cache tapable@https://registry.npmjs.org/tapable/-/tapable-2.3.0.tgz 0ms (cache hit)
353 http cache string-width-cjs@https://registry.npmjs.org/string-width/-/string-width-4.2.3.tgz 0ms (cache hit)
354 http cache sucrase@https://registry.npmjs.org/sucrase/-/sucrase-3.35.0.tgz 0ms (cache hit)
355 http cache string_decoder@https://registry.npmjs.org/string_decoder/-/string_decoder-1.3.0.tgz 0ms (cache hit)
356 http cache streamsearch@https://registry.npmjs.org/streamsearch/-/streamsearch-1.1.0.tgz 0ms (cache hit)
357 http cache signal-exit@https://registry.npmjs.org/signal-exit/-/signal-exit-4.1.0.tgz 0ms (cache hit)
358 http cache strip-ansi-cjs@https://registry.npmjs.org/strip-ansi/-/strip-ansi-6.0.1.tgz 0ms (cache hit)
359 http cache string-width@https://registry.npmjs.org/string-width/-/string-width-5.1.2.tgz 0ms (cache hit)
360 http cache side-channel-list@https://registry.npmjs.org/side-channel-list/-/side-channel-list-1.0.0.tgz 0ms (cache hit)
361 http cache split2@https://registry.npmjs.org/split2/-/split2-4.2.0.tgz 0ms (cache hit)
362 http cache side-channel-map@https://registry.npmjs.org/side-channel-map/-/side-channel-map-1.0.1.tgz 0ms (cache hit)
363 http cache side-channel@https://registry.npmjs.org/side-channel/-/side-channel-1.1.0.tgz 0ms (cache hit)
364 http cache shebang-command@https://registry.npmjs.org/shebang-command/-/shebang-command-2.0.0.tgz 0ms (cache hit)
365 http cache setprototypeof@https://registry.npmjs.org/setprototypeof/-/setprototypeof-1.2.0.tgz 0ms (cache hit)
366 http cache shebang-regex@https://registry.npmjs.org/shebang-regex/-/shebang-regex-3.0.0.tgz 0ms (cache hit)
367 http cache scheduler@https://registry.npmjs.org/scheduler/-/scheduler-0.23.2.tgz 0ms (cache hit)
368 http cache run-parallel@https://registry.npmjs.org/run-parallel/-/run-parallel-1.2.0.tgz 0ms (cache hit)
369 http cache router@https://registry.npmjs.org/router/-/router-2.2.0.tgz 0ms (cache hit)
370 http cache statuses@https://registry.npmjs.org/statuses/-/statuses-2.0.2.tgz 0ms (cache hit)
371 http cache serve-static@https://registry.npmjs.org/serve-static/-/serve-static-2.2.1.tgz 0ms (cache hit)
372 http cache send@https://registry.npmjs.org/send/-/send-1.2.1.tgz 0ms (cache hit)
373 http cache safe-buffer@https://registry.npmjs.org/safe-buffer/-/safe-buffer-5.2.1.tgz 0ms (cache hit)
374 http cache reusify@https://registry.npmjs.org/reusify/-/reusify-1.0.4.tgz 0ms (cache hit)
375 http cache side-channel-weakmap@https://registry.npmjs.org/side-channel-weakmap/-/side-channel-weakmap-1.0.2.tgz 0ms (cache hit)
376 http cache rollup@https://registry.npmjs.org/rollup/-/rollup-4.53.5.tgz 0ms (cache hit)
377 http cache resolve-pkg-maps@https://registry.npmjs.org/resolve-pkg-maps/-/resolve-pkg-maps-1.0.0.tgz 0ms (cache hit)
378 http cache regexparam@https://registry.npmjs.org/regexparam/-/regexparam-3.0.0.tgz 0ms (cache hit)
379 http cache regenerator-runtime@https://registry.npmjs.org/regenerator-runtime/-/regenerator-runtime-0.14.1.tgz 0ms (cache hit)
380 http cache safer-buffer@https://registry.npmjs.org/safer-buffer/-/safer-buffer-2.1.2.tgz 0ms (cache hit)
381 http cache react-transition-group@https://registry.npmjs.org/react-transition-group/-/react-transition-group-4.4.5.tgz 0ms (cache hit)
382 http cache recharts-scale@https://registry.npmjs.org/recharts-scale/-/recharts-scale-0.4.5.tgz 0ms (cache hit)
383 http cache recharts@https://registry.npmjs.org/recharts/-/recharts-2.15.2.tgz 0ms (cache hit)
384 http cache readdirp@https://registry.npmjs.org/readdirp/-/readdirp-3.6.0.tgz 0ms (cache hit)
385 http cache readable-stream@https://registry.npmjs.org/readable-stream/-/readable-stream-3.6.2.tgz 0ms (cache hit)
386 http cache read-cache@https://registry.npmjs.org/read-cache/-/read-cache-1.0.0.tgz 0ms (cache hit)
387 http cache source-map-js@https://registry.npmjs.org/source-map-js/-/source-map-js-1.2.1.tgz 0ms (cache hit)
388 http cache semver@https://registry.npmjs.org/semver/-/semver-6.3.1.tgz 0ms (cache hit)
389 http cache react-remove-scroll@https://registry.npmjs.org/react-remove-scroll/-/react-remove-scroll-2.6.3.tgz 0ms (cache hit)
390 http cache react-smooth@https://registry.npmjs.org/react-smooth/-/react-smooth-4.0.4.tgz 0ms (cache hit)
391 http cache react-resizable-panels@https://registry.npmjs.org/react-resizable-panels/-/react-resizable-panels-2.1.7.tgz 0ms (cache hit)
392 http cache resolve@https://registry.npmjs.org/resolve/-/resolve-1.22.8.tgz 0ms (cache hit)
393 http cache react-remove-scroll-bar@https://registry.npmjs.org/react-remove-scroll-bar/-/react-remove-scroll-bar-2.3.8.tgz 0ms (cache hit)
394 http cache react-refresh@https://registry.npmjs.org/react-refresh/-/react-refresh-0.17.0.tgz 0ms (cache hit)
395 http cache react-icons@https://registry.npmjs.org/react-icons/-/react-icons-5.4.0.tgz 0ms (cache hit)
396 http cache react-style-singleton@https://registry.npmjs.org/react-style-singleton/-/react-style-singleton-2.2.3.tgz 0ms (cache hit)
397 http cache react-day-picker@https://registry.npmjs.org/react-day-picker/-/react-day-picker-8.10.1.tgz 0ms (cache hit)
398 http cache react-hook-form@https://registry.npmjs.org/react-hook-form/-/react-hook-form-7.55.0.tgz 0ms (cache hit)
399 http cache react-dom@https://registry.npmjs.org/react-dom/-/react-dom-18.3.1.tgz 0ms (cache hit)
400 http cache react@https://registry.npmjs.org/react/-/react-18.3.1.tgz 0ms (cache hit)
401 http cache random-bytes@https://registry.npmjs.org/random-bytes/-/random-bytes-1.0.0.tgz 0ms (cache hit)
402 http cache range-parser@https://registry.npmjs.org/range-parser/-/range-parser-1.2.1.tgz 0ms (cache hit)
403 http cache pseudomap@https://registry.npmjs.org/pseudomap/-/pseudomap-1.0.2.tgz 0ms (cache hit)
404 http cache queue-microtask@https://registry.npmjs.org/queue-microtask/-/queue-microtask-1.2.3.tgz 0ms (cache hit)
405 http cache qs@https://registry.npmjs.org/qs/-/qs-6.14.1.tgz 0ms (cache hit)
406 http cache postgres-array@https://registry.npmjs.org/postgres-array/-/postgres-array-3.0.2.tgz 0ms (cache hit)
407 http cache prop-types@https://registry.npmjs.org/prop-types/-/prop-types-15.8.1.tgz 0ms (cache hit)
408 http cache raw-body@https://registry.npmjs.org/raw-body/-/raw-body-3.0.2.tgz 0ms (cache hit)
409 http cache proxy-addr@https://registry.npmjs.org/proxy-addr/-/proxy-addr-2.0.7.tgz 0ms (cache hit)
410 http cache postgres-date@https://registry.npmjs.org/postgres-date/-/postgres-date-2.1.0.tgz 0ms (cache hit)
411 http cache postgres-bytea@https://registry.npmjs.org/postgres-bytea/-/postgres-bytea-3.0.0.tgz 0ms (cache hit)
412 http cache postcss-value-parser@https://registry.npmjs.org/postcss-value-parser/-/postcss-value-parser-4.2.0.tgz 0ms (cache hit)
413 http cache postcss-import@https://registry.npmjs.org/postcss-import/-/postcss-import-15.1.0.tgz 0ms (cache hit)
414 http cache postgres-range@https://registry.npmjs.org/postgres-range/-/postgres-range-1.1.4.tgz 0ms (cache hit)
415 http cache postcss-nested@https://registry.npmjs.org/postcss-nested/-/postcss-nested-6.2.0.tgz 0ms (cache hit)
416 http cache postcss-js@https://registry.npmjs.org/postcss-js/-/postcss-js-4.0.1.tgz 0ms (cache hit)
417 http cache pirates@https://registry.npmjs.org/pirates/-/pirates-4.0.6.tgz 0ms (cache hit)
418 http cache postcss-load-config@https://registry.npmjs.org/postcss-load-config/-/postcss-load-config-4.0.2.tgz 0ms (cache hit)
419 http cache type@https://registry.npmjs.org/type/-/type-2.7.3.tgz 0ms (cache hit)
420 http cache postcss-selector-parser@https://registry.npmjs.org/postcss-selector-parser/-/postcss-selector-parser-6.1.2.tgz 0ms (cache hit)
421 http cache pgpass@https://registry.npmjs.org/pgpass/-/pgpass-1.0.5.tgz 0ms (cache hit)
422 http cache postgres-interval@https://registry.npmjs.org/postgres-interval/-/postgres-interval-3.0.0.tgz 0ms (cache hit)
423 http cache postcss@https://registry.npmjs.org/postcss/-/postcss-8.5.6.tgz 0ms (cache hit)
424 http cache pg-protocol@https://registry.npmjs.org/pg-protocol/-/pg-protocol-1.10.3.tgz 0ms (cache hit)
425 http cache pg-pool@https://registry.npmjs.org/pg-pool/-/pg-pool-3.10.1.tgz 0ms (cache hit)
426 http cache picocolors@https://registry.npmjs.org/picocolors/-/picocolors-1.1.1.tgz 0ms (cache hit)
427 http cache pify@https://registry.npmjs.org/pify/-/pify-2.3.0.tgz 0ms (cache hit)
428 http cache pg-types@https://registry.npmjs.org/pg-types/-/pg-types-4.0.2.tgz 0ms (cache hit)
429 http cache pg-cloudflare@https://registry.npmjs.org/pg-cloudflare/-/pg-cloudflare-1.2.7.tgz 0ms (cache hit)
430 http cache pg-int8@https://registry.npmjs.org/pg-int8/-/pg-int8-1.0.1.tgz 0ms (cache hit)
431 http cache picomatch@https://registry.npmjs.org/picomatch/-/picomatch-2.3.1.tgz 0ms (cache hit)
432 http cache pg-numeric@https://registry.npmjs.org/pg-numeric/-/pg-numeric-1.0.2.tgz 0ms (cache hit)
433 http cache path-parse@https://registry.npmjs.org/path-parse/-/path-parse-1.0.7.tgz 0ms (cache hit)
434 http cache path-to-regexp@https://registry.npmjs.org/path-to-regexp/-/path-to-regexp-8.3.0.tgz 1ms (cache hit)
435 http cache passport-strategy@https://registry.npmjs.org/passport-strategy/-/passport-strategy-1.0.0.tgz 0ms (cache hit)
436 http cache pause@https://registry.npmjs.org/pause/-/pause-0.0.1.tgz 0ms (cache hit)
437 http cache path-scurry@https://registry.npmjs.org/path-scurry/-/path-scurry-1.11.1.tgz 0ms (cache hit)
438 http cache pg@https://registry.npmjs.org/pg/-/pg-8.16.3.tgz 0ms (cache hit)
439 http cache pg-connection-string@https://registry.npmjs.org/pg-connection-string/-/pg-connection-string-2.9.1.tgz 0ms (cache hit)
440 http cache passport@https://registry.npmjs.org/passport/-/passport-0.7.0.tgz 0ms (cache hit)
441 http cache path-key@https://registry.npmjs.org/path-key/-/path-key-3.1.1.tgz 0ms (cache hit)
442 http cache package-json-from-dist@https://registry.npmjs.org/package-json-from-dist/-/package-json-from-dist-1.0.1.tgz 0ms (cache hit)
443 http cache p-limit@https://registry.npmjs.org/p-limit/-/p-limit-7.3.0.tgz 0ms (cache hit)
444 http cache parseurl@https://registry.npmjs.org/parseurl/-/parseurl-1.3.3.tgz 0ms (cache hit)
445 http cache p-retry@https://registry.npmjs.org/p-retry/-/p-retry-7.1.1.tgz 0ms (cache hit)
446 http cache passport-local@https://registry.npmjs.org/passport-local/-/passport-local-1.0.0.tgz 0ms (cache hit)
447 http cache openid-client@https://registry.npmjs.org/openid-client/-/openid-client-6.8.2.tgz 0ms (cache hit)
448 http cache on-finished@https://registry.npmjs.org/on-finished/-/on-finished-2.4.1.tgz 0ms (cache hit)
449 http cache obuf@https://registry.npmjs.org/obuf/-/obuf-1.1.2.tgz 0ms (cache hit)
450 http cache once@https://registry.npmjs.org/once/-/once-1.4.0.tgz 0ms (cache hit)
451 http cache openai@https://registry.npmjs.org/openai/-/openai-6.21.0.tgz 0ms (cache hit)
452 http cache object-assign@https://registry.npmjs.org/object-assign/-/object-assign-4.1.1.tgz 0ms (cache hit)
453 http cache on-headers@https://registry.npmjs.org/on-headers/-/on-headers-1.1.0.tgz 0ms (cache hit)
454 http cache object-hash@https://registry.npmjs.org/object-hash/-/object-hash-3.0.0.tgz 0ms (cache hit)
455 http cache oauth4webapi@https://registry.npmjs.org/oauth4webapi/-/oauth4webapi-3.8.4.tgz 0ms (cache hit)
456 http cache node-gyp-build@https://registry.npmjs.org/node-gyp-build/-/node-gyp-build-4.8.3.tgz 0ms (cache hit)
457 http cache ms@https://registry.npmjs.org/ms/-/ms-2.1.3.tgz 0ms (cache hit)
458 http cache object-inspect@https://registry.npmjs.org/object-inspect/-/object-inspect-1.13.4.tgz 0ms (cache hit)
459 http cache normalize-path@https://registry.npmjs.org/normalize-path/-/normalize-path-3.0.0.tgz 0ms (cache hit)
460 http cache normalize-range@https://registry.npmjs.org/normalize-range/-/normalize-range-0.1.2.tgz 0ms (cache hit)
461 http cache node-releases@https://registry.npmjs.org/node-releases/-/node-releases-2.0.18.tgz 0ms (cache hit)
462 http cache mz@https://registry.npmjs.org/mz/-/mz-2.7.0.tgz 0ms (cache hit)
463 http cache negotiator@https://registry.npmjs.org/negotiator/-/negotiator-1.0.0.tgz 0ms (cache hit)
464 http cache nanoid@https://registry.npmjs.org/nanoid/-/nanoid-3.3.11.tgz 0ms (cache hit)
465 http cache next-themes@https://registry.npmjs.org/next-themes/-/next-themes-0.4.6.tgz 0ms (cache hit)
466 http cache next-tick@https://registry.npmjs.org/next-tick/-/next-tick-1.1.0.tgz 0ms (cache hit)
467 http cache mkdirp@https://registry.npmjs.org/mkdirp/-/mkdirp-0.5.6.tgz 0ms (cache hit)
468 http cache modern-screenshot@https://registry.npmjs.org/modern-screenshot/-/modern-screenshot-4.6.0.tgz 0ms (cache hit)
469 http cache motion-dom@https://registry.npmjs.org/motion-dom/-/motion-dom-11.18.1.tgz 0ms (cache hit)
470 http cache multer@https://registry.npmjs.org/multer/-/multer-2.0.2.tgz 0ms (cache hit)
471 http cache mitt@https://registry.npmjs.org/mitt/-/mitt-3.0.1.tgz 0ms (cache hit)
472 http cache minipass@https://registry.npmjs.org/minipass/-/minipass-7.1.2.tgz 0ms (cache hit)
473 http cache minimatch@https://registry.npmjs.org/minimatch/-/minimatch-9.0.5.tgz 0ms (cache hit)
474 http cache merge-descriptors@https://registry.npmjs.org/merge-descriptors/-/merge-descriptors-2.0.0.tgz 0ms (cache hit)
475 http cache mime-types@https://registry.npmjs.org/mime-types/-/mime-types-3.0.2.tgz 0ms (cache hit)
476 http cache minimist@https://registry.npmjs.org/minimist/-/minimist-1.2.8.tgz 0ms (cache hit)
477 http cache media-typer@https://registry.npmjs.org/media-typer/-/media-typer-1.1.0.tgz 0ms (cache hit)
478 http cache mime-db@https://registry.npmjs.org/mime-db/-/mime-db-1.54.0.tgz 0ms (cache hit)
479 http cache lucide-react@https://registry.npmjs.org/lucide-react/-/lucide-react-0.453.0.tgz 0ms (cache hit)
480 http cache motion-utils@https://registry.npmjs.org/motion-utils/-/motion-utils-11.18.1.tgz 0ms (cache hit)
481 http cache merge2@https://registry.npmjs.org/merge2/-/merge2-1.4.1.tgz 0ms (cache hit)
482 http cache micromatch@https://registry.npmjs.org/micromatch/-/micromatch-4.0.8.tgz 0ms (cache hit)
483 http cache memoizee@https://registry.npmjs.org/memoizee/-/memoizee-0.4.17.tgz 0ms (cache hit)
484 http cache lru-queue@https://registry.npmjs.org/lru-queue/-/lru-queue-0.1.0.tgz 0ms (cache hit)
485 http cache memorystore@https://registry.npmjs.org/memorystore/-/memorystore-1.6.7.tgz 0ms (cache hit)
486 http cache lodash.merge@https://registry.npmjs.org/lodash.merge/-/lodash.merge-4.6.2.tgz 0ms (cache hit)
487 http cache lru-cache@https://registry.npmjs.org/lru-cache/-/lru-cache-5.1.1.tgz 0ms (cache hit)
488 http cache lodash@https://registry.npmjs.org/lodash/-/lodash-4.17.21.tgz 0ms (cache hit)
489 http cache math-intrinsics@https://registry.npmjs.org/math-intrinsics/-/math-intrinsics-1.1.0.tgz 0ms (cache hit)
490 http cache loose-envify@https://registry.npmjs.org/loose-envify/-/loose-envify-1.4.0.tgz 0ms (cache hit)
491 http cache lodash.castarray@https://registry.npmjs.org/lodash.castarray/-/lodash.castarray-4.4.0.tgz 0ms (cache hit)
492 http cache lodash.isplainobject@https://registry.npmjs.org/lodash.isplainobject/-/lodash.isplainobject-4.0.6.tgz 0ms (cache hit)
493 http cache lightningcss@https://registry.npmjs.org/lightningcss/-/lightningcss-1.30.2.tgz 0ms (cache hit)
494 http cache lines-and-columns@https://registry.npmjs.org/lines-and-columns/-/lines-and-columns-1.2.4.tgz 0ms (cache hit)
495 http cache jsesc@https://registry.npmjs.org/jsesc/-/jsesc-3.0.2.tgz 0ms (cache hit)
496 http cache lilconfig@https://registry.npmjs.org/lilconfig/-/lilconfig-3.1.3.tgz 0ms (cache hit)
497 http cache json5@https://registry.npmjs.org/json5/-/json5-2.2.3.tgz 0ms (cache hit)
498 http cache lightningcss-android-arm64@https://registry.npmjs.org/lightningcss-android-arm64/-/lightningcss-android-arm64-1.30.2.tgz 0ms (cache hit)
499 http cache jiti@https://registry.npmjs.org/jiti/-/jiti-1.21.6.tgz 0ms (cache hit)
500 http cache jackspeak@https://registry.npmjs.org/jackspeak/-/jackspeak-3.4.3.tgz 0ms (cache hit)
501 http cache is-glob@https://registry.npmjs.org/is-glob/-/is-glob-4.0.3.tgz 0ms (cache hit)
502 http cache jose@https://registry.npmjs.org/jose/-/jose-6.1.3.tgz 0ms (cache hit)
503 http cache isexe@https://registry.npmjs.org/isexe/-/isexe-2.0.0.tgz 0ms (cache hit)
504 http cache magic-string@https://registry.npmjs.org/magic-string/-/magic-string-0.30.21.tgz 0ms (cache hit)
505 http cache js-tokens@https://registry.npmjs.org/js-tokens/-/js-tokens-4.0.0.tgz 0ms (cache hit)
506 http cache is-binary-path@https://registry.npmjs.org/is-binary-path/-/is-binary-path-2.1.0.tgz 0ms (cache hit)
507 http cache is-extglob@https://registry.npmjs.org/is-extglob/-/is-extglob-2.1.1.tgz 0ms (cache hit)
508 http cache is-network-error@https://registry.npmjs.org/is-network-error/-/is-network-error-1.3.0.tgz 0ms (cache hit)
509 http cache is-promise@https://registry.npmjs.org/is-promise/-/is-promise-4.0.0.tgz 0ms (cache hit)
510 http cache is-number@https://registry.npmjs.org/is-number/-/is-number-7.0.0.tgz 0ms (cache hit)
511 http cache is-core-module@https://registry.npmjs.org/is-core-module/-/is-core-module-2.15.1.tgz 0ms (cache hit)
512 http cache is-fullwidth-code-point@https://registry.npmjs.org/is-fullwidth-code-point/-/is-fullwidth-code-point-3.0.0.tgz 0ms (cache hit)
513 http cache ipaddr.js@https://registry.npmjs.org/ipaddr.js/-/ipaddr.js-1.9.1.tgz 0ms (cache hit)
514 http cache http-errors@https://registry.npmjs.org/http-errors/-/http-errors-2.0.1.tgz 0ms (cache hit)
515 http cache graceful-fs@https://registry.npmjs.org/graceful-fs/-/graceful-fs-4.2.11.tgz 0ms (cache hit)
516 http cache inherits@https://registry.npmjs.org/inherits/-/inherits-2.0.4.tgz 0ms (cache hit)
517 http cache hasown@https://registry.npmjs.org/hasown/-/hasown-2.0.2.tgz 0ms (cache hit)
518 http cache input-otp@https://registry.npmjs.org/input-otp/-/input-otp-1.4.2.tgz 0ms (cache hit)
519 http cache get-proto@https://registry.npmjs.org/get-proto/-/get-proto-1.0.1.tgz 0ms (cache hit)
520 http cache internmap@https://registry.npmjs.org/internmap/-/internmap-2.0.3.tgz 0ms (cache hit)
521 http cache has-symbols@https://registry.npmjs.org/has-symbols/-/has-symbols-1.1.0.tgz 0ms (cache hit)
522 http cache glob-parent@https://registry.npmjs.org/glob-parent/-/glob-parent-6.0.2.tgz 0ms (cache hit)
523 http cache get-tsconfig@https://registry.npmjs.org/get-tsconfig/-/get-tsconfig-4.8.1.tgz 0ms (cache hit)
524 http cache glob@https://registry.npmjs.org/glob/-/glob-10.5.0.tgz 0ms (cache hit)
525 http cache function-bind@https://registry.npmjs.org/function-bind/-/function-bind-1.1.2.tgz 0ms (cache hit)
526 http cache gopd@https://registry.npmjs.org/gopd/-/gopd-1.2.0.tgz 0ms (cache hit)
527 http cache get-nonce@https://registry.npmjs.org/get-nonce/-/get-nonce-1.0.1.tgz 0ms (cache hit)
528 http cache foreground-child@https://registry.npmjs.org/foreground-child/-/foreground-child-3.3.0.tgz 0ms (cache hit)
529 http cache gensync@https://registry.npmjs.org/gensync/-/gensync-1.0.0-beta.2.tgz 0ms (cache hit)
530 http cache get-intrinsic@https://registry.npmjs.org/get-intrinsic/-/get-intrinsic-1.3.0.tgz 0ms (cache hit)
531 http cache finalhandler@https://registry.npmjs.org/finalhandler/-/finalhandler-2.1.1.tgz 0ms (cache hit)
532 http cache fastq@https://registry.npmjs.org/fastq/-/fastq-1.17.1.tgz 0ms (cache hit)
533 http cache fill-range@https://registry.npmjs.org/fill-range/-/fill-range-7.1.1.tgz 0ms (cache hit)
534 http cache framer-motion@https://registry.npmjs.org/framer-motion/-/framer-motion-11.18.2.tgz 0ms (cache hit)
535 http cache fast-equals@https://registry.npmjs.org/fast-equals/-/fast-equals-5.2.2.tgz 0ms (cache hit)
536 http cache fast-glob@https://registry.npmjs.org/fast-glob/-/fast-glob-3.3.2.tgz 0ms (cache hit)
537 http cache fresh@https://registry.npmjs.org/fresh/-/fresh-2.0.0.tgz 0ms (cache hit)
538 http cache fraction.js@https://registry.npmjs.org/fraction.js/-/fraction.js-4.3.7.tgz 0ms (cache hit)
539 http cache forwarded@https://registry.npmjs.org/forwarded/-/forwarded-0.2.0.tgz 0ms (cache hit)
540 http cache eventemitter3@https://registry.npmjs.org/eventemitter3/-/eventemitter3-4.0.7.tgz 0ms (cache hit)
541 http cache esniff@https://registry.npmjs.org/esniff/-/esniff-2.0.1.tgz 0ms (cache hit)
542 http cache escape-html@https://registry.npmjs.org/escape-html/-/escape-html-1.0.3.tgz 0ms (cache hit)
543 http cache iconv-lite@https://registry.npmjs.org/iconv-lite/-/iconv-lite-0.7.2.tgz 0ms (cache hit)
544 http cache etag@https://registry.npmjs.org/etag/-/etag-1.8.1.tgz 0ms (cache hit)
545 http cache esbuild-register@https://registry.npmjs.org/esbuild-register/-/esbuild-register-3.6.0.tgz 0ms (cache hit)
546 http cache ext@https://registry.npmjs.org/ext/-/ext-1.7.0.tgz 1ms (cache hit)
547 http cache event-emitter@https://registry.npmjs.org/event-emitter/-/event-emitter-0.3.5.tgz 0ms (cache hit)
548 http cache escalade@https://registry.npmjs.org/escalade/-/escalade-3.2.0.tgz 0ms (cache hit)
549 http cache es6-weak-map@https://registry.npmjs.org/es6-weak-map/-/es6-weak-map-2.0.3.tgz 0ms (cache hit)
550 http cache esbuild@https://registry.npmjs.org/esbuild/-/esbuild-0.25.12.tgz 0ms (cache hit)
551 http cache express@https://registry.npmjs.org/express/-/express-5.2.1.tgz 0ms (cache hit)
552 http cache express-session@https://registry.npmjs.org/express-session/-/express-session-1.19.0.tgz 0ms (cache hit)
553 http cache es-object-atoms@https://registry.npmjs.org/es-object-atoms/-/es-object-atoms-1.1.1.tgz 0ms (cache hit)
554 http cache es6-symbol@https://registry.npmjs.org/es6-symbol/-/es6-symbol-3.1.4.tgz 0ms (cache hit)
555 http cache es6-iterator@https://registry.npmjs.org/es6-iterator/-/es6-iterator-2.0.3.tgz 0ms (cache hit)
556 http cache es5-ext@https://registry.npmjs.org/es5-ext/-/es5-ext-0.10.64.tgz 0ms (cache hit)
557 http cache es-define-property@https://registry.npmjs.org/es-define-property/-/es-define-property-1.0.1.tgz 0ms (cache hit)
558 http cache embla-carousel-reactive-utils@https://registry.npmjs.org/embla-carousel-reactive-utils/-/embla-carousel-reactive-utils-8.6.0.tgz 1ms (cache hit)
559 http cache es-errors@https://registry.npmjs.org/es-errors/-/es-errors-1.3.0.tgz 0ms (cache hit)
560 http cache enhanced-resolve@https://registry.npmjs.org/enhanced-resolve/-/enhanced-resolve-5.18.4.tgz 0ms (cache hit)
561 http cache embla-carousel@https://registry.npmjs.org/embla-carousel/-/embla-carousel-8.6.0.tgz 0ms (cache hit)
562 http cache embla-carousel-react@https://registry.npmjs.org/embla-carousel-react/-/embla-carousel-react-8.6.0.tgz 0ms (cache hit)
563 http cache ee-first@https://registry.npmjs.org/ee-first/-/ee-first-1.1.1.tgz 0ms (cache hit)
564 http cache emoji-regex@https://registry.npmjs.org/emoji-regex/-/emoji-regex-9.2.2.tgz 0ms (cache hit)
565 http cache eastasianwidth@https://registry.npmjs.org/eastasianwidth/-/eastasianwidth-0.2.0.tgz 0ms (cache hit)
566 http cache detect-node-es@https://registry.npmjs.org/detect-node-es/-/detect-node-es-1.1.0.tgz 0ms (cache hit)
567 http cache drizzle-kit@https://registry.npmjs.org/drizzle-kit/-/drizzle-kit-0.31.8.tgz 0ms (cache hit)
568 http cache drizzle-orm@https://registry.npmjs.org/drizzle-orm/-/drizzle-orm-0.39.3.tgz 0ms (cache hit)
569 http cache dunder-proto@https://registry.npmjs.org/dunder-proto/-/dunder-proto-1.0.1.tgz 0ms (cache hit)
570 http cache drizzle-zod@https://registry.npmjs.org/drizzle-zod/-/drizzle-zod-0.7.1.tgz 0ms (cache hit)
571 http cache encodeurl@https://registry.npmjs.org/encodeurl/-/encodeurl-2.0.0.tgz 0ms (cache hit)
572 http cache dlv@https://registry.npmjs.org/dlv/-/dlv-1.1.3.tgz 0ms (cache hit)
573 http cache electron-to-chromium@https://registry.npmjs.org/electron-to-chromium/-/electron-to-chromium-1.5.51.tgz 0ms (cache hit)
574 http cache didyoumean@https://registry.npmjs.org/didyoumean/-/didyoumean-1.2.2.tgz 0ms (cache hit)
575 http cache detect-libc@https://registry.npmjs.org/detect-libc/-/detect-libc-2.0.3.tgz 0ms (cache hit)
576 http cache decimal.js-light@https://registry.npmjs.org/decimal.js-light/-/decimal.js-light-2.5.1.tgz 0ms (cache hit)
577 http cache d3-timer@https://registry.npmjs.org/d3-timer/-/d3-timer-3.0.1.tgz 0ms (cache hit)
578 http cache dom-helpers@https://registry.npmjs.org/dom-helpers/-/dom-helpers-5.2.1.tgz 0ms (cache hit)
579 http cache d3-shape@https://registry.npmjs.org/d3-shape/-/d3-shape-3.2.0.tgz 0ms (cache hit)
580 http cache d3-time@https://registry.npmjs.org/d3-time/-/d3-time-3.1.0.tgz 0ms (cache hit)
581 http cache depd@https://registry.npmjs.org/depd/-/depd-2.0.0.tgz 0ms (cache hit)
582 http cache debug@https://registry.npmjs.org/debug/-/debug-4.3.7.tgz 0ms (cache hit)
583 http cache d3-scale@https://registry.npmjs.org/d3-scale/-/d3-scale-4.0.2.tgz 0ms (cache hit)
584 http cache date-fns@https://registry.npmjs.org/date-fns/-/date-fns-3.6.0.tgz 0ms (cache hit)
585 http cache d3-format@https://registry.npmjs.org/d3-format/-/d3-format-3.1.0.tgz 0ms (cache hit)
586 http cache d3-interpolate@https://registry.npmjs.org/d3-interpolate/-/d3-interpolate-3.0.1.tgz 0ms (cache hit)
587 http cache d3-path@https://registry.npmjs.org/d3-path/-/d3-path-3.1.0.tgz 0ms (cache hit)
588 http cache d3-color@https://registry.npmjs.org/d3-color/-/d3-color-3.1.0.tgz 0ms (cache hit)
589 http cache d3-ease@https://registry.npmjs.org/d3-ease/-/d3-ease-3.0.1.tgz 0ms (cache hit)
590 http cache csstype@https://registry.npmjs.org/csstype/-/csstype-3.1.3.tgz 0ms (cache hit)
591 http cache cookie-signature@https://registry.npmjs.org/cookie-signature/-/cookie-signature-1.2.2.tgz 0ms (cache hit)
592 http cache d@https://registry.npmjs.org/d/-/d-1.0.2.tgz 0ms (cache hit)
593 http cache d3-array@https://registry.npmjs.org/d3-array/-/d3-array-3.2.4.tgz 0ms (cache hit)
594 http cache content-type@https://registry.npmjs.org/content-type/-/content-type-1.0.5.tgz 0ms (cache hit)
595 http cache cross-spawn@https://registry.npmjs.org/cross-spawn/-/cross-spawn-7.0.6.tgz 0ms (cache hit)
596 http cache cookie@https://registry.npmjs.org/cookie/-/cookie-0.7.1.tgz 0ms (cache hit)
597 http cache cmdk@https://registry.npmjs.org/cmdk/-/cmdk-1.1.1.tgz 0ms (cache hit)
598 http cache convert-source-map@https://registry.npmjs.org/convert-source-map/-/convert-source-map-2.0.0.tgz 0ms (cache hit)
599 http cache concat-stream@https://registry.npmjs.org/concat-stream/-/concat-stream-2.0.0.tgz 0ms (cache hit)
600 http cache cssesc@https://registry.npmjs.org/cssesc/-/cssesc-3.0.0.tgz 0ms (cache hit)
601 http cache content-disposition@https://registry.npmjs.org/content-disposition/-/content-disposition-1.0.1.tgz 0ms (cache hit)
602 http cache color-name@https://registry.npmjs.org/color-name/-/color-name-1.1.4.tgz 0ms (cache hit)
603 http cache connect-pg-simple@https://registry.npmjs.org/connect-pg-simple/-/connect-pg-simple-10.0.0.tgz 0ms (cache hit)
604 http cache caniuse-lite@https://registry.npmjs.org/caniuse-lite/-/caniuse-lite-1.0.30001753.tgz 0ms (cache hit)
605 http cache color-convert@https://registry.npmjs.org/color-convert/-/color-convert-2.0.1.tgz 0ms (cache hit)
606 http cache chokidar@https://registry.npmjs.org/chokidar/-/chokidar-3.6.0.tgz 0ms (cache hit)
607 http cache commander@https://registry.npmjs.org/commander/-/commander-4.1.1.tgz 0ms (cache hit)
608 http cache call-bound@https://registry.npmjs.org/call-bound/-/call-bound-1.0.4.tgz 0ms (cache hit)
609 http cache class-variance-authority@https://registry.npmjs.org/class-variance-authority/-/class-variance-authority-0.7.1.tgz 0ms (cache hit)
610 http cache bytes@https://registry.npmjs.org/bytes/-/bytes-3.1.2.tgz 0ms (cache hit)
611 http cache camelcase-css@https://registry.npmjs.org/camelcase-css/-/camelcase-css-2.0.1.tgz 0ms (cache hit)
612 http cache busboy@https://registry.npmjs.org/busboy/-/busboy-1.6.0.tgz 0ms (cache hit)
613 http cache call-bind-apply-helpers@https://registry.npmjs.org/call-bind-apply-helpers/-/call-bind-apply-helpers-1.0.2.tgz 0ms (cache hit)
614 http cache brace-expansion@https://registry.npmjs.org/brace-expansion/-/brace-expansion-2.0.2.tgz 0ms (cache hit)
615 http cache clsx@https://registry.npmjs.org/clsx/-/clsx-2.1.1.tgz 0ms (cache hit)
616 http cache browserslist@https://registry.npmjs.org/browserslist/-/browserslist-4.24.2.tgz 0ms (cache hit)
617 http cache braces@https://registry.npmjs.org/braces/-/braces-3.0.3.tgz 0ms (cache hit)
618 http cache buffer-from@https://registry.npmjs.org/buffer-from/-/buffer-from-1.1.2.tgz 0ms (cache hit)
619 http cache bufferutil@https://registry.npmjs.org/bufferutil/-/bufferutil-4.1.0.tgz 0ms (cache hit)
620 http cache body-parser@https://registry.npmjs.org/body-parser/-/body-parser-2.2.2.tgz 0ms (cache hit)
621 http cache balanced-match@https://registry.npmjs.org/balanced-match/-/balanced-match-1.0.2.tgz 0ms (cache hit)
622 http cache binary-extensions@https://registry.npmjs.org/binary-extensions/-/binary-extensions-2.3.0.tgz 0ms (cache hit)
623 http cache append-field@https://registry.npmjs.org/append-field/-/append-field-1.0.0.tgz 0ms (cache hit)
624 http cache ansi-styles@https://registry.npmjs.org/ansi-styles/-/ansi-styles-6.2.1.tgz 0ms (cache hit)
625 http cache arg@https://registry.npmjs.org/arg/-/arg-5.0.2.tgz 0ms (cache hit)
626 http cache autoprefixer@https://registry.npmjs.org/autoprefixer/-/autoprefixer-10.4.20.tgz 0ms (cache hit)
627 http cache any-promise@https://registry.npmjs.org/any-promise/-/any-promise-1.3.0.tgz 0ms (cache hit)
628 http cache accepts@https://registry.npmjs.org/accepts/-/accepts-2.0.0.tgz 0ms (cache hit)
629 http cache @types/react-dom@https://registry.npmjs.org/@types/react-dom/-/react-dom-18.3.1.tgz 0ms (cache hit)
630 http cache aria-hidden@https://registry.npmjs.org/aria-hidden/-/aria-hidden-1.2.4.tgz 0ms (cache hit)
631 http cache @vitejs/plugin-react@https://registry.npmjs.org/@vitejs/plugin-react/-/plugin-react-4.7.0.tgz 0ms (cache hit)
632 http cache react-is@https://registry.npmjs.org/react-is/-/react-is-18.3.1.tgz 0ms (cache hit)
633 http cache ansi-regex@https://registry.npmjs.org/ansi-regex/-/ansi-regex-6.1.0.tgz 0ms (cache hit)
634 http cache anymatch@https://registry.npmjs.org/anymatch/-/anymatch-3.1.3.tgz 0ms (cache hit)
635 http cache @types/send@https://registry.npmjs.org/@types/send/-/send-1.2.1.tgz 0ms (cache hit)
636 http cache @types/prop-types@https://registry.npmjs.org/@types/prop-types/-/prop-types-15.7.13.tgz 0ms (cache hit)
637 http cache @types/ws@https://registry.npmjs.org/@types/ws/-/ws-8.5.13.tgz 0ms (cache hit)
638 http cache @types/qs@https://registry.npmjs.org/@types/qs/-/qs-6.14.0.tgz 0ms (cache hit)
639 http cache @types/range-parser@https://registry.npmjs.org/@types/range-parser/-/range-parser-1.2.7.tgz 0ms (cache hit)
640 http cache @types/react@https://registry.npmjs.org/@types/react/-/react-18.3.12.tgz 0ms (cache hit)
641 http cache @types/serve-static@https://registry.npmjs.org/@types/serve-static/-/serve-static-2.2.0.tgz 0ms (cache hit)
642 http cache @types/pg@https://registry.npmjs.org/@types/pg/-/pg-8.11.6.tgz 0ms (cache hit)
643 http cache @types/memoizee@https://registry.npmjs.org/@types/memoizee/-/memoizee-0.4.12.tgz 0ms (cache hit)
644 http cache @types/multer@https://registry.npmjs.org/@types/multer/-/multer-2.0.0.tgz 0ms (cache hit)
645 http cache @types/node@https://registry.npmjs.org/@types/node/-/node-20.19.27.tgz 0ms (cache hit)
646 http cache @types/passport-strategy@https://registry.npmjs.org/@types/passport-strategy/-/passport-strategy-0.2.38.tgz 0ms (cache hit)
647 http cache @types/http-errors@https://registry.npmjs.org/@types/http-errors/-/http-errors-2.0.5.tgz 0ms (cache hit)
648 http cache @types/passport@https://registry.npmjs.org/@types/passport/-/passport-1.0.17.tgz 0ms (cache hit)
649 http cache @types/express-serve-static-core@https://registry.npmjs.org/@types/express-serve-static-core/-/express-serve-static-core-5.1.1.tgz 0ms (cache hit)
650 http cache @types/estree@https://registry.npmjs.org/@types/estree/-/estree-1.0.8.tgz 0ms (cache hit)
651 http cache @types/passport-local@https://registry.npmjs.org/@types/passport-local/-/passport-local-1.0.38.tgz 0ms (cache hit)
652 http cache @types/d3-path@https://registry.npmjs.org/@types/d3-path/-/d3-path-3.1.0.tgz 0ms (cache hit)
653 http cache @types/express-session@https://registry.npmjs.org/@types/express-session/-/express-session-1.18.2.tgz 0ms (cache hit)
654 http cache @types/d3-timer@https://registry.npmjs.org/@types/d3-timer/-/d3-timer-3.0.2.tgz 0ms (cache hit)
655 http cache @types/d3-shape@https://registry.npmjs.org/@types/d3-shape/-/d3-shape-3.1.6.tgz 0ms (cache hit)
656 http cache @types/d3-time@https://registry.npmjs.org/@types/d3-time/-/d3-time-3.0.3.tgz 0ms (cache hit)
657 http cache @types/d3-color@https://registry.npmjs.org/@types/d3-color/-/d3-color-3.1.3.tgz 0ms (cache hit)
658 http cache @types/d3-ease@https://registry.npmjs.org/@types/d3-ease/-/d3-ease-3.0.2.tgz 0ms (cache hit)
659 http cache @types/d3-scale@https://registry.npmjs.org/@types/d3-scale/-/d3-scale-4.0.8.tgz 0ms (cache hit)
660 http cache @types/d3-interpolate@https://registry.npmjs.org/@types/d3-interpolate/-/d3-interpolate-3.0.4.tgz 0ms (cache hit)
661 http cache @types/babel__traverse@https://registry.npmjs.org/@types/babel__traverse/-/babel__traverse-7.20.6.tgz 0ms (cache hit)
662 http cache @types/d3-array@https://registry.npmjs.org/@types/d3-array/-/d3-array-3.2.1.tgz 0ms (cache hit)
663 http cache @types/body-parser@https://registry.npmjs.org/@types/body-parser/-/body-parser-1.19.5.tgz 0ms (cache hit)
664 http cache @types/babel__template@https://registry.npmjs.org/@types/babel__template/-/babel__template-7.4.4.tgz 0ms (cache hit)
665 http cache @types/connect-pg-simple@https://registry.npmjs.org/@types/connect-pg-simple/-/connect-pg-simple-7.0.3.tgz 0ms (cache hit)
666 http cache @tanstack/query-core@https://registry.npmjs.org/@tanstack/query-core/-/query-core-5.60.5.tgz 0ms (cache hit)
667 http cache use-sidecar@https://registry.npmjs.org/use-sidecar/-/use-sidecar-1.1.3.tgz 0ms (cache hit)
668 http cache @types/connect@https://registry.npmjs.org/@types/connect/-/connect-3.4.38.tgz 0ms (cache hit)
669 http cache @tailwindcss/vite@https://registry.npmjs.org/@tailwindcss/vite/-/vite-4.1.18.tgz 0ms (cache hit)
670 http cache @tailwindcss/oxide@https://registry.npmjs.org/@tailwindcss/oxide/-/oxide-4.1.18.tgz 0ms (cache hit)
671 http cache @types/babel__core@https://registry.npmjs.org/@types/babel__core/-/babel__core-7.20.5.tgz 0ms (cache hit)
672 http cache @types/babel__generator@https://registry.npmjs.org/@types/babel__generator/-/babel__generator-7.6.8.tgz 0ms (cache hit)
673 http cache @tailwindcss/node@https://registry.npmjs.org/@tailwindcss/node/-/node-4.1.18.tgz 0ms (cache hit)
674 http cache @tailwindcss/typography@https://registry.npmjs.org/@tailwindcss/typography/-/typography-0.5.15.tgz 0ms (cache hit)
675 http cache @rolldown/pluginutils@https://registry.npmjs.org/@rolldown/pluginutils/-/pluginutils-1.0.0-beta.27.tgz 0ms (cache hit)
676 http cache @tailwindcss/oxide-android-arm64@https://registry.npmjs.org/@tailwindcss/oxide-android-arm64/-/oxide-android-arm64-4.1.18.tgz 0ms (cache hit)
677 http cache @radix-ui/react-visually-hidden@https://registry.npmjs.org/@radix-ui/react-visually-hidden/-/react-visually-hidden-1.1.3.tgz 0ms (cache hit)
678 http cache @replit/vite-plugin-runtime-error-modal@https://registry.npmjs.org/@replit/vite-plugin-runtime-error-modal/-/vite-plugin-runtime-error-modal-0.0.3.tgz 0ms (cache hit)
679 http cache @tanstack/react-query@https://registry.npmjs.org/@tanstack/react-query/-/react-query-5.60.5.tgz 0ms (cache hit)
680 http cache @radix-ui/react-use-size@https://registry.npmjs.org/@radix-ui/react-use-size/-/react-use-size-1.1.1.tgz 0ms (cache hit)
681 http cache @radix-ui/react-use-rect@https://registry.npmjs.org/@radix-ui/react-use-rect/-/react-use-rect-1.1.1.tgz 0ms (cache hit)
682 http cache @replit/vite-plugin-dev-banner@https://registry.npmjs.org/@replit/vite-plugin-dev-banner/-/vite-plugin-dev-banner-0.1.1.tgz 0ms (cache hit)
683 http cache @rollup/rollup-android-arm64@https://registry.npmjs.org/@rollup/rollup-android-arm64/-/rollup-android-arm64-4.53.5.tgz 0ms (cache hit)
684 http cache @radix-ui/react-use-layout-effect@https://registry.npmjs.org/@radix-ui/react-use-layout-effect/-/react-use-layout-effect-1.1.1.tgz 0ms (cache hit)
685 http cache @radix-ui/rect@https://registry.npmjs.org/@radix-ui/rect/-/rect-1.1.1.tgz 0ms (cache hit)
686 http cache @replit/vite-plugin-cartographer@https://registry.npmjs.org/@replit/vite-plugin-cartographer/-/vite-plugin-cartographer-0.4.4.tgz 0ms (cache hit)
687 http cache @radix-ui/react-use-escape-keydown@https://registry.npmjs.org/@radix-ui/react-use-escape-keydown/-/react-use-escape-keydown-1.1.1.tgz 0ms (cache hit)
688 http cache @radix-ui/react-tooltip@https://registry.npmjs.org/@radix-ui/react-tooltip/-/react-tooltip-1.2.0.tgz 0ms (cache hit)
689 http cache @radix-ui/react-use-callback-ref@https://registry.npmjs.org/@radix-ui/react-use-callback-ref/-/react-use-callback-ref-1.1.1.tgz 0ms (cache hit)
690 http cache @radix-ui/react-tabs@https://registry.npmjs.org/@radix-ui/react-tabs/-/react-tabs-1.1.4.tgz 0ms (cache hit)
691 http cache @radix-ui/react-use-controllable-state@https://registry.npmjs.org/@radix-ui/react-use-controllable-state/-/react-use-controllable-state-1.1.1.tgz 0ms (cache hit)
692 http cache @radix-ui/react-use-previous@https://registry.npmjs.org/@radix-ui/react-use-previous/-/react-use-previous-1.1.1.tgz 0ms (cache hit)
693 http cache @radix-ui/react-toggle-group@https://registry.npmjs.org/@radix-ui/react-toggle-group/-/react-toggle-group-1.1.3.tgz 0ms (cache hit)
694 http cache @radix-ui/react-slot@https://registry.npmjs.org/@radix-ui/react-slot/-/react-slot-1.2.0.tgz 0ms (cache hit)
695 http cache @radix-ui/react-toast@https://registry.npmjs.org/@radix-ui/react-toast/-/react-toast-1.2.7.tgz 0ms (cache hit)
696 http cache @radix-ui/react-switch@https://registry.npmjs.org/@radix-ui/react-switch/-/react-switch-1.1.4.tgz 0ms (cache hit)
697 http cache @radix-ui/react-slider@https://registry.npmjs.org/@radix-ui/react-slider/-/react-slider-1.2.4.tgz 0ms (cache hit)
698 http cache @radix-ui/react-separator@https://registry.npmjs.org/@radix-ui/react-separator/-/react-separator-1.1.3.tgz 0ms (cache hit)
699 http cache @types/express@https://registry.npmjs.org/@types/express/-/express-5.0.6.tgz 0ms (cache hit)
700 http cache @radix-ui/react-roving-focus@https://registry.npmjs.org/@radix-ui/react-roving-focus/-/react-roving-focus-1.1.3.tgz 0ms (cache hit)
701 http cache @radix-ui/react-radio-group@https://registry.npmjs.org/@radix-ui/react-radio-group/-/react-radio-group-1.2.4.tgz 0ms (cache hit)
702 http cache @radix-ui/react-toggle@https://registry.npmjs.org/@radix-ui/react-toggle/-/react-toggle-1.1.3.tgz 0ms (cache hit)
703 http cache @radix-ui/react-scroll-area@https://registry.npmjs.org/@radix-ui/react-scroll-area/-/react-scroll-area-1.2.4.tgz 0ms (cache hit)
704 http cache @radix-ui/react-primitive@https://registry.npmjs.org/@radix-ui/react-primitive/-/react-primitive-2.0.3.tgz 0ms (cache hit)
705 http cache @radix-ui/react-select@https://registry.npmjs.org/@radix-ui/react-select/-/react-select-2.1.7.tgz 0ms (cache hit)
706 http cache @radix-ui/react-popper@https://registry.npmjs.org/@radix-ui/react-popper/-/react-popper-1.2.3.tgz 0ms (cache hit)
707 http cache @radix-ui/react-portal@https://registry.npmjs.org/@radix-ui/react-portal/-/react-portal-1.1.5.tgz 0ms (cache hit)
708 http cache @radix-ui/react-navigation-menu@https://registry.npmjs.org/@radix-ui/react-navigation-menu/-/react-navigation-menu-1.2.6.tgz 0ms (cache hit)
709 http cache @radix-ui/react-progress@https://registry.npmjs.org/@radix-ui/react-progress/-/react-progress-1.1.3.tgz 0ms (cache hit)
710 http cache @radix-ui/react-popover@https://registry.npmjs.org/@radix-ui/react-popover/-/react-popover-1.1.7.tgz 0ms (cache hit)
711 http cache @radix-ui/react-label@https://registry.npmjs.org/@radix-ui/react-label/-/react-label-2.1.3.tgz 0ms (cache hit)
712 http cache @radix-ui/react-menu@https://registry.npmjs.org/@radix-ui/react-menu/-/react-menu-2.1.7.tgz 0ms (cache hit)
713 http cache @radix-ui/react-presence@https://registry.npmjs.org/@radix-ui/react-presence/-/react-presence-1.1.3.tgz 0ms (cache hit)
714 http cache @radix-ui/react-menubar@https://registry.npmjs.org/@radix-ui/react-menubar/-/react-menubar-1.1.7.tgz 0ms (cache hit)
715 http cache @radix-ui/react-focus-scope@https://registry.npmjs.org/@radix-ui/react-focus-scope/-/react-focus-scope-1.1.3.tgz 0ms (cache hit)
716 http cache @radix-ui/react-dropdown-menu@https://registry.npmjs.org/@radix-ui/react-dropdown-menu/-/react-dropdown-menu-2.1.7.tgz 0ms (cache hit)
717 http cache @radix-ui/react-hover-card@https://registry.npmjs.org/@radix-ui/react-hover-card/-/react-hover-card-1.1.7.tgz 0ms (cache hit)
718 http cache @radix-ui/react-context-menu@https://registry.npmjs.org/@radix-ui/react-context-menu/-/react-context-menu-2.2.7.tgz 0ms (cache hit)
719 http cache @radix-ui/react-focus-guards@https://registry.npmjs.org/@radix-ui/react-focus-guards/-/react-focus-guards-1.1.2.tgz 0ms (cache hit)
720 http cache @radix-ui/react-dismissable-layer@https://registry.npmjs.org/@radix-ui/react-dismissable-layer/-/react-dismissable-layer-1.1.6.tgz 0ms (cache hit)
721 http cache @radix-ui/react-id@https://registry.npmjs.org/@radix-ui/react-id/-/react-id-1.1.1.tgz 0ms (cache hit)
722 http cache @radix-ui/react-direction@https://registry.npmjs.org/@radix-ui/react-direction/-/react-direction-1.1.1.tgz 0ms (cache hit)
723 http cache @radix-ui/react-collapsible@https://registry.npmjs.org/@radix-ui/react-collapsible/-/react-collapsible-1.1.4.tgz 0ms (cache hit)
724 http cache @radix-ui/react-collection@https://registry.npmjs.org/@radix-ui/react-collection/-/react-collection-1.1.3.tgz 0ms (cache hit)
725 http cache @radix-ui/react-checkbox@https://registry.npmjs.org/@radix-ui/react-checkbox/-/react-checkbox-1.1.5.tgz 0ms (cache hit)
726 http cache @radix-ui/react-compose-refs@https://registry.npmjs.org/@radix-ui/react-compose-refs/-/react-compose-refs-1.1.2.tgz 0ms (cache hit)
727 http cache @radix-ui/react-arrow@https://registry.npmjs.org/@radix-ui/react-arrow/-/react-arrow-1.1.3.tgz 0ms (cache hit)
728 http cache @radix-ui/react-context@https://registry.npmjs.org/@radix-ui/react-context/-/react-context-1.1.2.tgz 0ms (cache hit)
729 http cache @radix-ui/react-avatar@https://registry.npmjs.org/@radix-ui/react-avatar/-/react-avatar-1.1.4.tgz 0ms (cache hit)
730 http cache @radix-ui/react-dialog@https://registry.npmjs.org/@radix-ui/react-dialog/-/react-dialog-1.1.7.tgz 0ms (cache hit)
731 http cache @nodelib/fs.stat@https://registry.npmjs.org/@nodelib/fs.stat/-/fs.stat-2.0.5.tgz 1ms (cache hit)
732 http cache @nodelib/fs.walk@https://registry.npmjs.org/@nodelib/fs.walk/-/fs.walk-1.2.8.tgz 0ms (cache hit)
733 http cache @radix-ui/react-accordion@https://registry.npmjs.org/@radix-ui/react-accordion/-/react-accordion-1.2.4.tgz 0ms (cache hit)
734 http cache @nodelib/fs.scandir@https://registry.npmjs.org/@nodelib/fs.scandir/-/fs.scandir-2.1.5.tgz 0ms (cache hit)
735 http cache @radix-ui/react-aspect-ratio@https://registry.npmjs.org/@radix-ui/react-aspect-ratio/-/react-aspect-ratio-1.1.3.tgz 0ms (cache hit)
736 http cache @jridgewell/trace-mapping@https://registry.npmjs.org/@jridgewell/trace-mapping/-/trace-mapping-0.3.31.tgz 0ms (cache hit)
737 http cache @radix-ui/react-alert-dialog@https://registry.npmjs.org/@radix-ui/react-alert-dialog/-/react-alert-dialog-1.1.7.tgz 0ms (cache hit)
738 http cache @radix-ui/primitive@https://registry.npmjs.org/@radix-ui/primitive/-/primitive-1.1.2.tgz 0ms (cache hit)
739 http cache @jridgewell/sourcemap-codec@https://registry.npmjs.org/@jridgewell/sourcemap-codec/-/sourcemap-codec-1.5.5.tgz 0ms (cache hit)
740 http cache @pkgjs/parseargs@https://registry.npmjs.org/@pkgjs/parseargs/-/parseargs-0.11.0.tgz 0ms (cache hit)
741 http cache @floating-ui/utils@https://registry.npmjs.org/@floating-ui/utils/-/utils-0.2.9.tgz 0ms (cache hit)
742 http cache @jridgewell/resolve-uri@https://registry.npmjs.org/@jridgewell/resolve-uri/-/resolve-uri-3.1.2.tgz 0ms (cache hit)
743 http cache @hookform/resolvers@https://registry.npmjs.org/@hookform/resolvers/-/resolvers-3.10.0.tgz 0ms (cache hit)
744 http cache @isaacs/cliui@https://registry.npmjs.org/@isaacs/cliui/-/cliui-8.0.2.tgz 0ms (cache hit)
745 http cache @jridgewell/remapping@https://registry.npmjs.org/@jridgewell/remapping/-/remapping-2.3.5.tgz 0ms (cache hit)
746 http cache @jridgewell/gen-mapping@https://registry.npmjs.org/@jridgewell/gen-mapping/-/gen-mapping-0.3.13.tgz 0ms (cache hit)
747 http cache @floating-ui/react-dom@https://registry.npmjs.org/@floating-ui/react-dom/-/react-dom-2.1.2.tgz 0ms (cache hit)
748 http cache @floating-ui/core@https://registry.npmjs.org/@floating-ui/core/-/core-1.6.9.tgz 0ms (cache hit)
749 http cache @esbuild/android-arm64@https://registry.npmjs.org/@esbuild/android-arm64/-/android-arm64-0.25.12.tgz 0ms (cache hit)
750 http cache @floating-ui/dom@https://registry.npmjs.org/@floating-ui/dom/-/dom-1.6.13.tgz 0ms (cache hit)
751 http cache @babel/types@https://registry.npmjs.org/@babel/types/-/types-7.28.4.tgz 0ms (cache hit)
752 http cache @drizzle-team/brocli@https://registry.npmjs.org/@drizzle-team/brocli/-/brocli-0.10.2.tgz 0ms (cache hit)
753 http cache @babel/template@https://registry.npmjs.org/@babel/template/-/template-7.27.2.tgz 0ms (cache hit)
754 http cache @babel/runtime@https://registry.npmjs.org/@babel/runtime/-/runtime-7.27.0.tgz 0ms (cache hit)
755 http cache @babel/traverse@https://registry.npmjs.org/@babel/traverse/-/traverse-7.28.4.tgz 0ms (cache hit)
756 http cache @babel/plugin-transform-react-jsx-self@https://registry.npmjs.org/@babel/plugin-transform-react-jsx-self/-/plugin-transform-react-jsx-self-7.27.1.tgz 0ms (cache hit)
757 http cache @babel/helpers@https://registry.npmjs.org/@babel/helpers/-/helpers-7.28.4.tgz 0ms (cache hit)
758 http cache @babel/helper-validator-option@https://registry.npmjs.org/@babel/helper-validator-option/-/helper-validator-option-7.27.1.tgz 0ms (cache hit)
759 http cache @babel/helper-validator-identifier@https://registry.npmjs.org/@babel/helper-validator-identifier/-/helper-validator-identifier-7.27.1.tgz 0ms (cache hit)
760 http cache @babel/parser@https://registry.npmjs.org/@babel/parser/-/parser-7.28.4.tgz 0ms (cache hit)
761 http cache @babel/helper-module-transforms@https://registry.npmjs.org/@babel/helper-module-transforms/-/helper-module-transforms-7.28.3.tgz 0ms (cache hit)
762 http cache @babel/helper-globals@https://registry.npmjs.org/@babel/helper-globals/-/helper-globals-7.28.0.tgz 0ms (cache hit)
763 http cache @babel/helper-string-parser@https://registry.npmjs.org/@babel/helper-string-parser/-/helper-string-parser-7.27.1.tgz 0ms (cache hit)
764 http cache @babel/helper-module-imports@https://registry.npmjs.org/@babel/helper-module-imports/-/helper-module-imports-7.27.1.tgz 0ms (cache hit)
765 http cache @babel/generator@https://registry.npmjs.org/@babel/generator/-/generator-7.28.3.tgz 0ms (cache hit)
766 http cache @radix-ui/number@https://registry.npmjs.org/@radix-ui/number/-/number-1.1.1.tgz 0ms (cache hit)
767 http cache @babel/helper-compilation-targets@https://registry.npmjs.org/@babel/helper-compilation-targets/-/helper-compilation-targets-7.27.2.tgz 0ms (cache hit)
768 http cache @alloc/quick-lru@https://registry.npmjs.org/@alloc/quick-lru/-/quick-lru-5.2.0.tgz 0ms (cache hit)
769 http cache commander@https://registry.npmjs.org/commander/-/commander-14.0.3.tgz 0ms (cache hit)
770 http cache @babel/compat-data@https://registry.npmjs.org/@babel/compat-data/-/compat-data-7.28.4.tgz 0ms (cache hit)
771 http cache @babel/helper-plugin-utils@https://registry.npmjs.org/@babel/helper-plugin-utils/-/helper-plugin-utils-7.27.1.tgz 0ms (cache hit)
772 http cache ws@https://registry.npmjs.org/ws/-/ws-7.5.10.tgz 0ms (cache hit)
773 http cache @types/ws@https://registry.npmjs.org/@types/ws/-/ws-7.4.7.tgz 0ms (cache hit)
774 http cache @babel/code-frame@https://registry.npmjs.org/@babel/code-frame/-/code-frame-7.27.1.tgz 0ms (cache hit)
775 http cache @babel/plugin-transform-react-jsx-source@https://registry.npmjs.org/@babel/plugin-transform-react-jsx-source/-/plugin-transform-react-jsx-source-7.27.1.tgz 0ms (cache hit)
776 http cache bs58@https://registry.npmjs.org/bs58/-/bs58-4.0.1.tgz 0ms (cache hit)
777 http cache eventemitter3@https://registry.npmjs.org/eventemitter3/-/eventemitter3-5.0.4.tgz 0ms (cache hit)
778 http cache base-x@https://registry.npmjs.org/base-x/-/base-x-3.0.11.tgz 0ms (cache hit)
779 http cache @types/node@https://registry.npmjs.org/@types/node/-/node-12.20.55.tgz 0ms (cache hit)
780 http cache commander@https://registry.npmjs.org/commander/-/commander-2.20.3.tgz 0ms (cache hit)
781 http cache base-x@https://registry.npmjs.org/base-x/-/base-x-3.0.11.tgz 0ms (cache hit)
782 http cache @babel/core@https://registry.npmjs.org/@babel/core/-/core-7.28.4.tgz 0ms (cache hit)
783 http cache emoji-regex@https://registry.npmjs.org/emoji-regex/-/emoji-regex-8.0.0.tgz 0ms (cache hit)
784 http cache picomatch@https://registry.npmjs.org/picomatch/-/picomatch-4.0.3.tgz 0ms (cache hit)
785 http cache bs58@https://registry.npmjs.org/bs58/-/bs58-4.0.1.tgz 0ms (cache hit)
786 http cache @esbuild/android-arm64@https://registry.npmjs.org/@esbuild/android-arm64/-/android-arm64-0.27.2.tgz 0ms (cache hit)
787 http cache esbuild@https://registry.npmjs.org/esbuild/-/esbuild-0.27.2.tgz 0ms (cache hit)
788 http cache ansi-styles@https://registry.npmjs.org/ansi-styles/-/ansi-styles-4.3.0.tgz 0ms (cache hit)
789 http cache fdir@https://registry.npmjs.org/fdir/-/fdir-6.5.0.tgz 0ms (cache hit)
790 http cache ansi-regex@https://registry.npmjs.org/ansi-regex/-/ansi-regex-5.0.1.tgz 0ms (cache hit)
791 http cache strip-ansi@https://registry.npmjs.org/strip-ansi/-/strip-ansi-6.0.1.tgz 0ms (cache hit)
792 http cache fdir@https://registry.npmjs.org/fdir/-/fdir-6.5.0.tgz 0ms (cache hit)
793 http cache picomatch@https://registry.npmjs.org/picomatch/-/picomatch-4.0.3.tgz 0ms (cache hit)
794 http cache debug@https://registry.npmjs.org/debug/-/debug-4.4.3.tgz 0ms (cache hit)
795 http cache string-width@https://registry.npmjs.org/string-width/-/string-width-4.2.3.tgz 0ms (cache hit)
796 http cache strip-ansi@https://registry.npmjs.org/strip-ansi/-/strip-ansi-6.0.1.tgz 0ms (cache hit)
797 http cache ansi-regex@https://registry.npmjs.org/ansi-regex/-/ansi-regex-5.0.1.tgz 0ms (cache hit)
798 http cache react-is@https://registry.npmjs.org/react-is/-/react-is-16.13.1.tgz 0ms (cache hit)
799 http cache postgres-interval@https://registry.npmjs.org/postgres-interval/-/postgres-interval-1.2.0.tgz 0ms (cache hit)
800 http cache type-is@https://registry.npmjs.org/type-is/-/type-is-1.6.18.tgz 0ms (cache hit)
801 http cache postgres-date@https://registry.npmjs.org/postgres-date/-/postgres-date-1.0.7.tgz 0ms (cache hit)
802 http cache postgres-bytea@https://registry.npmjs.org/postgres-bytea/-/postgres-bytea-1.0.0.tgz 0ms (cache hit)
803 http cache lru-cache@https://registry.npmjs.org/lru-cache/-/lru-cache-10.4.3.tgz 0ms (cache hit)
804 http cache emoji-regex@https://registry.npmjs.org/emoji-regex/-/emoji-regex-8.0.0.tgz 0ms (cache hit)
805 http cache postgres-array@https://registry.npmjs.org/postgres-array/-/postgres-array-2.0.0.tgz 0ms (cache hit)
806 http cache debug@https://registry.npmjs.org/debug/-/debug-4.4.3.tgz 0ms (cache hit)
807 http cache pg-types@https://registry.npmjs.org/pg-types/-/pg-types-2.2.0.tgz 0ms (cache hit)
808 http cache yallist@https://registry.npmjs.org/yallist/-/yallist-2.1.2.tgz 0ms (cache hit)
809 http cache mime-types@https://registry.npmjs.org/mime-types/-/mime-types-2.1.35.tgz 0ms (cache hit)
810 http cache debug@https://registry.npmjs.org/debug/-/debug-4.4.3.tgz 0ms (cache hit)
811 http cache media-typer@https://registry.npmjs.org/media-typer/-/media-typer-0.3.0.tgz 0ms (cache hit)
812 http cache lru-cache@https://registry.npmjs.org/lru-cache/-/lru-cache-4.1.5.tgz 0ms (cache hit)
813 http cache mime-db@https://registry.npmjs.org/mime-db/-/mime-db-1.52.0.tgz 0ms (cache hit)
814 http cache ms@https://registry.npmjs.org/ms/-/ms-2.0.0.tgz 0ms (cache hit)
815 http cache glob-parent@https://registry.npmjs.org/glob-parent/-/glob-parent-5.1.2.tgz 0ms (cache hit)
816 http cache cookie-signature@https://registry.npmjs.org/cookie-signature/-/cookie-signature-1.0.7.tgz 0ms (cache hit)
817 http cache debug@https://registry.npmjs.org/debug/-/debug-2.6.9.tgz 0ms (cache hit)
818 http cache cookie@https://registry.npmjs.org/cookie/-/cookie-0.7.2.tgz 0ms (cache hit)
819 http cache @esbuild/android-arm64@https://registry.npmjs.org/@esbuild/android-arm64/-/android-arm64-0.27.2.tgz 0ms (cache hit)
820 http cache debug@https://registry.npmjs.org/debug/-/debug-4.4.3.tgz 0ms (cache hit)
821 http cache tailwindcss@https://registry.npmjs.org/tailwindcss/-/tailwindcss-4.1.18.tgz 0ms (cache hit)
822 http cache jiti@https://registry.npmjs.org/jiti/-/jiti-2.6.1.tgz 0ms (cache hit)
823 http cache postcss-selector-parser@https://registry.npmjs.org/postcss-selector-parser/-/postcss-selector-parser-6.0.10.tgz 0ms (cache hit)
824 http cache is-promise@https://registry.npmjs.org/is-promise/-/is-promise-2.2.2.tgz 0ms (cache hit)
825 http cache @esbuild-kit/esm-loader@https://registry.npmjs.org/tsx/-/tsx-4.21.0.tgz 0ms (cache hit)
826 http cache d3-time-format@https://registry.npmjs.org/d3-time-format/-/d3-time-format-4.1.0.tgz 0ms (cache hit)
827 http cache ansi-regex@https://registry.npmjs.org/ansi-regex/-/ansi-regex-5.0.1.tgz 0ms (cache hit)
828 http cache esbuild@https://registry.npmjs.org/esbuild/-/esbuild-0.27.2.tgz 0ms (cache hit)
829 http cache glob-parent@https://registry.npmjs.org/glob-parent/-/glob-parent-5.1.2.tgz 0ms (cache hit)
830 http cache debug@https://registry.npmjs.org/debug/-/debug-4.4.3.tgz 0ms (cache hit)
831 http cache tailwindcss@https://registry.npmjs.org/tailwindcss/-/tailwindcss-4.1.18.tgz 0ms (cache hit)
832 silly tarball no local data for crypto@https://registry.npmjs.org/crypto/-/crypto-1.0.1.tgz. Extracting by manifest.
833 silly tarball no local data for eventemitter3@https://registry.npmjs.org/eventemitter3/-/eventemitter3-5.0.4.tgz. Extracting by manifest.
834 http fetch GET 200 https://registry.npmjs.org/crypto/-/crypto-1.0.1.tgz 42446ms (cache miss)
835 warn deprecated crypto@1.0.1: This package is no longer supported. It's now a built-in Node module. If you've depended on crypto, you should switch to the one that's built-in.
836 http fetch GET 200 https://registry.npmjs.org/eventemitter3/-/eventemitter3-5.0.4.tgz 44801ms (cache miss)
837 http fetch GET 200 https://registry.npmjs.org/lodash 55658ms (cache revalidated)
838 silly packumentCache corgi:https://registry.npmjs.org/lodash set size:68481 disposed:false
839 http fetch GET 200 https://registry.npmjs.org/qs 55672ms (cache revalidated)
840 silly packumentCache corgi:https://registry.npmjs.org/qs set size:142408 disposed:false
841 silly packumentCache corgi:https://registry.npmjs.org/recharts cache-miss
842 http fetch GET 200 https://registry.npmjs.org/recharts 29017ms (cache revalidated)
843 silly packumentCache corgi:https://registry.npmjs.org/recharts set size:777667 disposed:false
844 silly packumentCache corgi:https://registry.npmjs.org/body-parser cache-miss
845 silly packumentCache corgi:https://registry.npmjs.org/express cache-miss
846 http fetch GET 200 https://registry.npmjs.org/body-parser 13740ms (cache revalidated)
847 silly packumentCache corgi:https://registry.npmjs.org/body-parser set size:77795 disposed:false
848 http fetch GET 200 https://registry.npmjs.org/express 13763ms (cache revalidated)
849 silly packumentCache corgi:https://registry.npmjs.org/express set size:337735 disposed:false
850 verbose reify failed optional dependency /storage/emulated/0/Download/Temporal-Drive/node_modules/node-gyp-build
851 silly reify mark deleted [
851 silly reify   '/storage/emulated/0/Download/Temporal-Drive/node_modules/node-gyp-build',
851 silly reify   '/storage/emulated/0/Download/Temporal-Drive/node_modules/.bin/node-gyp-build',
851 silly reify   '/storage/emulated/0/Download/Temporal-Drive/node_modules/.bin/node-gyp-build-optional',
851 silly reify   '/storage/emulated/0/Download/Temporal-Drive/node_modules/.bin/node-gyp-build-test'
851 silly reify ]
852 verbose reify failed optional dependency /storage/emulated/0/Download/Temporal-Drive/node_modules/bufferutil
853 silly reify mark deleted [
853 silly reify   '/storage/emulated/0/Download/Temporal-Drive/node_modules/bufferutil'
853 silly reify ]
854 verbose reify failed optional dependency /storage/emulated/0/Download/Temporal-Drive/node_modules/utf-8-validate
855 silly reify mark deleted [
855 silly reify   '/storage/emulated/0/Download/Temporal-Drive/node_modules/utf-8-validate'
855 silly reify ]
856 verbose stack Error: EACCES: permission denied, symlink '../@babel/parser/bin/babel-parser.js' -> '/storage/emulated/0/Download/Temporal-Drive/node_modules/.bin/parser'
856 verbose stack     at async symlink (node:internal/fs/promises:999:10)
856 verbose stack     at async Promise.all (index 0)
856 verbose stack     at async Promise.all (index 0)
856 verbose stack     at async #createBinLinks (/data/data/com.termux/files/usr/lib/node_modules/npm/node_modules/@npmcli/arborist/lib/arborist/rebuild.js:392:5)
856 verbose stack     at async Promise.allSettled (index 0)
856 verbose stack     at async #linkAllBins (/data/data/com.termux/files/usr/lib/node_modules/npm/node_modules/@npmcli/arborist/lib/arborist/rebuild.js:373:5)
856 verbose stack     at async #build (/data/data/com.termux/files/usr/lib/node_modules/npm/node_modules/@npmcli/arborist/lib/arborist/rebuild.js:156:7)
856 verbose stack     at async Arborist.rebuild (/data/data/com.termux/files/usr/lib/node_modules/npm/node_modules/@npmcli/arborist/lib/arborist/rebuild.js:60:5)
856 verbose stack     at async #reifyPackages (/data/data/com.termux/files/usr/lib/node_modules/npm/node_modules/@npmcli/arborist/lib/arborist/reify.js:309:11)
856 verbose stack     at async Arborist.reify (/data/data/com.termux/files/usr/lib/node_modules/npm/node_modules/@npmcli/arborist/lib/arborist/reify.js:121:5)
857 error code EACCES
858 error syscall symlink
859 error path ../@babel/parser/bin/babel-parser.js
860 error dest /storage/emulated/0/Download/Temporal-Drive/node_modules/.bin/parser
861 error errno -13
862 error Error: EACCES: permission denied, symlink '../@babel/parser/bin/babel-parser.js' -> '/storage/emulated/0/Download/Temporal-Drive/node_modules/.bin/parser'
862 error     at async symlink (node:internal/fs/promises:999:10)
862 error     at async Promise.all (index 0)
862 error     at async Promise.all (index 0)
862 error     at async #createBinLinks (/data/data/com.termux/files/usr/lib/node_modules/npm/node_modules/@npmcli/arborist/lib/arborist/rebuild.js:392:5)
862 error     at async Promise.allSettled (index 0)
862 error     at async #linkAllBins (/data/data/com.termux/files/usr/lib/node_modules/npm/node_modules/@npmcli/arborist/lib/arborist/rebuild.js:373:5)
862 error     at async #build (/data/data/com.termux/files/usr/lib/node_modules/npm/node_modules/@npmcli/arborist/lib/arborist/rebuild.js:156:7)
862 error     at async Arborist.rebuild (/data/data/com.termux/files/usr/lib/node_modules/npm/node_modules/@npmcli/arborist/lib/arborist/rebuild.js:60:5)
862 error     at async #reifyPackages (/data/data/com.termux/files/usr/lib/node_modules/npm/node_modules/@npmcli/arborist/lib/arborist/reify.js:309:11)
862 error     at async Arborist.reify (/data/data/com.termux/files/usr/lib/node_modules/npm/node_modules/@npmcli/arborist/lib/arborist/reify.js:121:5) {
862 error   errno: -13,
862 error   code: 'EACCES',
862 error   syscall: 'symlink',
862 error   path: '../@babel/parser/bin/babel-parser.js',
862 error   dest: '/storage/emulated/0/Download/Temporal-Drive/node_modules/.bin/parser'
862 error }
863 error
863 error The operation was rejected by your operating system.
863 error It is likely you do not have the permissions to access this file as the current user
863 error
863 error If you believe this might be a permissions issue, please double-check the
863 error permissions of the file and its containing directories, or try running
863 error the command again as root/Administrator.
864 silly unfinished npm timer reify 1771048742472
865 silly unfinished npm timer reify:build 1771048988874
866 silly unfinished npm timer build 1771048988878
867 silly unfinished npm timer build:deps 1771048988883
868 silly unfinished npm timer build:link 1771048989088
869 silly unfinished npm timer build:link:node_modules/@babel/parser 1771048989089
870 silly unfinished npm timer build:link:node_modules/@solana/errors 1771048989092
871 silly unfinished npm timer build:link:node_modules/autoprefixer 1771048989092
872 silly unfinished npm timer build:link:node_modules/browserslist 1771048989092
873 silly unfinished npm timer build:link:node_modules/cssesc 1771048989093
874 silly unfinished npm timer build:link:node_modules/drizzle-kit 1771048989093
875 silly unfinished npm timer build:link:node_modules/esbuild 1771048989093
876 silly unfinished npm timer build:link:node_modules/glob 1771048989094
877 silly unfinished npm timer build:link:node_modules/jayson 1771048989094
878 silly unfinished npm timer build:link:node_modules/jiti 1771048989094
879 silly unfinished npm timer build:link:node_modules/jsesc 1771048989095
880 silly unfinished npm timer build:link:node_modules/json5 1771048989095
881 silly unfinished npm timer build:link:node_modules/loose-envify 1771048989096
882 silly unfinished npm timer build:link:node_modules/mkdirp 1771048989096
883 silly unfinished npm timer build:link:node_modules/nanoid 1771048989096
884 silly unfinished npm timer build:link:node_modules/openai 1771048989097
885 silly unfinished npm timer build:link:node_modules/resolve 1771048989097
886 silly unfinished npm timer build:link:node_modules/rollup 1771048989097
887 silly unfinished npm timer build:link:node_modules/semver 1771048989097
888 silly unfinished npm timer build:link:node_modules/sucrase 1771048989097
889 silly unfinished npm timer build:link:node_modules/tailwindcss 1771048989098
890 silly unfinished npm timer build:link:node_modules/tsx 1771048989098
891 silly unfinished npm timer build:link:node_modules/typescript 1771048989098
892 silly unfinished npm timer build:link:node_modules/update-browserslist-db 1771048989098
893 silly unfinished npm timer build:link:node_modules/uuid 1771048989099
894 silly unfinished npm timer build:link:node_modules/vite 1771048989099
895 silly unfinished npm timer build:link:node_modules/which 1771048989099
896 silly unfinished npm timer build:link:node_modules/yaml 1771048989099
897 silly unfinished npm timer build:link:node_modules/@tailwindcss/node/node_modules/jiti 1771048989099
898 silly unfinished npm timer build:link:node_modules/drizzle-kit/node_modules/@esbuild-kit/esm-loader 1771048989100
899 silly unfinished npm timer build:link:node_modules/vite/node_modules/esbuild 1771048989100
900 silly unfinished npm timer build:link:node_modules/drizzle-kit/node_modules/@esbuild-kit/esm-loader/node_modules/esbuild 1771048989100
901 verbose cwd /storage/emulated/0/Download/Temporal-Drive
902 verbose os Linux 6.6.98-android15-8-g4b48560cd07d-ab14239520-4k
903 verbose node v25.3.0
904 verbose npm  v11.10.0
905 verbose exit -13
906 verbose code -13
907 error A complete log of this run can be found in: /data/data/com.termux/files/home/.npm/_logs/2026-02-14T05_59_01_671Z-debug-0.log
